{"categories": [0, 56, 67, 74], "bboxes": [[384.43243408203125, 4.633941650390625, 908.1719360351562, 638.194091796875], [0.30169677734375, 380.6772155761719, 99.76712036132812, 641.176513671875], [288.9742736816406, 506.153564453125, 350.2527770996094, 593.19921875], [425.29998779296875, 228.09915161132812, 495.4630126953125, 298.1014099121094]]}