{"categories": [0, 59, 67, 68, 73, 74], "bboxes": [[413.7613220214844, 0.4266357421875, 983.13671875, 673.01416015625], [0.0, 234.65089416503906, 969.438232421875, 677.647216796875], [387.5614929199219, 3.1760406494140625, 491.4349670410156, 132.6784210205078], [357.17059326171875, 3.6922149658203125, 509.63739013671875, 141.82408142089844], [328.7823486328125, 3.1896438598632812, 375.52423095703125, 103.78611755371094], [544.685302734375, 505.14935302734375, 562.9603271484375, 523.4539184570312]]}