{"categories": [0, 41, 59, 65, 73], "bboxes": [[502.69989013671875, 34.0428466796875, 995.4411010742188, 656.5079956054688], [521.0186767578125, 439.384765625, 628.71533203125, 540.9117431640625], [0.0, 398.394287109375, 651.7230224609375, 656.9569091796875], [594.9360961914062, 430.6114501953125, 618.8248901367188, 464.2960205078125], [378.9284973144531, 429.6463928222656, 524.6371459960938, 520.1099853515625]]}