{"categories": [0], "bboxes": [[11.19049072265625, 11.316741943359375, 769.4241943359375, 729.864013671875]]}