{"categories": [0], "bboxes": [[4.09564208984375, 0.0, 368.61297607421875, 384.3050842285156]]}