{"categories": [0], "bboxes": [[151.75241088867188, 0.0, 999.0, 1437.0545654296875]]}