{"categories": [0, 14, 25, 26, 41, 45, 56], "bboxes": [[1.5900726318359375, 116.9975357055664, 87.73644256591797, 312.7184143066406], [267.7747497558594, 197.52943420410156, 285.9625549316406, 230.5783233642578], [21.998023986816406, 110.22555541992188, 125.12357330322266, 221.07318115234375], [7.835262298583984, 149.29171752929688, 67.33039855957031, 244.44259643554688], [229.32891845703125, 327.78082275390625, 277.49188232421875, 372.76202392578125], [117.0590591430664, 317.0294494628906, 225.16586303710938, 372.7037048339844], [67.55521392822266, 167.28857421875, 104.38765716552734, 259.2967529296875]]}