{"categories": [0, 27, 40, 56, 58], "bboxes": [[45.085548400878906, 23.508071899414062, 232.595947265625, 327.6002197265625], [159.54058837890625, 152.23565673828125, 200.64971923828125, 292.115234375], [218.17041015625, 249.50352478027344, 252.70620727539062, 323.7745361328125], [435.0322265625, 274.4879455566406, 496.13067626953125, 328.9301452636719], [30.682945251464844, 103.58314514160156, 72.46904754638672, 160.2720489501953]]}