{"categories": [0, 27, 58, 67, 78], "bboxes": [[183.33999633789062, 110.93098449707031, 265.91229248046875, 444.16717529296875], [190.16714477539062, 176.56436157226562, 216.97763061523438, 251.71762084960938], [260.99603271484375, 197.5050048828125, 332.0, 345.7869873046875], [173.72772216796875, 139.1025848388672, 192.422607421875, 170.31410217285156], [173.3262939453125, 137.66453552246094, 192.47946166992188, 171.91160583496094]]}