{"categories": [0, 24, 26, 31, 35, 58], "bboxes": [[285.6591796875, 71.79608917236328, 369.4639892578125, 275.1100769042969], [134.35369873046875, 104.07974243164062, 198.91085815429688, 207.75680541992188], [443.65020751953125, 176.53085327148438, 474.27606201171875, 209.7669677734375], [298.2424011230469, 257.3440856933594, 338.0726013183594, 278.1863708496094], [109.73160552978516, 208.60499572753906, 165.31776428222656, 259.74853515625], [32.051971435546875, 7.747951507568359, 84.45332336425781, 135.3811492919922]]}