{"categories": [0, 26, 39, 41, 56, 60, 62, 65, 66, 73, 74], "bboxes": [[221.37646484375, 59.952571868896484, 318.01922607421875, 177.1190185546875], [13.029335021972656, 129.58843994140625, 110.07936096191406, 327.27667236328125], [269.63946533203125, 209.4208526611328, 292.352294921875, 256.1772766113281], [242.1513214111328, 220.85374450683594, 271.70849609375, 266.34771728515625], [6.100893020629883, 188.41525268554688, 49.718650817871094, 324.6002502441406], [38.87330627441406, 160.45889282226562, 499.0, 325.6532897949219], [378.4405212402344, 68.59760284423828, 499.0, 156.661376953125], [281.69647216796875, 202.99916076660156, 324.35125732421875, 236.21238708496094], [292.4017639160156, 222.58070373535156, 412.7840881347656, 301.8752746582031], [352.3978576660156, 256.1260681152344, 492.8959045410156, 329.2426452636719], [118.48155212402344, 2.542666435241699, 140.9764862060547, 23.65776824951172]]}