{"categories": [0, 60, 63, 66, 67, 73], "bboxes": [[262.8282470703125, 1.2765350341796875, 499.0, 297.04034423828125], [24.763473510742188, 152.17892456054688, 474.2718505859375, 326.7864074707031], [21.744659423828125, 156.00436401367188, 322.6855163574219, 311.8866882324219], [87.9454345703125, 229.45407104492188, 470.298828125, 329.4934387207031], [44.09248352050781, 268.099853515625, 151.47914123535156, 329.11236572265625], [18.1104736328125, 123.4783935546875, 156.02413940429688, 179.3848876953125]]}