{"categories": [0, 1, 39, 56, 60, 73], "bboxes": [[40.164520263671875, 175.32321166992188, 92.97380065917969, 305.97381591796875], [306.8687744140625, 230.5242919921875, 342.93316650390625, 295.74859619140625], [444.0973205566406, 273.44647216796875, 464.2655944824219, 340.691650390625], [140.4485626220703, 274.70611572265625, 203.6552276611328, 315.80029296875], [182.76739501953125, 289.5769348144531, 251.66644287109375, 318.9836120605469], [421.70025634765625, 279.0701904296875, 439.60888671875, 313.92877197265625]]}