{"categories": [0, 26, 56, 58, 74], "bboxes": [[38.915794372558594, 41.400909423828125, 212.5889892578125, 488.8971252441406], [98.88560485839844, 125.19367980957031, 205.77967834472656, 303.76226806640625], [177.4074249267578, 101.20491790771484, 214.0634307861328, 150.21824645996094], [72.33856201171875, 25.32267189025879, 119.97348022460938, 82.10505676269531], [56.62226104736328, 251.831787109375, 73.80089569091797, 262.77593994140625]]}