{"categories": [0, 32], "bboxes": [[305.7523498535156, 54.71281433105469, 392.5569152832031, 352.55621337890625], [143.31163024902344, 284.28765869140625, 172.9458465576172, 311.9683837890625]]}