{"categories": [0, 24, 25, 40, 56], "bboxes": [[74.45811462402344, 75.95730590820312, 137.85874938964844, 256.2752990722656], [177.14471435546875, 252.300537109375, 213.27932739257812, 285.10601806640625], [151.76046752929688, 25.827808380126953, 325.1446838378906, 84.76304626464844], [179.88185119628906, 130.53268432617188, 202.6855010986328, 163.47900390625], [270.5787353515625, 224.6372528076172, 354.91937255859375, 331.18408203125]]}