{"categories": [0, 13, 24, 26, 28, 57, 72, 74], "bboxes": [[207.0255584716797, 133.81362915039062, 275.701416015625, 274.7483215332031], [6.545402526855469, 54.8706169128418, 122.9187240600586, 122.22874450683594], [263.48382568359375, 196.58023071289062, 297.4842529296875, 261.51068115234375], [203.7648468017578, 206.19004821777344, 222.58311462402344, 241.40940856933594], [100.44924926757812, 63.31219482421875, 133.79690551757812, 99.88700866699219], [277.9554443359375, 41.41501998901367, 486.6361083984375, 109.61553955078125], [126.6771240234375, 0.0, 216.95635986328125, 69.00234985351562], [193.77999877929688, 83.8379135131836, 242.82681274414062, 131.634033203125]]}