{"categories": [0, 37], "bboxes": [[104.87158203125, 239.83792114257812, 240.02383422851562, 401.5762634277344], [164.06063842773438, 372.9964294433594, 251.42449951171875, 406.5824279785156]]}