{"categories": [0, 13, 26, 73], "bboxes": [[57.11048889160156, 54.20892333984375, 190.06932067871094, 326.4733581542969], [320.2083435058594, 309.58612060546875, 360.9721984863281, 331.0], [305.95758056640625, 166.3267822265625, 383.2476806640625, 247.90277099609375], [307.8494873046875, 170.58279418945312, 378.365478515625, 247.43539428710938]]}