{"categories": [0, 13, 56], "bboxes": [[222.46566772460938, 48.96592712402344, 316.5354309082031, 334.72003173828125], [287.5316162109375, 147.77252197265625, 498.84173583984375, 218.6622314453125], [301.6402587890625, 153.81594848632812, 350.540771484375, 213.16836547851562]]}