{"categories": [0, 13, 39, 40, 41, 56, 58, 60, 63, 67, 73], "bboxes": [[171.135009765625, 105.10331726074219, 495.36669921875, 368.85577392578125], [368.3804016113281, 44.23222351074219, 498.2249450683594, 106.44769287109375], [238.89297485351562, 127.13579559326172, 265.2184143066406, 185.23756408691406], [83.13624572753906, 72.26139068603516, 95.805908203125, 100.26590728759766], [228.699951171875, 181.81008911132812, 255.09405517578125, 224.3896484375], [0.0, 233.61582946777344, 179.43191528320312, 370.71490478515625], [423.3605651855469, 11.648130416870117, 460.2388610839844, 52.135719299316406], [144.57138061523438, 142.33346557617188, 395.9501037597656, 278.71209716796875], [229.11383056640625, 68.91893005371094, 289.73187255859375, 110.894287109375], [229.7061309814453, 68.20983123779297, 257.4812316894531, 97.41104888916016], [334.95263671875, 198.8914337158203, 383.81390380859375, 227.35496520996094]]}