{"categories": [0, 8], "bboxes": [[136.657958984375, 26.060531616210938, 496.19140625, 349.0], [0.0, 168.717041015625, 282.6704406738281, 349.0]]}