{"categories": [0, 38], "bboxes": [[365.9814147949219, 172.02305603027344, 438.3953552246094, 277.0654296875], [243.35330200195312, 146.33914184570312, 255.1688232421875, 194.02252197265625]]}