{"categories": [0, 26, 35], "bboxes": [[230.922119140625, 63.666847229003906, 305.1610107421875, 258.50299072265625], [108.87715911865234, 63.795005798339844, 130.43643188476562, 125.22042083740234], [325.820556640625, 147.7999725341797, 341.81170654296875, 187.46339416503906]]}