{"categories": [0, 25, 27, 40, 41, 56, 58, 67, 73], "bboxes": [[360.5049743652344, 64.93331909179688, 499.0, 328.09600830078125], [92.29261779785156, 34.33070373535156, 242.66102600097656, 73.04871368408203], [436.14434814453125, 153.76095581054688, 460.47998046875, 266.0849609375], [208.3406982421875, 206.83074951171875, 238.01361083984375, 259.31353759765625], [210.48590087890625, 206.96640014648438, 235.16696166992188, 254.9920654296875], [0.0, 289.47747802734375, 35.59201431274414, 330.0], [91.14850616455078, 173.97872924804688, 150.5896759033203, 304.5697326660156], [70.04242706298828, 178.64840698242188, 88.15068817138672, 218.37728881835938], [359.9323425292969, 254.30111694335938, 388.4454650878906, 268.1177062988281]]}