{"categories": [0, 39, 72], "bboxes": [[129.60556030273438, 125.74368286132812, 244.78802490234375, 479.5652770996094], [355.2525634765625, 178.35284423828125, 374.0, 255.60092163085938], [190.90676879882812, 90.69680786132812, 347.5997619628906, 401.618896484375]]}