{"categories": [0, 40, 41, 56, 57, 67], "bboxes": [[148.3663787841797, 124.94075012207031, 302.7884521484375, 370.425537109375], [255.05958557128906, 199.40365600585938, 282.9287109375, 235.94454956054688], [390.8624267578125, 235.70199584960938, 422.79736328125, 276.7425842285156], [13.20550537109375, 105.39871215820312, 298.7628173828125, 362.580078125], [18.575851440429688, 149.10488891601562, 435.708251953125, 364.0091857910156], [438.66583251953125, 178.06138610839844, 447.4212646484375, 193.82447814941406]]}