{"categories": [0, 2, 14, 54, 55], "bboxes": [[45.40644836425781, 57.82029724121094, 312.47503662109375, 481.88525390625], [253.3166046142578, 251.5017852783203, 333.9593811035156, 389.205810546875], [2.778942108154297, 435.8544921875, 23.702484130859375, 451.33099365234375], [244.00521850585938, 185.46640014648438, 325.3606872558594, 258.1754455566406], [243.89859008789062, 182.14300537109375, 323.1557922363281, 259.47027587890625]]}