{"categories": [0, 27, 39], "bboxes": [[39.55656433105469, 8.5487060546875, 191.45912170410156, 329.7900390625], [240.2207489013672, 121.33583068847656, 272.98162841796875, 274.37310791015625], [189.16773986816406, 170.70111083984375, 205.6269989013672, 234.39508056640625]]}