{"categories": [0, 24, 39, 46, 56, 62], "bboxes": [[88.31495666503906, 124.83059692382812, 195.0256805419922, 370.4639892578125], [252.42752075195312, 315.9558410644531, 331.0849914550781, 375.0], [444.4706115722656, 208.56280517578125, 455.3036193847656, 244.8072509765625], [388.92724609375, 204.78652954101562, 407.7962646484375, 226.28167724609375], [1.4855918884277344, 292.71533203125, 81.7113037109375, 373.4349365234375], [369.483642578125, 274.02703857421875, 498.979736328125, 375.0]]}