{"categories": [0, 2, 56, 72], "bboxes": [[129.4093475341797, 159.2301788330078, 370.2672119140625, 496.76043701171875], [96.6467514038086, 467.15618896484375, 153.05850219726562, 498.75848388671875], [16.49666976928711, 282.7587890625, 97.15129089355469, 481.92938232421875], [138.52903747558594, 236.95352172851562, 254.35963439941406, 443.5284729003906]]}