{"categories": [0, 26, 27, 67, 73], "bboxes": [[70.35881805419922, 72.09523010253906, 244.03125, 328.718017578125], [341.8892517089844, 247.79946899414062, 447.3100280761719, 331.0], [164.4921875, 147.31871032714844, 182.2314453125, 205.1438446044922], [211.46192932128906, 194.49574279785156, 248.33558654785156, 269.32318115234375], [252.82177734375, 179.49566650390625, 408.6553955078125, 251.91659545898438]]}