{"categories": [0], "bboxes": [[8.771438598632812, 0.0, 256.45123291015625, 363.41943359375]]}