{"categories": [0, 6, 8, 58, 67], "bboxes": [[127.69720458984375, 111.38194274902344, 260.52838134765625, 328.88531494140625], [116.99830627441406, 60.765174865722656, 498.851806640625, 281.24090576171875], [167.02012634277344, 97.57040405273438, 494.6646728515625, 232.14312744140625], [105.33021545410156, 169.83929443359375, 147.1349334716797, 252.52993774414062], [83.02410888671875, 262.7367248535156, 112.3966064453125, 272.7707824707031]]}