{"categories": [0], "bboxes": [[331.11376953125, 68.42549133300781, 418.71661376953125, 325.21661376953125]]}