{"categories": [0, 39, 41, 45, 56, 57, 58, 60, 73, 75], "bboxes": [[251.9920654296875, 181.55999755859375, 370.592529296875, 326.6784973144531], [236.07260131835938, 123.42701721191406, 247.72463989257812, 152.56947326660156], [196.2464599609375, 277.42578125, 218.34262084960938, 297.00469970703125], [160.42205810546875, 272.90570068359375, 183.04104614257812, 288.31866455078125], [33.58574295043945, 209.08444213867188, 122.25309753417969, 305.1812438964844], [158.134521484375, 196.91604614257812, 441.421630859375, 322.9290466308594], [130.2422332763672, 271.92535400390625, 153.84117126464844, 301.4808349609375], [66.45901489257812, 270.88177490234375, 314.2781066894531, 330.53265380859375], [179.49105834960938, 131.4617919921875, 197.71646118164062, 159.26358032226562], [214.8516845703125, 303.7437744140625, 236.17587280273438, 323.2542724609375]]}