{"categories": [0, 24, 26], "bboxes": [[49.09358215332031, 105.20758056640625, 157.22764587402344, 438.7923583984375], [234.771728515625, 136.46163940429688, 337.52685546875, 290.0360412597656], [294.6946105957031, 138.88504028320312, 346.3818664550781, 287.710205078125]]}