{"categories": [0, 1, 2, 3, 28, 49, 54], "bboxes": [[389.53924560546875, 73.21678924560547, 496.0081787109375, 318.739501953125], [19.051223754882812, 115.47213745117188, 294.4288330078125, 330.51043701171875], [4.0931396484375, 21.62181854248047, 378.2203369140625, 221.16998291015625], [421.54827880859375, 3.5153656005859375, 499.0, 56.3853759765625], [346.466064453125, 194.74285888671875, 412.3323974609375, 272.9253845214844], [223.86074829101562, 120.84175872802734, 247.05123901367188, 140.92112731933594], [228.85977172851562, 102.13128662109375, 263.24395751953125, 121.01718139648438]]}