{"categories": [0], "bboxes": [[10.991683959960938, 147.59613037109375, 317.26885986328125, 499.0]]}