{"categories": [0, 1, 26, 56], "bboxes": [[261.7394714355469, 60.46675109863281, 418.6821594238281, 324.9422607421875], [451.5377197265625, 287.968017578125, 499.0, 322.1640625], [386.61053466796875, 241.60699462890625, 462.67083740234375, 318.94195556640625], [65.54112243652344, 194.6968231201172, 163.57171630859375, 310.2395935058594]]}