{"categories": [0, 32, 33, 34, 38], "bboxes": [[234.81539916992188, 103.7442626953125, 305.6026306152344, 249.17840576171875], [18.976097106933594, 217.27735900878906, 24.626201629638672, 223.0145721435547], [356.83612060546875, 83.72168731689453, 499.0, 285.6458740234375], [64.7836685180664, 158.75814819335938, 79.98514556884766, 213.7772216796875], [53.979339599609375, 125.97232055664062, 71.04021453857422, 160.32913208007812]]}