{"categories": [0, 32, 35], "bboxes": [[190.34881591796875, 13.83221435546875, 345.98101806640625, 342.3736267089844], [291.9283447265625, 313.77508544921875, 338.46673583984375, 358.76666259765625], [110.65880584716797, 265.6258239746094, 130.65777587890625, 293.8767395019531]]}