{"categories": [0, 41, 56, 57, 72, 73], "bboxes": [[191.50592041015625, 184.88645935058594, 371.49237060546875, 458.88653564453125], [49.39112091064453, 133.40499877929688, 69.68428039550781, 158.59732055664062], [174.73085021972656, 201.9318084716797, 236.65223693847656, 255.1448516845703], [312.1157531738281, 344.7385559082031, 429.3845520019531, 492.4602355957031], [227.46566772460938, 110.546875, 410.0249328613281, 338.5130615234375], [346.8178405761719, 224.78163146972656, 400.3619689941406, 235.1223602294922]]}