{"categories": [0, 13, 26, 27], "bboxes": [[186.53504943847656, 49.86384582519531, 316.1722412109375, 329.8321533203125], [97.6794662475586, 119.42582702636719, 192.00201416015625, 185.4986114501953], [199.0087890625, 175.4649200439453, 233.24453735351562, 282.4212646484375], [45.340110778808594, 107.93500518798828, 70.95248413085938, 131.9510955810547]]}