{"categories": [0, 3, 26], "bboxes": [[152.56333923339844, 73.66038513183594, 244.30955505371094, 277.91082763671875], [246.58737182617188, 76.37820434570312, 475.6367492675781, 296.03955078125], [423.1688232421875, 188.19105529785156, 464.8057861328125, 228.17796325683594]]}