{"categories": [0, 26, 28, 58], "bboxes": [[48.83851623535156, 120.08596801757812, 103.45600891113281, 291.342041015625], [221.0458984375, 225.9104461669922, 250.3013916015625, 251.74806213378906], [378.5667724609375, 233.1873321533203, 399.3819580078125, 264.7008361816406], [169.70895385742188, 205.77529907226562, 195.67828369140625, 259.3739318847656]]}