{"categories": [0, 41, 45, 57, 60], "bboxes": [[188.84060668945312, 25.872467041015625, 466.7006530761719, 296.85699462890625], [349.5538024902344, 244.7720489501953, 391.9260559082031, 303.1769714355469], [424.3959655761719, 220.66537475585938, 461.6352844238281, 236.73162841796875], [0.0, 53.72154235839844, 473.67864990234375, 316.6544189453125], [225.2032012939453, 256.84661865234375, 499.0, 327.77587890625]]}