{"categories": [0, 45, 48, 55], "bboxes": [[2.0598526000976562, 0.0, 231.14459228515625, 481.80108642578125], [37.27061462402344, 370.92193603515625, 184.3306121826172, 480.2113037109375], [71.1973876953125, 372.7094421386719, 153.1119384765625, 460.4731140136719], [77.69857788085938, 371.5054931640625, 150.4250946044922, 437.96124267578125]]}