{"categories": [0, 28, 65, 67], "bboxes": [[0.0, 32.86956787109375, 198.4945831298828, 292.9933776855469], [279.988037109375, 192.80801391601562, 486.79510498046875, 328.4393615722656], [129.78421020507812, 186.15834045410156, 190.16580200195312, 218.53733825683594], [194.0610809326172, 135.19493103027344, 223.0488739013672, 158.81752014160156]]}