{"categories": [0, 13, 26, 62, 65, 72], "bboxes": [[291.063720703125, 139.09420776367188, 348.6146240234375, 292.85076904296875], [236.79342651367188, 273.9411315917969, 382.3009338378906, 329.4190979003906], [9.804512023925781, 234.84104919433594, 34.45851135253906, 285.18133544921875], [389.61175537109375, 130.06784057617188, 485.625, 330.1417541503906], [234.80621337890625, 259.59393310546875, 262.1278076171875, 273.19012451171875], [217.19729614257812, 146.80886840820312, 289.3631896972656, 290.8675537109375]]}