{"categories": [0, 2, 8], "bboxes": [[223.76779174804688, 110.24644470214844, 347.8225402832031, 249.8164520263672], [28.175399780273438, 237.27926635742188, 496.98907470703125, 332.0], [2.7163238525390625, 0.0, 448.2396240234375, 332.0]]}