{"categories": [0, 24, 28], "bboxes": [[354.7269287109375, 160.80438232421875, 493.53485107421875, 329.0509033203125], [120.08203125, 53.44395446777344, 179.7564697265625, 131.29200744628906], [47.87409210205078, 15.772018432617188, 219.25814819335938, 309.742431640625]]}