{"categories": [0, 39, 41, 47, 58, 60], "bboxes": [[0.0, 66.11117553710938, 234.64346313476562, 332.0], [449.1637268066406, 183.90707397460938, 499.0, 331.2616882324219], [449.967041015625, 256.25946044921875, 498.69549560546875, 330.6678466796875], [167.3567352294922, 207.37286376953125, 203.4663848876953, 244.78616333007812], [459.7636413574219, 48.86125183105469, 481.6281433105469, 86.78993225097656], [221.54421997070312, 191.2945098876953, 499.0, 331.37652587890625]]}