{"categories": [0, 56, 57, 62], "bboxes": [[176.5753936767578, 49.373443603515625, 387.4730224609375, 330.30242919921875], [419.6301574707031, 139.94573974609375, 458.9114074707031, 170.81790161132812], [355.990966796875, 157.87451171875, 480.118896484375, 325.8562316894531], [34.539573669433594, 15.929336547851562, 184.778564453125, 144.27734375]]}