{"categories": [0, 1, 2, 14, 24, 35], "bboxes": [[27.249191284179688, 68.14704895019531, 119.01383972167969, 287.68914794921875], [150.9773712158203, 166.60333251953125, 201.8728485107422, 320.3802795410156], [243.466796875, 105.83082580566406, 270.87030029296875, 135.4252471923828], [272.9924011230469, 195.0650634765625, 284.9734191894531, 205.35818481445312], [159.40469360351562, 114.62089538574219, 196.70831298828125, 157.62803649902344], [216.6268768310547, 169.45452880859375, 227.7835235595703, 185.01065063476562]]}