{"categories": [0, 26, 29, 32, 43, 46, 56, 73], "bboxes": [[176.12094116210938, 91.4190673828125, 326.8067932128906, 438.5836181640625], [166.1341552734375, 282.5224609375, 201.55191040039062, 364.78564453125], [206.7049102783203, 126.18384552001953, 236.7994842529297, 149.45986938476562], [275.2130432128906, 259.4936828613281, 287.5419616699219, 273.1939392089844], [83.94910430908203, 83.28895568847656, 112.96016693115234, 102.00697326660156], [158.5675048828125, 34.29932403564453, 191.07281494140625, 82.8223648071289], [22.330718994140625, 219.66818237304688, 94.4701156616211, 318.9990539550781], [15.834724426269531, 167.13961791992188, 104.96492767333984, 219.818115234375]]}