{"categories": [0, 13, 24, 28, 56, 60, 73], "bboxes": [[150.89410400390625, 97.09716796875, 231.03228759765625, 394.9421081542969], [269.0760498046875, 267.28619384765625, 332.0, 399.9254150390625], [220.5612335205078, 331.8784484863281, 285.8335876464844, 422.4870300292969], [223.0970916748047, 322.9459228515625, 281.6878967285156, 422.56951904296875], [94.9827880859375, 222.85975646972656, 177.30767822265625, 376.8997802734375], [213.80780029296875, 227.42971801757812, 324.661376953125, 268.5876770019531], [262.77789306640625, 237.8800811767578, 281.65576171875, 254.9630889892578]]}