{"categories": [0, 24, 31, 41, 60, 73], "bboxes": [[85.38011169433594, 79.2066650390625, 209.75352478027344, 483.91717529296875], [63.947757720947266, 152.98483276367188, 158.35537719726562, 289.2547912597656], [8.60464096069336, 51.2969970703125, 115.24818420410156, 397.76068115234375], [369.4249572753906, 241.37661743164062, 388.9811706542969, 281.2179260253906], [174.35379028320312, 232.15475463867188, 403.7884826660156, 456.6493835449219], [265.4108581542969, 225.0535430908203, 318.0874328613281, 293.0171203613281]]}