{"categories": [0, 8], "bboxes": [[16.168548583984375, 37.19374084472656, 172.0003204345703, 250.37486267089844], [9.67767333984375, 153.76742553710938, 350.23406982421875, 312.178955078125]]}