{"categories": [0, 2, 41, 57, 59, 69], "bboxes": [[261.7652282714844, 15.109527587890625, 499.0, 313.887451171875], [0.0, 277.7103576660156, 64.71173095703125, 330.0], [30.948217391967773, 38.9921875, 48.276824951171875, 64.56953430175781], [16.7366943359375, 181.28126525878906, 498.04925537109375, 326.3372802734375], [48.424041748046875, 292.0350646972656, 495.1773376464844, 328.3437805175781], [0.8880195617675781, 78.06031036376953, 60.3692512512207, 298.7804870605469]]}