{"categories": [0, 25, 27], "bboxes": [[168.13333129882812, 12.489151000976562, 475.5373229980469, 329.60540771484375], [444.33538818359375, 19.812904357910156, 477.2998046875, 174.01443481445312], [162.59170532226562, 143.68984985351562, 234.0062255859375, 290.0850830078125]]}