{"categories": [0, 5, 6, 24, 26, 39, 41, 63, 73], "bboxes": [[350.45477294921875, 131.72579956054688, 467.58526611328125, 329.9323425292969], [0.0, 0.0, 499.0, 310.14459228515625], [3.651123046875, 0.0, 393.4705505371094, 311.69720458984375], [357.54400634765625, 205.3653564453125, 434.09722900390625, 294.4996032714844], [59.756404876708984, 258.77691650390625, 130.31932067871094, 329.9774169921875], [4.230026721954346, 224.51712036132812, 18.192138671875, 260.0925598144531], [174.33633422851562, 134.82945251464844, 197.8568115234375, 154.37852478027344], [369.18353271484375, 219.20631408691406, 389.51995849609375, 240.9403839111328], [46.21272277832031, 38.610877990722656, 109.18447875976562, 134.7374267578125]]}