{"categories": [0, 24], "bboxes": [[231.54898071289062, 132.03256225585938, 325.6054992675781, 381.8836975097656], [47.661170959472656, 87.29120635986328, 139.70513916015625, 262.1860046386719]]}