{"categories": [0, 27, 40, 58, 75], "bboxes": [[197.20962524414062, 36.57905578613281, 409.2046813964844, 484.85394287109375], [257.6189270019531, 162.12310791015625, 277.1777038574219, 210.40093994140625], [381.8880920410156, 226.01846313476562, 407.8348693847656, 265.2038269042969], [142.60595703125, 213.61231994628906, 298.2209777832031, 487.16888427734375], [171.37127685546875, 364.2125244140625, 271.01715087890625, 493.9241943359375]]}