{"categories": [0, 1], "bboxes": [[255.37286376953125, 32.90455627441406, 407.643798828125, 372.53326416015625], [91.75598907470703, 208.46966552734375, 169.91976928710938, 344.04705810546875]]}