{"categories": [0, 8], "bboxes": [[254.88552856445312, 31.537811279296875, 372.2890319824219, 355.41351318359375], [392.8349914550781, 30.89075469970703, 498.9141540527344, 77.75090026855469]]}