{"categories": [0, 14, 26, 39, 41, 44, 48, 50, 56, 60, 68, 70, 72, 73], "bboxes": [[69.0397720336914, 126.50806427001953, 210.59368896484375, 326.6097412109375], [280.4943542480469, 256.7351989746094, 301.3886413574219, 274.6568908691406], [388.81964111328125, 260.5089416503906, 499.0, 308.5265197753906], [425.28857421875, 126.8708724975586, 442.4364013671875, 174.71466064453125], [336.2928161621094, 234.6007080078125, 369.5209045410156, 283.33062744140625], [309.3283996582031, 257.0452575683594, 323.7648620605469, 266.4485168457031], [376.9994201660156, 230.9437713623047, 438.8193054199219, 256.5569152832031], [377.8751525878906, 235.435791015625, 400.8605651855469, 252.75091552734375], [85.98961639404297, 272.711669921875, 108.08863067626953, 329.37884521484375], [177.64358520507812, 225.33436584472656, 489.3348693847656, 328.9075012207031], [54.244136810302734, 134.1269989013672, 77.64936828613281, 191.9225616455078], [83.834228515625, 79.78292846679688, 123.85772705078125, 122.69383239746094], [52.098175048828125, 213.19752502441406, 86.90853881835938, 331.02935791015625], [417.03179931640625, 0.0, 434.02899169921875, 26.256155014038086]]}