{"categories": [0, 7, 45, 56, 59, 73], "bboxes": [[78.00873565673828, 149.6996307373047, 298.18170166015625, 268.7207336425781], [0.0, 127.94595336914062, 58.82280731201172, 266.9352722167969], [65.64077758789062, 162.23013305664062, 90.70867919921875, 175.94772338867188], [251.1468963623047, 0.0, 364.14984130859375, 154.73046875], [18.475234985351562, 78.91124725341797, 131.9820556640625, 137.7156982421875], [64.12356567382812, 170.1377716064453, 112.58258056640625, 191.01597595214844]]}