{"categories": [0, 26, 39, 68, 71, 72], "bboxes": [[172.30404663085938, 98.81167602539062, 262.9034118652344, 320.3767395019531], [175.82725524902344, 165.5283966064453, 203.7263946533203, 223.57179260253906], [371.4219665527344, 186.20970153808594, 378.0147399902344, 213.0981903076172], [349.825927734375, 178.67111206054688, 432.45208740234375, 215.69189453125], [326.7437744140625, 211.51416015625, 391.32464599609375, 224.47994995117188], [316.05633544921875, 215.09805297851562, 412.45599365234375, 323.4701232910156]]}