{"categories": [0, 26, 39, 40, 41, 60], "bboxes": [[264.8674011230469, 62.3232421875, 499.0, 360.5960693359375], [262.5255126953125, 256.8211364746094, 323.604736328125, 348.3963317871094], [49.309547424316406, 185.1906280517578, 86.92328643798828, 263.6733093261719], [179.7377166748047, 193.285888671875, 205.80702209472656, 251.13107299804688], [134.61410522460938, 192.63746643066406, 169.19894409179688, 255.7204132080078], [8.908920288085938, 184.31939697265625, 300.0589599609375, 369.06402587890625]]}