{"categories": [0, 56, 57], "bboxes": [[4.2221221923828125, 80.3214111328125, 202.47903442382812, 499.0], [133.84170532226562, 155.3394775390625, 300.88916015625, 263.5985107421875], [143.47549438476562, 153.6842041015625, 293.1266174316406, 250.16571044921875]]}