{"categories": [0, 27, 40, 41, 60, 79], "bboxes": [[7.835968017578125, 18.041732788085938, 380.1060485839844, 319.91180419921875], [104.83839416503906, 160.0088653564453, 162.46266174316406, 288.958984375], [53.38763427734375, 206.4840087890625, 105.74037170410156, 302.6520080566406], [0.19147396087646484, 191.44540405273438, 16.96617889404297, 319.1746826171875], [5.9617462158203125, 264.8077392578125, 311.91552734375, 328.29461669921875], [119.47720336914062, 191.6128692626953, 280.217041015625, 247.05958557128906]]}