{"categories": [0, 13, 56], "bboxes": [[375.3306579589844, 118.36073303222656, 459.3550109863281, 315.83990478515625], [181.04656982421875, 278.9009094238281, 395.38067626953125, 324.0201721191406], [0.5378646850585938, 0.0, 51.14619445800781, 78.10447692871094]]}