{"categories": [0, 8, 33], "bboxes": [[313.3341979980469, 211.99267578125, 432.2123718261719, 371.35308837890625], [177.7097625732422, 101.4556884765625, 219.59584045410156, 205.40768432617188], [179.0077362060547, 99.59811401367188, 216.28700256347656, 199.01803588867188]]}