{"categories": [0, 8, 24, 26], "bboxes": [[205.5611572265625, 165.6661376953125, 258.0908508300781, 315.5804748535156], [433.29412841796875, 122.43942260742188, 473.406982421875, 172.221923828125], [59.88993453979492, 166.08616638183594, 143.78114318847656, 302.355224609375], [247.72427368164062, 215.11500549316406, 263.8880310058594, 265.5740966796875]]}