{"categories": [0], "bboxes": [[366.62994384765625, 111.17042541503906, 427.446533203125, 275.7884521484375]]}