{"categories": [0, 44, 63, 66], "bboxes": [[220.22311401367188, 97.95181274414062, 427.5775451660156, 329.5518493652344], [417.207763671875, 291.3340148925781, 499.0, 310.5401306152344], [3.1512794494628906, 225.24415588378906, 106.9378662109375, 330.2475280761719], [97.22016906738281, 201.32130432128906, 267.29888916015625, 279.120361328125]]}