{"categories": [0, 27, 56, 60, 63, 66, 67, 73], "bboxes": [[22.99701690673828, 55.87158203125, 247.248291015625, 238.54733276367188], [352.7455139160156, 129.34071350097656, 377.2886657714844, 196.74513244628906], [229.4219512939453, 106.51222229003906, 291.90380859375, 185.7039337158203], [50.860931396484375, 185.17884826660156, 486.8718566894531, 327.7335205078125], [262.9622802734375, 174.2867889404297, 480.47149658203125, 238.56996154785156], [285.6304626464844, 197.23739624023438, 457.6999816894531, 235.84246826171875], [35.99102020263672, 237.7809295654297, 84.85466766357422, 267.66754150390625], [83.9698715209961, 201.2060089111328, 284.9042053222656, 258.59637451171875]]}