{"categories": [0, 25, 26, 27, 62], "bboxes": [[111.6884994506836, 104.270751953125, 178.70782470703125, 330.6849060058594], [1.7225723266601562, 3.3489227294921875, 69.23595428466797, 316.532470703125], [117.76644897460938, 176.64675903320312, 175.4859619140625, 273.5687561035156], [345.8521728515625, 91.86106872558594, 365.31390380859375, 144.73902893066406], [157.01141357421875, 94.54920959472656, 287.48974609375, 230.4949493408203]]}