{"categories": [0, 24, 26, 41, 55, 56, 60, 65, 67, 73], "bboxes": [[262.92022705078125, 11.027008056640625, 499.0, 371.3330078125], [223.60841369628906, 270.25860595703125, 286.97625732421875, 318.37615966796875], [94.56086730957031, 162.79849243164062, 120.71347045898438, 197.660400390625], [114.03701782226562, 182.69271850585938, 146.66458129882812, 225.09011840820312], [135.63027954101562, 150.1453094482422, 182.0379638671875, 186.1553192138672], [0.0, 266.7073974609375, 49.026634216308594, 371.7059326171875], [28.613327026367188, 163.22344970703125, 355.52899169921875, 368.541015625], [56.895633697509766, 206.59075927734375, 92.92311096191406, 224.92715454101562], [149.87686157226562, 217.13778686523438, 201.60586547851562, 238.3096923828125], [52.5875244140625, 204.4009552001953, 100.21089172363281, 226.62425231933594]]}