{"categories": [0, 2, 7, 18, 34, 35], "bboxes": [[278.95013427734375, 131.01010131835938, 392.51446533203125, 281.3037109375], [14.164529800415039, 79.69026947021484, 73.43257904052734, 111.06221771240234], [23.787601470947266, 66.43301391601562, 139.49075317382812, 113.219970703125], [370.62060546875, 173.47869873046875, 397.90423583984375, 197.34603881835938], [109.29312133789062, 117.12394714355469, 162.76605224609375, 159.42161560058594], [129.82994079589844, 220.52537536621094, 155.26011657714844, 244.08717346191406]]}