{"categories": [0], "bboxes": [[0.0, 77.907470703125, 440.8265380859375, 329.55615234375]]}