{"categories": [0, 2, 7, 9, 39], "bboxes": [[290.2595520019531, 106.43574523925781, 425.2598571777344, 496.89044189453125], [434.9560852050781, 145.16412353515625, 462.3363952636719, 162.47720336914062], [19.815216064453125, 95.83491516113281, 283.1317443847656, 418.8717041015625], [183.58457946777344, 85.90670776367188, 192.16419982910156, 107.95423889160156], [139.20184326171875, 52.74154281616211, 159.52645874023438, 114.38877868652344]]}