{"categories": [0, 8, 27, 63], "bboxes": [[19.424293518066406, 133.278076171875, 172.59317016601562, 267.0813293457031], [2.066741943359375, 246.78285217285156, 478.9664001464844, 326.3692321777344], [248.49830627441406, 188.8598175048828, 267.412353515625, 241.95860290527344], [85.20572662353516, 235.7668914794922, 121.6407241821289, 263.6647644042969]]}