{"categories": [0], "bboxes": [[69.78807067871094, 78.69318389892578, 195.96778869628906, 328.4228515625]]}