{"categories": [0, 27, 43, 55, 60], "bboxes": [[23.520706176757812, 1.6443328857421875, 201.7421875, 329.5836181640625], [232.57131958007812, 105.26205444335938, 248.58770751953125, 148.90176391601562], [173.63015747070312, 294.453369140625, 218.94686889648438, 331.9439697265625], [189.896484375, 206.12535095214844, 317.3996887207031, 327.73651123046875], [79.30223083496094, 246.99130249023438, 424.83123779296875, 332.8326110839844]]}