{"categories": [0, 9, 13, 24, 58], "bboxes": [[316.4369812011719, 32.1402587890625, 454.5581970214844, 325.5001220703125], [340.0325622558594, 49.753448486328125, 350.6397399902344, 68.89442443847656], [77.90782165527344, 213.07151794433594, 229.35157775878906, 331.0], [340.0662841796875, 81.80926513671875, 432.17437744140625, 204.6201171875], [230.67889404296875, 0.41789722442626953, 263.3243103027344, 27.17000961303711]]}