{"categories": [0, 3, 27, 39], "bboxes": [[21.59160614013672, 109.92082214355469, 207.1654052734375, 374.0], [92.66714477539062, 140.80401611328125, 470.5563049316406, 371.34796142578125], [88.39909362792969, 178.2849884033203, 109.15554809570312, 204.31126403808594], [408.85430908203125, 104.30040740966797, 429.829833984375, 147.1173553466797]]}