{"categories": [0, 24], "bboxes": [[48.621978759765625, 14.931137084960938, 484.5772399902344, 324.642333984375], [0.7743873596191406, 107.87933349609375, 81.60012817382812, 332.0]]}