{"categories": [0, 39, 40, 49, 56, 60], "bboxes": [[73.82295227050781, 117.09307861328125, 272.4248046875, 369.6951599121094], [447.08544921875, 235.70860290527344, 484.83624267578125, 329.111572265625], [406.6632385253906, 0.0, 499.0, 214.879638671875], [391.77996826171875, 0.20415019989013672, 452.47003173828125, 19.208240509033203], [326.2242736816406, 210.14231872558594, 394.3041076660156, 286.08990478515625], [239.77685546875, 227.51406860351562, 499.0, 368.4673156738281]]}