{"categories": [0, 27, 39, 41, 51, 56, 58, 60, 73, 75], "bboxes": [[240.84051513671875, 78.16938018798828, 380.26666259765625, 224.36581420898438], [181.06163024902344, 131.24850463867188, 203.89622497558594, 203.44387817382812], [336.6751403808594, 52.4038200378418, 352.5979919433594, 101.04450988769531], [316.2136535644531, 196.95687866210938, 350.0046081542969, 256.1915588378906], [297.54949951171875, 59.9665412902832, 315.088623046875, 74.09152221679688], [100.55813598632812, 122.972900390625, 134.3715057373047, 228.69342041015625], [194.630615234375, 3.8692092895507812, 309.81878662109375, 149.325927734375], [9.861602783203125, 210.45962524414062, 454.7596740722656, 276.5498962402344], [159.8680419921875, 215.80601501464844, 314.7568054199219, 245.40611267089844], [98.22264099121094, 63.05434036254883, 120.63816833496094, 86.50137329101562]]}