{"categories": [0, 26, 27, 47, 58, 62], "bboxes": [[1.1183013916015625, 3.019256591796875, 174.8162841796875, 332.0], [475.2466125488281, 108.86433410644531, 488.0624694824219, 138.27310180664062], [373.9223937988281, 143.75489807128906, 397.4196472167969, 298.159912109375], [181.9802703857422, 166.18377685546875, 199.17543029785156, 179.57064819335938], [270.33941650390625, 10.381996154785156, 336.92559814453125, 104.71138763427734], [183.68008422851562, 44.559993743896484, 316.4422607421875, 160.26014709472656]]}