{"categories": [0, 9, 51, 56, 58, 73, 75], "bboxes": [[7.340423583984375, 28.510086059570312, 283.68621826171875, 302.5513916015625], [56.08213806152344, 87.2100830078125, 63.5882568359375, 99.5484619140625], [257.6647033691406, 241.8337860107422, 280.5775451660156, 273.6810302734375], [309.92474365234375, 159.32028198242188, 420.16033935546875, 261.0504455566406], [96.13969421386719, 254.144775390625, 311.46112060546875, 332.87103271484375], [318.28094482421875, 160.78851318359375, 420.15313720703125, 228.79248046875], [118.0993881225586, 288.368896484375, 298.1673278808594, 331.99664306640625]]}