{"categories": [0, 7, 8, 14, 34], "bboxes": [[270.6932678222656, 94.47541046142578, 430.4125061035156, 332.0], [132.92617797851562, 59.27509307861328, 499.0, 309.598876953125], [195.29237365722656, 54.668853759765625, 499.0, 285.22357177734375], [229.16099548339844, 66.24922180175781, 302.475830078125, 105.00126647949219], [270.17486572265625, 217.35897827148438, 376.9381103515625, 254.73983764648438]]}