{"categories": [0, 1, 24, 26, 56, 61, 74], "bboxes": [[218.17662048339844, 139.6998291015625, 258.31658935546875, 297.2197265625], [148.8809814453125, 194.65753173828125, 213.04537963867188, 260.8500061035156], [14.930669784545898, 172.54244995117188, 53.82599639892578, 230.23007202148438], [119.72559356689453, 216.88392639160156, 145.1235809326172, 262.1332702636719], [74.1064682006836, 207.56455993652344, 87.82170867919922, 243.15174865722656], [0.954254150390625, 307.14166259765625, 33.87184143066406, 335.0], [432.1648864746094, 122.2262191772461, 463.3532409667969, 157.20132446289062]]}