{"categories": [0, 45, 56, 60], "bboxes": [[270.69659423828125, 149.08143615722656, 328.1004638671875, 316.31317138671875], [384.35491943359375, 369.9764709472656, 481.5899658203125, 390.9669494628906], [2.610454559326172, 265.3086242675781, 107.2344970703125, 390.2782287597656], [321.71966552734375, 282.1837463378906, 490.15740966796875, 385.3606262207031]]}