{"categories": [0, 41, 56, 58, 62], "bboxes": [[235.6345977783203, 73.69950866699219, 499.0, 371.69140625], [188.21119689941406, 338.8713684082031, 216.0735321044922, 362.5849304199219], [167.68551635742188, 239.66278076171875, 266.9229736328125, 352.77801513671875], [244.0205078125, 63.110313415527344, 415.79937744140625, 276.9511413574219], [0.9402179718017578, 30.37128448486328, 48.01415252685547, 190.00836181640625]]}