{"categories": [0], "bboxes": [[91.12196350097656, 107.94111633300781, 321.3961181640625, 491.4874267578125]]}