{"categories": [0, 26], "bboxes": [[138.6139373779297, 29.992401123046875, 326.374755859375, 355.0373840332031], [333.41839599609375, 314.6019287109375, 387.47662353515625, 360.0]]}