{"categories": [0, 1, 2, 3, 24, 28], "bboxes": [[231.36767578125, 5.0591278076171875, 412.421875, 400.54693603515625], [54.062965393066406, 58.49264907836914, 144.5006103515625, 159.45223999023438], [193.42628479003906, 2.278628349304199, 233.95948791503906, 19.580081939697266], [52.02442169189453, 55.584571838378906, 146.604248046875, 157.00238037109375], [222.27105712890625, 75.7351303100586, 286.531494140625, 188.10379028320312], [59.20994567871094, 62.655452728271484, 142.3676300048828, 151.8377227783203]]}