{"categories": [0, 39, 41, 45, 56], "bboxes": [[20.725494384765625, 64.45989227294922, 226.78854370117188, 240.91119384765625], [254.6288604736328, 181.32810974121094, 275.99609375, 238.3040008544922], [29.24799919128418, 224.64010620117188, 55.788917541503906, 246.84567260742188], [210.6840057373047, 230.39356994628906, 236.74256896972656, 240.71971130371094], [288.8157043457031, 158.88694763183594, 312.4842834472656, 236.0134735107422]]}