{"categories": [0, 46, 56, 58], "bboxes": [[97.36395263671875, 83.1814956665039, 213.2122802734375, 305.71435546875], [24.994340896606445, 145.99411010742188, 61.26472473144531, 172.0743408203125], [296.23077392578125, 129.7783660888672, 367.85479736328125, 237.6986846923828], [274.4736328125, 108.15775299072266, 321.00079345703125, 179.27401733398438]]}