{"categories": [0, 27], "bboxes": [[18.602523803710938, 45.80609130859375, 290.5233154296875, 328.6188049316406], [300.77655029296875, 154.82681274414062, 342.4105224609375, 331.0]]}