{"categories": [0, 4, 7, 39, 41, 63, 66, 72], "bboxes": [[94.75736999511719, 207.46044921875, 224.58348083496094, 460.86993408203125], [0.0, 1.5156784057617188, 382.524169921875, 169.8538818359375], [21.411849975585938, 120.80158996582031, 388.59619140625, 489.652099609375], [330.1133728027344, 403.8089294433594, 342.2956237792969, 439.0311584472656], [268.47528076171875, 163.62954711914062, 286.5999755859375, 180.665283203125], [289.0595397949219, 260.76007080078125, 389.0, 434.2056884765625], [309.2275085449219, 333.36676025390625, 386.7500915527344, 418.41058349609375], [4.559352874755859, 121.34025573730469, 132.22454833984375, 476.97247314453125]]}