{"categories": [0, 27], "bboxes": [[5.8236846923828125, 3.7366485595703125, 379.61822509765625, 329.27178955078125], [262.0045471191406, 274.7420654296875, 315.3507385253906, 333.0]]}