{"categories": [0, 56, 58, 63, 66, 67, 72, 73], "bboxes": [[358.91986083984375, 135.26376342773438, 492.03424072265625, 326.640869140625], [6.676265716552734, 216.85366821289062, 96.88880920410156, 318.2228088378906], [314.3865661621094, 108.51554870605469, 388.1573181152344, 244.86949157714844], [65.46923065185547, 194.35797119140625, 138.34002685546875, 227.12997436523438], [99.29299926757812, 217.91094970703125, 134.81651306152344, 230.1710205078125], [402.4114685058594, 165.60765075683594, 413.2442321777344, 184.82704162597656], [87.03173828125, 39.250640869140625, 195.51019287109375, 211.95526123046875], [197.31764221191406, 259.7528381347656, 299.28558349609375, 310.5657043457031]]}