{"categories": [0, 6, 8, 39, 46, 47, 49, 60, 62, 77], "bboxes": [[187.48980712890625, 103.61338806152344, 307.8520812988281, 309.22607421875], [64.66487121582031, 5.119415283203125, 499.0, 266.01776123046875], [0.0, 3.2191314697265625, 499.0, 345.0], [342.6443786621094, 179.8317413330078, 353.4748229980469, 199.0908660888672], [60.46964645385742, 82.60801696777344, 87.71173858642578, 131.43545532226562], [2.5408248901367188, 247.56443786621094, 102.77289581298828, 326.0331726074219], [167.87257385253906, 288.36639404296875, 190.80381774902344, 320.36090087890625], [256.3183898925781, 275.8372802734375, 497.5368347167969, 339.89996337890625], [86.84370422363281, 77.51805114746094, 116.62547302246094, 113.113037109375], [319.6308898925781, 252.05555725097656, 355.4065856933594, 277.0657043457031]]}