{"categories": [0, 37, 41, 60, 73], "bboxes": [[367.7449951171875, 145.63616943359375, 489.07745361328125, 251.21820068359375], [325.90765380859375, 231.37484741210938, 497.46875, 249.08807373046875], [7.668071746826172, 199.2415008544922, 27.646045684814453, 227.1269073486328], [22.758941650390625, 226.42300415039062, 488.4083557128906, 365.0765686035156], [90.39799499511719, 227.05032348632812, 122.80940246582031, 239.040283203125]]}