{"categories": [0, 18], "bboxes": [[178.35769653320312, 4.4554901123046875, 332.0, 487.5400390625], [0.8728351593017578, 271.8218994140625, 26.575223922729492, 319.17059326171875]]}