{"categories": [0, 26, 39, 56, 60, 72, 73], "bboxes": [[418.36260986328125, 14.875473022460938, 499.0, 257.75982666015625], [251.5533447265625, 196.32205200195312, 338.792236328125, 319.0834655761719], [163.25567626953125, 159.70660400390625, 186.46206665039062, 207.81399536132812], [251.3538360595703, 201.28172302246094, 344.26861572265625, 331.49151611328125], [111.65577697753906, 192.3868408203125, 265.90985107421875, 327.3177490234375], [267.57489013671875, 8.241676330566406, 366.86932373046875, 151.47543334960938], [164.77110290527344, 222.2027130126953, 218.92225646972656, 252.47508239746094]]}