{"categories": [0, 26], "bboxes": [[184.1881866455078, 63.52134704589844, 296.6623840332031, 333.155029296875], [190.970703125, 187.82078552246094, 210.99603271484375, 239.3489227294922]]}