{"categories": [0, 13, 41, 56], "bboxes": [[301.77325439453125, 62.26768493652344, 407.30169677734375, 295.2587890625], [108.8228759765625, 197.77041625976562, 443.728515625, 321.8841857910156], [4.745443344116211, 30.954378128051758, 27.06464195251465, 62.812408447265625], [320.8547058105469, 205.18519592285156, 364.3293762207031, 283.3251037597656]]}