{"categories": [0, 27, 39, 40], "bboxes": [[254.690185546875, 23.588958740234375, 499.0, 328.4460754394531], [206.80593872070312, 162.10946655273438, 305.3306579589844, 326.80548095703125], [390.8896484375, 253.85438537597656, 432.729736328125, 321.3665771484375], [390.8882141113281, 254.63409423828125, 433.6961364746094, 319.5064697265625]]}