{"categories": [0, 27], "bboxes": [[220.99365234375, 60.69020080566406, 487.4130859375, 326.64801025390625], [292.1132507324219, 164.41000366210938, 392.1974182128906, 314.8999328613281]]}