{"categories": [0, 9, 26, 27, 56], "bboxes": [[325.7487487792969, 30.18487548828125, 435.1854553222656, 291.8382568359375], [217.5545654296875, 40.895469665527344, 236.29156494140625, 62.569297790527344], [333.28265380859375, 169.7022705078125, 359.03948974609375, 234.50982666015625], [358.82623291015625, 89.28744506835938, 394.026123046875, 150.01309204101562], [331.28057861328125, 271.20550537109375, 479.527099609375, 331.06854248046875]]}