{"categories": [0, 41, 51, 56, 62, 63, 65, 66, 67, 73], "bboxes": [[231.3387451171875, 158.48095703125, 399.47418212890625, 313.8870849609375], [289.8095703125, 88.27709197998047, 310.7459716796875, 114.2252426147461], [55.69978713989258, 19.641273498535156, 83.69023132324219, 46.914527893066406], [376.6703796386719, 128.39871215820312, 499.0, 336.4442138671875], [264.7392883300781, 3.979581832885742, 295.7085876464844, 62.17958068847656], [143.05657958984375, 172.68423461914062, 279.9683837890625, 280.69342041015625], [437.3440856933594, 324.9031982421875, 492.8094787597656, 354.27325439453125], [153.30567932128906, 186.860107421875, 248.1742706298828, 273.8418273925781], [377.0240783691406, 321.6866760253906, 406.0400085449219, 343.9924621582031], [192.18807983398438, 266.2923583984375, 336.5055236816406, 368.29193115234375]]}