{"categories": [0, 24, 26, 56, 60], "bboxes": [[0.0, 22.120361328125, 255.1428985595703, 371.26220703125], [448.2615966796875, 10.019035339355469, 497.6767578125, 77.25841522216797], [448.2860412597656, 11.506528854370117, 494.3971862792969, 74.38272857666016], [185.7881622314453, 54.596168518066406, 224.89759826660156, 106.19763946533203], [288.75360107421875, 50.934207916259766, 441.5625, 98.71308898925781]]}