{"categories": [0, 27, 39, 41, 60, 65, 67, 71], "bboxes": [[330.2523498535156, 123.84664154052734, 484.6241149902344, 312.82318115234375], [221.0221710205078, 118.93745422363281, 234.74522399902344, 147.57398986816406], [341.644775390625, 249.23329162597656, 370.1026611328125, 311.60174560546875], [408.13031005859375, 296.1077880859375, 426.1939697265625, 321.7374267578125], [77.54751586914062, 282.961181640625, 451.3797912597656, 360.383056640625], [285.6460876464844, 211.7926788330078, 306.4422302246094, 230.2977752685547], [256.1522216796875, 213.93458557128906, 300.902587890625, 243.74034118652344], [316.2409362792969, 318.0912780761719, 483.4566345214844, 361.1838073730469]]}