{"categories": [0, 27, 41, 56], "bboxes": [[190.38723754882812, 91.12611389160156, 345.6576843261719, 370.0684814453125], [421.0031433105469, 142.09922790527344, 446.2225036621094, 241.95057678222656], [146.1577911376953, 313.96826171875, 163.33815002441406, 362.84222412109375], [145.81011962890625, 307.5202941894531, 164.2772216796875, 373.0]]}