{"categories": [0, 1, 26], "bboxes": [[121.66533660888672, 131.7598419189453, 246.09420776367188, 495.45947265625], [0.8604965209960938, 304.1947021484375, 173.8857421875, 494.64886474609375], [129.12417602539062, 209.9070281982422, 172.7401123046875, 361.89996337890625]]}