{"categories": [0, 9, 26, 28, 34, 35, 56], "bboxes": [[0.0, 89.1217269897461, 84.08421325683594, 245.91586303710938], [97.91192626953125, 95.64846801757812, 116.18696594238281, 110.02407836914062], [437.27288818359375, 155.20655822753906, 486.1512451171875, 204.40013122558594], [369.19818115234375, 232.11175537109375, 404.3912353515625, 272.60791015625], [216.7425994873047, 151.7259063720703, 297.0315856933594, 220.31748962402344], [439.8421630859375, 172.14219665527344, 475.59539794921875, 205.16004943847656], [413.62109375, 201.03713989257812, 455.73419189453125, 236.38906860351562]]}