{"categories": [0, 39, 40, 41, 42, 45, 56, 58, 60, 65, 67], "bboxes": [[133.30551147460938, 29.412429809570312, 370.2760314941406, 354.1290283203125], [1.4179210662841797, 292.7006530761719, 55.22496795654297, 443.1173400878906], [451.9635009765625, 260.3114929199219, 483.47613525390625, 349.1004943847656], [102.2120361328125, 357.4476623535156, 134.028564453125, 409.6203918457031], [228.46237182617188, 352.5995788574219, 274.03814697265625, 368.2146301269531], [159.47222900390625, 362.88775634765625, 194.7271728515625, 396.89447021484375], [287.04864501953125, 179.79330444335938, 358.06915283203125, 316.8451232910156], [451.535888671875, 135.56202697753906, 499.0, 291.96478271484375], [11.75750732421875, 300.7852783203125, 497.0492858886719, 443.966064453125], [298.976806640625, 170.3018341064453, 319.259765625, 184.31150817871094], [11.706449508666992, 49.26666259765625, 31.885236740112305, 89.08834838867188]]}