{"categories": [0, 39, 41, 60, 66, 73], "bboxes": [[191.7180938720703, 150.14662170410156, 287.8482971191406, 242.1121063232422], [4.335182189941406, 192.6353302001953, 27.40666389465332, 266.1434326171875], [96.40318298339844, 217.52114868164062, 115.30381774902344, 244.39920043945312], [15.526016235351562, 229.43597412109375, 494.33563232421875, 366.24517822265625], [193.9911651611328, 237.36985778808594, 296.45306396484375, 249.16722106933594], [11.714462280273438, 268.4114990234375, 128.4758758544922, 318.4188232421875]]}