{"categories": [0], "bboxes": [[26.65534210205078, 73.06327819824219, 280.5227966308594, 329.47705078125]]}