{"categories": [0, 25, 39, 56, 58, 60, 67, 75], "bboxes": [[16.926193237304688, 124.98394775390625, 278.678466796875, 490.6820068359375], [282.3068542480469, 114.05146789550781, 365.1107482910156, 147.69984436035156], [159.60336303710938, 49.400028228759766, 222.98403930664062, 158.5400848388672], [0.0, 208.649658203125, 66.90757751464844, 338.90618896484375], [302.99493408203125, 124.86003875732422, 374.0, 296.9349060058594], [2.0095481872558594, 173.19061279296875, 83.78425598144531, 316.00421142578125], [190.35626220703125, 346.1951599121094, 217.93557739257812, 360.0833435058594], [311.2430725097656, 227.4492645263672, 372.5612487792969, 298.98358154296875]]}