{"categories": [0], "bboxes": [[21.144454956054688, 41.52466583251953, 273.7490234375, 278.1009826660156]]}