{"categories": [0, 2, 24, 28, 63], "bboxes": [[27.871971130371094, 40.32867431640625, 236.19534301757812, 351.7176818847656], [468.38720703125, 3.5453948974609375, 498.9189453125, 77.5135726928711], [197.0253143310547, 245.62109375, 261.4179382324219, 327.435302734375], [303.9259948730469, 225.69029235839844, 455.0509338378906, 371.9893798828125], [69.82957458496094, 83.41216278076172, 213.91807556152344, 208.99993896484375]]}