{"categories": [0, 1, 25, 26, 49, 50, 56, 58, 60], "bboxes": [[393.4886169433594, 131.17352294921875, 458.0723571777344, 330.2145690917969], [34.35997009277344, 210.9558868408203, 178.90806579589844, 325.4620361328125], [435.1576232910156, 64.21725463867188, 499.0, 113.20326232910156], [440.7915954589844, 270.77392578125, 486.7344055175781, 328.59686279296875], [318.6382141113281, 316.287841796875, 365.2590637207031, 332.0], [372.63275146484375, 263.1549987792969, 393.6553955078125, 286.7376403808594], [304.25396728515625, 251.08323669433594, 355.8524169921875, 300.05657958984375], [321.9888000488281, 261.6199035644531, 395.0091857910156, 328.2998962402344], [226.22381591796875, 244.41058349609375, 344.90875244140625, 322.2218017578125]]}