{"categories": [0, 26, 35], "bboxes": [[146.2063446044922, 89.6718521118164, 196.9230194091797, 230.09152221679688], [303.8547668457031, 92.60062408447266, 353.8809509277344, 186.42694091796875], [308.5566101074219, 160.89312744140625, 337.0891418457031, 190.42919921875]]}