{"categories": [0, 40, 41, 56, 57, 60, 63], "bboxes": [[215.78494262695312, 110.24212646484375, 332.3517761230469, 262.547119140625], [242.36996459960938, 123.29259490966797, 256.2134094238281, 150.1991424560547], [260.5165710449219, 121.71635437011719, 273.5445251464844, 142.60316467285156], [31.158206939697266, 73.25885009765625, 115.837646484375, 171.742919921875], [63.44960021972656, 111.84219360351562, 255.4425506591797, 209.79806518554688], [189.7672119140625, 132.15283203125, 286.0582580566406, 212.92315673828125], [158.6888885498047, 166.45663452148438, 195.84483337402344, 195.07705688476562]]}