{"categories": [0, 39, 41], "bboxes": [[13.960044860839844, 61.71270751953125, 261.60272216796875, 371.43603515625], [418.006103515625, 199.26438903808594, 427.13134765625, 226.35166931152344], [397.85723876953125, 203.89617919921875, 415.39971923828125, 227.83236694335938]]}