{"categories": [0, 7, 9, 24, 28, 39, 41, 45], "bboxes": [[202.92828369140625, 122.11433410644531, 286.80877685546875, 329.567626953125], [99.28616333007812, 12.678009033203125, 446.5939636230469, 319.45220947265625], [68.79034423828125, 102.98888397216797, 83.51870727539062, 115.57376861572266], [455.85614013671875, 163.5238494873047, 488.52874755859375, 197.35292053222656], [453.66741943359375, 221.9884033203125, 481.927734375, 260.3379211425781], [372.8197937011719, 163.7755126953125, 384.9414978027344, 193.43951416015625], [304.18701171875, 179.893798828125, 316.89447021484375, 194.51544189453125], [363.41802978515625, 249.66229248046875, 432.0677490234375, 303.13922119140625]]}