{"categories": [0, 27, 56, 73], "bboxes": [[12.25985336303711, 69.9194107055664, 123.16145324707031, 301.5776672363281], [407.0337829589844, 138.77767944335938, 430.6933288574219, 194.161865234375], [137.80474853515625, 173.56704711914062, 221.55075073242188, 292.980224609375], [271.63873291015625, 173.10543823242188, 319.83148193359375, 200.38204956054688]]}