{"categories": [0, 39, 40, 62, 74], "bboxes": [[272.9764404296875, 93.46533203125, 499.0, 329.51214599609375], [260.1056213378906, 302.7107849121094, 274.7040710449219, 332.0], [13.968945503234863, 78.18577575683594, 27.612125396728516, 102.90550231933594], [281.3326721191406, 8.665292739868164, 326.6529846191406, 44.42186737060547], [39.813663482666016, 53.75636672973633, 94.75537109375, 110.2698974609375]]}