{"categories": [0, 25, 67], "bboxes": [[338.1940612792969, 43.84855651855469, 445.8818054199219, 329.22503662109375], [170.7227783203125, 10.596786499023438, 486.22564697265625, 225.3697967529297], [208.86624145507812, 175.9381561279297, 222.3125, 188.84495544433594]]}