{"categories": [0, 3, 26, 34, 41], "bboxes": [[421.84051513671875, 119.1785659790039, 483.92974853515625, 328.1948547363281], [134.54855346679688, 154.786376953125, 340.83880615234375, 329.4844970703125], [423.03125, 154.92042541503906, 471.73016357421875, 259.5411071777344], [247.18838500976562, 105.05203247070312, 349.0745544433594, 182.56027221679688], [148.36790466308594, 263.7958984375, 209.58656311035156, 331.8114013671875]]}