{"categories": [0, 27, 40, 41, 42, 43, 45, 55, 56, 58, 60, 63], "bboxes": [[215.58267211914062, 38.064857482910156, 387.0959777832031, 276.3238830566406], [299.49798583984375, 140.09471130371094, 332.0545654296875, 221.5142059326172], [326.4480285644531, 241.33447265625, 359.2419128417969, 316.511474609375], [411.7733459472656, 247.51283264160156, 438.4794006347656, 280.7040100097656], [201.77450561523438, 271.8156433105469, 221.36233520507812, 299.8564147949219], [176.0179901123047, 308.5052185058594, 239.37611389160156, 324.3417053222656], [246.221435546875, 270.5949401855469, 295.307861328125, 294.1393737792969], [380.3640441894531, 234.7862091064453, 414.6178283691406, 258.2502746582031], [0.32839202880859375, 154.77842712402344, 172.08877563476562, 330.74169921875], [246.48426818847656, 34.507652282714844, 276.4483947753906, 124.75562286376953], [81.48472595214844, 221.73440551757812, 491.15618896484375, 328.8152160644531], [372.2355041503906, 54.78346252441406, 453.8953552246094, 100.39250183105469]]}