{"categories": [0, 2, 8, 28, 39, 56, 73], "bboxes": [[78.1038818359375, 61.042144775390625, 280.2654113769531, 312.54608154296875], [408.4443054199219, 0.0, 445.3074035644531, 18.09088134765625], [0.0, 133.41632080078125, 499.0, 360.5982666015625], [18.820755004882812, 293.6460266113281, 486.6885986328125, 372.2172546386719], [450.0099182128906, 188.79513549804688, 465.8249816894531, 231.625244140625], [277.481689453125, 80.59860229492188, 416.6343994140625, 268.1478576660156], [387.5551452636719, 243.64651489257812, 439.4931945800781, 311.5926818847656]]}