{"categories": [0, 8, 16, 29, 33, 34, 37, 38], "bboxes": [[285.0687255859375, 66.8387451171875, 319.77496337890625, 101.82795715332031], [170.70608520507812, 204.09588623046875, 412.0705871582031, 269.342529296875], [299.7552795410156, 205.8316650390625, 354.0102844238281, 230.55624389648438], [231.74267578125, 174.81443786621094, 244.8857421875, 194.72816467285156], [253.31155395507812, 60.721492767333984, 284.8398742675781, 80.72591400146484], [202.03858947753906, 46.13018035888672, 231.1871795654297, 83.7931137084961], [232.0379638671875, 174.64012145996094, 245.05422973632812, 195.44105529785156], [309.73236083984375, 165.01304626464844, 324.47357177734375, 187.9083709716797]]}