{"categories": [0, 41, 45, 60], "bboxes": [[91.57363891601562, 154.6273193359375, 277.1458740234375, 400.12725830078125], [262.7156982421875, 286.71435546875, 296.2147216796875, 336.81951904296875], [225.87164306640625, 282.7651672363281, 267.9713134765625, 300.2228698730469], [85.37356567382812, 372.1559753417969, 332.0, 489.8076477050781]]}