{"categories": [0, 2, 7, 9, 13, 56, 58], "bboxes": [[188.45668029785156, 163.1747283935547, 231.96742248535156, 287.76153564453125], [339.0610656738281, 158.9110870361328, 403.6705017089844, 204.1121368408203], [436.02557373046875, 146.42674255371094, 485.8009033203125, 208.2550811767578], [387.9924011230469, 121.13556671142578, 397.5456848144531, 134.38674926757812], [263.6641540527344, 303.0824890136719, 497.9203186035156, 328.7500305175781], [84.15098571777344, 216.79678344726562, 121.67808532714844, 292.73797607421875], [447.1199035644531, 61.97881317138672, 473.5219421386719, 104.04691314697266]]}