{"categories": [0], "bboxes": [[0.2015838623046875, 71.95536804199219, 359.77191162109375, 366.4873046875]]}