{"categories": [0, 39, 41, 65, 67, 74], "bboxes": [[221.87176513671875, 60.09288024902344, 423.34588623046875, 370.92974853515625], [39.41680145263672, 105.80427551269531, 50.59137725830078, 133.63577270507812], [378.4105224609375, 66.84951782226562, 400.364990234375, 119.00828552246094], [132.71060180664062, 316.1041259765625, 162.878173828125, 327.8150634765625], [133.2051544189453, 316.85455322265625, 163.24876403808594, 328.09246826171875], [315.58294677734375, 246.28732299804688, 329.03448486328125, 258.2814025878906]]}