{"categories": [0, 26, 39, 56, 62], "bboxes": [[119.65322875976562, 15.623855590820312, 409.8880920410156, 365.4573974609375], [392.990478515625, 287.8881530761719, 457.7760009765625, 372.7639465332031], [260.4215087890625, 42.172393798828125, 302.30279541015625, 143.5575408935547], [103.73223876953125, 234.81764221191406, 435.4423828125, 374.0], [130.7518310546875, 0.12421417236328125, 263.0809020996094, 48.08452224731445]]}