{"categories": [0, 60, 63], "bboxes": [[174.25421142578125, 150.41580200195312, 304.6136474609375, 308.1157531738281], [19.861038208007812, 305.02764892578125, 343.73394775390625, 330.767333984375], [34.4658317565918, 262.62457275390625, 109.04541015625, 316.840576171875]]}