{"categories": [0, 14, 26, 33], "bboxes": [[244.95692443847656, 161.62966918945312, 323.51361083984375, 246.00228881835938], [359.7278747558594, 45.25048828125, 372.3374328613281, 53.295326232910156], [35.378211975097656, 181.97911071777344, 77.7121810913086, 229.7791290283203], [463.52392578125, 163.03646850585938, 499.0, 238.170654296875]]}