{"categories": [0, 36, 43, 67], "bboxes": [[252.0656280517578, 4.62396240234375, 495.38037109375, 329.7021179199219], [48.68150329589844, 266.59515380859375, 278.3756103515625, 324.72015380859375], [54.520538330078125, 272.3393249511719, 274.8941345214844, 318.3638000488281], [292.942138671875, 271.2895812988281, 312.76220703125, 279.3231506347656]]}