{"categories": [0, 18, 61, 77], "bboxes": [[7.9394378662109375, 24.941360473632812, 199.40663146972656, 328.62042236328125], [0.18342208862304688, 202.07955932617188, 50.50273132324219, 304.93426513671875], [358.2332763671875, 231.1051788330078, 453.61279296875, 303.697509765625], [0.0, 202.6204376220703, 51.80518341064453, 326.173583984375]]}