{"categories": [0, 2, 10, 13, 28, 56, 69], "bboxes": [[248.29244995117188, 14.220748901367188, 329.9882507324219, 234.18800354003906], [0.7440719604492188, 51.36238098144531, 167.69430541992188, 190.064697265625], [434.5483703613281, 150.8672637939453, 467.0447692871094, 190.07298278808594], [97.18920135498047, 170.8077392578125, 223.12710571289062, 249.67837524414062], [206.09869384765625, 139.4668731689453, 251.72213745117188, 199.79539489746094], [471.2879943847656, 18.819644927978516, 499.0, 89.84419250488281], [337.7481689453125, 81.02534484863281, 436.54449462890625, 162.21762084960938]]}