{"categories": [0, 27, 39, 56, 60], "bboxes": [[0.0, 4.9009246826171875, 232.67913818359375, 329.79205322265625], [87.381591796875, 128.64744567871094, 159.49131774902344, 324.72509765625], [397.3181457519531, 269.6690368652344, 447.3912048339844, 331.2381286621094], [172.67642211914062, 277.9882507324219, 237.22750854492188, 326.9875183105469], [178.4746856689453, 270.35565185546875, 492.6988525390625, 329.46331787109375]]}