{"categories": [0, 8], "bboxes": [[300.0269775390625, 103.70703125, 426.36407470703125, 197.49911499023438], [137.58448791503906, 157.41119384765625, 450.18597412109375, 231.5194091796875]]}