{"categories": [0, 1, 26, 27, 36], "bboxes": [[20.41055679321289, 66.3893814086914, 70.65841674804688, 215.2392578125], [98.97108459472656, 130.0919952392578, 315.19134521484375, 255.6765594482422], [434.2156982421875, 117.63782501220703, 465.96380615234375, 138.02029418945312], [224.87564086914062, 61.82862091064453, 240.15185546875, 124.8939437866211], [422.3074951171875, 201.01840209960938, 444.37646484375, 211.1004638671875]]}