{"categories": [0, 63, 67, 73], "bboxes": [[85.14176940917969, 31.420150756835938, 272.3963623046875, 327.9029541015625], [79.59083557128906, 166.25942993164062, 221.2645721435547, 259.9102783203125], [235.72476196289062, 179.40086364746094, 253.58712768554688, 206.71327209472656], [116.00948333740234, 255.28158569335938, 311.4276123046875, 282.6788024902344]]}