{"categories": [0, 26, 41, 56, 57, 60, 73, 75, 79], "bboxes": [[267.5963439941406, 189.0496063232422, 406.1759948730469, 372.73333740234375], [0.26958465576171875, 178.27139282226562, 67.65459442138672, 261.40484619140625], [400.90142822265625, 64.0167007446289, 416.10650634765625, 81.64884185791016], [468.8059997558594, 96.56515502929688, 499.0, 205.03924560546875], [246.80889892578125, 54.76251220703125, 486.074951171875, 282.8797912597656], [404.61322021484375, 70.90499877929688, 494.036865234375, 132.15771484375], [51.84590148925781, 184.03933715820312, 113.00651550292969, 206.7159423828125], [426.0310363769531, 24.287246704101562, 446.9020080566406, 78.22543334960938], [52.30937576293945, 137.39892578125, 62.35598373413086, 164.87255859375]]}