{"categories": [0, 1, 26, 41, 56, 66, 76], "bboxes": [[142.90380859375, 100.00749206542969, 227.05197143554688, 330.2281494140625], [223.64669799804688, 200.075439453125, 456.0308532714844, 324.5872802734375], [13.277076721191406, 123.36537170410156, 88.19142150878906, 218.3140106201172], [292.36920166015625, 205.94508361816406, 311.718994140625, 239.25758361816406], [259.93505859375, 234.01829528808594, 443.52459716796875, 328.127685546875], [0.0, 234.01055908203125, 83.30864715576172, 267.5145568847656], [14.224552154541016, 126.45295715332031, 101.93482971191406, 208.0141143798828]]}