{"categories": [0, 41], "bboxes": [[23.682891845703125, 76.39303588867188, 304.53729248046875, 486.1629943847656], [307.5247802734375, 197.88629150390625, 318.0, 233.84786987304688]]}