{"categories": [0, 14, 26], "bboxes": [[186.56787109375, 146.17379760742188, 326.426025390625, 406.3027038574219], [338.74664306640625, 322.5207824707031, 350.297607421875, 334.5049133300781], [189.54432678222656, 227.1077423095703, 244.11375427246094, 396.42388916015625]]}