{"categories": [0, 8], "bboxes": [[181.05734252929688, 68.63282775878906, 291.8302001953125, 212.21202087402344], [74.35212707519531, 6.6381378173828125, 475.06951904296875, 345.6845703125]]}