{"categories": [0, 73], "bboxes": [[151.12228393554688, 202.45668029785156, 474.1837463378906, 482.22052001953125], [355.01654052734375, 168.3203887939453, 386.0699462890625, 219.91822814941406]]}