{"categories": [0, 34, 41], "bboxes": [[406.4418029785156, 62.40031433105469, 489.5849304199219, 239.93177795410156], [225.59930419921875, 166.2779541015625, 325.919189453125, 361.23779296875], [51.683372497558594, 358.76080322265625, 75.0760726928711, 378.0]]}