{"categories": [0, 27], "bboxes": [[167.05320739746094, 52.94160461425781, 360.5576171875, 327.287841796875], [274.2878723144531, 113.29887390136719, 303.6675720214844, 131.1212158203125]]}