{"categories": [0, 5, 6, 7, 24, 26], "bboxes": [[91.69806671142578, 90.09591674804688, 211.30401611328125, 330.6200866699219], [49.632080078125, 16.902854919433594, 349.48199462890625, 249.140380859375], [31.993820190429688, 2.0030670166015625, 484.71343994140625, 266.17022705078125], [42.450767517089844, 133.83944702148438, 68.71056365966797, 189.10549926757812], [121.9197998046875, 131.1820831298828, 172.388671875, 210.90882873535156], [122.54969024658203, 134.6202392578125, 162.81983947753906, 204.87588500976562]]}