{"categories": [0, 25, 62, 63], "bboxes": [[7.818336486816406, 55.9981689453125, 183.890869140625, 489.01837158203125], [384.18212890625, 11.764495849609375, 478.0, 367.5008544921875], [161.2340850830078, 226.97731018066406, 337.00177001953125, 347.75360107421875], [164.33389282226562, 222.50515747070312, 341.21063232421875, 352.2339172363281]]}