{"categories": [0, 1, 38], "bboxes": [[262.21905517578125, 70.87419128417969, 338.1336669921875, 285.3922119140625], [386.30694580078125, 154.45706176757812, 463.4835205078125, 293.5937194824219], [238.34840393066406, 89.82538604736328, 301.4397888183594, 127.00072479248047]]}