{"categories": [0, 56, 60, 65, 66, 72], "bboxes": [[86.8905029296875, 71.44351196289062, 214.59759521484375, 368.5909729003906], [235.88006591796875, 189.0113067626953, 270.49151611328125, 242.11607360839844], [245.05096435546875, 226.89706420898438, 499.0, 369.5403137207031], [108.25865936279297, 257.0476989746094, 122.40912628173828, 268.8119201660156], [369.8273010253906, 233.11065673828125, 467.2639465332031, 260.4112243652344], [426.64251708984375, 43.813743591308594, 497.95111083984375, 232.40875244140625]]}