{"categories": [0, 27, 39, 51], "bboxes": [[270.26593017578125, 6.444427490234375, 432.11163330078125, 321.72021484375], [141.32745361328125, 143.94912719726562, 172.23956298828125, 211.173095703125], [304.77886962890625, 91.24607849121094, 374.41339111328125, 161.3892364501953], [121.23731231689453, 213.037109375, 332.0898742675781, 326.0919189453125]]}