{"categories": [0, 27, 58, 60, 71], "bboxes": [[38.063133239746094, 113.74058532714844, 168.850830078125, 476.41278076171875], [91.25035095214844, 190.01800537109375, 130.33860778808594, 290.8488464355469], [1.4786224365234375, 156.285888671875, 78.48532104492188, 460.8890380859375], [229.50624084472656, 331.8146057128906, 338.7721862792969, 406.6714782714844], [0.5310211181640625, 447.92877197265625, 76.03150177001953, 496.358154296875]]}