{"categories": [0, 26, 56, 57], "bboxes": [[16.621841430664062, 3.29913330078125, 273.598876953125, 308.8114013671875], [50.695045471191406, 278.7024841308594, 76.8554916381836, 328.3421325683594], [45.2684211730957, 160.6756591796875, 104.01304626464844, 232.25579833984375], [12.166748046875, 76.97361755371094, 499.0, 327.2843017578125]]}