{"categories": [0, 13, 56], "bboxes": [[237.17083740234375, 36.34175109863281, 422.99420166015625, 354.37445068359375], [214.66024780273438, 229.45994567871094, 430.3814392089844, 361.838134765625], [256.52850341796875, 233.58631896972656, 416.94110107421875, 358.4482421875]]}