{"categories": [0, 2], "bboxes": [[53.73210144042969, 44.92036437988281, 179.00685119628906, 332.61376953125], [179.72116088867188, 131.49842834472656, 220.1041259765625, 180.71363830566406]]}