{"categories": [0, 24, 26, 46, 49, 50], "bboxes": [[464.8395690917969, 101.91156768798828, 499.0, 272.7594299316406], [143.39808654785156, 112.4595947265625, 168.53944396972656, 156.55364990234375], [377.4297180175781, 158.1042022705078, 394.9378967285156, 192.0786590576172], [257.8620910644531, 336.52484130859375, 321.4088439941406, 374.0], [343.0859375, 286.4166259765625, 361.7708740234375, 305.25640869140625], [255.72479248046875, 156.32643127441406, 305.8587646484375, 196.2212371826172]]}