{"categories": [0], "bboxes": [[18.940597534179688, 101.66790771484375, 101.27190399169922, 361.1591796875]]}