{"categories": [0, 65], "bboxes": [[188.6434783935547, 20.989837646484375, 306.748291015625, 329.7306823730469], [195.50050354003906, 109.9699935913086, 222.40016174316406, 124.79500579833984]]}