{"categories": [0, 13, 16, 17, 24, 26, 56, 58], "bboxes": [[134.29010009765625, 83.64701080322266, 249.17044067382812, 309.64202880859375], [248.22073364257812, 143.19630432128906, 366.4640197753906, 216.6914520263672], [38.15635681152344, 197.27621459960938, 121.92222595214844, 267.0089111328125], [101.49303436279297, 132.4162139892578, 139.03994750976562, 160.6332244873047], [192.06048583984375, 149.7561798095703, 224.59396362304688, 203.9198760986328], [270.76641845703125, 95.8829345703125, 311.9769287109375, 171.35272216796875], [465.66632080078125, 139.47357177734375, 499.0, 183.43148803710938], [16.744089126586914, 121.75279998779297, 71.87239074707031, 185.45140075683594]]}