{"categories": [0, 2, 26], "bboxes": [[185.544189453125, 81.861328125, 256.342529296875, 273.77130126953125], [333.5897521972656, 50.22944641113281, 350.1989440917969, 62.52482604980469], [285.82672119140625, 192.04953002929688, 304.593505859375, 249.77993774414062]]}