{"categories": [0, 28, 67, 73], "bboxes": [[173.4236297607422, 0.0, 499.0, 362.503173828125], [32.66954803466797, 217.07546997070312, 280.67303466796875, 344.6923522949219], [202.27108764648438, 193.07789611816406, 216.68804931640625, 210.4998321533203], [64.18439483642578, 217.22344970703125, 220.53048706054688, 334.07977294921875]]}