{"categories": [0, 6, 13, 26, 28, 56], "bboxes": [[253.81141662597656, 80.18283081054688, 362.330810546875, 313.7918701171875], [5.67193603515625, 73.53015899658203, 450.74041748046875, 302.74444580078125], [127.9215087890625, 166.41458129882812, 326.166748046875, 296.81878662109375], [325.9368591308594, 201.84852600097656, 371.5015563964844, 251.0444793701172], [293.50726318359375, 232.92352294921875, 356.612548828125, 319.2694091796875], [136.92962646484375, 178.92413330078125, 239.80633544921875, 299.6154479980469]]}