{"categories": [0, 27, 45, 58, 60], "bboxes": [[130.6001434326172, 26.501571655273438, 494.6044921875, 327.28948974609375], [354.47662353515625, 162.76077270507812, 382.73004150390625, 231.60116577148438], [132.71360778808594, 179.75315856933594, 253.6140899658203, 257.45843505859375], [5.6998291015625, 7.917633056640625, 141.15602111816406, 309.272216796875], [9.618515014648438, 236.56155395507812, 332.04071044921875, 330.4723205566406]]}