{"categories": [0, 1, 24, 26, 27, 28, 34, 41, 56], "bboxes": [[224.62271118164062, 79.24000549316406, 353.1479797363281, 438.1259765625], [347.71453857421875, 332.70709228515625, 407.688720703125, 436.19970703125], [204.91714477539062, 415.62115478515625, 226.63839721679688, 451.06500244140625], [50.706825256347656, 203.0609893798828, 110.1045150756836, 318.27105712890625], [234.94720458984375, 136.70709228515625, 286.79888916015625, 279.64849853515625], [1.6579513549804688, 329.50323486328125, 173.89138793945312, 456.77777099609375], [282.8471374511719, 15.134929656982422, 346.0227355957031, 136.3745880126953], [279.02532958984375, 370.58984375, 318.8045654296875, 435.91973876953125], [200.5658416748047, 370.2376708984375, 263.4521789550781, 442.930419921875]]}