{"categories": [0, 8, 39], "bboxes": [[278.3056640625, 20.139060974121094, 463.939697265625, 235.53182983398438], [259.0805358886719, 116.26664733886719, 493.7391662597656, 246.39732360839844], [237.41461181640625, 15.93252944946289, 298.15582275390625, 128.8311004638672]]}