{"categories": [0, 26], "bboxes": [[130.65005493164062, 363.50079345703125, 204.13967895507812, 498.23309326171875], [136.029541015625, 395.122802734375, 189.2327880859375, 489.2442626953125]]}