{"categories": [0, 8, 24, 36], "bboxes": [[142.1232147216797, 115.54291534423828, 266.4107971191406, 261.6868591308594], [250.19390869140625, 119.49774932861328, 275.524169921875, 132.89280700683594], [88.38998413085938, 211.57327270507812, 122.68771362304688, 256.4477233886719], [135.1025390625, 246.72586059570312, 159.54022216796875, 267.3068542480469]]}