{"categories": [0, 13, 24, 26, 58, 73], "bboxes": [[204.796142578125, 159.09075927734375, 427.5242919921875, 498.1253662109375], [4.8536834716796875, 248.4062042236328, 476.55792236328125, 470.33056640625], [298.77008056640625, 412.5104064941406, 391.62408447265625, 495.8788146972656], [289.7477722167969, 234.83905029296875, 396.1124572753906, 350.3880615234375], [459.1880798339844, 62.53849792480469, 499.0, 247.35411071777344], [182.30874633789062, 40.34165573120117, 192.05575561523438, 73.73619079589844]]}