{"categories": [0, 1, 24], "bboxes": [[98.96541595458984, 123.71196746826172, 200.38455200195312, 361.4045104980469], [303.76202392578125, 224.78749084472656, 430.95074462890625, 406.49151611328125], [323.7505798339844, 157.10134887695312, 378.9623718261719, 202.5947265625]]}