{"categories": [0, 14, 41, 45, 49, 56, 57, 58, 60, 74], "bboxes": [[346.42816162109375, 83.07289123535156, 467.57147216796875, 211.7389373779297], [397.6249694824219, 44.70795822143555, 422.6572570800781, 61.13664627075195], [167.0059814453125, 298.9424133300781, 250.85269165039062, 370.8619689941406], [139.94149780273438, 350.5342712402344, 234.46981811523438, 374.0], [375.6846923828125, 238.06846618652344, 411.8779296875, 273.6213684082031], [319.3172912597656, 127.00053405761719, 374.6849670410156, 215.5317840576172], [231.73538208007812, 124.2957992553711, 481.8505554199219, 219.24407958984375], [365.0902099609375, 66.2213134765625, 391.0550537109375, 113.73622131347656], [54.646453857421875, 201.3272247314453, 475.4823303222656, 369.55499267578125], [127.15804290771484, 0.5344390869140625, 167.20545959472656, 38.09497833251953]]}