{"categories": [0, 24], "bboxes": [[1.3096466064453125, 73.70289611816406, 236.16807556152344, 330.905517578125], [85.49266052246094, 146.65748596191406, 141.5374755859375, 263.82720947265625]]}