{"categories": [0, 2, 26, 27, 58, 74], "bboxes": [[33.19220733642578, 97.38157653808594, 157.37078857421875, 335.78021240234375], [379.1031188964844, 110.18246459960938, 499.0, 171.38131713867188], [223.8320770263672, 179.3101806640625, 237.6426544189453, 222.7509765625], [279.26922607421875, 95.25785827636719, 297.06842041015625, 188.6345672607422], [174.66441345214844, 55.335845947265625, 218.3400115966797, 107.19618225097656], [44.48299026489258, 66.51744842529297, 57.9891242980957, 82.0197525024414]]}