{"categories": [0, 2, 58, 73], "bboxes": [[81.36207580566406, 0.0, 343.30145263671875, 494.03912353515625], [349.6323547363281, 0.33951377868652344, 462.9649353027344, 30.2750301361084], [470.1640625, 24.815616607666016, 499.0, 99.99569702148438], [75.6335678100586, 315.46246337890625, 225.84616088867188, 369.04302978515625]]}