{"categories": [0, 24, 41, 65], "bboxes": [[125.57132720947266, 130.10287475585938, 213.193359375, 440.3710632324219], [207.05511474609375, 182.3081512451172, 287.98297119140625, 284.4061584472656], [164.94158935546875, 225.26182556152344, 184.38824462890625, 240.1332550048828], [134.39892578125, 177.21917724609375, 162.48223876953125, 201.88845825195312]]}