{"categories": [0, 25, 28, 39, 56, 58, 60, 65, 68, 73], "bboxes": [[126.91598510742188, 116.8859634399414, 199.31512451171875, 320.0149230957031], [5.571982383728027, 204.79415893554688, 29.367584228515625, 326.6375427246094], [43.16631317138672, 253.74917602539062, 93.87223052978516, 289.9422302246094], [69.82623291015625, 289.6509704589844, 80.28169250488281, 321.8925476074219], [100.67230224609375, 246.22067260742188, 208.32647705078125, 350.9449157714844], [44.38288116455078, 181.6254119873047, 91.45063018798828, 213.6833038330078], [39.497501373291016, 289.79052734375, 139.31031799316406, 388.03863525390625], [97.63274383544922, 301.4541015625, 123.7397689819336, 311.775146484375], [36.7197265625, 456.4888610839844, 81.01136016845703, 483.1245422363281], [94.35198974609375, 299.7799377441406, 126.06277465820312, 313.6208190917969]]}