{"categories": [0, 10, 26, 38, 56, 62, 73], "bboxes": [[209.5991973876953, 144.52978515625, 273.5657653808594, 356.8320617675781], [306.72308349609375, 289.01483154296875, 318.3800048828125, 333.56060791015625], [137.70838928222656, 275.6238708496094, 174.59056091308594, 307.5158996582031], [215.554931640625, 193.41989135742188, 240.47589111328125, 222.22991943359375], [70.66303253173828, 247.126953125, 212.67791748046875, 399.09906005859375], [129.0099639892578, 134.573486328125, 170.58311462402344, 168.4534912109375], [118.75129699707031, 236.25802612304688, 151.2596893310547, 268.6086730957031]]}