{"categories": [0, 27, 58], "bboxes": [[111.10540008544922, 24.328781127929688, 331.9873046875, 493.441650390625], [107.70466613769531, 92.04646301269531, 128.1416778564453, 141.0760498046875], [310.07257080078125, 132.81651306152344, 332.0, 171.4612274169922]]}