{"categories": [0, 13], "bboxes": [[156.98638916015625, 54.87797546386719, 362.11175537109375, 469.73480224609375], [44.922454833984375, 228.4201202392578, 374.0, 325.011962890625]]}