{"categories": [0, 27, 39, 40, 41, 56], "bboxes": [[247.675048828125, 10.724502563476562, 499.0, 329.02398681640625], [347.3782958984375, 156.05816650390625, 406.0224609375, 330.6189270019531], [196.96710205078125, 260.5498352050781, 232.74896240234375, 331.7501525878906], [300.0378112792969, 301.3354187011719, 351.3010559082031, 331.3625183105469], [14.022062301635742, 304.377197265625, 52.24921417236328, 332.0], [461.55487060546875, 66.1158447265625, 496.6705322265625, 107.24661254882812]]}