{"categories": [0], "bboxes": [[186.63861083984375, 15.150360107421875, 485.97723388671875, 374.753173828125]]}