{"categories": [0, 63], "bboxes": [[0.0, 9.081863403320312, 251.3160400390625, 325.733154296875], [235.92483520507812, 240.43470764160156, 410.8582458496094, 310.2621765136719]]}