{"categories": [0, 8, 25, 34, 56], "bboxes": [[201.17941284179688, 30.984664916992188, 491.1246032714844, 293.12646484375], [0.0, 13.68536376953125, 497.3709716796875, 369.5830383300781], [5.0653533935546875, 26.492027282714844, 230.5338592529297, 183.42660522460938], [179.8988494873047, 156.5071258544922, 210.01841735839844, 185.24949645996094], [84.69876098632812, 184.992431640625, 118.13883972167969, 218.81231689453125]]}