{"categories": [0], "bboxes": [[0.0, 54.05029296875, 207.98489379882812, 329.5391845703125]]}