{"categories": [0, 4, 56], "bboxes": [[291.210693359375, 121.6708984375, 338.24462890625, 259.3908996582031], [0.420745849609375, 284.49078369140625, 371.2578430175781, 478.63092041015625], [0.0, 303.9034423828125, 54.955360412597656, 418.01116943359375]]}