{"categories": [0, 57, 58, 74], "bboxes": [[130.43057250976562, 1.7271575927734375, 498.1321105957031, 361.78668212890625], [5.7493133544921875, 100.2861328125, 461.74517822265625, 366.83154296875], [0.0, 97.55642700195312, 100.193359375, 217.69000244140625], [210.9598846435547, 331.2101135253906, 240.6703338623047, 367.8717346191406]]}