{"categories": [0, 1, 2, 7], "bboxes": [[338.0801696777344, 75.66290283203125, 386.5714416503906, 264.24365234375], [110.1073226928711, 188.26246643066406, 309.00537109375, 324.3699951171875], [172.1196746826172, 95.01464080810547, 232.0370635986328, 123.1924819946289], [42.1793212890625, 79.57137298583984, 89.45806884765625, 132.8470916748047]]}