{"categories": [0, 34, 38], "bboxes": [[65.94083404541016, 98.84327697753906, 291.787109375, 443.89703369140625], [200.33758544921875, 89.65921783447266, 211.924072265625, 236.47708129882812], [381.7416076660156, 10.336296081542969, 497.1186828613281, 188.03570556640625]]}