{"categories": [0, 13, 29, 32, 37, 56], "bboxes": [[228.53411865234375, 150.97401428222656, 327.149169921875, 375.95404052734375], [202.5378875732422, 251.32957458496094, 340.322265625, 337.92169189453125], [121.9454574584961, 346.1993103027344, 145.86593627929688, 358.7174377441406], [27.54623794555664, 351.3565368652344, 45.731754302978516, 370.6103820800781], [45.21136474609375, 220.80856323242188, 166.0576934814453, 368.6982727050781], [148.473876953125, 247.99923706054688, 243.0452880859375, 359.4198303222656]]}