{"categories": [0, 3, 65], "bboxes": [[357.33087158203125, 199.29208374023438, 499.0, 371.1223449707031], [11.99468994140625, 110.1776123046875, 309.6784973144531, 361.70465087890625], [465.2574157714844, 139.81398010253906, 494.0385437011719, 177.1353302001953]]}