{"categories": [0, 1, 3, 8, 56, 73], "bboxes": [[300.2767333984375, 117.62757110595703, 377.981201171875, 329.1692199707031], [280.96435546875, 307.5558166503906, 327.6278076171875, 331.0], [6.0842742919921875, 178.42703247070312, 212.3105926513672, 322.4742126464844], [19.068008422851562, 113.93450164794922, 463.87786865234375, 322.4175109863281], [71.12583923339844, 206.13522338867188, 167.37228393554688, 323.0426940917969], [294.62933349609375, 163.89913940429688, 351.256591796875, 206.70880126953125]]}