{"categories": [0, 41, 45, 56, 60, 73], "bboxes": [[31.28655242919922, 149.69256591796875, 228.35079956054688, 388.4517822265625], [283.87335205078125, 382.91143798828125, 308.0, 467.84649658203125], [36.29605484008789, 409.1551513671875, 157.29702758789062, 484.96490478515625], [0.0, 261.21112060546875, 44.080101013183594, 351.294921875], [0.0, 351.5777587890625, 308.0, 495.78076171875], [25.362091064453125, 353.5597839355469, 277.52978515625, 460.2345886230469]]}