{"categories": [0, 2, 12, 24, 26, 35, 39, 60], "bboxes": [[98.16967010498047, 67.4805679321289, 198.4525146484375, 297.2939758300781], [381.32275390625, 158.06370544433594, 499.0, 330.389404296875], [243.5159912109375, 198.48672485351562, 264.2499694824219, 223.71286010742188], [108.32239532470703, 100.74272155761719, 170.72132873535156, 184.5513153076172], [99.555908203125, 178.71319580078125, 120.23764038085938, 221.11322021484375], [321.3995666503906, 67.77369689941406, 372.3760070800781, 96.1925048828125], [47.25858688354492, 126.86115264892578, 60.68289566040039, 165.8125], [41.23191452026367, 146.08935546875, 111.843017578125, 214.7508544921875]]}