{"categories": [0], "bboxes": [[206.45518493652344, 131.18331909179688, 295.16302490234375, 289.88720703125]]}