{"categories": [0, 25, 26, 27, 56], "bboxes": [[17.405853271484375, 29.7745361328125, 252.03244018554688, 362.0], [235.85797119140625, 9.545265197753906, 499.0, 186.36602783203125], [140.47271728515625, 268.2269592285156, 197.70269775390625, 357.8301696777344], [323.50341796875, 117.50399780273438, 337.20440673828125, 155.17050170898438], [347.37738037109375, 43.832908630371094, 496.79779052734375, 237.774658203125]]}