{"categories": [0, 9, 63], "bboxes": [[178.8472442626953, 208.18264770507812, 321.97967529296875, 446.6671447753906], [148.990234375, 22.963090896606445, 161.12014770507812, 35.26757049560547], [38.289825439453125, 258.0082702636719, 85.29004669189453, 288.0005187988281]]}