{"categories": [0, 33], "bboxes": [[37.93629455566406, 50.53448486328125, 255.00108337402344, 315.0429992675781], [41.39573669433594, 122.38460540771484, 368.07940673828125, 315.2590026855469]]}