{"categories": [0, 26, 35, 36], "bboxes": [[329.19366455078125, 0.01717376708984375, 496.10699462890625, 228.82101440429688], [373.92779541015625, 170.12796020507812, 401.37554931640625, 197.2562255859375], [262.1202087402344, 94.37093353271484, 289.8843078613281, 118.50333404541016], [300.4554138183594, 145.00564575195312, 373.2197570800781, 229.16336059570312]]}