{"categories": [0, 24, 26, 39, 41, 44, 45, 55, 60, 74], "bboxes": [[386.9213562011719, 41.160858154296875, 499.0, 357.82611083984375], [450.8768005371094, 109.3311538696289, 496.3067321777344, 251.71859741210938], [432.5523376464844, 118.07749938964844, 494.6518859863281, 306.78692626953125], [287.4689636230469, 155.2886505126953, 307.9659118652344, 226.71327209472656], [318.0609130859375, 285.4293518066406, 347.1732177734375, 344.0075988769531], [353.47833251953125, 231.01834106445312, 369.26531982421875, 266.9429931640625], [164.53248596191406, 232.76141357421875, 242.16102600097656, 294.06329345703125], [360.1597595214844, 257.6820068359375, 386.6166076660156, 287.699462890625], [138.42501831054688, 187.52633666992188, 438.5495300292969, 365.1610412597656], [453.82568359375, 287.9888916015625, 467.1817626953125, 300.58782958984375]]}