{"categories": [0], "bboxes": [[68.6927490234375, 148.91107177734375, 228.96463012695312, 329.2032470703125]]}