{"categories": [0, 13, 24, 28, 39, 56], "bboxes": [[41.482513427734375, 116.60903930664062, 142.08445739746094, 248.81280517578125], [216.08587646484375, 188.79013061523438, 314.82977294921875, 244.61013793945312], [110.37386322021484, 141.54879760742188, 134.1968231201172, 184.4844970703125], [310.28521728515625, 161.87611389160156, 334.765625, 229.9541473388672], [485.8738708496094, 125.71012878417969, 499.0, 234.4812774658203], [193.01327514648438, 150.81080627441406, 314.8367919921875, 242.41209411621094]]}