{"categories": [0, 26, 57, 62], "bboxes": [[93.09990692138672, 164.87835693359375, 207.5616455078125, 311.09503173828125], [355.2217102050781, 210.4238739013672, 426.3434143066406, 309.35577392578125], [32.426055908203125, 190.7535400390625, 436.95330810546875, 305.8977355957031], [289.73968505859375, 17.81951141357422, 436.3951416015625, 133.64822387695312]]}