{"categories": [0, 2, 24, 56], "bboxes": [[3.09722900390625, 53.9560546875, 284.6763916015625, 329.61627197265625], [0.0, 0.0, 481.23394775390625, 301.6611328125], [6.1389007568359375, 159.15869140625, 105.53083801269531, 273.8379211425781], [0.0, 43.90618896484375, 70.90153503417969, 223.93551635742188]]}