{"categories": [0, 27, 34, 39, 67], "bboxes": [[113.15966796875, 7.3386688232421875, 328.54229736328125, 310.14501953125], [64.13798522949219, 95.1519546508789, 99.79151916503906, 167.96139526367188], [422.613525390625, 77.77879333496094, 491.55242919921875, 105.13630676269531], [262.6445617675781, 137.35943603515625, 278.9608459472656, 165.92086791992188], [8.914438247680664, 202.77635192871094, 36.146018981933594, 261.2697448730469]]}