{"categories": [0, 39, 41, 45, 58, 60, 65, 72], "bboxes": [[286.52435302734375, 96.65542602539062, 385.888671875, 356.65814208984375], [163.75730895996094, 185.10012817382812, 178.32899475097656, 233.54852294921875], [206.24143981933594, 201.70370483398438, 233.3339080810547, 239.8990478515625], [252.9503173828125, 201.1061553955078, 298.701416015625, 222.35252380371094], [156.52310180664062, 156.89756774902344, 194.06781005859375, 216.0507049560547], [61.60398864746094, 206.1653594970703, 334.4794921875, 355.984375], [360.0896911621094, 159.3028106689453, 380.0972595214844, 175.54112243652344], [462.92926025390625, 54.09858703613281, 499.0, 325.60418701171875]]}