{"categories": [0, 2, 13], "bboxes": [[209.54766845703125, 68.19000244140625, 326.76019287109375, 325.3390197753906], [309.4591369628906, 131.94296264648438, 342.4203186035156, 140.84732055664062], [30.837326049804688, 135.23915100097656, 469.80804443359375, 313.31317138671875]]}