{"categories": [0, 13, 24], "bboxes": [[323.4393005371094, 75.57977294921875, 405.1284484863281, 238.74847412109375], [189.68606567382812, 139.9855194091797, 290.0375671386719, 225.5655059814453], [351.7779846191406, 97.76709747314453, 390.4081726074219, 141.73678588867188]]}