{"categories": [0, 8, 25, 26, 28], "bboxes": [[387.5762634277344, 117.86193084716797, 497.5934143066406, 330.35296630859375], [98.74034118652344, 182.65850830078125, 452.7152099609375, 320.2553405761719], [86.65771484375, 4.4506378173828125, 449.4034423828125, 187.7704620361328], [442.4672546386719, 161.7012481689453, 495.2087707519531, 321.258056640625], [365.13140869140625, 201.0794219970703, 407.07965087890625, 217.45777893066406]]}