{"categories": [0, 13, 27], "bboxes": [[231.52944946289062, 39.495086669921875, 432.7490539550781, 356.6172790527344], [5.99798583984375, 120.19556427001953, 427.8800048828125, 353.2928466796875], [311.2731628417969, 127.45722961425781, 387.8872985839844, 256.48193359375]]}