{"categories": [0, 25, 39], "bboxes": [[144.50576782226562, 235.7966766357422, 200.7486572265625, 351.16461181640625], [61.98677062988281, 159.39059448242188, 101.17352294921875, 247.109619140625], [8.059139251708984, 237.5393829345703, 37.55867385864258, 282.6189270019531]]}