{"categories": [0, 26, 35, 62], "bboxes": [[52.02665710449219, 69.09565734863281, 215.8609161376953, 494.103515625], [101.91846466064453, 199.274169921875, 194.794677734375, 340.2083740234375], [294.2380676269531, 144.90231323242188, 362.7257995605469, 234.795166015625], [184.4770965576172, 192.43331909179688, 225.7804718017578, 316.9230041503906]]}