{"categories": [0, 12, 27, 56, 60, 69, 74, 75], "bboxes": [[164.23374938964844, 68.1165542602539, 293.6751708984375, 251.78640747070312], [113.30667877197266, 237.34812927246094, 143.33897399902344, 293.0875549316406], [220.7678680419922, 123.26119232177734, 235.7477264404297, 177.99700927734375], [0.054401397705078125, 211.48239135742188, 36.662437438964844, 252.39566040039062], [2.229736328125, 251.63064575195312, 361.3692321777344, 321.1200866699219], [71.66023254394531, 249.179931640625, 327.8411865234375, 325.123046875], [329.2752685546875, 39.33552169799805, 347.58428955078125, 61.768123626708984], [378.7402648925781, 98.28978729248047, 451.8298645019531, 312.96923828125]]}