{"categories": [0, 26, 27, 43, 67, 73], "bboxes": [[148.56336975097656, 149.91351318359375, 312.2581787109375, 483.4295654296875], [153.26712036132812, 232.30209350585938, 254.41680908203125, 476.5733337402344], [110.04261779785156, 211.58502197265625, 126.17311096191406, 250.29660034179688], [139.53309631347656, 235.53750610351562, 193.28648376464844, 264.885009765625], [223.02333068847656, 186.61599731445312, 243.05885314941406, 219.77529907226562], [35.4674072265625, 240.48976135253906, 179.85498046875, 304.5009765625]]}