{"categories": [0, 40, 41, 57, 60, 67], "bboxes": [[203.88821411132812, 22.177841186523438, 496.2257385253906, 366.3328857421875], [228.20953369140625, 285.1058654785156, 275.1932373046875, 373.8231506347656], [101.54052734375, 267.5774230957031, 154.81683349609375, 363.5083923339844], [0.0, 150.8547821044922, 499.0, 362.8887939453125], [9.527862548828125, 259.1812438964844, 388.3443298339844, 371.9531555175781], [253.509521484375, 350.0419616699219, 303.439208984375, 372.8576965332031]]}