{"categories": [0, 1, 2], "bboxes": [[245.46826171875, 95.16311645507812, 337.42022705078125, 279.0863952636719], [191.40830993652344, 162.084716796875, 397.251953125, 319.8710632324219], [0.1054220199584961, 128.5738525390625, 14.514787673950195, 137.44696044921875]]}