{"categories": [0, 2, 26, 27, 39, 56, 73], "bboxes": [[96.35606384277344, 102.2524642944336, 212.59034729003906, 259.82537841796875], [367.00592041015625, 243.72360229492188, 499.0, 333.0], [270.70977783203125, 181.21014404296875, 297.8516845703125, 229.12429809570312], [250.0592498779297, 129.89874267578125, 271.8273010253906, 175.667724609375], [189.85159301757812, 186.81802368164062, 204.39382934570312, 227.44671630859375], [341.2086486816406, 142.2976531982422, 452.9631042480469, 283.8548583984375], [310.3019104003906, 173.2047882080078, 341.2078552246094, 203.2484893798828]]}