{"categories": [0, 3, 24, 26], "bboxes": [[154.7568359375, 38.79937744140625, 388.1107177734375, 352.59295654296875], [143.47727966308594, 161.17178344726562, 392.398681640625, 366.7110900878906], [124.51010131835938, 266.95635986328125, 194.0804443359375, 325.09130859375], [104.80155944824219, 158.92127990722656, 177.53660583496094, 284.5252685546875]]}