{"categories": [0, 58], "bboxes": [[28.88735580444336, 163.54127502441406, 154.45436096191406, 445.08648681640625], [99.65899658203125, 182.29701232910156, 136.1068115234375, 211.7600555419922]]}