{"categories": [0], "bboxes": [[146.57479858398438, 37.93336486816406, 244.28475952148438, 320.299072265625]]}