{"categories": [0, 1, 26], "bboxes": [[214.47824096679688, 66.97698974609375, 311.8500061035156, 307.8837585449219], [31.269866943359375, 146.16815185546875, 231.98037719726562, 297.6953125], [157.17404174804688, 129.97955322265625, 225.2802734375, 252.79547119140625]]}