{"categories": [0, 26], "bboxes": [[340.0135192871094, 99.56151580810547, 397.2255554199219, 303.204833984375], [277.3714294433594, 196.02801513671875, 300.1503601074219, 219.4718017578125]]}