{"categories": [0, 27, 41, 56], "bboxes": [[284.8188171386719, 33.680335998535156, 400.0864562988281, 242.206787109375], [213.9744873046875, 175.69068908691406, 232.93643188476562, 233.7649688720703], [334.8872375488281, 230.87106323242188, 355.8824157714844, 244.31298828125], [15.397798538208008, 267.2073974609375, 38.405426025390625, 328.2042236328125]]}