{"categories": [0, 2, 27, 61], "bboxes": [[351.8550109863281, 45.649497985839844, 453.6841735839844, 280.18011474609375], [3.41937255859375, 96.35816192626953, 444.26416015625, 284.80596923828125], [410.431884765625, 82.4090347290039, 424.8216552734375, 122.58734893798828], [446.05828857421875, 156.73388671875, 461.01971435546875, 204.09963989257812]]}