{"categories": [0, 43, 56, 58, 60, 72, 73], "bboxes": [[266.8586730957031, 59.49452209472656, 409.0628967285156, 219.98106384277344], [233.5613250732422, 250.18907165527344, 256.0190734863281, 267.0711975097656], [39.081443786621094, 194.17977905273438, 113.46784210205078, 296.97454833984375], [0.0, 289.1512145996094, 121.14265441894531, 352.3808288574219], [28.354873657226562, 200.83819580078125, 494.52459716796875, 369.24420166015625], [39.006385803222656, 0.0, 273.43426513671875, 198.14892578125], [369.7547607421875, 195.20361328125, 493.97509765625, 234.692138671875]]}