{"categories": [0], "bboxes": [[3.16815185546875, 66.59231567382812, 267.8747253417969, 493.1197204589844]]}