{"categories": [0, 28], "bboxes": [[61.53059387207031, 131.35357666015625, 159.0326385498047, 339.6358642578125], [171.90902709960938, 264.8102722167969, 316.17657470703125, 443.5115051269531]]}