{"categories": [0, 57], "bboxes": [[0.0, 0.0, 295.38494873046875, 495.7142028808594], [110.84716033935547, 196.79364013671875, 357.0, 490.521728515625]]}