{"categories": [0, 39], "bboxes": [[285.4615173339844, 62.14869689941406, 497.2351989746094, 370.65228271484375], [110.58867645263672, 149.998779296875, 142.45596313476562, 190.00323486328125]]}