{"categories": [0, 2, 3, 5, 49], "bboxes": [[324.9200134277344, 57.07508850097656, 397.7359313964844, 318.20526123046875], [0.8717184066772461, 80.20108032226562, 26.17041778564453, 130.5652618408203], [130.71519470214844, 193.1480712890625, 350.1448974609375, 328.65264892578125], [11.9271240234375, 10.906204223632812, 242.0679168701172, 158.43077087402344], [213.73211669921875, 272.95965576171875, 259.1612854003906, 316.88909912109375]]}