{"categories": [0], "bboxes": [[254.4619598388672, 100.16600036621094, 376.1577453613281, 224.36851501464844]]}