{"categories": [0, 62, 79], "bboxes": [[249.66510009765625, 67.74034118652344, 392.74456787109375, 369.72442626953125], [110.15015411376953, 106.26704406738281, 149.20318603515625, 151.1161651611328], [293.5360412597656, 145.94178771972656, 305.6578063964844, 161.62596130371094]]}