{"categories": [0, 40, 41, 60], "bboxes": [[1.0668106079101562, 79.2930908203125, 251.52557373046875, 367.73529052734375], [366.056396484375, 322.9337463378906, 430.00982666015625, 374.0], [455.6785583496094, 232.48373413085938, 493.3125305175781, 296.9288024902344], [337.42303466796875, 218.92477416992188, 499.0, 361.3657531738281]]}