{"categories": [0, 27], "bboxes": [[129.36834716796875, 30.176895141601562, 426.58599853515625, 328.90875244140625], [217.83331298828125, 190.53538513183594, 253.72018432617188, 306.69830322265625]]}