{"categories": [0], "bboxes": [[97.72374725341797, 26.269805908203125, 274.13885498046875, 324.49462890625]]}