{"categories": [0, 24, 26, 28], "bboxes": [[283.80950927734375, 50.59284973144531, 463.391845703125, 364.60614013671875], [323.8147277832031, 84.73145294189453, 397.5024108886719, 177.97708129882812], [76.13313293457031, 123.03887176513672, 110.97901916503906, 221.23257446289062], [64.68617248535156, 100.92578125, 95.52536010742188, 140.12301635742188]]}