{"categories": [0, 26], "bboxes": [[178.72911071777344, 54.683807373046875, 261.3441162109375, 370.5672607421875], [248.16836547851562, 138.71653747558594, 310.1971130371094, 238.2734832763672]]}