{"categories": [0, 1, 2, 3, 24, 26, 39, 56], "bboxes": [[2.55279541015625, 5.717254638671875, 164.1929931640625, 452.07403564453125], [109.673583984375, 292.0489501953125, 332.0, 499.0], [280.9124450683594, 17.758651733398438, 331.7898864746094, 56.282135009765625], [102.11097717285156, 242.32318115234375, 330.50018310546875, 485.46051025390625], [201.64898681640625, 8.90481185913086, 244.49392700195312, 88.0137939453125], [222.45556640625, 124.7882308959961, 263.29840087890625, 175.44039916992188], [159.4733428955078, 162.16131591796875, 174.7793426513672, 178.7657470703125], [103.79534912109375, 251.2347412109375, 323.1075134277344, 492.0274658203125]]}