{"categories": [0, 39, 40, 41, 45, 55, 56, 60, 61, 71, 74], "bboxes": [[388.9095764160156, 120.38001251220703, 497.5240173339844, 354.11224365234375], [346.7308044433594, 256.88140869140625, 364.1601257324219, 327.3499755859375], [263.9190368652344, 298.9812927246094, 286.4768371582031, 349.6347351074219], [393.74560546875, 344.1323547363281, 410.22332763671875, 374.0], [274.527587890625, 315.55377197265625, 334.90240478515625, 361.42694091796875], [121.3702392578125, 195.20361328125, 149.555419921875, 224.08807373046875], [153.7952423095703, 283.3507080078125, 243.6854705810547, 367.28802490234375], [195.2702178955078, 283.61090087890625, 484.19000244140625, 370.40045166015625], [159.99093627929688, 282.32672119140625, 246.110107421875, 371.7611083984375], [292.3744812011719, 85.04944610595703, 363.4286193847656, 111.0804672241211], [356.5007019042969, 130.98663330078125, 383.1053161621094, 161.76406860351562]]}