{"categories": [0, 8, 13, 24, 56], "bboxes": [[179.49476623535156, 75.36990356445312, 252.9516143798828, 178.07960510253906], [33.00372314453125, 94.2911148071289, 381.7653503417969, 311.9735412597656], [176.22244262695312, 18.796249389648438, 353.2145690917969, 146.9134063720703], [424.5870666503906, 30.824016571044922, 465.5124816894531, 124.98388671875], [331.8637390136719, 74.74676513671875, 383.9294128417969, 164.10646057128906]]}