{"categories": [0, 56, 59], "bboxes": [[285.04486083984375, 0.0, 497.26531982421875, 324.70928955078125], [52.96778869628906, 182.43505859375, 112.82426452636719, 308.2603759765625], [126.44766235351562, 140.82089233398438, 214.3912353515625, 246.21286010742188]]}