{"categories": [0], "bboxes": [[5.2087554931640625, 54.64045715332031, 249.4957733154297, 326.34588623046875]]}