{"categories": [0, 13, 26, 41], "bboxes": [[238.57020568847656, 78.12899780273438, 344.4759216308594, 373.2894592285156], [196.2057647705078, 337.31103515625, 380.49993896484375, 474.08538818359375], [1.7726631164550781, 90.02300262451172, 66.39793395996094, 197.455322265625], [58.09550476074219, 308.2322998046875, 84.54618835449219, 353.69293212890625]]}