{"categories": [0, 41, 43, 48, 56, 60, 65], "bboxes": [[18.555213928222656, 12.857780456542969, 246.19363403320312, 196.36007690429688], [346.2509765625, 156.9339599609375, 366.50555419921875, 186.31671142578125], [110.74203491210938, 85.36302947998047, 192.56277465820312, 154.69564819335938], [143.30523681640625, 238.59341430664062, 181.93038940429688, 280.6551208496094], [410.3397216796875, 105.87140655517578, 463.86041259765625, 145.41973876953125], [14.190658569335938, 161.2976531982422, 493.131103515625, 366.5228271484375], [223.2957763671875, 176.60594177246094, 263.504638671875, 187.86769104003906]]}