{"categories": [0, 24], "bboxes": [[174.73605346679688, 116.12648010253906, 348.3909606933594, 374.0], [324.3194274902344, 212.86428833007812, 380.1498107910156, 344.7443542480469]]}