{"categories": [0, 5, 7, 8], "bboxes": [[178.63525390625, 202.1787109375, 211.89651489257812, 270.5361328125], [71.84916687011719, 119.33049011230469, 417.8409423828125, 244.1109161376953], [0.7827548980712891, 148.53570556640625, 36.08776092529297, 222.75039672851562], [58.66813659667969, 113.19595336914062, 405.9713134765625, 249.5089111328125]]}