{"categories": [0, 40, 41, 45, 57, 60, 73], "bboxes": [[347.74041748046875, 189.7019500732422, 460.812744140625, 327.75286865234375], [295.55517578125, 305.253173828125, 331.68780517578125, 371.62548828125], [317.3861999511719, 266.98681640625, 339.9942321777344, 317.3492431640625], [385.0466003417969, 336.9548645019531, 420.0731506347656, 356.2707214355469], [46.79475402832031, 228.68646240234375, 447.45489501953125, 368.84649658203125], [268.7644958496094, 311.6011657714844, 487.9523010253906, 373.3682556152344], [446.2345275878906, 328.5807800292969, 466.0459899902344, 348.9580383300781]]}