{"categories": [0, 2, 3, 27], "bboxes": [[203.5267333984375, 31.114059448242188, 327.21527099609375, 455.85205078125], [0.0, 110.70651245117188, 274.71417236328125, 440.5864562988281], [45.27570343017578, 114.39788818359375, 255.6942138671875, 429.35980224609375], [245.9025421142578, 111.35855865478516, 259.6875305175781, 156.25286865234375]]}