{"categories": [0, 1, 16, 28], "bboxes": [[114.50587463378906, 66.30680847167969, 197.4856414794922, 276.99267578125], [40.43788528442383, 251.77513122558594, 86.41938781738281, 387.0872802734375], [143.4522705078125, 323.0320739746094, 209.38104248046875, 481.1304626464844], [65.65919494628906, 266.8645324707031, 168.130859375, 374.9119567871094]]}