{"categories": [0, 27, 63, 73], "bboxes": [[221.13690185546875, 50.87712097167969, 496.46539306640625, 397.48602294921875], [334.49432373046875, 169.600830078125, 370.3677978515625, 297.9601135253906], [381.5527038574219, 342.21783447265625, 458.9284362792969, 405.0], [1.9714584350585938, 289.54119873046875, 21.283483505249023, 330.50640869140625]]}