{"categories": [0, 27, 40, 45, 54, 56, 60, 65, 67, 73], "bboxes": [[254.3248748779297, 78.47303009033203, 498.8037109375, 277.4815979003906], [136.50779724121094, 163.11178588867188, 160.3838653564453, 248.5523681640625], [58.815818786621094, 205.46823120117188, 87.5660629272461, 262.003173828125], [0.005662441253662109, 240.24954223632812, 15.415584564208984, 264.8105773925781], [284.3504333496094, 259.40838623046875, 309.2640686035156, 271.70562744140625], [0.4540672302246094, 186.13462829589844, 22.000892639160156, 229.84092712402344], [12.763336181640625, 232.9417724609375, 496.5330505371094, 327.25042724609375], [169.3501739501953, 280.09814453125, 250.1912078857422, 306.74420166015625], [168.97378540039062, 279.98974609375, 248.12109375, 307.3365478515625], [463.4609375, 302.04931640625, 499.0, 327.76690673828125]]}