{"categories": [0, 1, 46], "bboxes": [[169.01524353027344, 15.964553833007812, 276.3309020996094, 332.65301513671875], [320.82672119140625, 204.06423950195312, 385.86767578125, 315.8517150878906], [333.20263671875, 56.898338317871094, 371.02044677734375, 78.9289321899414]]}