{"categories": [0, 39, 41, 45, 60, 66, 73], "bboxes": [[68.73599243164062, 58.75018310546875, 207.20455932617188, 325.7894592285156], [267.00018310546875, 156.90594482421875, 281.36114501953125, 200.65631103515625], [238.90328979492188, 174.92308044433594, 252.00717163085938, 195.3143768310547], [302.29974365234375, 187.48614501953125, 358.49871826171875, 224.93899536132812], [156.2773895263672, 174.0792999267578, 395.4075927734375, 326.3973388671875], [225.04627990722656, 196.3242645263672, 289.4322814941406, 221.5139617919922], [37.05141067504883, 170.22117614746094, 44.63290023803711, 201.75148010253906]]}