{"categories": [0, 45, 65], "bboxes": [[322.4037780761719, 23.473861694335938, 499.0, 323.89031982421875], [340.56591796875, 183.9996795654297, 400.1737060546875, 205.26914978027344], [338.1545104980469, 183.72283935546875, 401.6555480957031, 204.802490234375]]}