{"categories": [0, 27, 74], "bboxes": [[281.42535400390625, 153.1018829345703, 439.0, 491.7847900390625], [264.9501953125, 182.3090362548828, 296.43890380859375, 316.5780029296875], [53.50777816772461, 309.9655456542969, 154.88494873046875, 409.4294128417969]]}