{"categories": [0, 24, 26, 36], "bboxes": [[118.59983825683594, 83.46685791015625, 230.29441833496094, 419.3769226074219], [32.62564468383789, 121.16275024414062, 111.74771118164062, 247.78936767578125], [119.17338562011719, 139.367431640625, 181.6271514892578, 266.26483154296875], [63.81514358520508, 405.11737060546875, 92.70986938476562, 429.843017578125]]}