{"categories": [0, 3, 13, 26, 28, 41, 45, 56, 60, 65], "bboxes": [[325.37835693359375, 40.51048278808594, 497.626953125, 236.8022003173828], [0.17623329162597656, 69.51888275146484, 58.041290283203125, 202.41305541992188], [134.43179321289062, 175.5902557373047, 359.05438232421875, 274.18511962890625], [292.421875, 211.34503173828125, 340.15386962890625, 232.5576171875], [232.5469970703125, 292.6243591308594, 329.0645751953125, 332.0], [375.4696044921875, 235.96942138671875, 400.3385009765625, 287.7164306640625], [452.18768310546875, 135.952392578125, 499.0, 170.76092529296875], [98.30075073242188, 279.97528076171875, 167.08706665039062, 330.670166015625], [269.10491943359375, 217.21206665039062, 470.86376953125, 326.2727966308594], [370.28375244140625, 287.2389221191406, 408.06866455078125, 300.7107238769531]]}