{"categories": [0, 73], "bboxes": [[8.24609375, 14.867324829101562, 259.8324279785156, 487.89471435546875], [86.06001281738281, 329.87310791015625, 270.11163330078125, 377.17547607421875]]}