{"categories": [0, 13, 26, 41, 56, 58], "bboxes": [[292.8332824707031, 81.76722717285156, 359.0567321777344, 259.66644287109375], [146.12045288085938, 143.20333862304688, 359.4494323730469, 289.3196716308594], [151.862548828125, 207.92970275878906, 216.263671875, 247.80628967285156], [272.5231018066406, 260.5369873046875, 283.2651672363281, 279.13232421875], [139.30252075195312, 185.46771240234375, 232.85043334960938, 310.10595703125], [257.55230712890625, 249.68067932128906, 281.144287109375, 276.3533935546875]]}