{"categories": [0, 63, 64, 66, 73, 74], "bboxes": [[53.771461486816406, 280.4920349121094, 242.56051635742188, 474.4115295410156], [0.0, 338.71453857421875, 139.17269897460938, 492.1007080078125], [62.14100646972656, 412.1967468261719, 89.40582275390625, 424.3591003417969], [33.1999626159668, 424.8096923828125, 115.1893310546875, 482.36090087890625], [34.79292297363281, 361.6529846191406, 94.63938903808594, 404.4509582519531], [101.00352478027344, 376.38824462890625, 112.87913513183594, 389.57659912109375]]}