{"categories": [0, 6, 13, 25, 45, 56, 74], "bboxes": [[425.4809875488281, 179.22714233398438, 481.0918273925781, 320.14825439453125], [137.1670379638672, 73.47834777832031, 482.16839599609375, 323.719970703125], [28.489002227783203, 297.9803466796875, 95.99615478515625, 331.52410888671875], [0.0, 196.4932403564453, 30.2740478515625, 236.55531311035156], [386.0295104980469, 220.88568115234375, 438.8932800292969, 245.11163330078125], [5.75023078918457, 255.30392456054688, 45.5843505859375, 328.6723327636719], [293.10186767578125, 168.12403869628906, 313.65045166015625, 193.09938049316406]]}