{"categories": [0, 27, 39, 41, 60, 65], "bboxes": [[348.5732116699219, 35.18408203125, 466.3009338378906, 276.25982666015625], [187.6045379638672, 102.18959045410156, 206.14430236816406, 156.2366180419922], [455.79351806640625, 121.91253662109375, 474.9239501953125, 191.5869140625], [342.3062744140625, 146.1083984375, 360.34283447265625, 178.44400024414062], [179.79058837890625, 187.76193237304688, 341.35760498046875, 319.266845703125], [113.455322265625, 189.4480743408203, 145.59783935546875, 219.4596405029297]]}