{"categories": [0, 1, 8, 15, 16, 56, 60, 71, 73, 74], "bboxes": [[68.77005004882812, 72.82630920410156, 220.85247802734375, 210.61927795410156], [0.20861053466796875, 51.522193908691406, 113.73631286621094, 201.25546264648438], [0.0, 96.63740539550781, 499.0, 292.075439453125], [292.5733337402344, 202.91221618652344, 339.4654235839844, 229.9201202392578], [292.5574035644531, 202.69297790527344, 339.2304992675781, 229.88661193847656], [1.8266105651855469, 57.50007629394531, 114.15805053710938, 191.40133666992188], [23.437881469726562, 200.14854431152344, 499.0, 304.6275329589844], [15.996871948242188, 209.998779296875, 499.0, 298.4974060058594], [322.3443603515625, 213.99156188964844, 393.7122802734375, 233.27186584472656], [427.2765808105469, 214.5189971923828, 440.8903503417969, 229.14869689941406]]}