{"categories": [0, 13, 26, 41, 45, 58, 60, 61, 75], "bboxes": [[118.305908203125, 47.11668395996094, 291.35418701171875, 373.71173095703125], [0.2910308837890625, 203.22613525390625, 290.62982177734375, 355.83966064453125], [21.851125717163086, 341.60394287109375, 71.14362335205078, 390.08392333984375], [296.80780029296875, 319.95965576171875, 338.89361572265625, 364.33123779296875], [260.79693603515625, 328.6675720214844, 322.85870361328125, 394.9384460449219], [305.996337890625, 98.00562286376953, 364.0, 229.79522705078125], [0.4151458740234375, 297.62969970703125, 364.0, 494.95318603515625], [52.82843017578125, 351.1483154296875, 160.7410430908203, 460.7958984375], [307.2734375, 176.37059020996094, 356.87359619140625, 224.4390106201172]]}