{"categories": [0, 45, 46, 56, 57, 58, 60, 75], "bboxes": [[55.408050537109375, 148.1656494140625, 190.3759002685547, 356.8504943847656], [165.3650360107422, 375.0135192871094, 221.7251434326172, 407.3377380371094], [169.69131469726562, 319.61212158203125, 193.5289306640625, 338.50469970703125], [0.10770606994628906, 122.5280990600586, 23.390708923339844, 326.9332580566406], [123.44486999511719, 230.1070098876953, 328.426025390625, 350.9768371582031], [4.316986083984375, 3.5072898864746094, 65.77312469482422, 110.12193298339844], [10.292564392089844, 355.15325927734375, 206.79302978515625, 492.15069580078125], [21.00446128845215, 82.33436584472656, 53.78888702392578, 108.1392822265625]]}