{"categories": [0, 39, 40, 41, 45, 56, 58, 60, 75], "bboxes": [[165.21749877929688, 18.70807647705078, 269.17333984375, 159.57781982421875], [273.8710632324219, 96.34577941894531, 292.3626403808594, 164.69102478027344], [130.3275604248047, 153.08413696289062, 155.48143005371094, 197.84088134765625], [202.9764404296875, 191.33596801757812, 225.99398803710938, 227.420654296875], [191.89501953125, 166.55178833007812, 251.3956298828125, 214.75521850585938], [1.8579635620117188, 220.76467895507812, 86.79102325439453, 329.7013854980469], [316.4895935058594, 42.3859977722168, 378.7487487792969, 122.52641296386719], [66.74131774902344, 120.55573272705078, 387.8121337890625, 319.9877624511719], [329.76837158203125, 96.8875732421875, 356.051025390625, 121.69139099121094]]}