{"categories": [0, 26, 36, 39, 56, 60, 73, 75], "bboxes": [[189.66375732421875, 105.42283630371094, 276.22210693359375, 314.66607666015625], [149.50965881347656, 165.46722412109375, 194.27735900878906, 218.1807861328125], [356.3092346191406, 175.77728271484375, 385.3715515136719, 237.81036376953125], [232.0845947265625, 282.22235107421875, 246.30044555664062, 329.35040283203125], [441.906005859375, 143.43873596191406, 495.0731201171875, 199.74522399902344], [290.8247985839844, 220.21328735351562, 430.3019104003906, 319.9281311035156], [300.8690185546875, 261.76104736328125, 331.66607666015625, 274.111083984375], [463.5283508300781, 177.58180236816406, 484.2204895019531, 252.4837188720703]]}