{"categories": [0, 8, 26, 34, 37], "bboxes": [[161.25567626953125, 92.23738098144531, 330.2411804199219, 232.49452209472656], [44.45896911621094, 196.45877075195312, 466.22015380859375, 257.66522216796875], [186.81463623046875, 132.0845184326172, 269.8768310546875, 212.2769012451172], [81.1692123413086, 24.22699737548828, 231.87136840820312, 160.2298583984375], [34.81825256347656, 193.9752197265625, 362.019775390625, 257.3872985839844]]}