{"categories": [0, 39, 62, 71], "bboxes": [[170.54135131835938, 178.98045349121094, 358.5863952636719, 499.0], [88.85064697265625, 458.463623046875, 127.69242858886719, 499.0], [301.98773193359375, 45.188804626464844, 373.0, 176.4427490234375], [0.3176841735839844, 427.9828186035156, 90.69793701171875, 494.0665588378906]]}