{"categories": [0, 56, 69], "bboxes": [[317.09478759765625, 64.73190307617188, 412.6053466796875, 272.0455322265625], [315.46600341796875, 289.1796875, 499.0, 372.7705078125], [0.9970378875732422, 200.18093872070312, 45.47235107421875, 328.6546936035156]]}