{"categories": [0, 1, 2, 9, 26], "bboxes": [[126.43006134033203, 122.83525848388672, 271.37298583984375, 327.7406005859375], [86.10096740722656, 265.9866943359375, 131.9543914794922, 316.18524169921875], [0.0, 238.84689331054688, 89.05069732666016, 277.0137634277344], [275.4554138183594, 177.0216522216797, 286.7746887207031, 197.0618133544922], [146.49856567382812, 196.54324340820312, 227.96206665039062, 326.5117492675781]]}