{"categories": [0, 25, 27, 39, 56, 65, 67], "bboxes": [[242.566650390625, 142.46035766601562, 444.89935302734375, 372.9807434082031], [129.21145629882812, 0.064544677734375, 483.1610412597656, 329.9151611328125], [310.9014587402344, 240.64981079101562, 348.8102111816406, 354.1568298339844], [457.6443786621094, 345.0208435058594, 478.2623596191406, 374.0], [0.0, 163.91319274902344, 69.84234619140625, 365.93463134765625], [388.8376159667969, 268.2806091308594, 411.5231628417969, 302.6499938964844], [111.53640747070312, 279.5366516113281, 134.48133850097656, 296.0366516113281]]}