{"categories": [0, 1, 3, 24, 56], "bboxes": [[242.53463745117188, 27.137908935546875, 413.3597106933594, 329.9874572753906], [294.2880554199219, 169.51626586914062, 488.1912536621094, 330.32501220703125], [0.0, 108.86951446533203, 106.9135971069336, 320.1809387207031], [298.86358642578125, 81.57154083251953, 372.8944091796875, 186.27789306640625], [227.9840087890625, 134.1321563720703, 394.83599853515625, 321.91973876953125]]}