{"categories": [0], "bboxes": [[178.6960906982422, 49.57133483886719, 452.49859619140625, 326.92706298828125]]}