{"categories": [0, 27, 39, 41, 56, 57, 58], "bboxes": [[148.17156982421875, 72.97016906738281, 350.45361328125, 335.0], [325.9197082519531, 278.6016845703125, 343.7544860839844, 334.07720947265625], [440.4919738769531, 323.20111083984375, 455.5025329589844, 335.0], [409.6214904785156, 322.89556884765625, 428.9480285644531, 335.0], [361.9005126953125, 288.3192138671875, 383.12738037109375, 328.532958984375], [291.76953125, 215.72491455078125, 499.0, 330.8592529296875], [105.43588256835938, 226.9776611328125, 245.30606079101562, 333.2078857421875]]}