{"categories": [0, 9, 39], "bboxes": [[229.63267517089844, 227.54986572265625, 259.9515380859375, 275.1377868652344], [263.610595703125, 232.48281860351562, 274.2181396484375, 254.52737426757812], [129.9533233642578, 225.92300415039062, 147.9750518798828, 275.2956237792969]]}