{"categories": [0, 39, 41, 45, 56, 60, 62, 65, 68], "bboxes": [[267.91693115234375, 103.83329772949219, 473.4609375, 326.052490234375], [233.89695739746094, 157.85345458984375, 250.1046905517578, 194.57070922851562], [355.5487060546875, 157.40631103515625, 380.047119140625, 193.15997314453125], [258.9912414550781, 175.47756958007812, 286.1855773925781, 190.83645629882812], [94.7762222290039, 150.6927490234375, 224.87503051757812, 325.3124694824219], [2.498870849609375, 174.970458984375, 116.54124450683594, 210.66851806640625], [254.63702392578125, 145.26649475097656, 284.80938720703125, 174.83851623535156], [269.70751953125, 292.91705322265625, 287.044921875, 307.80859375], [283.8368225097656, 120.13868713378906, 323.1952819824219, 167.50428771972656]]}