{"categories": [0, 9, 27, 33], "bboxes": [[254.12283325195312, 49.92512512207031, 485.2908020019531, 328.81280517578125], [402.31182861328125, 122.79812622070312, 458.27166748046875, 162.4122314453125], [324.9088439941406, 198.1815948486328, 353.6362609863281, 257.626708984375], [20.192447662353516, 0.0, 100.62864685058594, 147.36505126953125]]}