{"categories": [0, 1, 26], "bboxes": [[259.62774658203125, 78.44871520996094, 387.64471435546875, 354.2535400390625], [410.6685485839844, 212.51412963867188, 489.8323669433594, 354.2543640136719], [317.3364562988281, 245.18878173828125, 343.4740905761719, 333.6253662109375]]}