{"categories": [0, 32, 35], "bboxes": [[14.445114135742188, 33.22798156738281, 273.43609619140625, 469.09954833984375], [252.55703735351562, 405.5627746582031, 319.2143859863281, 474.3266296386719], [272.21453857421875, 320.899169921875, 298.26580810546875, 359.0755615234375]]}