{"categories": [0, 7, 29], "bboxes": [[32.92070007324219, 173.5306396484375, 331.670166015625, 497.96209716796875], [263.79901123046875, 219.4161376953125, 295.11700439453125, 229.79449462890625], [168.88662719726562, 377.440185546875, 237.29702758789062, 404.29901123046875]]}