{"categories": [0, 39, 56, 60, 63], "bboxes": [[101.0989990234375, 63.233680725097656, 185.18667602539062, 218.81570434570312], [57.06581115722656, 198.67091369628906, 76.16925048828125, 239.5234832763672], [104.75733947753906, 157.5631103515625, 184.5926055908203, 221.23779296875], [19.898834228515625, 193.1127166748047, 369.04620361328125, 324.00640869140625], [255.09071350097656, 154.07327270507812, 332.1375427246094, 195.40234375]]}