{"categories": [0, 3, 38], "bboxes": [[71.44257354736328, 51.67992401123047, 157.06515502929688, 200.16384887695312], [173.64120483398438, 150.86978149414062, 254.89898681640625, 320.6388854980469], [181.62657165527344, 71.36812591552734, 218.8906707763672, 128.84555053710938]]}