{"categories": [0, 32], "bboxes": [[153.08009338378906, 40.46403503417969, 381.391845703125, 332.0], [434.07440185546875, 42.45412826538086, 445.87939453125, 54.181575775146484]]}