{"categories": [0, 2, 7, 28, 60], "bboxes": [[199.62481689453125, 50.635589599609375, 263.1595153808594, 234.77896118164062], [331.01568603515625, 51.52043914794922, 403.7607421875, 83.38330841064453], [446.23956298828125, 23.45236587524414, 488.1260986328125, 47.15546798706055], [238.66488647460938, 185.1189727783203, 282.9505920410156, 236.1831817626953], [161.14158630371094, 56.93354034423828, 210.52818298339844, 70.3991928100586]]}