{"categories": [0, 26, 29, 56], "bboxes": [[34.509849548339844, 177.4509735107422, 164.34332275390625, 489.5198974609375], [256.5880126953125, 252.8211669921875, 301.3592529296875, 302.3934326171875], [328.2514953613281, 272.9273986816406, 374.0512390136719, 333.4784240722656], [114.30609130859375, 253.97705078125, 143.49169921875, 364.82415771484375]]}