{"categories": [0, 24, 26, 34, 38, 56], "bboxes": [[370.45928955078125, 127.27732849121094, 446.462646484375, 302.8929443359375], [429.4716796875, 271.61224365234375, 462.29290771484375, 302.01513671875], [282.72607421875, 134.62313842773438, 342.7991943359375, 281.5442199707031], [244.220947265625, 150.99990844726562, 272.33966064453125, 168.47091674804688], [409.02099609375, 171.23672485351562, 483.82427978515625, 190.5821533203125], [117.84867858886719, 227.166748046875, 150.47157287597656, 297.84344482421875]]}