{"categories": [0, 3, 13, 35], "bboxes": [[343.1436462402344, 77.89765167236328, 462.8984069824219, 278.69635009765625], [105.618408203125, 136.22344970703125, 301.35369873046875, 268.5784912109375], [445.57427978515625, 122.70104217529297, 499.0, 150.36087036132812], [450.20684814453125, 213.0843505859375, 470.263671875, 247.674072265625]]}