{"categories": [0, 24], "bboxes": [[155.85055541992188, 87.58841705322266, 266.5124816894531, 331.044189453125], [185.0023956298828, 116.33293151855469, 247.52378845214844, 206.77845764160156]]}