{"categories": [0, 41, 56, 60, 67], "bboxes": [[31.798751831054688, 43.472198486328125, 261.4227294921875, 307.67340087890625], [340.507080078125, 249.96377563476562, 384.51226806640625, 284.9123840332031], [280.5948181152344, 135.3914794921875, 304.2379455566406, 196.44781494140625], [165.41249084472656, 239.57984924316406, 497.488525390625, 327.20953369140625], [26.02907371520996, 313.6661071777344, 74.3603744506836, 329.7016906738281]]}