{"categories": [0, 27, 56, 60, 71, 73], "bboxes": [[37.95480728149414, 77.94100952148438, 155.66140747070312, 332.0], [236.31983947753906, 133.66534423828125, 252.34559631347656, 187.907470703125], [147.05809020996094, 163.9394989013672, 189.6250457763672, 232.43186950683594], [143.06234741210938, 239.80389404296875, 383.9344787597656, 329.03692626953125], [150.9188690185547, 241.58961486816406, 208.15992736816406, 266.3564453125], [164.32608032226562, 3.104400634765625, 499.0, 317.8238830566406]]}