{"categories": [0, 26, 56, 58, 62], "bboxes": [[122.91453552246094, 148.2431640625, 164.68919372558594, 276.2126159667969], [145.9619598388672, 198.16055297851562, 190.6141815185547, 250.40093994140625], [140.9393768310547, 195.29212951660156, 194.6132049560547, 278.9339294433594], [359.49322509765625, 20.31341552734375, 487.7464599609375, 237.54507446289062], [476.1451110839844, 23.75299072265625, 499.0, 226.93907165527344]]}