{"categories": [0, 1, 3, 8, 59], "bboxes": [[0.0, 0.0, 269.8133544921875, 496.3068542480469], [222.42373657226562, 19.60650634765625, 332.0, 287.9526672363281], [245.8965606689453, 189.37466430664062, 332.0, 340.9109191894531], [285.7214050292969, 29.463878631591797, 332.0, 51.30171585083008], [89.769287109375, 401.7167053222656, 329.48724365234375, 495.9153747558594]]}