{"categories": [0, 4, 8, 24, 28, 36, 56], "bboxes": [[226.5520782470703, 33.6666259765625, 375.9683837890625, 303.4407653808594], [425.1952209472656, 63.50025177001953, 499.0, 108.76409149169922], [29.731033325195312, 160.354248046875, 457.6290283203125, 320.9800109863281], [230.41354370117188, 65.77869415283203, 281.8634948730469, 131.13638305664062], [67.549072265625, 184.70333862304688, 114.59523010253906, 276.21527099609375], [227.65093994140625, 212.96224975585938, 325.15985107421875, 282.3282470703125], [59.58889389038086, 176.20565795898438, 178.3994903564453, 313.2771911621094]]}