{"categories": [0, 37, 73, 74], "bboxes": [[197.45022583007812, 44.31550598144531, 332.0, 499.0], [52.905311584472656, 127.51872253417969, 232.18426513671875, 285.4820556640625], [60.33946990966797, 128.5272216796875, 224.5457763671875, 280.4510803222656], [194.6877899169922, 307.31512451171875, 232.5511932373047, 348.18048095703125]]}