{"categories": [0, 13, 24, 57, 58, 60, 63, 73], "bboxes": [[441.058837890625, 32.87602996826172, 499.0, 118.16020965576172], [10.592086791992188, 196.12167358398438, 158.46484375, 250.0], [397.67962646484375, 193.51612854003906, 445.03607177734375, 236.87159729003906], [46.94505310058594, 147.8157196044922, 364.397705078125, 246.4824676513672], [210.88027954101562, 105.90859985351562, 254.38592529296875, 145.99378967285156], [380.05206298828125, 115.52151489257812, 499.0, 193.4163818359375], [388.02191162109375, 110.67088317871094, 464.1751708984375, 133.70826721191406], [322.70452880859375, 169.36927795410156, 351.07696533203125, 189.9622344970703]]}