{"categories": [0, 24, 26, 39, 40, 41, 45, 56, 60, 65], "bboxes": [[46.764678955078125, 107.0701675415039, 220.43038940429688, 328.9458312988281], [409.42840576171875, 171.26512145996094, 474.14892578125, 226.7912139892578], [410.6620178222656, 163.94461059570312, 473.9496154785156, 227.94268798828125], [263.53375244140625, 144.60427856445312, 286.377197265625, 247.94625854492188], [325.5301818847656, 200.70220947265625, 355.9533386230469, 264.76824951171875], [282.97271728515625, 203.35723876953125, 311.04010009765625, 271.9959716796875], [181.02955627441406, 171.61875915527344, 233.9911651611328, 204.18434143066406], [347.1258850097656, 95.87242126464844, 422.6297912597656, 199.2989959716797], [139.37852478027344, 164.92831420898438, 486.52386474609375, 325.26116943359375], [254.0220489501953, 276.6105041503906, 273.6927490234375, 287.1352233886719]]}