{"categories": [0, 24, 32, 36, 38], "bboxes": [[177.8251190185547, 18.865509033203125, 304.8657531738281, 287.44818115234375], [349.92059326171875, 43.89608383178711, 419.10565185546875, 141.65061950683594], [103.58207702636719, 295.2121276855469, 119.70321655273438, 310.4192199707031], [173.50363159179688, 275.1094055175781, 229.42343139648438, 297.4792785644531], [195.15658569335938, 92.26606750488281, 264.734619140625, 188.9920196533203]]}