{"categories": [0], "bboxes": [[370.15643310546875, 97.44339752197266, 464.15936279296875, 275.5331726074219]]}