{"categories": [0, 25, 33, 59], "bboxes": [[386.8375549316406, 105.3277587890625, 497.1551208496094, 370.45123291015625], [384.7305908203125, 108.83535766601562, 495.6480712890625, 231.79156494140625], [101.33283996582031, 91.3298568725586, 398.6768798828125, 337.9617004394531], [63.59587097167969, 93.47666931152344, 456.4510498046875, 359.19512939453125]]}