{"categories": [0, 1, 3, 16, 26, 71, 73], "bboxes": [[65.91688537597656, 173.2679443359375, 165.8723602294922, 413.3140869140625], [330.6244201660156, 252.277099609375, 353.0406188964844, 293.775634765625], [329.6836242675781, 249.9892578125, 353.2029113769531, 294.39471435546875], [194.6263427734375, 346.8431701660156, 262.48724365234375, 421.0379943847656], [247.0625762939453, 231.4275665283203, 285.93609619140625, 295.88592529296875], [134.72755432128906, 53.2858772277832, 168.49891662597656, 63.75606155395508], [173.08203125, 145.87130737304688, 183.27883911132812, 232.853271484375]]}