{"categories": [0, 56, 57, 59], "bboxes": [[175.1872100830078, 151.06414794921875, 426.346435546875, 345.67315673828125], [284.3370666503906, 170.42825317382812, 348.8699645996094, 241.4818115234375], [0.0, 94.24200439453125, 441.97113037109375, 367.0211486816406], [0.0, 53.036163330078125, 485.2712707519531, 360.62469482421875]]}