{"categories": [0, 56, 67], "bboxes": [[85.95211791992188, 57.47972869873047, 218.0108642578125, 261.97088623046875], [320.96942138671875, 163.89047241210938, 417.80523681640625, 314.9569091796875], [357.26776123046875, 61.125247955322266, 371.56378173828125, 74.79463195800781]]}