{"categories": [0, 26], "bboxes": [[330.15313720703125, 192.324462890625, 372.93682861328125, 324.07281494140625], [392.69488525390625, 224.6548309326172, 417.758544921875, 276.58001708984375]]}