{"categories": [0, 2, 8], "bboxes": [[210.0230712890625, 91.5550765991211, 279.9427795410156, 282.4026794433594], [175.91246032714844, 1.1204032897949219, 228.26390075683594, 37.11663055419922], [7.069023132324219, 9.7442626953125, 130.63931274414062, 183.51278686523438]]}