{"categories": [0, 27, 28, 34, 36, 43], "bboxes": [[47.959930419921875, 22.341064453125, 253.06695556640625, 389.32928466796875], [108.2852783203125, 83.001220703125, 120.02285766601562, 110.90692138671875], [184.85025024414062, 334.0347595214844, 363.0544738769531, 388.6148376464844], [131.42323303222656, 139.6365203857422, 260.63897705078125, 190.2906951904297], [167.62664794921875, 162.39849853515625, 312.4734191894531, 204.86892700195312], [131.9284210205078, 140.5573272705078, 234.71595764160156, 181.01747131347656]]}