{"categories": [0], "bboxes": [[166.3206787109375, 16.021224975585938, 303.31573486328125, 374.0]]}