{"categories": [0, 8, 14, 37], "bboxes": [[213.1855926513672, 169.7371368408203, 247.3636932373047, 224.0399932861328], [217.7344970703125, 206.6732635498047, 343.1109619140625, 264.6366882324219], [186.11135864257812, 215.49652099609375, 207.49063110351562, 237.1456298828125], [220.9443359375, 218.11891174316406, 263.63726806640625, 237.54014587402344]]}