{"categories": [0, 1, 24, 26, 56, 58], "bboxes": [[16.336299896240234, 96.98896789550781, 106.56205749511719, 328.63800048828125], [123.38941192626953, 172.3630828857422, 268.5621643066406, 292.04083251953125], [264.9706115722656, 87.58839416503906, 300.3938293457031, 136.6845703125], [87.15106201171875, 143.91009521484375, 125.80488586425781, 239.58212280273438], [249.78221130371094, 156.9149169921875, 286.1712341308594, 265.73248291015625], [148.553466796875, 86.75382995605469, 249.2200927734375, 165.4304962158203]]}