{"categories": [0, 24, 39, 41, 44, 45, 60, 71, 74], "bboxes": [[249.82057189941406, 36.91160583496094, 467.51153564453125, 367.45751953125], [425.096923828125, 1.4628372192382812, 499.0, 172.66934204101562], [1.3043317794799805, 61.21363067626953, 29.279720306396484, 130.59747314453125], [256.5712890625, 234.01507568359375, 288.99761962890625, 287.69183349609375], [197.56991577148438, 219.38711547851562, 224.32403564453125, 268.56561279296875], [131.57650756835938, 246.48228454589844, 200.20065307617188, 292.7281188964844], [5.9448089599609375, 170.86026000976562, 329.24884033203125, 365.9105529785156], [0.0, 152.58937072753906, 59.186256408691406, 176.45262145996094], [389.69879150390625, 285.07720947265625, 401.18865966796875, 297.18902587890625]]}