{"categories": [0, 13, 32], "bboxes": [[4.527679443359375, 93.86691284179688, 265.2879943847656, 385.22747802734375], [34.36619186401367, 161.72750854492188, 96.49006652832031, 189.9334716796875], [279.4853210449219, 15.346071243286133, 320.3717346191406, 59.19783020019531]]}