{"categories": [0, 27, 39, 60, 79], "bboxes": [[2.8243331909179688, 12.9356689453125, 210.35015869140625, 330.3504943847656], [121.56849670410156, 149.33547973632812, 146.7660675048828, 235.16763305664062], [395.95953369140625, 287.2843322753906, 417.82470703125, 330.7845764160156], [289.07672119140625, 215.39239501953125, 499.0, 331.100341796875], [417.4561767578125, 219.7869110107422, 433.01904296875, 275.6121826171875]]}