{"categories": [0, 8, 24, 35], "bboxes": [[51.709320068359375, 105.32295227050781, 101.91300964355469, 269.06329345703125], [234.43505859375, 249.4656219482422, 306.24072265625, 280.07623291015625], [462.3041076660156, 184.13278198242188, 499.0, 228.55096435546875], [462.23162841796875, 182.6349639892578, 499.0, 229.54762268066406]]}