{"categories": [0, 1, 25, 26, 34, 56], "bboxes": [[6.090248107910156, 65.64085388183594, 190.83587646484375, 480.2579345703125], [40.87611389160156, 273.58544921875, 331.69451904296875, 499.0], [68.75616455078125, 306.5509948730469, 328.9541320800781, 491.2069396972656], [172.61590576171875, 186.3985595703125, 324.101318359375, 348.9398193359375], [11.385719299316406, 211.6705322265625, 166.72296142578125, 479.7025146484375], [0.9165191650390625, 429.02679443359375, 134.90882873535156, 498.27191162109375]]}