{"categories": [0, 13, 26, 34, 41], "bboxes": [[117.51202392578125, 65.03958129882812, 229.25076293945312, 389.6258850097656], [138.73260498046875, 251.025146484375, 367.50396728515625, 359.8206787109375], [246.46339416503906, 184.17880249023438, 320.98846435546875, 276.4040222167969], [264.93267822265625, 178.45358276367188, 374.0, 253.50881958007812], [99.66577911376953, 94.57844543457031, 127.1222152709961, 167.12464904785156]]}