{"categories": [0, 2, 3, 5, 7, 24, 45], "bboxes": [[175.15982055664062, 31.868011474609375, 367.7640075683594, 354.3895568847656], [387.88739013671875, 77.7992172241211, 440.7037353515625, 106.85477447509766], [352.5890808105469, 103.82178497314453, 384.4189758300781, 178.19308471679688], [0.0, 19.511878967285156, 356.34002685546875, 227.23431396484375], [0.0, 16.329391479492188, 267.10906982421875, 343.581787109375], [350.7563171386719, 101.0048828125, 377.1453552246094, 127.55522155761719], [234.497802734375, 151.06532287597656, 276.25830078125, 186.37953186035156]]}