{"categories": [0, 28, 39, 41, 42, 56, 67, 73, 74, 75], "bboxes": [[207.35951232910156, 83.45025634765625, 269.5296936035156, 273.889892578125], [86.48721313476562, 25.424039840698242, 122.37223815917969, 57.41065979003906], [195.0896759033203, 0.36347103118896484, 208.8268280029297, 22.99364471435547], [466.23828125, 69.39056396484375, 480.4329833984375, 84.72430419921875], [74.72857666015625, 272.6790466308594, 91.1741943359375, 280.0], [65.72718048095703, 240.6531219482422, 91.3416519165039, 280.0], [477.4116516113281, 199.81703186035156, 492.6342468261719, 240.04725646972656], [438.1582336425781, 203.71832275390625, 461.9132995605469, 240.96673583984375], [402.94659423828125, 62.398681640625, 418.0721435546875, 81.47012329101562], [312.9036560058594, 3.457076072692871, 323.2303161621094, 22.63766860961914]]}