{"categories": [0, 74], "bboxes": [[184.03900146484375, 20.03961181640625, 327.3956604003906, 328.9864807128906], [235.9666748046875, 261.5289001464844, 247.01416015625, 274.4240417480469]]}