{"categories": [0, 1, 26], "bboxes": [[434.0720520019531, 36.91101837158203, 499.0, 228.45083618164062], [225.27931213378906, 120.36167907714844, 347.1589660644531, 220.3265838623047], [54.43706512451172, 101.17570495605469, 105.01451873779297, 179.71434020996094]]}