{"categories": [0, 26, 39, 41, 45, 60, 62, 68, 69, 72, 73], "bboxes": [[284.1276550292969, 116.50160217285156, 397.9173278808594, 270.96636962890625], [87.14276123046875, 178.306640625, 131.21566772460938, 306.1492004394531], [57.14320755004883, 0.0, 98.99150085449219, 101.68949127197266], [11.16268539428711, 264.75286865234375, 46.6020622253418, 296.8377685546875], [222.8646240234375, 273.7662658691406, 267.3563232421875, 293.5979309082031], [15.399887084960938, 285.21466064453125, 165.3582305908203, 316.7423095703125], [0.3587932586669922, 127.1056900024414, 22.26112174987793, 185.99395751953125], [119.5557632446289, 147.1286163330078, 173.58912658691406, 214.27366638183594], [120.8660659790039, 234.11907958984375, 176.14785766601562, 301.4730224609375], [255.42556762695312, 138.35780334472656, 323.5753479003906, 281.22235107421875], [364.49853515625, 189.8040771484375, 414.29290771484375, 225.43399047851562]]}