{"categories": [0, 2, 25, 26, 56, 60, 73], "bboxes": [[169.49526977539062, 23.191192626953125, 304.84881591796875, 327.37371826171875], [430.8681335449219, 96.2270736694336, 465.9141540527344, 115.87879180908203], [100.63545227050781, 0.472137451171875, 494.31195068359375, 156.3964385986328], [389.4590759277344, 178.48699951171875, 440.5705871582031, 235.36239624023438], [275.8979187011719, 157.37841796875, 374.0765686035156, 323.5848388671875], [0.6985397338867188, 189.05348205566406, 235.60336303710938, 326.22930908203125], [8.597618103027344, 206.0262908935547, 61.663848876953125, 230.0840606689453]]}