{"categories": [0, 52, 55, 58, 60], "bboxes": [[42.63652420043945, 38.25062561035156, 164.0237579345703, 330.64410400390625], [178.06314086914062, 203.9498748779297, 216.4241943359375, 226.5768585205078], [343.09161376953125, 208.61753845214844, 393.8336181640625, 242.45249938964844], [396.3833923339844, 152.74835205078125, 432.9145812988281, 201.0296630859375], [334.93157958984375, 202.87554931640625, 476.00469970703125, 331.5911865234375]]}