{"categories": [0, 25, 40, 41, 58], "bboxes": [[352.818359375, 72.92488861083984, 499.0, 328.3834533691406], [1.582794189453125, 160.997802734375, 57.19591522216797, 294.6061096191406], [141.0975341796875, 138.8807830810547, 164.68435668945312, 190.52772521972656], [143.39248657226562, 139.94187927246094, 164.47442626953125, 184.2739715576172], [250.57916259765625, 271.3698425292969, 289.87847900390625, 309.5950012207031]]}