{"categories": [0, 24, 26, 33], "bboxes": [[419.28936767578125, 165.44039916992188, 469.651123046875, 306.9906005859375], [164.21795654296875, 184.38067626953125, 188.18051147460938, 212.5892333984375], [164.72865295410156, 177.2506561279297, 187.4364776611328, 212.8595733642578], [78.13880920410156, 243.09498596191406, 137.4140167236328, 268.9941101074219]]}