{"categories": [0, 9, 56, 67], "bboxes": [[250.90626525878906, 71.03800964355469, 496.1708984375, 367.30059814453125], [260.5984802246094, 46.83137893676758, 273.0751647949219, 67.85406494140625], [0.0, 169.22024536132812, 151.9424591064453, 368.1828918457031], [251.2497100830078, 142.62362670898438, 279.4127502441406, 167.06222534179688]]}