{"categories": [0, 56, 57], "bboxes": [[1.1659698486328125, 98.87144470214844, 300.11480712890625, 365.76385498046875], [252.82659912109375, 268.21429443359375, 329.44677734375, 344.4462890625], [5.125396728515625, 262.4493103027344, 380.128173828125, 373.6899719238281]]}