{"categories": [0, 39, 41, 45, 60, 69, 72], "bboxes": [[111.40523529052734, 173.4552459716797, 230.39303588867188, 315.87054443359375], [198.98023986816406, 296.0398864746094, 213.18858337402344, 338.4769592285156], [67.26355743408203, 283.6562805175781, 83.31002044677734, 309.6415710449219], [282.4847106933594, 301.1976318359375, 331.1140441894531, 323.13726806640625], [0.0, 294.1523742675781, 332.0, 490.9256286621094], [212.6318359375, 303.85223388671875, 330.51336669921875, 344.1083984375], [221.3422088623047, 192.6204376220703, 293.04595947265625, 302.016357421875]]}