{"categories": [0, 73], "bboxes": [[316.0003662109375, 0.0, 481.78131103515625, 330.86907958984375], [187.05215454101562, 142.5321502685547, 264.0234680175781, 211.0799102783203]]}