{"categories": [0, 26, 60, 62, 63, 66, 67, 72], "bboxes": [[0.0, 14.299484252929688, 210.7019500732422, 328.46099853515625], [341.7444152832031, 258.0898742675781, 492.1000671386719, 331.7435607910156], [116.97842407226562, 133.0546875, 383.40380859375, 320.1403503417969], [209.81651306152344, 44.0189323425293, 286.7186584472656, 133.56234741210938], [256.6555480957031, 110.75682067871094, 369.9102478027344, 234.10096740722656], [168.3928985595703, 172.27806091308594, 246.64976501464844, 222.38389587402344], [370.32830810546875, 175.4600372314453, 401.4315185546875, 199.36985778808594], [76.76592254638672, 4.048526763916016, 256.31256103515625, 111.92079162597656]]}