{"categories": [0, 2, 56], "bboxes": [[26.8995361328125, 136.0872344970703, 182.0885009765625, 420.0977783203125], [141.5936737060547, 275.75970458984375, 187.7234649658203, 301.9478759765625], [152.11898803710938, 300.02105712890625, 190.67013549804688, 386.03192138671875]]}