{"categories": [0, 2, 26, 37, 47, 49, 50, 58], "bboxes": [[266.7269287109375, 187.97625732421875, 326.04296875, 356.507568359375], [348.667236328125, 110.44790649414062, 380.53515625, 133.21900939941406], [324.4670104980469, 166.67172241210938, 371.8977966308594, 273.5171813964844], [0.0, 7.958362579345703, 307.5333557128906, 52.88786697387695], [138.1301727294922, 141.35755920410156, 204.1212615966797, 182.3556671142578], [0.0, 106.2763900756836, 42.08881378173828, 135.13571166992188], [72.40853118896484, 98.47659301757812, 135.37852478027344, 141.13375854492188], [236.61727905273438, 208.37876892089844, 280.2331237792969, 324.3197326660156]]}