{"categories": [0, 56, 60, 62, 64, 65, 66, 73], "bboxes": [[256.99237060546875, 93.03138732910156, 378.75592041015625, 209.0211639404297], [202.333251953125, 202.77789306640625, 300.09814453125, 313.75994873046875], [0.0, 185.24624633789062, 224.8614501953125, 314.3081970214844], [202.1748046875, 128.83786010742188, 227.63284301757812, 182.38522338867188], [216.17507934570312, 194.42413330078125, 236.12557983398438, 204.05679321289062], [252.75668334960938, 156.48611450195312, 284.7641296386719, 168.51617431640625], [123.64964294433594, 189.3627471923828, 195.57289123535156, 220.76121520996094], [36.09126663208008, 208.88143920898438, 113.74563598632812, 249.4969482421875]]}