{"categories": [0, 26, 39, 41, 73], "bboxes": [[30.454147338867188, 137.19798278808594, 254.52772521972656, 326.6409912109375], [81.25872039794922, 221.81613159179688, 115.19014739990234, 326.4190368652344], [2.6635141372680664, 267.7214660644531, 34.25477981567383, 331.0], [46.56624984741211, 318.8684997558594, 87.01768493652344, 331.0], [0.0, 0.0, 399.84893798828125, 331.0]]}