{"categories": [0, 34, 39, 45, 56, 60, 71, 72], "bboxes": [[206.1156768798828, 136.86026000976562, 286.77911376953125, 405.3791198730469], [239.6221466064453, 251.36553955078125, 278.5963439941406, 398.8095703125], [87.25847625732422, 170.14645385742188, 106.35095977783203, 215.17230224609375], [0.0, 473.24884033203125, 49.51323318481445, 499.0], [2.1384811401367188, 237.40478515625, 75.91002655029297, 340.5631103515625], [146.02960205078125, 244.83380126953125, 223.1048583984375, 342.0126953125], [101.79649353027344, 203.7804412841797, 178.6618194580078, 216.79515075683594], [100.52315521240234, 231.2403564453125, 140.3511962890625, 325.18280029296875]]}