{"categories": [0, 2, 7, 9, 24, 35, 58], "bboxes": [[304.74749755859375, 71.12623596191406, 375.78643798828125, 301.99676513671875], [0.726959228515625, 84.11285400390625, 202.19891357421875, 237.23138427734375], [303.73089599609375, 76.60020446777344, 390.74029541015625, 148.5764923095703], [424.43731689453125, 112.73731231689453, 430.3455810546875, 122.86144256591797], [32.46002197265625, 141.35220336914062, 92.48026275634766, 198.3717041015625], [95.6997299194336, 155.04324340820312, 124.3373794555664, 179.84661865234375], [182.03945922851562, 103.41193389892578, 289.9488525390625, 182.87054443359375]]}