{"categories": [0, 60, 65, 73], "bboxes": [[2.2407379150390625, 72.30101013183594, 258.95635986328125, 307.8963623046875], [14.662109375, 292.7236328125, 327.5152587890625, 332.2666015625], [220.1156005859375, 230.216064453125, 260.63818359375, 275.5384521484375], [94.18475341796875, 295.3284912109375, 256.6756591796875, 332.75482177734375]]}