{"categories": [0, 13, 38, 41, 73], "bboxes": [[5.341522216796875, 20.640228271484375, 192.98809814453125, 316.0289611816406], [201.017333984375, 85.8415298461914, 498.06768798828125, 297.819580078125], [70.9942626953125, 68.10031127929688, 169.85687255859375, 141.42056274414062], [268.5310363769531, 166.31468200683594, 290.9841003417969, 197.2132110595703], [191.9870147705078, 54.66999053955078, 330.607177734375, 164.45999145507812]]}