{"categories": [0, 3, 24, 26, 28], "bboxes": [[383.97674560546875, 54.14659118652344, 799.0, 521.2567138671875], [1.073944091796875, 206.14886474609375, 398.27001953125, 524.0772094726562], [49.48992156982422, 165.48870849609375, 289.1533203125, 385.27728271484375], [1.8719329833984375, 183.491943359375, 70.00646209716797, 315.7145080566406], [6.978981018066406, 333.1222839355469, 122.37116241455078, 498.6202087402344]]}