{"categories": [0, 2, 24, 25, 28, 58], "bboxes": [[94.54420471191406, 389.96258544921875, 187.2104949951172, 673.2705688476562], [115.60513305664062, 431.19830322265625, 598.3306884765625, 668.8001098632812], [115.45272827148438, 429.630859375, 168.35064697265625, 488.45361328125], [0.0, 14.341827392578125, 438.19415283203125, 420.9181213378906], [51.740474700927734, 480.2353515625, 109.29045104980469, 602.872802734375], [473.8970031738281, 341.98876953125, 540.8540649414062, 419.18536376953125]]}