{"categories": [0, 13, 34], "bboxes": [[496.81976318359375, 273.8733215332031, 549.2916870117188, 445.2210388183594], [664.0455322265625, 396.3875427246094, 799.0, 589.96240234375], [153.52459716796875, 366.52996826171875, 368.47833251953125, 419.38616943359375]]}