{"categories": [0, 32, 45, 54, 55, 56, 60, 73], "bboxes": [[399.71063232421875, 107.67901611328125, 624.6593627929688, 466.6455078125], [154.84930419921875, 20.636859893798828, 177.40927124023438, 42.212440490722656], [241.7658233642578, 451.5892333984375, 501.2578125, 613.0224609375], [286.6245422363281, 480.3689270019531, 329.3040466308594, 515.908935546875], [185.13494873046875, 314.7694091796875, 300.2542724609375, 373.22845458984375], [304.58465576171875, 147.58560180664062, 352.512939453125, 193.06304931640625], [118.66719055175781, 310.6166687011719, 536.6856079101562, 518.863525390625], [456.25244140625, 374.854248046875, 508.3477783203125, 456.69671630859375]]}