{"categories": [0, 13, 30, 36], "bboxes": [[160.30303955078125, 167.05252075195312, 331.6200256347656, 412.2182922363281], [98.99613952636719, 216.1614990234375, 395.502685546875, 416.18017578125], [440.00787353515625, 339.3319396972656, 521.2000732421875, 379.3360900878906], [408.2900085449219, 325.6958312988281, 447.0110168457031, 381.7220764160156]]}