{"categories": [0, 2, 60, 66, 69, 73], "bboxes": [[288.7913818359375, 195.67205810546875, 358.57611083984375, 440.83966064453125], [610.3609619140625, 273.9540100097656, 630.475341796875, 300.1131286621094], [24.877960205078125, 529.5768432617188, 493.3117980957031, 597.7789916992188], [0.12732696533203125, 480.8786926269531, 107.94574737548828, 532.4892578125], [14.968803405761719, 367.61676025390625, 158.40093994140625, 519.1678466796875], [758.1343383789062, 429.318603515625, 798.4463500976562, 476.0458984375]]}