{"categories": [0, 2, 24, 58], "bboxes": [[154.01251220703125, 377.96185302734375, 217.80450439453125, 554.5106811523438], [0.0, 380.7648620605469, 76.0394287109375, 588.4833984375], [118.08790588378906, 413.741943359375, 155.1000518798828, 479.92266845703125], [445.3976135253906, 180.7794952392578, 598.0555419921875, 504.2796630859375]]}