{"categories": [0, 27, 39, 41, 54], "bboxes": [[374.7535400390625, 93.6242904663086, 509.86456298828125, 325.3192138671875], [443.26708984375, 164.90899658203125, 461.950439453125, 211.72454833984375], [92.50506591796875, 88.72830200195312, 163.53738403320312, 279.0413513183594], [476.7775573730469, 207.84510803222656, 505.4133605957031, 250.5133819580078], [12.56451416015625, 100.50570678710938, 670.6431274414062, 512.879638671875]]}