{"categories": [0, 24, 26, 38], "bboxes": [[185.1646728515625, 38.856285095214844, 267.8412170410156, 260.67645263671875], [190.39324951171875, 64.23921203613281, 235.9132080078125, 136.23202514648438], [274.1118469238281, 153.39175415039062, 332.5815124511719, 243.93496704101562], [197.82452392578125, 142.66571044921875, 261.0787048339844, 166.27481079101562]]}