{"categories": [0], "bboxes": [[13.145355224609375, 44.81842041015625, 523.056884765625, 782.027099609375]]}