{"categories": [0, 2, 7, 9, 13, 17, 25, 30, 50, 56, 77], "bboxes": [[537.2439575195312, 0.0, 798.7576293945312, 589.4163208007812], [770.0692749023438, 41.02033233642578, 799.0, 62.21156311035156], [0.0, 32.90464782714844, 231.19308471679688, 388.868896484375], [486.3709411621094, 446.3324890136719, 517.4068603515625, 501.5459289550781], [0.0, 274.4156494140625, 188.0147705078125, 475.6314697265625], [182.46173095703125, 29.429344177246094, 218.0687255859375, 100.92359161376953], [344.4443359375, 13.90899658203125, 558.1896362304688, 98.26541137695312], [525.8629150390625, 322.07135009765625, 632.2222900390625, 592.6665649414062], [201.0016632080078, 195.28846740722656, 529.9357299804688, 505.82012939453125], [202.76856994628906, 286.30035400390625, 522.3345947265625, 591.595703125], [597.23876953125, 156.66746520996094, 646.2216796875, 212.7291717529297]]}