{"categories": [0, 8, 24, 25, 26, 28, 33, 41, 45, 56], "bboxes": [[465.81591796875, 113.49864196777344, 646.60107421875, 435.79840087890625], [218.06259155273438, 6.450439453125, 581.9208984375, 202.26177978515625], [348.92047119140625, 296.3104248046875, 404.470703125, 347.39666748046875], [331.45703125, 341.82342529296875, 547.06298828125, 598.7572631835938], [763.4251708984375, 146.7308349609375, 799.0, 233.58468627929688], [52.517425537109375, 222.54649353027344, 218.77569580078125, 340.742431640625], [335.85406494140625, 366.364990234375, 546.4573364257812, 600.9175415039062], [469.9845886230469, 183.5745849609375, 490.0578918457031, 215.42062377929688], [255.60215759277344, 493.02020263671875, 351.29144287109375, 590.7958374023438], [471.7451477050781, 275.27911376953125, 573.0492553710938, 350.02020263671875]]}