{"categories": [0, 39, 40, 45, 55, 56, 60, 65, 66, 71, 72], "bboxes": [[26.950408935546875, 63.69548034667969, 227.750732421875, 368.76739501953125], [410.9283142089844, 179.4727020263672, 430.0377502441406, 261.60089111328125], [463.0184631347656, 153.67535400390625, 484.0906066894531, 189.54443359375], [292.2552185058594, 213.6924285888672, 357.5141296386719, 248.86073303222656], [182.91766357421875, 211.827392578125, 246.3665771484375, 247.91867065429688], [37.998321533203125, 326.1589050292969, 120.91268920898438, 373.5547180175781], [108.37397766113281, 185.09791564941406, 488.591796875, 366.6365966796875], [1.9959564208984375, 112.57188415527344, 38.84833526611328, 121.75260925292969], [5.763731002807617, 211.2801513671875, 40.62632751464844, 231.47540283203125], [297.8816833496094, 163.51588439941406, 402.4845886230469, 209.75804138183594], [155.6784210205078, 45.48882293701172, 268.0369873046875, 200.00753784179688]]}