{"categories": [0, 27, 56], "bboxes": [[89.86688232421875, 402.359130859375, 220.08880615234375, 531.6392211914062], [513.08642578125, 295.573974609375, 537.2467041015625, 365.67755126953125], [19.55733871459961, 480.2478332519531, 92.06405639648438, 530.0119018554688]]}