{"categories": [0, 7, 8, 14, 17, 39, 45], "bboxes": [[164.8729248046875, 138.40492248535156, 363.6888427734375, 493.22869873046875], [85.2142333984375, 137.9395294189453, 134.15660095214844, 195.6991424560547], [517.2333984375, 344.22576904296875, 578.43408203125, 363.40576171875], [308.3213806152344, 79.67230224609375, 361.7823791503906, 226.60208129882812], [374.6250915527344, 103.07861328125, 455.6616516113281, 154.06884765625], [89.6724853515625, 314.71478271484375, 123.41102600097656, 331.173095703125], [526.7142333984375, 313.9263610839844, 572.6234130859375, 338.9057312011719]]}