{"categories": [0, 2, 7, 8, 32, 58], "bboxes": [[447.09747314453125, 87.23719024658203, 509.990966796875, 207.67279052734375], [121.83042907714844, 252.78512573242188, 190.9741668701172, 303.4575500488281], [511.4176330566406, 316.1988220214844, 720.9464721679688, 524.6181030273438], [297.5639953613281, 210.42433166503906, 545.07470703125, 407.6229248046875], [160.02267456054688, 398.07232666015625, 218.86984252929688, 438.3201904296875], [30.081710815429688, 0.0, 305.39727783203125, 329.3219909667969]]}