{"categories": [0, 73], "bboxes": [[301.43267822265625, 25.86286163330078, 499.0, 264.80657958984375], [311.59527587890625, 157.57150268554688, 388.60345458984375, 248.60348510742188]]}