{"categories": [0, 26], "bboxes": [[548.17822265625, 1.703094482421875, 658.324951171875, 294.664794921875], [685.8699951171875, 149.25537109375, 719.8865966796875, 202.64804077148438]]}