{"categories": [0, 26], "bboxes": [[374.659912109375, 36.46563720703125, 576.7509155273438, 753.488037109375], [183.98464965820312, 403.0208435058594, 253.87539672851562, 569.3603515625]]}