{"categories": [0, 5, 6, 7, 9, 24, 34, 39, 56], "bboxes": [[466.9422912597656, 9.63995361328125, 781.2940673828125, 599.0], [47.009368896484375, 0.0, 795.7584228515625, 469.2816162109375], [12.847381591796875, 0.0, 799.0, 557.8440551757812], [23.297500610351562, 0.0, 318.18621826171875, 599.0], [746.6903076171875, 325.13739013671875, 799.0, 546.7761840820312], [585.9996948242188, 120.84417724609375, 784.6268920898438, 462.771728515625], [2.8708572387695312, 486.10565185546875, 107.0318832397461, 506.20440673828125], [520.5269165039062, 204.92364501953125, 555.7633666992188, 282.6128234863281], [350.86322021484375, 181.37216186523438, 584.9368286132812, 265.2346496582031]]}