{"categories": [0, 2, 5], "bboxes": [[443.2686462402344, 235.62185668945312, 466.1740417480469, 306.0810241699219], [33.17135238647461, 245.4395751953125, 48.98354721069336, 267.846923828125], [44.35145568847656, 154.61660766601562, 468.860595703125, 307.8976135253906]]}