{"categories": [0, 56, 67], "bboxes": [[20.057510375976562, 56.81993103027344, 116.90150451660156, 332.0], [281.9132995605469, 177.16146850585938, 325.6556701660156, 228.16726684570312], [89.03764343261719, 104.94752502441406, 111.30758666992188, 119.41123962402344]]}