{"categories": [0, 12, 37], "bboxes": [[229.42062377929688, 87.74653625488281, 394.1255187988281, 492.42205810546875], [551.2803344726562, 39.16997528076172, 627.2261352539062, 206.42709350585938], [460.6842041015625, 348.91656494140625, 536.9395751953125, 410.39410400390625]]}