{"categories": [0, 2, 7, 24, 26], "bboxes": [[452.712890625, 11.92547607421875, 635.276123046875, 519.9050903320312], [429.0265808105469, 276.7454528808594, 473.0188293457031, 316.0464782714844], [4.243934631347656, 30.206863403320312, 246.001708984375, 396.02679443359375], [566.2088623046875, 94.49220275878906, 634.2310791015625, 244.9033660888672], [744.4606323242188, 290.6539306640625, 777.6399536132812, 405.35400390625]]}