{"categories": [0, 2, 3, 6, 7, 25], "bboxes": [[211.90145874023438, 237.08346557617188, 414.0580139160156, 767.5341796875], [324.3265075683594, 277.9906311035156, 631.0, 517.8743286132812], [1.8116798400878906, 424.6572265625, 92.36012268066406, 558.5457763671875], [1.4090347290039062, 243.5962677001953, 118.18660736083984, 509.8065185546875], [559.073486328125, 394.5258483886719, 631.0, 535.4445190429688], [77.4429931640625, 12.210723876953125, 383.7686462402344, 327.1621398925781]]}