{"categories": [0, 13, 56], "bboxes": [[400.41998291015625, 101.32879638671875, 518.655029296875, 430.33526611328125], [168.56063842773438, 261.8358154296875, 374.7950744628906, 410.299560546875], [323.2902526855469, 160.43902587890625, 408.7176818847656, 245.80392456054688]]}