{"categories": [0, 27], "bboxes": [[409.88922119140625, 30.439605712890625, 799.0, 625.46240234375], [198.7422637939453, 270.09130859375, 282.94207763671875, 438.6251220703125]]}