{"categories": [0, 47, 49, 51, 56, 60], "bboxes": [[87.11181640625, 28.946914672851562, 521.0969848632812, 458.19097900390625], [1.9247093200683594, 455.14947509765625, 124.5670166015625, 568.1422119140625], [202.03440856933594, 500.966552734375, 243.9387664794922, 535.0272216796875], [359.0883483886719, 516.58837890625, 402.4548645019531, 536.789306640625], [429.53466796875, 495.0054016113281, 472.50250244140625, 555.2776489257812], [4.909423828125, 275.659423828125, 515.565673828125, 791.60546875]]}