{"categories": [0, 2, 24], "bboxes": [[0.24749374389648438, 204.30548095703125, 36.76631546020508, 427.65411376953125], [117.52366638183594, 229.83920288085938, 512.0181884765625, 431.2946472167969], [527.1983642578125, 204.6502685546875, 614.2330322265625, 313.47607421875]]}