{"categories": [0, 6, 7, 24], "bboxes": [[578.7346801757812, 116.82525634765625, 795.1488647460938, 527.3145141601562], [462.1416015625, 9.620269775390625, 799.0, 507.6081848144531], [10.326202392578125, 152.85934448242188, 427.4627990722656, 358.4715576171875], [58.40665817260742, 447.88690185546875, 117.70806884765625, 484.72802734375]]}