{"categories": [0, 39, 59, 64, 66, 71], "bboxes": [[69.57960510253906, 52.347686767578125, 567.9171752929688, 478.7944030761719], [108.60466003417969, 190.55654907226562, 124.16749572753906, 226.72341918945312], [1.97332763671875, 187.0101776123047, 787.944580078125, 528.2197265625], [64.9551010131836, 333.3797302246094, 100.68598175048828, 367.0075988769531], [13.060920715332031, 308.5631103515625, 93.71429443359375, 341.5498046875], [28.68881607055664, 79.01339721679688, 150.90464782714844, 141.64306640625]]}