{"categories": [0, 24, 25, 37], "bboxes": [[239.88796997070312, 382.20654296875, 385.8722839355469, 603.25146484375], [0.8316116333007812, 308.47711181640625, 40.98119354248047, 405.61846923828125], [0.0, 163.72451782226562, 511.8417053222656, 623.5078125], [264.94012451171875, 571.7120361328125, 416.7061767578125, 606.2322998046875]]}