{"categories": [0, 26, 65], "bboxes": [[68.13961791992188, 75.07806396484375, 360.0296325683594, 741.6537475585938], [394.60345458984375, 344.01824951171875, 511.47698974609375, 540.1552734375], [84.16731262207031, 587.4222412109375, 105.46501159667969, 619.117431640625]]}