{"categories": [0, 17, 24, 26, 28, 40, 41, 56], "bboxes": [[78.8927001953125, 162.54202270507812, 119.56625366210938, 270.12518310546875], [140.26710510253906, 200.69387817382812, 216.4788055419922, 267.3788146972656], [500.0229187011719, 267.24114990234375, 702.1341552734375, 391.64984130859375], [221.1993408203125, 201.10049438476562, 256.2912292480469, 256.4330139160156], [599.9369506835938, 203.40518188476562, 658.7496948242188, 265.5040588378906], [759.8695068359375, 353.99835205078125, 789.2271728515625, 396.9822998046875], [324.766845703125, 223.43450927734375, 429.2459716796875, 351.123779296875], [162.36032104492188, 211.1036834716797, 214.73727416992188, 272.4511413574219]]}