{"categories": [0, 26, 68], "bboxes": [[123.87035369873047, 216.98379516601562, 236.86163330078125, 561.4322509765625], [329.717041015625, 374.8592529296875, 354.03509521484375, 440.78240966796875], [407.3745422363281, 255.35989379882812, 456.8334655761719, 307.5596008300781]]}