{"categories": [0, 31, 36, 72], "bboxes": [[332.7562255859375, 224.42333984375, 390.55572509765625, 427.5858154296875], [515.2359619140625, 384.93243408203125, 584.209716796875, 396.74859619140625], [516.3134155273438, 384.0015869140625, 582.5850219726562, 398.00115966796875], [210.0951385498047, 207.53965759277344, 314.8551330566406, 362.73016357421875]]}