{"categories": [0, 7, 13, 26, 56], "bboxes": [[264.20599365234375, 97.6806640625, 446.93548583984375, 431.3336181640625], [290.5184326171875, 72.136474609375, 745.5399169921875, 420.41845703125], [266.96209716796875, 226.08575439453125, 722.1196899414062, 412.57568359375], [690.7201538085938, 323.9313049316406, 795.2192993164062, 417.5876159667969], [258.5518798828125, 312.99951171875, 316.32373046875, 426.869140625]]}