{"categories": [0, 27, 58], "bboxes": [[118.59916687011719, 13.58074951171875, 427.29638671875, 521.095458984375], [297.9022521972656, 206.01895141601562, 371.8421936035156, 358.5158996582031], [367.9392395019531, 240.31884765625, 437.0554504394531, 378.931640625]]}