{"categories": [0, 6, 8, 13, 26, 39], "bboxes": [[261.36785888671875, 279.85748291015625, 481.43243408203125, 737.5857543945312], [0.0, 3.901885986328125, 599.0, 667.418701171875], [11.7845458984375, 522.9339599609375, 599.0, 762.9571533203125], [17.412704467773438, 531.884521484375, 524.5106201171875, 730.70263671875], [43.351776123046875, 503.8446350097656, 171.72642517089844, 639.885009765625], [271.5667419433594, 226.6217498779297, 304.5765075683594, 249.62831115722656]]}