{"categories": [0, 3, 13, 25, 28, 33, 56], "bboxes": [[350.23046875, 167.24293518066406, 408.163818359375, 323.6673583984375], [340.61029052734375, 243.288330078125, 476.23260498046875, 321.76300048828125], [22.46194076538086, 284.00079345703125, 107.22967529296875, 360.0474853515625], [107.58331298828125, 226.1827850341797, 144.79605102539062, 237.3355255126953], [123.39200592041016, 259.5858154296875, 153.48806762695312, 308.55584716796875], [301.2184143066406, 112.61023712158203, 355.3925476074219, 131.1307373046875], [21.64899444580078, 284.412109375, 106.01382446289062, 359.04766845703125]]}