{"categories": [0, 39, 40, 41, 56, 74], "bboxes": [[202.96282958984375, 209.68812561035156, 363.341064453125, 483.6800537109375], [699.4603271484375, 217.95831298828125, 728.9033203125, 320.9932861328125], [343.2237548828125, 249.3059539794922, 368.65960693359375, 310.0956726074219], [104.11710357666016, 326.84246826171875, 128.35855102539062, 369.76702880859375], [192.08740234375, 366.8536071777344, 331.52764892578125, 483.7832336425781], [65.59252166748047, 155.67137145996094, 118.82788848876953, 194.7018585205078]]}