{"categories": [0, 34, 45], "bboxes": [[386.84405517578125, 213.88877868652344, 617.6229248046875, 594.9215698242188], [372.6558837890625, 244.78848266601562, 414.401611328125, 569.0782470703125], [733.837646484375, 448.863525390625, 798.208984375, 541.2562255859375]]}