{"categories": [0, 14], "bboxes": [[88.42837524414062, 61.5013427734375, 287.6998291015625, 795.751708984375], [8.31467056274414, 393.4927978515625, 51.091522216796875, 415.7811279296875]]}