{"categories": [0, 45, 58], "bboxes": [[245.11883544921875, 119.3546371459961, 319.337646484375, 294.293701171875], [222.60430908203125, 263.3359069824219, 260.3008117675781, 290.8755187988281], [81.28211975097656, 254.97117614746094, 112.51930236816406, 285.0737609863281]]}