{"categories": [0, 24], "bboxes": [[279.7090148925781, 40.049041748046875, 360.3644714355469, 161.92715454101562], [189.42234802246094, 116.81512451171875, 231.5944061279297, 177.86129760742188]]}