{"categories": [0, 26, 41, 43, 57, 60, 65, 66, 67], "bboxes": [[46.05756378173828, 17.009445190429688, 179.65670776367188, 322.73077392578125], [353.45684814453125, 250.79356384277344, 424.13909912109375, 296.149169921875], [291.97918701171875, 247.3004150390625, 320.1614990234375, 275.64697265625], [281.8686218261719, 279.6055908203125, 311.5094909667969, 291.59600830078125], [434.0523681640625, 184.79794311523438, 498.97393798828125, 256.9869689941406], [142.5763702392578, 207.67181396484375, 491.39556884765625, 327.837890625], [169.71221923828125, 172.589599609375, 180.74246215820312, 192.6446533203125], [160.4266357421875, 263.1715087890625, 233.198486328125, 295.7655029296875], [246.9970703125, 201.8774871826172, 263.904541015625, 213.1306915283203]]}