{"categories": [0, 41, 43, 56, 57, 60, 73], "bboxes": [[1.6910552978515625, 99.84988403320312, 350.0714111328125, 582.0028076171875], [397.22320556640625, 304.0955505371094, 502.4671630859375, 382.6802062988281], [572.1663208007812, 246.80386352539062, 611.7887573242188, 316.7831726074219], [690.64111328125, 26.60992431640625, 799.0, 289.763671875], [10.169677734375, 15.595291137695312, 724.5340576171875, 503.04693603515625], [87.12875366210938, 262.5572509765625, 773.5904541015625, 582.0476684570312], [199.04563903808594, 344.3495788574219, 408.4163818359375, 482.7231140136719]]}