{"categories": [0, 24, 39, 41, 45, 56, 63, 72, 73, 74], "bboxes": [[257.6760559082031, 251.92800903320312, 350.8616638183594, 430.9613952636719], [242.8590850830078, 283.6090393066406, 286.2110290527344, 356.3897399902344], [643.9071044921875, 204.09780883789062, 655.95947265625, 237.9205322265625], [474.5134582519531, 328.82586669921875, 495.2261047363281, 378.4754638671875], [581.4410400390625, 441.38525390625, 602.7852783203125, 458.20440673828125], [239.2914276123047, 355.8837890625, 307.58062744140625, 468.91851806640625], [625.2354736328125, 301.9526672363281, 724.258056640625, 373.1491394042969], [5.023956298828125, 59.92527770996094, 116.28937530517578, 530.9874877929688], [50.974002838134766, 290.1937255859375, 72.89244842529297, 318.76141357421875], [639.6800537109375, 158.95741271972656, 668.3245849609375, 192.4840545654297]]}