{"categories": [0, 67], "bboxes": [[92.43821716308594, 153.16311645507812, 376.4678955078125, 738.121337890625], [6.09846305847168, 254.49203491210938, 49.700714111328125, 293.1273498535156]]}