{"categories": [0], "bboxes": [[80.08253479003906, 0.0, 306.157470703125, 323.1595764160156]]}