{"categories": [0, 1, 3, 7, 8, 67, 74], "bboxes": [[558.7408447265625, 110.65327453613281, 717.7978515625, 536.8555297851562], [489.5881042480469, 326.9435119628906, 571.5789794921875, 412.5672302246094], [318.1139831542969, 222.026123046875, 525.7903442382812, 511.60491943359375], [662.0499877929688, 156.8729248046875, 797.9181518554688, 430.4661865234375], [420.77288818359375, 66.73341369628906, 631.4557495117188, 181.5984649658203], [326.36322021484375, 384.495849609375, 410.70782470703125, 480.97515869140625], [52.657875061035156, 263.2710266113281, 80.47698211669922, 303.4158020019531]]}