{"categories": [0, 34, 38], "bboxes": [[29.798934936523438, 64.92636108398438, 220.81854248046875, 397.3185119628906], [165.81723022460938, 98.36640930175781, 336.5955505371094, 305.1815185546875], [539.69775390625, 10.863723754882812, 798.3223876953125, 309.145263671875]]}