{"categories": [0, 9, 13, 24, 26, 39, 60, 72], "bboxes": [[219.08583068847656, 82.48414611816406, 302.97637939453125, 347.16607666015625], [27.07403564453125, 83.1951904296875, 45.630653381347656, 121.00875854492188], [588.7672119140625, 370.6102294921875, 787.879150390625, 511.01947021484375], [456.706298828125, 312.42620849609375, 513.80224609375, 376.85589599609375], [273.4350280761719, 317.93182373046875, 326.0343322753906, 370.9813232421875], [579.7633666992188, 242.00753784179688, 593.2894897460938, 269.8560485839844], [588.1246337890625, 366.71673583984375, 774.617919921875, 522.759765625], [597.36669921875, 279.9248352050781, 623.91455078125, 345.1165466308594]]}