{"categories": [0, 47, 60], "bboxes": [[103.83871459960938, 127.37924194335938, 163.0374755859375, 231.55313110351562], [129.83914184570312, 240.89512634277344, 207.37185668945312, 292.9637451171875], [14.466217041015625, 209.93283081054688, 400.0137634277344, 367.6575012207031]]}