{"categories": [0, 56, 57, 59, 60, 62], "bboxes": [[286.2367858886719, 226.06199645996094, 631.4176025390625, 497.633056640625], [17.781295776367188, 34.71464538574219, 337.73370361328125, 383.263427734375], [626.4573364257812, 7.8005218505859375, 799.0, 361.34893798828125], [6.5815887451171875, 349.5897521972656, 461.11212158203125, 522.442138671875], [62.82342529296875, 332.21441650390625, 611.6263427734375, 521.9558715820312], [550.4857788085938, 93.00387573242188, 609.3070678710938, 148.2840576171875]]}