{"categories": [0, 26, 39, 56, 58, 68, 73], "bboxes": [[0.0, 293.58642578125, 151.40310668945312, 747.3021240234375], [205.14041137695312, 597.0072631835938, 259.37921142578125, 685.0308227539062], [245.67910766601562, 415.8543395996094, 258.3820495605469, 447.8812561035156], [566.1434326171875, 485.2599792480469, 597.5108642578125, 582.4484252929688], [480.3461608886719, 0.0, 595.9740600585938, 284.5998229980469], [155.4297332763672, 0.0, 416.09271240234375, 71.1356201171875], [476.1573181152344, 347.1603698730469, 494.7755432128906, 397.5009460449219]]}