{"categories": [0, 2, 3, 7, 9], "bboxes": [[28.156219482421875, 169.8541259765625, 104.3603515625, 348.3916015625], [520.7725830078125, 207.00430297851562, 719.5592041015625, 372.4829406738281], [441.7565002441406, 222.62522888183594, 470.3381652832031, 293.79449462890625], [267.0207214355469, 129.9781494140625, 434.0705871582031, 291.4136962890625], [51.840206146240234, 110.59854125976562, 68.00199127197266, 158.85067749023438]]}