{"categories": [0, 17, 24, 26], "bboxes": [[6.98291015625, 505.45379638671875, 316.503173828125, 790.7427368164062], [345.15924072265625, 395.2615661621094, 583.8925170898438, 790.388916015625], [13.993240356445312, 672.5174560546875, 214.67710876464844, 791.4241943359375], [271.5657653808594, 555.3864135742188, 307.1454162597656, 594.1008911132812]]}