{"categories": [0, 2, 8, 26, 73], "bboxes": [[462.5416259765625, 107.97675323486328, 556.1697998046875, 310.9552001953125], [691.0419311523438, 170.5262451171875, 798.4660034179688, 313.1257629394531], [490.3600769042969, 4.113983154296875, 749.9122314453125, 210.16998291015625], [10.850879669189453, 335.0865478515625, 78.49131774902344, 407.49359130859375], [633.8143920898438, 369.7866516113281, 710.7195434570312, 404.2569274902344]]}