{"categories": [0, 39, 45, 56, 60], "bboxes": [[0.0, 51.16798400878906, 109.07217407226562, 518.490966796875], [517.494873046875, 162.11203002929688, 530.885986328125, 208.33416748046875], [452.89599609375, 298.8870849609375, 522.6456298828125, 336.044921875], [460.31781005859375, 331.0457763671875, 723.2433471679688, 595.4298095703125], [438.5397033691406, 273.8227844238281, 673.5982055664062, 492.4845275878906]]}