{"categories": [0, 2, 9, 26], "bboxes": [[76.04811096191406, 63.56981658935547, 197.6970977783203, 300.17864990234375], [17.490310668945312, 123.64285278320312, 209.35971069335938, 238.599365234375], [297.0788879394531, 12.70123291015625, 357.1905212402344, 77.76171875], [235.92413330078125, 121.44654846191406, 289.03509521484375, 218.4364776611328]]}