{"categories": [0, 26], "bboxes": [[619.4378662109375, 275.2205810546875, 696.2789306640625, 574.7615356445312], [649.624267578125, 339.87908935546875, 695.2515869140625, 443.919677734375]]}