{"categories": [0, 2, 7, 42, 44, 48, 53, 54], "bboxes": [[0.0, 100.17201232910156, 193.1300048828125, 372.1390380859375], [669.0878295898438, 265.3021545410156, 711.0154418945312, 311.1409606933594], [561.2166748046875, 268.0389709472656, 625.9346923828125, 311.6965026855469], [110.81327056884766, 236.03111267089844, 165.20005798339844, 274.1932678222656], [111.805908203125, 235.1942596435547, 167.13189697265625, 270.50311279296875], [41.7408561706543, 314.7587890625, 144.46829223632812, 376.61114501953125], [7.470306396484375, 363.8323059082031, 288.28106689453125, 531.9898681640625], [521.2880859375, 366.8377380371094, 612.7222900390625, 451.2491760253906]]}