{"categories": [0, 25, 34], "bboxes": [[286.67779541015625, 42.91807556152344, 677.6309204101562, 526.7150268554688], [26.306625366210938, 75.06556701660156, 471.76409912109375, 515.064697265625], [126.55779266357422, 159.4700927734375, 376.07550048828125, 532.4031372070312]]}