{"categories": [0, 8, 31, 38, 56, 58, 60, 63, 73, 74], "bboxes": [[183.7568359375, 78.74052429199219, 460.86572265625, 369.70611572265625], [227.64300537109375, 148.4796905517578, 281.6606750488281, 174.5290985107422], [53.15109634399414, 265.5646667480469, 131.93966674804688, 370.1346130371094], [296.4271240234375, 342.67083740234375, 321.72503662109375, 373.91619873046875], [183.7618408203125, 219.63259887695312, 215.26144409179688, 251.1417236328125], [214.16482543945312, 162.29519653320312, 246.80865478515625, 217.80624389648438], [11.854446411132812, 241.76153564453125, 318.43316650390625, 371.39599609375], [61.37055587768555, 218.21881103515625, 88.64954376220703, 239.39511108398438], [106.64581298828125, 328.973388671875, 211.93038940429688, 374.0], [95.9503402709961, 37.84813690185547, 115.3047103881836, 71.90360260009766]]}