{"categories": [0, 39, 56, 61, 71], "bboxes": [[344.5381164550781, 355.6568603515625, 504.0287170410156, 724.168701171875], [136.09573364257812, 384.5935363769531, 148.5712890625, 424.0387878417969], [296.93310546875, 437.67364501953125, 384.88140869140625, 602.9711303710938], [65.84322357177734, 452.39080810546875, 121.4302749633789, 533.6000366210938], [69.20156860351562, 448.92901611328125, 113.372314453125, 476.5010986328125]]}