{"categories": [0, 1, 2, 67, 76, 79], "bboxes": [[144.96705627441406, 57.173309326171875, 457.02557373046875, 712.35693359375], [0.0, 453.18011474609375, 525.0889892578125, 795.1209106445312], [1.8839950561523438, 204.3634033203125, 155.327880859375, 252.83013916015625], [362.08367919921875, 232.73927307128906, 412.12152099609375, 266.1261901855469], [150.62185668945312, 431.8724365234375, 331.20550537109375, 503.056396484375], [452.135009765625, 200.6884765625, 502.2294921875, 229.5562744140625]]}