{"categories": [0, 6, 7, 24, 28, 41, 65], "bboxes": [[12.332183837890625, 96.68267822265625, 211.80941772460938, 527.8857421875], [207.49533081054688, 0.0, 799.0, 381.31195068359375], [172.93899536132812, 0.0, 789.967529296875, 412.2913818359375], [333.6949768066406, 7.682502746582031, 460.6710510253906, 236.5167236328125], [688.01171875, 5.965984344482422, 770.0472412109375, 99.48878479003906], [733.0886840820312, 116.93142700195312, 799.0, 340.30755615234375], [27.30804443359375, 357.0959167480469, 82.08538818359375, 389.1969299316406]]}