{"categories": [0, 24, 26], "bboxes": [[226.0245361328125, 63.80162048339844, 330.46142578125, 378.68548583984375], [262.388427734375, 130.03976440429688, 358.82550048828125, 221.19644165039062], [250.17164611816406, 224.80238342285156, 282.08392333984375, 310.9068298339844]]}