{"categories": [0, 2, 3, 7, 27], "bboxes": [[207.70986938476562, 35.34632873535156, 317.7009582519531, 355.20135498046875], [8.98138427734375, 130.40887451171875, 374.03717041015625, 315.1108703613281], [158.2168426513672, 132.57887268066406, 203.06907653808594, 166.77610778808594], [5.8931427001953125, 70.96517181396484, 459.6661376953125, 312.7348327636719], [366.6846923828125, 81.42713928222656, 387.75799560546875, 111.279052734375]]}