{"categories": [0, 2, 9, 25, 26], "bboxes": [[387.01214599609375, 270.3040771484375, 467.86639404296875, 531.88427734375], [120.62738037109375, 233.3148193359375, 199.39016723632812, 306.27288818359375], [507.0545654296875, 96.52864837646484, 597.02685546875, 170.60025024414062], [528.2328491210938, 221.8728790283203, 670.5109252929688, 322.56109619140625], [694.7135009765625, 297.0943298339844, 741.294677734375, 390.3494567871094]]}