{"categories": [0, 10, 13], "bboxes": [[307.7930908203125, 186.17587280273438, 510.6077880859375, 527.02978515625], [588.4390258789062, 204.9508056640625, 624.5377807617188, 306.9338684082031], [67.10150146484375, 328.73199462890625, 738.3817138671875, 527.329833984375]]}