{"categories": [0, 25, 27, 56], "bboxes": [[49.83204650878906, 21.6173095703125, 383.0804443359375, 588.503662109375], [339.2434997558594, 9.307586669921875, 451.0536193847656, 432.03094482421875], [434.1700744628906, 33.06687927246094, 471.2810363769531, 263.01165771484375], [345.7687072753906, 561.9884033203125, 427.0846862792969, 598.6456298828125]]}