{"categories": [0, 19, 36, 45, 56, 57, 60, 63, 67, 73, 74], "bboxes": [[2.4043502807617188, 92.95614624023438, 217.11187744140625, 761.978271484375], [224.99298095703125, 43.112281799316406, 356.70849609375, 194.91461181640625], [232.35227966308594, 623.2164306640625, 543.9100341796875, 789.58154296875], [197.78744506835938, 647.2666015625, 331.9506530761719, 749.0382080078125], [300.35736083984375, 300.91424560546875, 448.05670166015625, 439.24188232421875], [489.43341064453125, 261.0675354003906, 551.0, 357.1260681152344], [121.69091033935547, 282.6414794921875, 207.04830932617188, 342.189697265625], [129.18377685546875, 429.4420166015625, 279.06756591796875, 504.56732177734375], [182.57608032226562, 245.59542846679688, 210.15484619140625, 273.6539611816406], [189.11785888671875, 435.59576416015625, 277.9623718261719, 501.41705322265625], [424.0367431640625, 157.40003967285156, 474.61688232421875, 208.34425354003906]]}