{"categories": [0], "bboxes": [[209.0554962158203, 352.0218811035156, 307.55780029296875, 596.8634033203125]]}