{"categories": [0, 13, 41, 56, 57], "bboxes": [[77.94572448730469, 48.02445983886719, 210.5342559814453, 305.95330810546875], [29.709197998046875, 118.72710418701172, 412.52740478515625, 329.7729797363281], [21.1422119140625, 27.488540649414062, 42.7794075012207, 45.82038879394531], [339.76678466796875, 276.4232482910156, 434.1041259765625, 353.7254333496094], [162.53456115722656, 138.76434326171875, 483.36834716796875, 365.2908935546875]]}