{"categories": [0, 59], "bboxes": [[3.972381591796875, 214.57371520996094, 711.37548828125, 511.1715087890625], [8.938568115234375, 0.0, 742.122314453125, 528.043701171875]]}