{"categories": [0, 25, 26, 50, 56, 58, 60, 73], "bboxes": [[1.3845977783203125, 0.0, 309.716796875, 550.718505859375], [116.50811767578125, 0.0, 775.0061645507812, 190.94259643554688], [8.407752990722656, 176.30844116210938, 233.17083740234375, 553.572509765625], [398.9025573730469, 315.1345520019531, 488.9660339355469, 411.5581970214844], [690.8599243164062, 229.95449829101562, 786.2322387695312, 476.1292419433594], [392.8204345703125, 312.49755859375, 507.9403076171875, 459.5318603515625], [265.255615234375, 285.8793029785156, 523.918212890625, 552.746826171875], [275.7861633300781, 107.45747375488281, 457.6217346191406, 278.0924072265625]]}