{"categories": [0, 2, 9, 24], "bboxes": [[182.21754455566406, 138.1710205078125, 364.44610595703125, 722.3515625], [642.3904418945312, 407.321533203125, 725.7590942382812, 675.56005859375], [20.123470306396484, 0.4353179931640625, 106.80181884765625, 43.47755813598633], [410.1398620605469, 431.90765380859375, 448.1484069824219, 521.8411865234375]]}