{"categories": [0, 13, 25, 26, 39, 43, 56], "bboxes": [[334.98309326171875, 125.76084899902344, 492.94622802734375, 448.98248291015625], [521.1604614257812, 334.53045654296875, 791.1734008789062, 513.3302612304688], [34.213043212890625, 0.7845458984375, 799.0, 340.13470458984375], [0.8074378967285156, 378.85986328125, 98.86001586914062, 486.865234375], [234.9611358642578, 308.8435974121094, 262.9638977050781, 356.1665954589844], [305.6440734863281, 321.38983154296875, 339.0393371582031, 352.37554931640625], [612.1739501953125, 386.8388366699219, 793.9200439453125, 540.42578125]]}