{"categories": [0, 13, 24, 26, 38, 54, 55], "bboxes": [[578.9503173828125, 137.07974243164062, 668.7247314453125, 371.3310241699219], [525.2032470703125, 5.0420379638671875, 690.9886474609375, 61.254066467285156], [612.4497680664062, 179.76919555664062, 664.8676147460938, 258.27508544921875], [499.55291748046875, 178.77169799804688, 548.2316284179688, 270.20538330078125], [625.9290771484375, 188.03749084472656, 667.524169921875, 287.0874328613281], [130.1947021484375, 428.8269348144531, 162.05401611328125, 456.4136657714844], [80.18215942382812, 281.4324951171875, 167.3240509033203, 331.79705810546875]]}