{"categories": [0, 2, 7, 9], "bboxes": [[298.2235107421875, 320.97283935546875, 381.846435546875, 565.5927734375], [439.01470947265625, 363.5497741699219, 496.6436767578125, 401.7518005371094], [571.9935302734375, 196.99307250976562, 799.0, 569.3031005859375], [595.6063842773438, 362.65179443359375, 627.4655151367188, 432.14801025390625]]}