{"categories": [0, 53, 58, 72], "bboxes": [[6.2589874267578125, 6.4849395751953125, 196.24798583984375, 477.3031005859375], [2.368684768676758, 92.45658874511719, 53.91547393798828, 130.7503204345703], [278.1717529296875, 65.40409851074219, 315.412353515625, 121.79978942871094], [659.8109741210938, 251.51138305664062, 784.3922729492188, 462.1509704589844]]}