{"categories": [0, 13, 27, 41, 45, 56, 63, 65, 71, 73], "bboxes": [[121.24790954589844, 93.56216430664062, 217.5140838623047, 423.7276916503906], [331.2370910644531, 256.2419738769531, 746.4407958984375, 476.9524841308594], [133.41087341308594, 148.2446746826172, 150.6982879638672, 199.7566375732422], [736.5387573242188, 212.30198669433594, 753.5551147460938, 227.1811065673828], [0.18111038208007812, 393.19927978515625, 37.28760528564453, 440.7110595703125], [597.6710205078125, 267.54644775390625, 763.232177734375, 528.0768432617188], [18.858118057250977, 207.7257843017578, 76.91769409179688, 247.3793487548828], [309.6281433105469, 294.6451110839844, 346.1410217285156, 312.7743835449219], [728.9183959960938, 216.58914184570312, 796.5068969726562, 230.50482177734375], [558.96826171875, 324.8404541015625, 616.8201904296875, 368.598388671875]]}