{"categories": [0, 2, 3, 25, 56], "bboxes": [[465.9065856933594, 100.02507019042969, 613.2828979492188, 441.2813720703125], [630.2525024414062, 248.0386199951172, 749.3844604492188, 321.9420166015625], [46.416099548339844, 234.08702087402344, 92.57227325439453, 286.0205993652344], [3.189952850341797, 168.34869384765625, 99.22247314453125, 248.18951416015625], [143.77784729003906, 262.6837463378906, 181.24696350097656, 300.7769470214844]]}