{"categories": [0, 8, 24, 26], "bboxes": [[631.060302734375, 180.20486450195312, 782.2662353515625, 514.952880859375], [241.8373565673828, 81.85752868652344, 589.3217163085938, 226.05360412597656], [20.796463012695312, 195.46044921875, 110.83203125, 363.0618896484375], [528.6629638671875, 226.71701049804688, 606.4805908203125, 357.7576599121094]]}