{"categories": [0, 27, 39, 42, 43, 44, 45, 50, 53, 60, 68, 69], "bboxes": [[247.3179168701172, 80.9718017578125, 492.318359375, 423.3686218261719], [546.397216796875, 230.14588928222656, 583.4986572265625, 378.49810791015625], [304.22357177734375, 309.356689453125, 322.3870849609375, 360.85125732421875], [274.3048400878906, 392.3916320800781, 356.9826354980469, 539.8525390625], [706.9121704101562, 413.995361328125, 798.3107299804688, 472.02520751953125], [271.78192138671875, 387.7519226074219, 354.82025146484375, 525.5795288085938], [299.4109191894531, 384.0633850097656, 404.8067932128906, 450.0700988769531], [243.95758056640625, 468.0405578613281, 296.61151123046875, 515.5830688476562], [360.18927001953125, 497.4408874511719, 428.20220947265625, 555.62353515625], [0.0, 359.35528564453125, 793.0847778320312, 544.5138549804688], [88.05609130859375, 224.4447784423828, 182.00665283203125, 306.83258056640625], [87.74986267089844, 224.0196990966797, 178.66822814941406, 310.72100830078125]]}