{"categories": [0, 24, 26], "bboxes": [[298.851318359375, 123.00247192382812, 412.1707763671875, 469.4569396972656], [71.71467590332031, 390.3215637207031, 148.0000762939453, 449.1991882324219], [448.8677978515625, 344.72271728515625, 497.02978515625, 441.5338134765625]]}