{"categories": [0, 26, 46], "bboxes": [[188.887939453125, 88.06820678710938, 386.44586181640625, 347.6692810058594], [431.0282287597656, 269.230712890625, 493.4482727050781, 353.06573486328125], [272.59814453125, 369.2290954589844, 362.1209716796875, 418.2078552246094]]}