{"categories": [0, 39, 56, 63, 64, 73], "bboxes": [[457.94036865234375, 7.006866455078125, 765.5116577148438, 662.221435546875], [328.3415222167969, 214.23731994628906, 439.9149475097656, 399.79541015625], [358.2877197265625, 512.387939453125, 489.1708984375, 672.4581298828125], [701.784423828125, 470.3522033691406, 796.4986572265625, 558.2963256835938], [708.6513061523438, 464.2193298339844, 757.9502563476562, 488.7926330566406], [701.2391357421875, 463.3425598144531, 799.0, 556.5979614257812]]}