{"categories": [0, 26, 39, 40, 41, 45, 50, 56, 60, 72], "bboxes": [[203.6383056640625, 203.0919952392578, 440.9573974609375, 472.507080078125], [230.67337036132812, 401.73779296875, 334.6916809082031, 520.9306640625], [478.0422058105469, 315.60809326171875, 505.1888732910156, 395.6224365234375], [378.18023681640625, 521.0081787109375, 421.05029296875, 596.5863037109375], [462.8564453125, 485.45306396484375, 505.7152099609375, 541.3471069335938], [0.7574653625488281, 522.834228515625, 74.91458129882812, 596.451416015625], [413.0476989746094, 442.55865478515625, 473.5670471191406, 489.93682861328125], [554.4414672851562, 405.08740234375, 739.9234008789062, 596.6112060546875], [37.767852783203125, 373.43499755859375, 711.4942626953125, 591.908447265625], [630.364501953125, 140.57614135742188, 753.0184326171875, 276.6366271972656]]}