{"categories": [0, 39, 41, 45, 59, 60, 71, 72], "bboxes": [[49.30476379394531, 4.43072509765625, 481.42779541015625, 586.5992431640625], [398.66070556640625, 112.89250183105469, 421.2352294921875, 139.31466674804688], [433.34381103515625, 124.11434936523438, 456.78094482421875, 162.36578369140625], [316.3028564453125, 168.11111450195312, 488.92254638671875, 252.3111572265625], [206.77243041992188, 346.5688781738281, 791.9737548828125, 594.6949462890625], [181.31961059570312, 289.365966796875, 797.875732421875, 584.0520629882812], [251.6181640625, 174.85879516601562, 725.879150390625, 455.8000793457031], [398.1290283203125, 0.0, 787.732666015625, 384.72869873046875]]}