{"categories": [0, 2, 5, 7, 13, 24], "bboxes": [[437.2276611328125, 33.2138671875, 662.546630859375, 601.7437744140625], [2.7760772705078125, 111.31784057617188, 459.69744873046875, 579.3814697265625], [0.0, 0.0, 782.820068359375, 566.6702270507812], [0.0, 11.43402099609375, 492.2645263671875, 567.0487670898438], [435.66949462890625, 322.01904296875, 799.0, 588.145263671875], [373.0906982421875, 113.67823028564453, 450.29766845703125, 249.21780395507812]]}