{"categories": [0, 2, 13, 24, 26, 58], "bboxes": [[513.9884643554688, 86.98896026611328, 620.3558959960938, 302.4093322753906], [455.2832336425781, 138.85635375976562, 482.8070983886719, 170.92776489257812], [681.5651245117188, 159.1116485595703, 725.0415649414062, 183.1059112548828], [503.3525085449219, 181.51593017578125, 536.9197998046875, 207.53378295898438], [575.4254150390625, 179.62002563476562, 598.1842041015625, 227.48764038085938], [11.48936653137207, 125.09379577636719, 74.4188003540039, 194.80235290527344]]}