{"categories": [0, 13, 24, 41, 67, 73], "bboxes": [[39.832183837890625, 5.9432830810546875, 323.23590087890625, 516.935791015625], [75.15673828125, 214.43894958496094, 776.705810546875, 487.5155029296875], [237.08847045898438, 26.083690643310547, 306.3285827636719, 103.98464965820312], [261.8975524902344, 498.8430480957031, 303.0206604003906, 533.0], [107.78213500976562, 184.87710571289062, 140.0696258544922, 198.49942016601562], [537.2648315429688, 356.90234375, 626.3049926757812, 425.606689453125]]}