{"categories": [0, 13, 25, 41, 45, 51, 52, 54, 58, 60, 65], "bboxes": [[560.5662841796875, 147.32505798339844, 692.224365234375, 323.81793212890625], [5.86016845703125, 459.7861022949219, 328.9647216796875, 595.4580688476562], [384.7247314453125, 129.69371032714844, 488.27838134765625, 182.7790985107422], [626.32861328125, 384.1148986816406, 681.09521484375, 429.7496643066406], [626.4996948242188, 376.5386962890625, 682.5747680664062, 401.216552734375], [389.6631164550781, 413.6801452636719, 455.4834899902344, 435.0440368652344], [477.6131286621094, 417.5847473144531, 537.3451538085938, 442.2469177246094], [447.9171447753906, 431.1448669433594, 485.0638122558594, 450.7899475097656], [4.3867645263671875, 324.2548522949219, 297.984619140625, 560.4326171875], [665.7724609375, 564.421630859375, 794.6068115234375, 595.7333984375], [511.2210388183594, 570.3574829101562, 613.6337890625, 599.0]]}