{"categories": [0, 1, 24, 26, 38, 56, 60, 73], "bboxes": [[107.93592834472656, 374.7301940917969, 236.96778869628906, 698.1663818359375], [303.78759765625, 455.8644104003906, 575.740234375, 659.2014770507812], [7.521718978881836, 619.6034545898438, 49.66609191894531, 661.2064819335938], [489.9236755371094, 533.6680908203125, 572.059326171875, 598.067138671875], [21.39300537109375, 529.7589721679688, 62.7391357421875, 573.3920288085938], [220.82968139648438, 485.0745544433594, 289.2048645019531, 654.7466430664062], [214.73829650878906, 506.6675109863281, 287.01641845703125, 660.74609375], [188.8218994140625, 363.9546813964844, 262.0534973144531, 404.6307678222656]]}