{"categories": [0, 13, 24], "bboxes": [[141.1353302001953, 178.09051513671875, 196.0141143798828, 294.5730895996094], [216.05715942382812, 236.37319946289062, 367.1595153808594, 295.3401184082031], [218.84088134765625, 224.15042114257812, 233.27145385742188, 242.30441284179688]]}