{"categories": [0, 7], "bboxes": [[406.6856994628906, 151.25912475585938, 472.5226135253906, 289.2231750488281], [31.601669311523438, 146.37979125976562, 302.15252685546875, 292.1585388183594]]}