{"categories": [0, 37, 42, 60, 73], "bboxes": [[536.3286743164062, 8.89556884765625, 799.0, 518.3128662109375], [34.126617431640625, 381.49871826171875, 703.1605224609375, 518.1593627929688], [52.78378677368164, 503.218505859375, 111.1185302734375, 531.9541015625], [26.216064453125, 370.1890869140625, 684.933837890625, 524.3119506835938], [0.142120361328125, 0.0, 760.9805908203125, 387.003173828125]]}