{"categories": [0, 13, 39, 43, 45, 58, 61], "bboxes": [[281.6136474609375, 125.09596252441406, 404.75408935546875, 403.10308837890625], [501.0721740722656, 485.00042724609375, 620.4031982421875, 592.3796997070312], [274.3784484863281, 485.0023193359375, 300.7822570800781, 555.0908203125], [396.1731872558594, 310.85504150390625, 436.2929992675781, 347.07293701171875], [341.4527893066406, 502.3766784667969, 413.7987365722656, 557.3466796875], [327.54693603515625, 330.5308532714844, 376.158935546875, 384.9079284667969], [603.6619262695312, 268.9340515136719, 748.5242309570312, 445.4093322753906]]}