{"categories": [0, 43, 51, 60], "bboxes": [[48.385772705078125, 84.06790161132812, 341.34014892578125, 562.8170166015625], [109.6697006225586, 462.36602783203125, 221.50430297851562, 507.7559814453125], [21.298377990722656, 564.408935546875, 132.71435546875, 614.6510009765625], [0.0, 507.37811279296875, 529.0023193359375, 790.1913452148438]]}