{"categories": [0, 2, 7, 9, 26], "bboxes": [[223.49005126953125, 31.8687744140625, 399.2626953125, 602.0403442382812], [348.7445068359375, 141.31768798828125, 783.4478759765625, 553.4954833984375], [148.01821899414062, 49.831207275390625, 753.1170654296875, 561.236328125], [54.98551940917969, 172.4286651611328, 78.34422302246094, 236.51747131347656], [757.822998046875, 50.87895965576172, 797.4517822265625, 123.01627349853516]]}