{"categories": [0, 2, 24], "bboxes": [[36.070457458496094, 307.6964416503906, 184.59732055664062, 526.1190185546875], [321.3662414550781, 257.51458740234375, 599.8328857421875, 365.58984375], [315.860595703125, 319.75146484375, 341.9901123046875, 367.39605712890625]]}