{"categories": [0, 5, 13, 16, 39, 56], "bboxes": [[418.6783752441406, 191.44668579101562, 595.95751953125, 731.32080078125], [444.8062438964844, 96.84994506835938, 599.0, 342.3444519042969], [164.79067993164062, 386.2439270019531, 265.2959289550781, 449.4407043457031], [164.57403564453125, 557.7606201171875, 382.26483154296875, 681.552978515625], [338.5328369140625, 207.57620239257812, 362.73345947265625, 274.5202331542969], [98.63468170166016, 275.89923095703125, 125.54497528076172, 328.78057861328125]]}