{"categories": [0, 1, 3, 8, 24], "bboxes": [[59.83988952636719, 304.8521728515625, 155.30154418945312, 498.8583984375], [170.6739044189453, 320.3149719238281, 319.0870361328125, 613.2664794921875], [348.136962890625, 508.9984130859375, 520.515380859375, 695.529052734375], [36.537933349609375, 0.0, 406.97088623046875, 767.14208984375], [377.68603515625, 421.98284912109375, 464.64959716796875, 524.529296875]]}