{"categories": [0, 9, 16, 24, 56], "bboxes": [[125.99929809570312, 412.63726806640625, 208.88421630859375, 558.2491455078125], [71.36475372314453, 453.1927795410156, 105.6576919555664, 500.3300476074219], [204.59921264648438, 522.517333984375, 257.0262451171875, 563.1070556640625], [171.51644897460938, 428.7498779296875, 205.03372192382812, 479.85284423828125], [74.23196411132812, 524.8764038085938, 118.50932312011719, 551.5947875976562]]}