{"categories": [0, 27], "bboxes": [[501.83502197265625, 78.49755859375, 755.0899047851562, 674.6665649414062], [607.5140991210938, 171.17587280273438, 639.7680053710938, 354.8246765136719]]}