{"categories": [0, 26, 39, 73], "bboxes": [[374.37738037109375, 128.32666015625, 479.4349365234375, 440.829833984375], [208.74990844726562, 204.88711547851562, 243.74441528320312, 245.583984375], [682.784912109375, 187.41961669921875, 692.7254638671875, 208.859130859375], [648.8090209960938, 342.14569091796875, 711.0007934570312, 375.7669677734375]]}