{"categories": [0, 1, 2, 9, 56], "bboxes": [[548.474365234375, 382.0841064453125, 678.5162353515625, 583.08740234375], [87.2014389038086, 418.39044189453125, 151.89959716796875, 456.87518310546875], [484.14727783203125, 426.9050598144531, 505.32623291015625, 446.5598449707031], [460.5282897949219, 396.8487243652344, 471.8811340332031, 413.0883483886719], [651.8818969726562, 432.24127197265625, 684.8865356445312, 486.25830078125]]}