{"categories": [0], "bboxes": [[316.2693176269531, 17.50910186767578, 470.2485656738281, 218.03973388671875]]}