{"categories": [0, 39, 72], "bboxes": [[181.52711486816406, 139.57858276367188, 400.023681640625, 752.7559814453125], [397.1170654296875, 389.4618225097656, 414.28314208984375, 450.0386657714844], [265.3729248046875, 44.857391357421875, 512.7367553710938, 686.3470458984375]]}