{"categories": [0, 39, 40, 41, 60, 62, 72, 73], "bboxes": [[198.47552490234375, 111.98011779785156, 455.3809814453125, 518.5247802734375], [405.5802917480469, 218.77227783203125, 453.3652648925781, 365.8240966796875], [229.40536499023438, 406.9339904785156, 375.5545349121094, 530.0155639648438], [588.4031372070312, 428.3650207519531, 737.2844848632812, 529.9339599609375], [3.722442626953125, 383.96014404296875, 466.2634582519531, 528.828369140625], [3.2353591918945312, 1.8584556579589844, 139.10870361328125, 102.44898986816406], [592.82568359375, 111.66285705566406, 761.79248046875, 417.8052978515625], [41.91656494140625, 287.0965270996094, 205.17596435546875, 327.9998474121094]]}