{"categories": [0, 57, 59, 73], "bboxes": [[281.8656311035156, 173.47409057617188, 576.31494140625, 523.0582275390625], [378.52783203125, 28.777359008789062, 781.797119140625, 454.93792724609375], [0.0, 33.63897705078125, 617.3046264648438, 478.876708984375], [109.84848022460938, 54.60928726196289, 338.97216796875, 141.99078369140625]]}