{"categories": [0], "bboxes": [[321.5390930175781, 193.05072021484375, 389.8571472167969, 352.416259765625]]}