{"categories": [0, 2, 7, 24, 27], "bboxes": [[44.590492248535156, 40.125213623046875, 296.7059326171875, 730.945556640625], [0.8902015686035156, 57.03010559082031, 62.95035934448242, 189.60838317871094], [434.5468444824219, 84.18759155273438, 538.0, 329.36041259765625], [336.8534240722656, 163.12615966796875, 456.9024353027344, 328.7395935058594], [141.93775939941406, 149.27928161621094, 170.8131866455078, 211.7972869873047]]}