{"categories": [0, 2, 9, 27], "bboxes": [[203.91436767578125, 58.690093994140625, 434.1097412109375, 530.161376953125], [465.32208251953125, 416.68701171875, 753.1990356445312, 512.3892211914062], [69.83464813232422, 209.1245880126953, 119.3978500366211, 287.7745056152344], [148.30770874023438, 251.14279174804688, 174.90130615234375, 285.7200622558594]]}