{"categories": [0, 39, 40, 41, 45, 60, 62, 71, 74, 75], "bboxes": [[76.12069702148438, 142.54281616210938, 183.90090942382812, 328.09515380859375], [209.92605590820312, 127.61310577392578, 224.82949829101562, 163.40707397460938], [343.3672790527344, 106.54364776611328, 358.1700744628906, 141.156494140625], [191.0384979248047, 242.0229034423828, 205.3057098388672, 258.2201843261719], [0.0, 48.021827697753906, 24.407140731811523, 70.8311767578125], [145.6460418701172, 216.088134765625, 177.94920349121094, 233.82177734375], [436.5670166015625, 51.42445373535156, 472.3270263671875, 82.00169372558594], [207.90423583984375, 255.61761474609375, 262.8195495605469, 264.78155517578125], [252.77684020996094, 65.88217163085938, 288.2747497558594, 106.84310913085938], [157.40420532226562, 84.78509521484375, 187.33395385742188, 128.68763732910156]]}