{"categories": [0, 3, 28, 56, 67, 74], "bboxes": [[0.0, 61.783172607421875, 355.49786376953125, 587.4241943359375], [230.73878479003906, 186.02224731445312, 390.58935546875, 417.3096618652344], [340.33306884765625, 337.8271179199219, 395.53057861328125, 553.47607421875], [668.780029296875, 306.2841796875, 797.203125, 416.711181640625], [578.6458129882812, 225.44281005859375, 614.7057495117188, 252.07659912109375], [502.75872802734375, 253.9305419921875, 524.0297241210938, 280.6416015625]]}