{"categories": [0, 12, 41, 56], "bboxes": [[144.2122802734375, 156.604736328125, 464.92877197265625, 624.4695434570312], [601.2821044921875, 123.80652618408203, 665.686767578125, 358.4153137207031], [333.8917541503906, 324.8208312988281, 364.5498962402344, 353.6307678222656], [361.3418273925781, 261.3293151855469, 444.9103698730469, 352.8126525878906]]}