{"categories": [0, 39, 40, 41, 42, 43, 45, 48, 56, 60, 62, 71, 73], "bboxes": [[549.4067993164062, 137.05874633789062, 788.7921752929688, 519.271240234375], [479.99200439453125, 318.1298522949219, 503.813232421875, 398.7969055175781], [336.7792663574219, 379.3695983886719, 381.3616027832031, 507.3414001464844], [268.1891784667969, 300.7320861816406, 302.3677673339844, 374.3565979003906], [375.43463134765625, 482.9803771972656, 414.96209716796875, 524.430419921875], [376.12628173828125, 483.45892333984375, 422.96710205078125, 525.7232055664062], [399.13751220703125, 416.98565673828125, 539.3423461914062, 512.9765014648438], [361.713623046875, 309.48046875, 420.52008056640625, 340.8065185546875], [108.53903198242188, 388.0911560058594, 162.0711669921875, 524.0491943359375], [139.9005126953125, 296.3662414550781, 619.0361938476562, 518.3834838867188], [370.28448486328125, 176.1884002685547, 405.4686279296875, 233.7500457763672], [475.4031677246094, 359.38470458984375, 606.201171875, 441.17718505859375], [314.416015625, 218.16766357421875, 364.79901123046875, 231.78863525390625]]}