{"categories": [0, 27], "bboxes": [[0.0, 39.65167236328125, 434.73138427734375, 629.8593139648438], [613.619873046875, 272.2834167480469, 676.538818359375, 379.4638977050781]]}