{"categories": [0, 1, 8, 36], "bboxes": [[436.8714294433594, 121.9994125366211, 504.7093200683594, 334.19195556640625], [615.8765258789062, 252.09352111816406, 764.1742553710938, 347.54400634765625], [262.34033203125, 182.9945526123047, 343.83245849609375, 224.52601623535156], [767.6282958984375, 299.6621398925781, 799.0, 342.0854187011719]]}