{"categories": [0, 2, 8, 19, 73], "bboxes": [[527.1167602539062, 105.26138305664062, 622.4017944335938, 312.4778137207031], [744.482421875, 166.63961791992188, 798.82763671875, 278.5099792480469], [540.2402954101562, 6.2124786376953125, 794.2540893554688, 186.9921417236328], [447.0150146484375, 223.28570556640625, 512.681640625, 304.66552734375], [699.8792724609375, 374.90765380859375, 764.671142578125, 395.55963134765625]]}