{"categories": [0, 39, 41, 45, 46, 49, 50, 51, 54, 55, 56, 65, 69, 72, 73], "bboxes": [[704.7174072265625, 149.1349334716797, 799.0, 412.7908935546875], [632.2857666015625, 176.43052673339844, 643.9949951171875, 216.6957244873047], [425.9435729980469, 238.9829864501953, 464.1474304199219, 288.251953125], [274.63519287109375, 231.1356201171875, 308.1859130859375, 258.69635009765625], [356.0460205078125, 285.32073974609375, 401.61187744140625, 300.74212646484375], [532.718505859375, 254.24069213867188, 583.878662109375, 277.8487243652344], [321.4211120605469, 336.61090087890625, 366.8262023925781, 360.09564208984375], [394.6190490722656, 306.0130615234375, 433.2617492675781, 320.19561767578125], [540.6500244140625, 254.40060424804688, 584.310791015625, 277.0301818847656], [259.50726318359375, 297.73992919921875, 305.6754150390625, 320.5955810546875], [677.9075317382812, 258.9350280761719, 725.9313354492188, 323.5881652832031], [78.29576110839844, 259.24237060546875, 130.54014587402344, 273.8150634765625], [136.08004760742188, 342.3397216796875, 267.02593994140625, 380.76580810546875], [15.054389953613281, 15.987884521484375, 165.02279663085938, 514.3709716796875], [625.2526245117188, 177.18759155273438, 634.3632202148438, 216.77288818359375]]}