{"categories": [0, 7, 13, 24, 28, 36], "bboxes": [[474.40130615234375, 224.02316284179688, 573.5833129882812, 434.1461486816406], [0.0, 102.61332702636719, 366.6075134277344, 455.5264892578125], [8.178787231445312, 100.70599365234375, 357.12384033203125, 146.68551635742188], [618.35302734375, 302.41558837890625, 660.572998046875, 343.8614501953125], [627.1460571289062, 349.5162658691406, 648.8887329101562, 380.6543884277344], [336.46173095703125, 362.77374267578125, 420.45330810546875, 417.03570556640625]]}