{"categories": [0, 24], "bboxes": [[488.25396728515625, 140.8052978515625, 690.4931030273438, 661.4429321289062], [523.2099609375, 215.52684020996094, 663.1773681640625, 376.12310791015625]]}