{"categories": [0, 2, 24, 56, 73, 74], "bboxes": [[125.61050415039062, 124.74737548828125, 462.3011169433594, 531.9454345703125], [355.5223388671875, 109.65586853027344, 473.46551513671875, 154.26841735839844], [541.7858276367188, 291.641845703125, 686.1731567382812, 515.5262451171875], [732.2256469726562, 208.49923706054688, 775.2496948242188, 276.96319580078125], [148.33084106445312, 456.1910095214844, 264.9442443847656, 531.30078125], [621.1614379882812, 429.0146179199219, 652.9780883789062, 461.0758972167969]]}