{"categories": [0, 26, 27, 72], "bboxes": [[134.17108154296875, 230.28732299804688, 534.0, 781.9990234375], [253.43643188476562, 584.214599609375, 433.0466003417969, 691.7581787109375], [318.7075500488281, 377.1927185058594, 398.1385803222656, 607.5335693359375], [417.45361328125, 220.82168579101562, 528.7752075195312, 581.4515380859375]]}