{"categories": [0, 28, 39, 56, 58, 60, 68, 72, 73, 75], "bboxes": [[190.12496948242188, 397.45599365234375, 264.5327453613281, 678.1361694335938], [320.86376953125, 567.6497802734375, 363.86749267578125, 640.0389404296875], [472.6541442871094, 746.2373046875, 499.1732482910156, 783.8515625], [377.1815185546875, 594.19189453125, 521.6288452148438, 762.27978515625], [139.54905700683594, 550.4827270507812, 180.78016662597656, 592.2555541992188], [222.25070190429688, 752.103515625, 393.0533752441406, 793.7763671875], [162.34571838378906, 472.2600402832031, 199.3967742919922, 523.960693359375], [4.28179931640625, 482.2421875, 194.05552673339844, 787.075927734375], [83.31193542480469, 713.6267700195312, 122.92646789550781, 750.6621704101562], [467.2775573730469, 662.5187377929688, 523.2532958984375, 761.9551391601562]]}