{"categories": [0, 8, 24, 26], "bboxes": [[124.6641845703125, 145.81515502929688, 491.1138916015625, 688.2916259765625], [23.64404296875, 350.17974853515625, 725.0, 778.9808959960938], [513.5738525390625, 492.38531494140625, 655.8572998046875, 721.6370239257812], [28.966873168945312, 188.25216674804688, 133.86849975585938, 383.3968200683594]]}