{"categories": [0, 57, 65, 73], "bboxes": [[0.0750274658203125, 0.83013916015625, 229.9311981201172, 367.74224853515625], [230.70034790039062, 158.1588134765625, 499.0, 365.99810791015625], [249.03482055664062, 111.64057159423828, 275.0367736816406, 127.29749298095703], [271.0653076171875, 102.67449951171875, 369.1209716796875, 214.81356811523438]]}