{"categories": [0, 1, 2, 24, 28], "bboxes": [[561.3224487304688, 158.44749450683594, 693.6406860351562, 605.0133056640625], [0.0, 374.2748107910156, 122.09165954589844, 606.401123046875], [648.8428955078125, 151.72349548339844, 712.641357421875, 221.8444061279297], [269.6895751953125, 391.2581787109375, 379.9627685546875, 536.2628784179688], [125.37089538574219, 511.15728759765625, 226.2128143310547, 564.4205932617188]]}