{"categories": [0, 39, 41, 54, 71, 72], "bboxes": [[323.0579528808594, 146.30581665039062, 378.7619934082031, 247.26690673828125], [204.49490356445312, 80.23020935058594, 216.87081909179688, 109.91354370117188], [201.15762329101562, 330.5518493652344, 224.21426391601562, 356.8227233886719], [50.1112060546875, 221.30345153808594, 546.0, 505.47601318359375], [27.072402954101562, 233.94290161132812, 129.99423217773438, 248.61953735351562], [211.7511749267578, 148.80648803710938, 305.76861572265625, 245.66104125976562]]}