{"categories": [0, 24, 39, 40, 41, 56, 60, 74], "bboxes": [[482.43414306640625, 267.71905517578125, 650.2280883789062, 516.49072265625], [425.8426208496094, 384.04571533203125, 518.74853515625, 572.2103881835938], [232.11361694335938, 155.76895141601562, 243.32406616210938, 185.7281494140625], [617.2238159179688, 333.90789794921875, 633.9104614257812, 371.49761962890625], [159.0313262939453, 356.1772155761719, 183.08888244628906, 383.3829040527344], [192.6916961669922, 357.072265625, 306.2042236328125, 516.530517578125], [8.19427490234375, 400.4114990234375, 269.3496398925781, 573.4873046875], [470.7101745605469, 225.36636352539062, 500.1352844238281, 256.0540771484375]]}