{"categories": [0, 25, 26, 39, 44, 45, 56, 60, 66], "bboxes": [[0.94134521484375, 33.334381103515625, 297.21923828125, 527.13037109375], [560.9635620117188, 35.966949462890625, 616.0327758789062, 65.13520050048828], [729.2490234375, 223.12997436523438, 782.929443359375, 307.8781433105469], [488.47698974609375, 190.2532196044922, 512.6757202148438, 254.0430145263672], [248.01168823242188, 279.70550537109375, 408.3938293457031, 410.36322021484375], [337.545654296875, 354.4768981933594, 523.717041015625, 447.6869812011719], [553.5497436523438, 106.20922088623047, 598.2695922851562, 138.59848022460938], [269.2528381347656, 252.38389587402344, 756.180908203125, 521.5134887695312], [413.2042541503906, 275.67816162109375, 532.793212890625, 320.146728515625]]}