{"categories": [0, 6, 13, 24, 26, 67, 72], "bboxes": [[566.243896484375, 40.999755859375, 799.0, 580.6907348632812], [0.0, 0.0, 799.0, 459.779052734375], [64.15057373046875, 215.15370178222656, 726.885498046875, 561.8613891601562], [49.52619171142578, 401.44329833984375, 181.69558715820312, 599.0], [264.7287292480469, 190.06207275390625, 444.2184143066406, 342.336669921875], [310.3545837402344, 142.58090209960938, 369.7497253417969, 174.80435180664062], [45.10693359375, 6.395843505859375, 304.3712158203125, 279.1295166015625]]}