{"categories": [0, 39, 45, 56, 71, 72, 73], "bboxes": [[481.5491638183594, 17.78021240234375, 775.974853515625, 463.05413818359375], [534.4017944335938, 0.2971944808959961, 554.0231323242188, 28.087257385253906], [688.8809814453125, 448.6072692871094, 797.909423828125, 497.3460998535156], [723.9923095703125, 258.8480529785156, 798.629150390625, 439.7854309082031], [499.60736083984375, 456.080322265625, 792.8895874023438, 527.5226440429688], [0.0, 239.04737854003906, 233.23870849609375, 529.3201904296875], [24.083221435546875, 0.0, 619.3751220703125, 464.2322998046875]]}