{"categories": [0, 25, 26, 27, 56, 60, 63, 67, 73], "bboxes": [[177.3495635986328, 187.76861572265625, 394.1356201171875, 469.40570068359375], [403.8676452636719, 0.0, 464.8376159667969, 392.1097717285156], [593.4808959960938, 262.8262634277344, 671.8482055664062, 437.8432922363281], [271.4546203613281, 295.4731750488281, 293.2601623535156, 333.4971618652344], [2.40325927734375, 204.87503051757812, 143.61849975585938, 404.4910583496094], [14.551025390625, 400.07269287109375, 760.12841796875, 529.4871215820312], [461.78741455078125, 407.22119140625, 619.4535522460938, 495.055908203125], [120.85943603515625, 439.9738464355469, 210.40792846679688, 488.3829040527344], [276.9952087402344, 445.8908996582031, 390.7913513183594, 504.7747497558594]]}