{"categories": [0, 39, 56, 57, 62, 73, 74], "bboxes": [[211.93959045410156, 224.20819091796875, 394.95062255859375, 593.843505859375], [492.22857666015625, 291.99200439453125, 509.22802734375, 330.3388671875], [416.52374267578125, 333.564208984375, 476.0821533203125, 403.65045166015625], [586.048095703125, 426.6130065917969, 798.5999755859375, 593.0291748046875], [680.7024536132812, 361.52520751953125, 762.4244995117188, 418.6575927734375], [536.8770141601562, 277.5938415527344, 552.6445922851562, 330.4756164550781], [314.57342529296875, 127.806396484375, 360.19293212890625, 191.84219360351562]]}