{"categories": [0, 41, 56, 60, 73, 75], "bboxes": [[232.76438903808594, 79.34396362304688, 383.00048828125, 331.5057373046875], [171.86813354492188, 177.1739959716797, 189.399169921875, 207.21775817871094], [3.1404571533203125, 187.41323852539062, 139.62567138671875, 330.9580993652344], [114.43866729736328, 199.62579345703125, 277.5164489746094, 325.45831298828125], [0.0, 16.505859375, 497.11578369140625, 268.7636413574219], [172.84205627441406, 174.36141967773438, 191.16822814941406, 206.86349487304688]]}