{"categories": [0, 26, 73, 74], "bboxes": [[32.25312805175781, 256.61419677734375, 352.8502197265625, 785.9441528320312], [0.0, 616.6044311523438, 80.28191375732422, 797.0979614257812], [423.3829650878906, 498.5601501464844, 567.1292724609375, 704.609375], [281.7825622558594, 720.95361328125, 298.3728942871094, 741.943115234375]]}