{"categories": [0, 26, 39, 41], "bboxes": [[488.01983642578125, 93.30848693847656, 745.0004272460938, 523.818603515625], [140.22543334960938, 375.0445556640625, 244.95465087890625, 517.8452758789062], [233.5894775390625, 481.5330810546875, 319.85565185546875, 529.3571166992188], [176.03201293945312, 263.94720458984375, 195.65267944335938, 308.72503662109375]]}