{"categories": [0, 13], "bboxes": [[319.48980712890625, 356.92205810546875, 542.4446411132812, 652.9148559570312], [29.605621337890625, 444.52410888671875, 603.84326171875, 649.2155151367188]]}