{"categories": [0, 2, 39, 41, 45, 49, 55, 56, 60], "bboxes": [[320.8572082519531, 38.87208557128906, 650.96875, 445.3087158203125], [189.72500610351562, 169.48931884765625, 276.8941955566406, 287.6064758300781], [733.143798828125, 250.23870849609375, 766.583984375, 319.16778564453125], [763.946044921875, 281.2384033203125, 795.5572509765625, 315.044921875], [161.4267578125, 438.7864685058594, 352.496826171875, 527.3892822265625], [649.1654663085938, 296.128662109375, 668.6963500976562, 313.770751953125], [682.8406982421875, 474.94232177734375, 730.2503662109375, 508.93414306640625], [354.5292053222656, 195.10595703125, 422.5887756347656, 317.0087890625], [96.181640625, 309.1419677734375, 760.4602661132812, 523.5457763671875]]}