{"categories": [0, 27, 73], "bboxes": [[55.267723083496094, 96.87796020507812, 309.6885070800781, 632.0748291015625], [184.729736328125, 254.5105743408203, 245.82061767578125, 519.7755737304688], [319.99932861328125, 326.8022155761719, 561.279296875, 508.7505798339844]]}