{"categories": [0, 28, 45, 56, 73], "bboxes": [[260.5302734375, 197.3233642578125, 461.54913330078125, 790.0197143554688], [85.37557983398438, 498.1583251953125, 344.2443542480469, 788.749267578125], [70.33612060546875, 49.5456428527832, 113.92384338378906, 77.35443115234375], [39.17417907714844, 401.25457763671875, 162.22869873046875, 480.34088134765625], [154.81893920898438, 58.18783950805664, 178.64111328125, 137.04554748535156]]}