{"categories": [0, 2, 7, 24, 26, 56], "bboxes": [[444.62835693359375, 166.50421142578125, 566.4462280273438, 488.50494384765625], [46.79408264160156, 277.21197509765625, 220.6400909423828, 375.9681396484375], [626.6588745117188, 210.60421752929688, 777.1702270507812, 300.9538269042969], [447.2339782714844, 209.12416076660156, 544.7932739257812, 361.97320556640625], [513.2103881835938, 212.59365844726562, 554.2360229492188, 369.5591125488281], [293.5658264160156, 348.62005615234375, 327.9248352050781, 493.00384521484375]]}