{"categories": [0, 3], "bboxes": [[228.66665649414062, 44.5052490234375, 743.30419921875, 522.4154052734375], [295.5762939453125, 49.16175842285156, 799.0, 518.6463012695312]]}