{"categories": [0, 32], "bboxes": [[30.606155395507812, 52.49195861816406, 189.17813110351562, 472.76092529296875], [392.60028076171875, 439.1050720214844, 470.5726318359375, 507.1776428222656]]}