{"categories": [0, 26, 32, 39, 47, 56, 67, 72, 74], "bboxes": [[459.44512939453125, 85.75021362304688, 799.0, 442.8709411621094], [660.0549926757812, 195.51109313964844, 705.9053344726562, 324.92138671875], [123.72309875488281, 151.81309509277344, 182.3313751220703, 203.04078674316406], [129.8740692138672, 243.83267211914062, 173.7506561279297, 340.7157897949219], [386.2021789550781, 403.0770568847656, 420.7143859863281, 442.1364440917969], [0.6274070739746094, 430.2516174316406, 39.997798919677734, 449.0], [316.6685791015625, 375.5992431640625, 346.64727783203125, 402.9818115234375], [3.25518798828125, 207.99578857421875, 149.44882202148438, 438.386962890625], [0.42023658752441406, 20.303348541259766, 24.803972244262695, 95.83474731445312]]}