{"categories": [0, 26, 39, 56], "bboxes": [[511.6187744140625, 82.38259887695312, 615.9937744140625, 499.8544006347656], [282.60101318359375, 214.75479125976562, 390.1390380859375, 370.7868347167969], [448.48291015625, 244.63851928710938, 463.13818359375, 274.5960998535156], [269.39654541015625, 253.60305786132812, 396.1236572265625, 479.6501770019531]]}