{"categories": [0, 1, 2, 7, 26], "bboxes": [[415.55963134765625, 80.42092895507812, 611.4570922851562, 758.9189453125], [59.54927062988281, 333.1640625, 99.91873168945312, 393.47772216796875], [132.1667022705078, 305.86248779296875, 253.33457946777344, 386.5986328125], [0.4312591552734375, 164.00379943847656, 73.45494842529297, 423.20648193359375], [410.38812255859375, 309.65789794921875, 489.94573974609375, 465.7252197265625]]}