{"categories": [0, 13, 45, 65, 74], "bboxes": [[273.1237487792969, 47.99043273925781, 444.8002014160156, 328.72943115234375], [44.61039733886719, 182.79147338867188, 432.22412109375, 322.2353210449219], [258.3818359375, 293.08135986328125, 292.10614013671875, 320.14154052734375], [385.19091796875, 45.34095001220703, 399.60546875, 67.75116729736328], [137.17845153808594, 286.7405700683594, 151.5538787841797, 300.5668640136719]]}