{"categories": [0, 26], "bboxes": [[203.03909301757812, 87.52940368652344, 384.6224670410156, 528.7536010742188], [520.6990356445312, 159.70465087890625, 629.5547485351562, 346.4831237792969]]}