{"categories": [0, 13, 56, 62], "bboxes": [[438.3442077636719, 56.46148681640625, 668.63134765625, 592.1474609375], [52.63243103027344, 254.79515075683594, 477.7803955078125, 569.524658203125], [55.64728546142578, 299.19073486328125, 142.48089599609375, 597.7032470703125], [433.0484619140625, 0.0, 683.892578125, 111.71548461914062]]}