{"categories": [0, 39, 61, 62, 72, 73], "bboxes": [[322.8410949707031, 218.632080078125, 464.6889343261719, 517.2958984375], [657.7114868164062, 368.66326904296875, 676.8944702148438, 424.7991943359375], [441.0085144042969, 519.2236938476562, 529.3865966796875, 593.7305297851562], [680.346923828125, 180.15235900878906, 730.18994140625, 244.4846649169922], [13.417251586914062, 52.07879638671875, 295.05047607421875, 771.5087280273438], [0.0, 45.93121337890625, 774.1336669921875, 702.3351440429688]]}