{"categories": [0, 1, 39, 41, 45, 60, 69, 71, 73, 79], "bboxes": [[114.26422119140625, 53.39599609375, 233.095703125, 337.2917175292969], [228.1373748779297, 158.0189971923828, 264.17828369140625, 184.44764709472656], [405.6543884277344, 118.36832427978516, 433.4333801269531, 177.20838928222656], [370.8022766113281, 145.0269317626953, 386.0787658691406, 168.07362365722656], [424.516357421875, 186.73373413085938, 480.40582275390625, 218.918212890625], [169.80442810058594, 276.1035461425781, 488.81524658203125, 369.1270446777344], [371.6715393066406, 185.66062927246094, 490.9538269042969, 297.377685546875], [365.36517333984375, 178.64154052734375, 450.7772216796875, 197.4007568359375], [439.0965270996094, 274.40350341796875, 499.0, 338.8995361328125], [145.3291473388672, 236.19906616210938, 168.55567932128906, 302.6839294433594]]}