{"categories": [0, 13, 56, 58, 62, 73, 75], "bboxes": [[354.34783935546875, 151.83367919921875, 671.4299926757812, 693.2630615234375], [504.3083190917969, 323.8505859375, 685.5847778320312, 778.494384765625], [314.06109619140625, 359.51263427734375, 666.61767578125, 755.0886840820312], [245.12258911132812, 658.7473754882812, 324.1576232910156, 748.4003295898438], [63.74560546875, 230.4824676513672, 244.44192504882812, 435.3929443359375], [136.45079040527344, 410.6729736328125, 262.6368103027344, 437.62432861328125], [251.89871215820312, 378.3727722167969, 269.8494567871094, 427.3402404785156]]}