{"categories": [0, 56], "bboxes": [[242.863037109375, 97.9299545288086, 495.66766357421875, 328.17449951171875], [33.762203216552734, 294.6714172363281, 104.09877014160156, 331.6900329589844]]}