{"categories": [0, 27, 39, 45, 55, 60], "bboxes": [[57.09125518798828, 264.1872863769531, 247.448974609375, 423.8145446777344], [246.06820678710938, 127.86685180664062, 281.8178405761719, 211.29119873046875], [535.4291381835938, 284.60565185546875, 579.6216430664062, 368.85931396484375], [395.83441162109375, 402.7296142578125, 473.4771728515625, 426.0], [314.52105712890625, 190.306884765625, 479.6031494140625, 310.30828857421875], [122.3118896484375, 192.43618774414062, 600.9479370117188, 415.4530334472656]]}