{"categories": [0, 13, 24, 26, 39, 41], "bboxes": [[79.91561889648438, 84.73197937011719, 271.8186950683594, 421.29815673828125], [569.3509521484375, 238.07664489746094, 639.0, 291.0756530761719], [17.95361328125, 252.45578002929688, 100.28927612304688, 346.7815246582031], [19.709327697753906, 255.52183532714844, 94.7959976196289, 348.9093017578125], [54.55364227294922, 215.68124389648438, 73.44657135009766, 255.50827026367188], [54.070228576660156, 219.44960021972656, 73.74002838134766, 252.2255401611328]]}