{"categories": [0, 13, 24, 25, 26, 67, 74], "bboxes": [[238.00782775878906, 52.65779113769531, 505.0604248046875, 414.89013671875], [10.046875, 260.7568359375, 597.611572265625, 414.81146240234375], [381.3813171386719, 356.3417053222656, 539.320068359375, 423.0], [101.76834106445312, 4.504966735839844, 584.8187255859375, 179.498779296875], [62.173980712890625, 336.3562316894531, 291.9034729003906, 422.1644592285156], [366.3457946777344, 359.5903015136719, 400.2062072753906, 375.1341247558594], [376.350830078125, 259.35675048828125, 398.1575927734375, 280.79852294921875]]}