{"categories": [0, 2, 24, 28], "bboxes": [[256.7264404296875, 172.26638793945312, 479.038818359375, 376.2346496582031], [247.2034454345703, 182.99671936035156, 273.80584716796875, 206.30296325683594], [31.721630096435547, 221.43820190429688, 141.76620483398438, 339.6953430175781], [132.63104248046875, 237.1807098388672, 190.74835205078125, 294.4067687988281]]}