{"categories": [0, 2, 7, 24, 26, 73], "bboxes": [[571.44091796875, 186.5928955078125, 639.0, 403.5350341796875], [0.0, 223.9025115966797, 66.7884521484375, 281.71563720703125], [464.40106201171875, 179.93833923339844, 500.9388427734375, 219.7537384033203], [323.13165283203125, 256.977783203125, 419.10150146484375, 417.69000244140625], [109.47598266601562, 311.9769287109375, 211.48638916015625, 423.88677978515625], [201.1268310546875, 292.462890625, 255.67440795898438, 343.24652099609375]]}