{"categories": [0, 39, 41, 45, 55, 56, 58, 60, 67, 69, 71, 73], "bboxes": [[247.73397827148438, 0.099639892578125, 353.6759948730469, 258.701416015625], [146.1613006591797, 87.12834167480469, 159.1923370361328, 119.29624938964844], [230.42172241210938, 54.503414154052734, 261.4405212402344, 88.20426940917969], [538.1549682617188, 119.06584167480469, 576.3478393554688, 153.1230010986328], [91.63618469238281, 267.9875793457031, 291.53131103515625, 377.0850524902344], [269.68701171875, 224.89111328125, 434.4549560546875, 420.70855712890625], [123.95616912841797, 3.920665740966797, 181.02810668945312, 77.87303161621094], [253.59095764160156, 242.66305541992188, 414.50189208984375, 411.9911193847656], [74.0689697265625, 278.8238525390625, 142.46514892578125, 312.24859619140625], [432.91290283203125, 105.78221893310547, 579.0632934570312, 320.64666748046875], [55.059600830078125, 126.30265045166016, 192.27450561523438, 180.80543518066406], [284.673095703125, 242.60922241210938, 385.48895263671875, 316.7651672363281]]}