{"categories": [0, 29], "bboxes": [[41.926239013671875, 121.22123718261719, 217.04953002929688, 525.0571899414062], [588.4881591796875, 161.47274780273438, 625.4820556640625, 212.5623779296875]]}