{"categories": [0, 24, 30], "bboxes": [[68.73869323730469, 55.2816162109375, 227.55186462402344, 295.40570068359375], [323.34674072265625, 166.16726684570312, 353.938232421875, 203.71786499023438], [402.99169921875, 286.15374755859375, 639.0, 309.4656982421875]]}