{"categories": [0, 30], "bboxes": [[318.32244873046875, 161.90809631347656, 442.10821533203125, 551.2510375976562], [209.22705078125, 530.2222900390625, 479.0, 562.4068603515625]]}