{"categories": [0, 2, 33], "bboxes": [[187.14915466308594, 171.19480895996094, 426.0, 635.3760986328125], [173.82981872558594, 269.485595703125, 212.17649841308594, 283.83001708984375], [140.956298828125, 331.07196044921875, 223.4708251953125, 475.3797607421875]]}