{"categories": [0, 2, 5, 26], "bboxes": [[105.82296752929688, 96.45230102539062, 240.66891479492188, 361.9659729003906], [560.1485595703125, 165.17300415039062, 639.0, 264.05718994140625], [159.11676025390625, 1.4791717529296875, 580.8213500976562, 286.83331298828125], [94.67591094970703, 186.01161193847656, 158.58090209960938, 311.96612548828125]]}