{"categories": [0, 24, 27, 39, 40, 41, 45, 60], "bboxes": [[0.0, 64.74256896972656, 57.31188201904297, 330.24847412109375], [48.340518951416016, 208.45794677734375, 97.53652954101562, 298.9781799316406], [230.51589965820312, 125.93685913085938, 244.23779296875, 159.73123168945312], [245.72625732421875, 263.3209228515625, 278.95648193359375, 372.800537109375], [349.7865295410156, 308.4390563964844, 374.0528259277344, 359.2593688964844], [401.234130859375, 276.73187255859375, 418.09088134765625, 307.81121826171875], [424.076416015625, 339.2702331542969, 460.35443115234375, 366.6462707519531], [66.1253662109375, 245.74935913085938, 485.44122314453125, 371.9772644042969]]}