{"categories": [0, 28, 56, 57, 60, 65, 73], "bboxes": [[444.27325439453125, 84.6412353515625, 578.9385375976562, 368.52197265625], [305.71929931640625, 236.2147216796875, 350.914306640625, 354.21875], [80.77658081054688, 99.94563293457031, 290.04583740234375, 414.13629150390625], [394.6658020019531, 112.77902221679688, 637.791259765625, 235.17666625976562], [0.0, 131.492431640625, 61.837913513183594, 246.83157348632812], [219.70376586914062, 245.72877502441406, 236.20285034179688, 276.5527648925781], [537.8397216796875, 194.33114624023438, 579.3900146484375, 211.82577514648438]]}