{"categories": [0, 26, 27, 39, 41, 56, 58, 60, 65, 73, 75], "bboxes": [[395.0105285644531, 8.586700439453125, 639.0, 351.1043395996094], [4.054447174072266, 308.82080078125, 72.77606201171875, 401.21533203125], [525.6238403320312, 116.15264129638672, 549.0543823242188, 188.58425903320312], [72.44918823242188, 278.47509765625, 134.42877197265625, 390.1773681640625], [355.11578369140625, 284.3442077636719, 400.4219970703125, 308.9114074707031], [396.4603271484375, 167.40008544921875, 626.6283569335938, 342.8335266113281], [249.32015991210938, 109.5546646118164, 384.3987731933594, 273.6355285644531], [340.8096923828125, 315.8146057128906, 634.2412109375, 400.3276672363281], [619.9829711914062, 295.19195556640625, 639.0, 308.419921875], [148.45826721191406, 33.14994812011719, 199.87620544433594, 71.8100357055664], [292.36077880859375, 182.88327026367188, 343.450439453125, 276.1674499511719]]}