{"categories": [0, 27, 40, 41, 56, 57, 60], "bboxes": [[28.253219604492188, 127.12142944335938, 392.4171142578125, 474.9724426269531], [380.97540283203125, 329.87646484375, 461.64483642578125, 478.09027099609375], [26.130895614624023, 234.58770751953125, 43.06419372558594, 271.042724609375], [41.987754821777344, 232.4203338623047, 63.75508117675781, 270.2247314453125], [325.7873840332031, 264.7471923828125, 404.8390197753906, 342.9334716796875], [2.347095489501953, 317.59991455078125, 97.21151733398438, 475.28265380859375], [24.101728439331055, 246.88909912109375, 83.52813720703125, 321.3680419921875]]}