{"categories": [0, 46, 48, 55], "bboxes": [[0.0, 6.812469482421875, 490.6148986816406, 610.0616455078125], [103.91720581054688, 497.2445068359375, 393.2840881347656, 611.0], [115.97871398925781, 403.9004821777344, 350.71295166015625, 550.6329345703125], [137.9409942626953, 408.7350769042969, 348.43487548828125, 551.8997802734375]]}