{"categories": [0, 60, 63, 74], "bboxes": [[245.96026611328125, 0.0, 639.0, 410.89349365234375], [2.044219970703125, 266.9233093261719, 596.083740234375, 418.3851013183594], [45.07023620605469, 180.11444091796875, 353.45367431640625, 371.634033203125], [366.5102844238281, 315.638671875, 396.3125915527344, 340.530517578125]]}