{"categories": [0, 1, 2, 7, 16, 24, 26], "bboxes": [[458.1318359375, 120.59878540039062, 593.275390625, 468.1412658691406], [475.232421875, 249.05343627929688, 592.3675537109375, 482.4906921386719], [0.0, 175.8831329345703, 144.7056427001953, 301.56439208984375], [168.64427185058594, 112.69404602050781, 332.30987548828125, 206.38258361816406], [78.48030090332031, 290.6597900390625, 232.3107147216797, 480.533935546875], [324.4278259277344, 220.6660614013672, 400.8697814941406, 320.4676208496094], [325.7331848144531, 202.6300811767578, 403.3491516113281, 314.02294921875]]}