{"categories": [0, 34, 35], "bboxes": [[0.0, 5.459320068359375, 104.5945816040039, 319.6912841796875], [111.52401733398438, 371.597900390625, 196.71817016601562, 392.05419921875], [514.6416625976562, 174.4969482421875, 559.1957397460938, 218.49945068359375]]}