{"categories": [0, 29, 58], "bboxes": [[18.653305053710938, 60.770263671875, 311.3594970703125, 349.34613037109375], [282.0706481933594, 268.9176940917969, 316.1256408691406, 317.5862121582031], [313.06951904296875, 156.19790649414062, 358.3406982421875, 259.71563720703125]]}