{"categories": [0, 35], "bboxes": [[245.46539306640625, 25.1708984375, 578.7818603515625, 388.13421630859375], [226.7313995361328, 137.01058959960938, 303.73345947265625, 210.34756469726562]]}