{"categories": [0, 12, 26, 35, 39, 55], "bboxes": [[306.61444091796875, 90.40465545654297, 485.23388671875, 330.9377136230469], [53.21491241455078, 140.22669982910156, 203.28619384765625, 332.0], [232.125244140625, 228.03265380859375, 272.0711975097656, 328.939453125], [232.93695068359375, 289.4811096191406, 274.1191711425781, 330.6610412597656], [398.01641845703125, 239.63909912109375, 424.6119384765625, 278.74090576171875], [394.4956359863281, 115.87101745605469, 420.2749938964844, 142.6964874267578]]}