{"categories": [0, 2, 3, 41, 56, 58], "bboxes": [[0.10736083984375, 23.772232055664062, 111.29383087158203, 347.34814453125], [70.84925079345703, 181.26300048828125, 172.33172607421875, 274.3569030761719], [473.13201904296875, 101.03988647460938, 639.0, 495.0320129394531], [388.2428894042969, 430.8078308105469, 422.5532531738281, 478.2276916503906], [522.6912231445312, 91.46197509765625, 639.0, 190.87673950195312], [241.0000762939453, 171.57455444335938, 294.59674072265625, 280.39532470703125]]}