{"categories": [0, 27, 56, 60, 66, 67, 73], "bboxes": [[19.293228149414062, 7.372650146484375, 289.0771484375, 612.2857666015625], [169.0072021484375, 164.36038208007812, 189.49127197265625, 208.08792114257812], [404.72100830078125, 351.8545837402344, 481.8326416015625, 447.7132263183594], [198.2961883544922, 442.81549072265625, 621.742431640625, 628.3519897460938], [231.14080810546875, 502.9381408691406, 332.189208984375, 554.7894287109375], [391.2611389160156, 470.2216491699219, 444.2946472167969, 491.4362487792969], [339.4197998046875, 494.1187744140625, 494.87603759765625, 571.71826171875]]}