{"categories": [0, 57, 58, 60, 65, 67, 74, 75], "bboxes": [[354.35150146484375, 19.127212524414062, 494.99407958984375, 368.319091796875], [47.60609436035156, 253.77334594726562, 453.508056640625, 371.7928771972656], [47.26746368408203, 204.75784301757812, 99.24195098876953, 260.8997497558594], [4.899200439453125, 244.2943115234375, 132.97752380371094, 371.709228515625], [365.879150390625, 284.1298522949219, 397.93353271484375, 325.2696838378906], [479.66796875, 92.43876647949219, 499.0, 118.04429626464844], [4.147665977478027, 109.63285827636719, 28.560638427734375, 139.62783813476562], [57.626102447509766, 234.93716430664062, 75.44725799560547, 261.55743408203125]]}