{"categories": [0, 38], "bboxes": [[107.42840576171875, 97.02456665039062, 260.9129943847656, 536.27587890625], [330.65985107421875, 168.24215698242188, 440.02923583984375, 520.2755126953125]]}