{"categories": [0, 20, 24, 26], "bboxes": [[262.7349853515625, 151.32667541503906, 371.6123046875, 427.17718505859375], [265.31634521484375, 6.7888946533203125, 628.7659912109375, 396.8909912109375], [252.58387756347656, 184.2646942138672, 283.57965087890625, 242.3937530517578], [137.75985717773438, 176.81883239746094, 212.224609375, 312.22113037109375]]}