{"categories": [0, 38, 39], "bboxes": [[143.51258850097656, 111.0283203125, 317.46929931640625, 476.59051513671875], [327.26751708984375, 317.087646484375, 542.0994873046875, 445.4876708984375], [574.1189575195312, 232.58522033691406, 586.3305053710938, 264.4658203125]]}