{"categories": [0, 28, 46, 49], "bboxes": [[88.05789184570312, 103.01249694824219, 205.69943237304688, 307.78521728515625], [269.1709899902344, 234.25094604492188, 370.3017272949219, 285.7335510253906], [407.7073669433594, 344.8857727050781, 454.6098327636719, 367.4909362792969], [86.90322875976562, 216.4452362060547, 140.4808807373047, 237.5406951904297]]}