{"categories": [0, 24, 33], "bboxes": [[322.5145568847656, 288.51116943359375, 448.7257385253906, 476.18115234375], [461.9482421875, 336.4245300292969, 493.91754150390625, 377.7852478027344], [195.76373291015625, 25.814102172851562, 363.19744873046875, 236.8692169189453]]}