{"categories": [0, 26, 29, 56], "bboxes": [[284.9924011230469, 2.9215545654296875, 499.0, 371.26202392578125], [172.2010498046875, 199.3248748779297, 236.23779296875, 360.16046142578125], [276.5095520019531, 281.54901123046875, 382.2091979980469, 358.0419921875], [53.96558380126953, 257.6911315917969, 202.98965454101562, 368.6719665527344]]}