{"categories": [0, 39, 44, 45, 53, 58, 62, 63, 69, 73], "bboxes": [[203.10372924804688, 14.065765380859375, 428.0378112792969, 456.2943115234375], [53.023521423339844, 272.0108337402344, 143.18063354492188, 479.0], [325.8330383300781, 423.1062927246094, 345.9214172363281, 452.3976745605469], [302.325439453125, 437.9499816894531, 434.3948974609375, 478.4719543457031], [183.25045776367188, 459.82525634765625, 304.73199462890625, 478.37158203125], [304.17816162109375, 404.820068359375, 440.21990966796875, 479.0], [416.9756774902344, 122.049560546875, 538.12158203125, 294.8110656738281], [456.5201416015625, 385.464111328125, 507.39715576171875, 405.85906982421875], [428.20941162109375, 387.1734313964844, 513.8773803710938, 479.0], [1.832514762878418, 246.85516357421875, 22.870655059814453, 304.27899169921875]]}