{"categories": [0, 40, 41, 45, 48, 55, 60], "bboxes": [[265.927490234375, 189.95779418945312, 586.8231201171875, 589.8594970703125], [565.5267944335938, 294.17706298828125, 591.5803833007812, 352.264404296875], [70.70648193359375, 437.4691162109375, 130.08273315429688, 530.3604125976562], [92.36915588378906, 561.8827514648438, 150.07745361328125, 594.5278930664062], [232.91001892089844, 484.2577819824219, 290.6868896484375, 558.4911499023438], [185.65121459960938, 481.1634826660156, 314.7538146972656, 578.8013916015625], [25.259613037109375, 474.8712463378906, 444.1680908203125, 600.260498046875]]}