{"categories": [0, 16, 17, 18, 19, 58], "bboxes": [[119.08805084228516, 10.577682495117188, 359.86114501953125, 400.5538330078125], [58.35557556152344, 253.03884887695312, 512.4395751953125, 479.0], [374.3935546875, 305.2308349609375, 639.0, 473.9049072265625], [68.59335327148438, 259.03106689453125, 501.4615173339844, 479.0], [69.65351867675781, 243.69398498535156, 513.9115600585938, 479.0], [252.8940887451172, 9.54145622253418, 285.99456787109375, 47.95054626464844]]}