{"categories": [0, 27, 41, 45, 56, 57, 60], "bboxes": [[393.876953125, 145.984619140625, 506.6302490234375, 401.1427001953125], [443.1442565917969, 199.60592651367188, 456.4996643066406, 263.98968505859375], [508.5492858886719, 265.2371826171875, 529.9420166015625, 288.77056884765625], [279.3309020996094, 267.56634521484375, 304.9877014160156, 289.730712890625], [60.77601623535156, 201.49600219726562, 224.25511169433594, 400.5957946777344], [61.19010925292969, 205.75424194335938, 349.3629150390625, 393.4847717285156], [475.14532470703125, 277.34405517578125, 619.1038208007812, 421.59320068359375]]}