{"categories": [0, 2, 3, 9, 25, 26], "bboxes": [[15.783432006835938, 47.046630859375, 236.02633666992188, 470.220458984375], [415.4390869140625, 62.282142639160156, 599.6983642578125, 187.07855224609375], [105.13267517089844, 75.44194030761719, 605.1897583007812, 428.5799560546875], [206.5281982421875, 17.09345054626465, 218.54156494140625, 39.56537628173828], [248.49717712402344, 33.73909378051758, 288.530517578125, 50.82844161987305], [34.968650817871094, 151.33428955078125, 132.52133178710938, 319.0472412109375]]}