{"categories": [0, 2, 17, 24, 25], "bboxes": [[35.03099060058594, 69.81011962890625, 309.20245361328125, 472.4091796875], [0.8653831481933594, 343.9554443359375, 32.29037094116211, 495.98919677734375], [319.36968994140625, 250.0754852294922, 551.320556640625, 536.6027221679688], [101.76292419433594, 166.00477600097656, 223.8677215576172, 292.56329345703125], [581.704833984375, 136.97225952148438, 622.0374755859375, 249.40191650390625]]}