{"categories": [0, 26, 40, 54, 55, 56, 58, 75], "bboxes": [[139.7614288330078, 152.907958984375, 375.1807861328125, 424.696044921875], [150.6762237548828, 254.4010467529297, 278.90594482421875, 417.24615478515625], [496.162841796875, 186.5526123046875, 513.4891357421875, 221.76873779296875], [460.3653564453125, 246.0145263671875, 489.42620849609375, 288.8924560546875], [552.4383544921875, 237.74481201171875, 626.0706787109375, 326.49713134765625], [35.39414978027344, 379.00616455078125, 56.4049072265625, 425.0], [39.64098358154297, 66.26301574707031, 184.32260131835938, 406.802734375], [99.78185272216797, 309.8874816894531, 134.71170043945312, 400.7655334472656]]}