{"categories": [0, 41, 57, 58, 65], "bboxes": [[131.1859588623047, 41.321685791015625, 453.5499267578125, 374.0], [310.98541259765625, 278.8834533691406, 359.31878662109375, 337.1173400878906], [439.383544921875, 68.83626556396484, 499.0, 242.85232543945312], [348.8037109375, 0.0, 473.7542724609375, 72.81904602050781], [410.2348327636719, 329.01873779296875, 453.7749328613281, 349.8541259765625]]}