{"categories": [0, 24, 30], "bboxes": [[381.4980163574219, 98.65504455566406, 570.829833984375, 450.63134765625], [12.88247299194336, 170.50259399414062, 91.76731872558594, 256.0524597167969], [328.2785339355469, 405.8258361816406, 628.8612060546875, 474.1103820800781]]}