{"categories": [0, 17], "bboxes": [[344.2047424316406, 77.19096374511719, 441.0731506347656, 371.43743896484375], [69.20066833496094, 52.14630126953125, 348.44927978515625, 584.5582275390625]]}