{"categories": [0, 24, 28, 45], "bboxes": [[516.17236328125, 109.59933471679688, 638.1224365234375, 471.8548889160156], [41.0716552734375, 191.77769470214844, 257.26629638671875, 371.693603515625], [244.29615783691406, 302.5605163574219, 416.556884765625, 469.6068420410156], [250.6934051513672, 349.88824462890625, 292.0352478027344, 383.2742919921875]]}