{"categories": [0, 26, 41, 45, 67], "bboxes": [[104.88282775878906, 73.02272033691406, 416.66595458984375, 466.5565185546875], [529.9642333984375, 238.71469116210938, 634.5982666015625, 405.7397155761719], [369.3536682128906, 390.8179931640625, 434.1156921386719, 461.52008056640625], [468.9393005371094, 281.7204895019531, 495.1950988769531, 309.0864562988281], [450.2659606933594, 371.2858581542969, 556.2483520507812, 391.9875183105469]]}