{"categories": [0, 25, 41, 42, 43, 45, 53, 56, 60, 67], "bboxes": [[0.440155029296875, 232.45440673828125, 210.2292938232422, 471.51708984375], [210.0670928955078, 114.46928405761719, 257.2144775390625, 242.96482849121094], [133.5755157470703, 415.4098815917969, 167.85816955566406, 479.0], [168.23826599121094, 374.146728515625, 194.38990783691406, 406.51422119140625], [99.92826843261719, 402.5384521484375, 144.1453857421875, 452.2225341796875], [326.45953369140625, 327.5157165527344, 362.57806396484375, 349.4450378417969], [320.5721740722656, 353.44586181640625, 369.7790832519531, 383.70599365234375], [609.567138671875, 236.25650024414062, 639.0, 305.3187561035156], [50.51983642578125, 309.82550048828125, 387.4921875, 472.72479248046875], [382.8540954589844, 176.36959838867188, 396.6001892089844, 211.04782104492188]]}