{"categories": [0, 32, 38], "bboxes": [[187.13351440429688, 86.89892578125, 299.32177734375, 408.5917053222656], [274.9410400390625, 177.9152069091797, 287.11480712890625, 194.0070037841797], [17.216217041015625, 261.7747497558594, 116.2689208984375, 300.4624938964844]]}