{"categories": [0, 41, 43, 53, 60], "bboxes": [[20.450607299804688, 75.994140625, 298.66448974609375, 306.0171813964844], [596.1834716796875, 384.648193359375, 639.0, 427.0], [79.60444641113281, 239.7869873046875, 197.91835021972656, 289.17828369140625], [2.831756591796875, 278.2950744628906, 319.57537841796875, 426.8668518066406], [7.8998260498046875, 247.9510498046875, 495.972412109375, 427.0]]}