{"categories": [0, 56, 62, 69, 71, 72, 74], "bboxes": [[9.159950256347656, 50.355926513671875, 241.333740234375, 398.1474304199219], [472.0450134277344, 275.4594421386719, 505.2353210449219, 384.9934997558594], [138.75128173828125, 216.77459716796875, 240.39849853515625, 321.38482666015625], [134.979248046875, 197.94049072265625, 245.2625732421875, 335.311279296875], [0.4665794372558594, 231.20753479003906, 108.79801940917969, 298.8810119628906], [274.1305236816406, 63.36834716796875, 374.1449890136719, 282.179443359375], [292.1789855957031, 0.46529388427734375, 348.2365417480469, 65.6484603881836]]}