{"categories": [0, 24, 29, 32, 35], "bboxes": [[142.20513916015625, 92.0002212524414, 315.1449890136719, 295.2883605957031], [107.94818115234375, 331.3699951171875, 231.76419067382812, 499.0], [237.71539306640625, 380.72808837890625, 299.75909423828125, 453.51727294921875], [171.00369262695312, 43.651329040527344, 188.88351440429688, 61.17335510253906], [265.3117370605469, 199.89585876464844, 286.0039978027344, 232.3120880126953]]}