{"categories": [0, 32, 34, 36], "bboxes": [[91.53133392333984, 72.46162414550781, 286.4371643066406, 455.99993896484375], [367.8645324707031, 519.8897705078125, 389.9448547363281, 539.4234619140625], [401.6125183105469, 111.16719818115234, 431.2139587402344, 341.8202819824219], [331.5165100097656, 508.0088806152344, 611.32373046875, 544.178955078125]]}