{"categories": [0, 34, 35], "bboxes": [[103.91348266601562, 228.93450927734375, 270.31536865234375, 449.05859375], [192.33004760742188, 21.999103546142578, 229.60238647460938, 119.92561340332031], [292.4671630859375, 131.93296813964844, 326.98602294921875, 176.82484436035156]]}