{"categories": [0, 2, 62, 67, 68, 69], "bboxes": [[72.41057586669922, 65.36483764648438, 254.61770629882812, 606.2689208984375], [20.73309898376465, 365.3604736328125, 77.58364868164062, 404.63995361328125], [381.9841613769531, 153.044677734375, 453.2405700683594, 204.14828491210938], [303.1168518066406, 173.6544189453125, 330.5261535644531, 198.24185180664062], [375.5456237792969, 145.03163146972656, 468.8827209472656, 210.24794006347656], [375.7105407714844, 238.07998657226562, 461.6304016113281, 357.9579162597656]]}