{"categories": [0, 24, 30, 36], "bboxes": [[83.1270980834961, 164.5161590576172, 212.75537109375, 480.68658447265625], [172.16290283203125, 206.53585815429688, 211.52896118164062, 285.2854309082031], [434.7956848144531, 443.75250244140625, 569.1829223632812, 527.9813842773438], [123.017333984375, 464.1053466796875, 172.19479370117188, 521.4431762695312]]}