{"categories": [0, 56, 65, 67], "bboxes": [[238.33982849121094, 99.43490600585938, 424.0, 639.0], [192.7144012451172, 276.1756286621094, 270.5273132324219, 441.7433776855469], [175.1496124267578, 270.5977783203125, 204.64234924316406, 282.7318115234375], [297.5892333984375, 188.25680541992188, 316.70068359375, 226.92764282226562]]}