{"categories": [0, 41, 48, 56, 57, 58, 59, 72, 73], "bboxes": [[396.44940185546875, 65.23214721679688, 566.026611328125, 275.14788818359375], [429.9933776855469, 421.3299255371094, 518.597900390625, 479.0], [257.3215026855469, 321.88726806640625, 329.2544860839844, 415.86199951171875], [508.1033935546875, 273.2162170410156, 637.0189208984375, 478.7936706542969], [58.648223876953125, 232.47323608398438, 625.846435546875, 477.1123352050781], [428.10882568359375, 0.0, 493.55914306640625, 79.28675842285156], [12.938430786132812, 399.7158508300781, 502.74951171875, 475.3058166503906], [67.2226791381836, 82.292236328125, 213.19235229492188, 315.9266662597656], [229.6386260986328, 20.919677734375, 328.57281494140625, 129.3787841796875]]}