{"categories": [0, 27, 38, 59], "bboxes": [[36.970176696777344, 118.6640625, 251.09844970703125, 631.5516967773438], [388.331298828125, 209.15765380859375, 419.92669677734375, 305.2855224609375], [28.884273529052734, 270.6656494140625, 108.30706787109375, 434.091796875], [18.552337646484375, 1.56500244140625, 531.035400390625, 487.94482421875]]}