{"categories": [0, 2, 35], "bboxes": [[477.50555419921875, 236.4954071044922, 606.6266479492188, 512.3090209960938], [1.4560699462890625, 191.09616088867188, 179.29808044433594, 331.1156311035156], [136.04286193847656, 230.2239227294922, 200.3666229248047, 311.8726806640625]]}