{"categories": [0, 27, 40, 41, 53, 56, 73], "bboxes": [[6.7241363525390625, 31.167251586914062, 300.6397705078125, 419.68560791015625], [116.03231811523438, 211.02166748046875, 175.391845703125, 401.22564697265625], [367.42608642578125, 169.07635498046875, 394.28021240234375, 217.45376586914062], [278.7167663574219, 374.70416259765625, 351.1200256347656, 419.6444091796875], [413.3266906738281, 397.41400146484375, 542.7802124023438, 419.28558349609375], [251.61268615722656, 223.05807495117188, 361.96142578125, 382.5765686035156], [349.18756103515625, 182.7078857421875, 616.0836791992188, 414.994140625]]}