{"categories": [0, 42, 44, 55, 56, 60], "bboxes": [[23.689590454101562, 15.914840698242188, 346.8782958984375, 414.53302001953125], [259.2026672363281, 312.1424560546875, 369.7257995605469, 333.88299560546875], [334.65191650390625, 362.9986877441406, 437.653076171875, 385.5033874511719], [418.413330078125, 202.02511596679688, 567.564453125, 295.1899108886719], [161.3048553466797, 188.52955627441406, 263.62359619140625, 342.88018798828125], [212.9724578857422, 174.14501953125, 639.0, 421.1114501953125]]}