{"categories": [0, 32, 34, 35], "bboxes": [[290.21417236328125, 24.270233154296875, 510.87274169921875, 264.21697998046875], [306.97161865234375, 179.84266662597656, 331.728271484375, 191.7670440673828], [272.52777099609375, 94.88578033447266, 352.30303955078125, 108.14476776123047], [258.1379699707031, 166.03553771972656, 293.1967468261719, 201.4217071533203]]}