{"categories": [0, 39, 41, 53, 54, 56, 60, 63, 67], "bboxes": [[0.0, 76.23548889160156, 177.6152801513672, 357.53436279296875], [243.1616668701172, 216.0939483642578, 268.8299865722656, 292.83990478515625], [190.12322998046875, 232.59225463867188, 224.25381469726562, 295.3145446777344], [88.13694763183594, 176.29470825195312, 129.4906005859375, 210.31890869140625], [182.5613555908203, 142.7117156982422, 205.10008239746094, 165.4475555419922], [204.30088806152344, 63.16273498535156, 233.38648986816406, 95.30824279785156], [119.8175048828125, 177.10861206054688, 390.3328857421875, 357.3170471191406], [222.9976043701172, 176.08746337890625, 287.14385986328125, 224.13168334960938], [162.15325927734375, 323.6226806640625, 195.69326782226562, 352.6778564453125]]}