{"categories": [0, 24, 30], "bboxes": [[355.8753662109375, 139.89944458007812, 495.4781494140625, 408.6776428222656], [243.5502471923828, 188.84841918945312, 281.6862487792969, 274.981201171875], [245.77818298339844, 376.4173278808594, 387.36944580078125, 472.0453796386719]]}