{"categories": [0, 7, 27, 65, 67, 69, 72], "bboxes": [[337.30224609375, 30.7432861328125, 520.1367797851562, 289.3824157714844], [188.08865356445312, 103.61946105957031, 632.3394775390625, 419.47113037109375], [413.21075439453125, 131.2696075439453, 436.68023681640625, 205.2151641845703], [306.78082275390625, 225.8252410888672, 343.9503173828125, 245.20640563964844], [264.9827575683594, 211.12933349609375, 284.4377136230469, 221.8900146484375], [360.4364929199219, 281.3934631347656, 585.6393432617188, 422.6187438964844], [6.167427062988281, 144.4911346435547, 209.71868896484375, 388.749267578125]]}