{"categories": [0, 25, 26, 27], "bboxes": [[270.2033996582031, 265.1357727050781, 443.2483215332031, 527.0186767578125], [164.47964477539062, 205.87869262695312, 505.9828186035156, 319.6751403808594], [311.3655090332031, 359.6379699707031, 403.9623107910156, 520.9783325195312], [436.1744689941406, 337.9523620605469, 476.0090637207031, 520.249755859375]]}