{"categories": [0, 4, 7, 24, 26, 56], "bboxes": [[177.78811645507812, 286.17425537109375, 227.80642700195312, 416.51324462890625], [18.129119873046875, 10.438522338867188, 637.977294921875, 291.95831298828125], [13.396133422851562, 312.3085021972656, 83.30626678466797, 333.4120788574219], [429.0647277832031, 285.0543518066406, 513.2100830078125, 390.2524108886719], [248.59768676757812, 308.3853759765625, 296.6261291503906, 478.40447998046875], [436.7447509765625, 406.5770568847656, 471.27850341796875, 478.0559387207031]]}