{"categories": [0, 1, 7, 17, 56], "bboxes": [[137.78268432617188, 102.87246704101562, 285.9191589355469, 296.31365966796875], [612.344970703125, 258.8565368652344, 639.0, 336.0072937011719], [233.08200073242188, 14.222126007080078, 315.9947204589844, 99.56361389160156], [285.12469482421875, 155.11195373535156, 546.3170776367188, 416.39031982421875], [495.0885314941406, 111.19964599609375, 542.8886108398438, 136.0512237548828]]}