{"categories": [0, 24, 26, 39, 40, 41, 56, 60, 62], "bboxes": [[1.6383285522460938, 92.53224182128906, 218.17926025390625, 420.714111328125], [538.744384765625, 167.76296997070312, 611.6705322265625, 321.7392883300781], [588.9155883789062, 310.24285888671875, 613.6394653320312, 361.2991943359375], [319.7889709472656, 323.0704040527344, 343.1283264160156, 397.0853576660156], [213.1031494140625, 354.9970703125, 230.64996337890625, 404.13775634765625], [238.19212341308594, 370.28826904296875, 260.73223876953125, 402.345947265625], [276.9830322265625, 260.0791015625, 301.5235595703125, 310.673828125], [188.68463134765625, 305.35064697265625, 477.482177734375, 421.9979248046875], [453.66436767578125, 58.106590270996094, 541.8251342773438, 121.32913970947266]]}