{"categories": [0, 2, 7, 13, 51, 56, 60], "bboxes": [[198.6814422607422, 173.85662841796875, 540.2115478515625, 417.318603515625], [19.8232421875, 13.35385513305664, 112.34829711914062, 48.93446350097656], [538.9454956054688, 1.1066780090332031, 639.0, 61.75529098510742], [522.8492431640625, 74.55201721191406, 587.2244873046875, 156.4188690185547], [296.52459716796875, 297.7737731933594, 344.09429931640625, 364.2721252441406], [602.709716796875, 284.0926513671875, 639.0, 412.22235107421875], [122.42549133300781, 53.9559211730957, 233.14012145996094, 77.09046173095703]]}