{"categories": [0, 24, 56, 57, 59, 65, 73, 77], "bboxes": [[364.1324157714844, 117.62236022949219, 469.4778747558594, 412.3798828125], [226.89430236816406, 279.6515808105469, 331.2425231933594, 345.7354431152344], [192.6036376953125, 245.89154052734375, 293.8166809082031, 310.59771728515625], [37.18695068359375, 250.69882202148438, 639.0, 465.5162048339844], [30.464691162109375, 228.64215087890625, 612.671142578125, 444.50927734375], [3.19254207611084, 399.5256652832031, 27.096458435058594, 424.1683044433594], [40.02259826660156, 318.9884948730469, 86.87931823730469, 336.2204284667969], [159.88058471679688, 290.7830810546875, 245.81735229492188, 363.58880615234375]]}