{"categories": [0, 2, 32, 38], "bboxes": [[432.3335876464844, 44.25804138183594, 613.36865234375, 356.93182373046875], [332.4613037109375, 273.1806640625, 467.904052734375, 354.84735107421875], [22.213008880615234, 272.9347229003906, 38.38821029663086, 289.5481262207031], [599.4365844726562, 113.04318237304688, 631.6138305664062, 158.53738403320312]]}