{"categories": [0, 29, 35], "bboxes": [[308.40338134765625, 248.14633178710938, 393.8814697265625, 517.12744140625], [155.5977783203125, 408.2555236816406, 228.767333984375, 422.7154846191406], [272.31463623046875, 372.0871887207031, 311.43316650390625, 406.1216735839844]]}