{"categories": [0, 29], "bboxes": [[1.1934738159179688, 37.96368408203125, 253.3564453125, 372.98834228515625], [291.795654296875, 156.66357421875, 385.1358642578125, 217.0242919921875]]}