{"categories": [0, 44, 45, 55, 58, 60], "bboxes": [[144.99884033203125, 16.07177734375, 637.119140625, 627.8224487304688], [125.50128936767578, 565.6939697265625, 253.79592895507812, 636.2239990234375], [0.0, 565.4567260742188, 222.48382568359375, 639.0], [166.71279907226562, 533.7515258789062, 333.73828125, 634.8659057617188], [3.5713729858398438, 443.32818603515625, 120.57306671142578, 573.8016357421875], [0.0, 406.26519775390625, 410.8232421875, 627.4680786132812]]}