{"categories": [0, 2, 24, 25, 26, 75], "bboxes": [[194.803955078125, 129.45648193359375, 352.6068115234375, 550.2969970703125], [0.0, 136.65818786621094, 212.70053100585938, 442.714111328125], [201.46792602539062, 153.34469604492188, 377.1249694824219, 411.4125061035156], [109.390869140625, 68.08378601074219, 300.9441833496094, 182.5242156982422], [297.49810791015625, 193.3458251953125, 396.28778076171875, 388.67474365234375], [442.122314453125, 197.8419952392578, 479.54833984375, 246.92832946777344]]}