{"categories": [0, 39, 41, 56, 60, 63, 67, 73], "bboxes": [[161.28643798828125, 16.66595458984375, 374.682861328125, 295.60009765625], [496.1525573730469, 272.01153564453125, 562.3306884765625, 418.80950927734375], [626.22900390625, 391.8649597167969, 639.0, 411.3775329589844], [492.478515625, 129.77749633789062, 592.1605224609375, 338.6981506347656], [7.176605224609375, 254.5975341796875, 601.9334716796875, 470.73724365234375], [65.961669921875, 266.0213928222656, 359.0406188964844, 407.7663269042969], [545.4777221679688, 405.81317138671875, 615.5101928710938, 465.0850830078125], [62.70948028564453, 239.72926330566406, 166.02084350585938, 287.5908203125]]}