{"categories": [0, 24, 32], "bboxes": [[241.08883666992188, 23.831298828125, 509.6537170410156, 589.1840209960938], [141.0147247314453, 93.20733642578125, 197.21754455566406, 179.160888671875], [23.559467315673828, 477.1875305175781, 126.07640075683594, 585.6409301757812]]}