{"categories": [0, 2, 38], "bboxes": [[166.19580078125, 91.55029296875, 288.25518798828125, 383.6031799316406], [1.3600921630859375, 135.22103881835938, 46.556861877441406, 162.54461669921875], [352.23358154296875, 151.70724487304688, 401.3226318359375, 221.34329223632812]]}