{"categories": [0, 41, 56, 57, 58, 60, 73, 77], "bboxes": [[251.9133758544922, 136.55235290527344, 379.082275390625, 422.65521240234375], [158.85850524902344, 410.3760986328125, 213.45530700683594, 453.18658447265625], [367.25469970703125, 88.8017578125, 504.96185302734375, 312.1893615722656], [488.5478210449219, 242.60940551757812, 639.0, 468.7716979980469], [429.0922546386719, 80.99765014648438, 469.3189392089844, 132.4315643310547], [2.0780105590820312, 102.42757415771484, 94.55976867675781, 237.49057006835938], [380.15570068359375, 243.51727294921875, 468.79986572265625, 277.96337890625], [596.1964111328125, 161.37197875976562, 639.0, 201.07699584960938]]}