{"categories": [0, 54, 67, 76], "bboxes": [[8.511322021484375, 1.3309326171875, 499.0, 320.361328125], [8.015995025634766, 207.7401123046875, 108.15180969238281, 266.1866149902344], [60.711280822753906, 156.43707275390625, 89.70172882080078, 183.53680419921875], [115.64649963378906, 18.240005493164062, 403.686767578125, 149.11550903320312]]}