{"categories": [0, 5, 7, 8, 46, 49], "bboxes": [[545.4007568359375, 162.37791442871094, 637.2445068359375, 477.1451416015625], [86.4258041381836, 0.0, 336.5708923339844, 126.10285949707031], [101.19888305664062, 0.8003005981445312, 367.1726989746094, 139.01849365234375], [0.8183822631835938, 2.3726806640625, 42.548282623291016, 90.72001647949219], [101.53223419189453, 224.97036743164062, 144.91673278808594, 264.8168029785156], [234.4437255859375, 134.30520629882812, 321.5400390625, 194.94454956054688]]}