{"categories": [0, 56, 57, 59, 60, 73], "bboxes": [[157.03648376464844, 103.1328125, 378.2178955078125, 594.2985229492188], [258.66015625, 423.8887939453125, 405.05645751953125, 629.9071044921875], [0.0, 410.04644775390625, 229.01690673828125, 581.4381713867188], [3.9366378784179688, 556.5615234375, 170.341796875, 630.64599609375], [261.468994140625, 483.45123291015625, 423.4354248046875, 630.3034057617188], [289.4125671386719, 482.4374694824219, 385.7447814941406, 506.2523498535156]]}