{"categories": [0, 40, 41, 42, 45, 53, 55, 60], "bboxes": [[1.475982666015625, 21.294830322265625, 307.9941101074219, 559.6728515625], [406.19073486328125, 384.49114990234375, 478.37481689453125, 548.6324462890625], [457.4384765625, 324.5008544921875, 479.0, 402.80609130859375], [178.3689422607422, 489.6490173339844, 297.72650146484375, 511.0050964355469], [295.5370788574219, 560.17138671875, 426.4017028808594, 619.839599609375], [331.01336669921875, 373.0173645019531, 447.2958984375, 411.4970397949219], [220.72317504882812, 454.6185607910156, 291.4755554199219, 498.9207458496094], [67.73597717285156, 367.5645446777344, 468.1016845703125, 629.2760009765625]]}