{"categories": [0, 36, 39, 40, 56, 60, 71], "bboxes": [[361.627197265625, 267.49908447265625, 629.5421752929688, 630.73193359375], [303.54779052734375, 368.78411865234375, 369.18402099609375, 398.021728515625], [572.3883666992188, 200.45689392089844, 583.8998413085938, 231.64524841308594], [133.6844482421875, 543.8164672851562, 177.24163818359375, 636.1376342773438], [326.93109130859375, 314.36981201171875, 369.6156005859375, 355.07073974609375], [89.01461791992188, 371.2188720703125, 537.0245361328125, 630.3350830078125], [327.44677734375, 553.9097900390625, 547.278076171875, 627.6875]]}