{"categories": [0, 25, 26, 27], "bboxes": [[114.23184204101562, 132.45742797851562, 398.0, 624.9058837890625], [5.7808837890625, 71.57211303710938, 370.767333984375, 191.60345458984375], [0.0, 461.9822998046875, 33.52076721191406, 582.929931640625], [108.59872436523438, 421.7044982910156, 171.63177490234375, 587.8936767578125]]}