{"categories": [0, 27], "bboxes": [[211.71734619140625, 257.09124755859375, 378.462646484375, 632.994873046875], [298.8651123046875, 347.040283203125, 323.5191650390625, 414.84661865234375]]}