{"categories": [0, 27, 40, 41, 42, 43, 45, 56, 58, 60, 73, 75], "bboxes": [[0.36779022216796875, 108.06663513183594, 148.21005249023438, 292.41473388671875], [49.5312614440918, 181.45681762695312, 73.27294921875, 266.8255920410156], [100.39012908935547, 213.64157104492188, 130.43353271484375, 290.0397033691406], [264.87725830078125, 282.839111328125, 301.962890625, 312.1107177734375], [211.59976196289062, 331.9786682128906, 227.30416870117188, 379.1092834472656], [343.8346252441406, 329.082275390625, 384.8954162597656, 369.513916015625], [221.5159149169922, 236.23855590820312, 249.86036682128906, 259.5456848144531], [115.25544738769531, 410.2507629394531, 423.31866455078125, 473.5097961425781], [126.20265197753906, 0.3802337646484375, 368.31597900390625, 247.062255859375], [15.386001586914062, 203.79441833496094, 522.6478271484375, 463.0650634765625], [233.53038024902344, 324.5142517089844, 338.85052490234375, 381.2513732910156], [232.36859130859375, 68.10265350341797, 277.5005798339844, 264.672607421875]]}