{"categories": [0, 25, 29], "bboxes": [[40.774635314941406, 44.086883544921875, 191.44427490234375, 425.2966613769531], [341.12310791015625, 300.8419494628906, 531.8844604492188, 410.1772155761719], [438.9079895019531, 62.026058197021484, 567.6181030273438, 172.13082885742188]]}