{"categories": [0, 30], "bboxes": [[176.14605712890625, 50.79960632324219, 426.0, 557.017333984375], [241.38504028320312, 511.9384765625, 417.7713928222656, 637.837158203125]]}