{"categories": [0, 7, 27, 39, 40, 52, 60, 75], "bboxes": [[113.13897705078125, 20.470947265625, 391.9422912597656, 590.6934814453125], [0.0, 66.3412094116211, 150.90069580078125, 291.09423828125], [198.72613525390625, 231.36398315429688, 314.267822265625, 323.3368225097656], [434.77935791015625, 367.5343322753906, 471.41375732421875, 473.4202575683594], [342.48065185546875, 383.2060852050781, 425.28729248046875, 557.4713134765625], [238.95118713378906, 456.6403503417969, 326.74078369140625, 547.9885864257812], [190.13046264648438, 376.2768859863281, 479.0, 631.1678466796875], [402.37884521484375, 450.78076171875, 479.0, 607.6497802734375]]}