{"categories": [0, 26, 57, 67], "bboxes": [[1.1278076171875, 12.7091064453125, 326.0835266113281, 476.41204833984375], [97.24932098388672, 287.9107666015625, 221.19512939453125, 415.4678955078125], [22.40277099609375, 174.61019897460938, 603.414306640625, 469.8121643066406], [102.5239028930664, 381.32568359375, 155.93223571777344, 449.56988525390625]]}