{"categories": [0, 27, 41, 56, 68, 71, 73], "bboxes": [[96.16908264160156, 31.052703857421875, 453.95068359375, 623.40625], [276.92828369140625, 135.8016357421875, 307.50140380859375, 329.5861511230469], [535.66162109375, 221.712646484375, 560.830078125, 253.77304077148438], [68.58518981933594, 243.6656951904297, 237.1754608154297, 581.921630859375], [416.2020263671875, 201.43930053710938, 481.19598388671875, 250.08956909179688], [25.65345001220703, 190.03407287597656, 159.7353515625, 213.97691345214844], [494.3853454589844, 204.14674377441406, 543.2994995117188, 247.99659729003906]]}