{"categories": [0, 41, 67], "bboxes": [[143.17103576660156, 3.2434844970703125, 497.8919677734375, 391.26739501953125], [147.3153076171875, 125.9922866821289, 224.36270141601562, 204.52691650390625], [145.9440155029297, 180.70790100097656, 232.6831512451172, 276.1065368652344]]}