{"categories": [0, 40, 60, 65, 72, 74], "bboxes": [[277.63153076171875, 22.744720458984375, 609.6192016601562, 476.43646240234375], [293.829345703125, 199.70849609375, 355.02252197265625, 343.115234375], [17.25726318359375, 380.790283203125, 339.79473876953125, 475.6279296875], [486.3406677246094, 221.3814697265625, 502.3054504394531, 247.42010498046875], [72.34056091308594, 77.55986785888672, 151.39120483398438, 333.4190673828125], [458.8276672363281, 342.6912536621094, 488.4808044433594, 375.0777282714844]]}