{"categories": [0, 39, 40, 41, 43, 45, 55, 60], "bboxes": [[32.43885803222656, 81.46641540527344, 407.46661376953125, 425.271484375], [452.82415771484375, 304.2051086425781, 506.33648681640625, 427.0], [386.8916015625, 287.9790344238281, 408.02777099609375, 326.0414733886719], [281.3657531738281, 371.9075012207031, 339.7549743652344, 422.2388610839844], [349.49041748046875, 333.25445556640625, 430.951171875, 354.74359130859375], [278.3645324707031, 371.3296813964844, 341.8089294433594, 414.4581604003906], [411.2463684082031, 196.132568359375, 500.4911804199219, 342.76080322265625], [265.67303466796875, 297.62249755859375, 546.6609497070312, 422.85247802734375]]}