{"categories": [0, 7, 31, 37], "bboxes": [[66.2385482788086, 64.51547241210938, 275.3944396972656, 220.32766723632812], [348.35552978515625, 0.7628259658813477, 380.37554931640625, 26.003673553466797], [0.0, 195.19207763671875, 159.5482940673828, 266.1796569824219], [74.37307739257812, 212.66958618164062, 499.0, 307.0786437988281]]}