{"categories": [0, 42, 45, 54, 56, 60, 63], "bboxes": [[52.31121063232422, 0.0, 271.2643127441406, 397.9959411621094], [412.5101623535156, 329.3285217285156, 497.9814758300781, 418.9267272949219], [189.31201171875, 189.20155334472656, 247.9637451171875, 219.50999450683594], [355.12261962890625, 429.251220703125, 400.31951904296875, 464.3873291015625], [431.37969970703125, 115.28703308105469, 529.6051635742188, 226.0076141357422], [52.240509033203125, 205.05239868164062, 610.5677490234375, 472.5359191894531], [598.2120361328125, 111.42060089111328, 636.232666015625, 143.59359741210938]]}