{"categories": [0, 27, 62], "bboxes": [[321.08538818359375, 81.86567687988281, 639.0, 417.062744140625], [94.85890197753906, 276.6751403808594, 125.16351318359375, 421.0267639160156], [533.7047119140625, 90.12452697753906, 639.0, 178.08119201660156]]}