{"categories": [0, 3, 25, 26, 46], "bboxes": [[294.2649841308594, 203.71871948242188, 435.7261657714844, 478.1947326660156], [494.547119140625, 333.605224609375, 639.0, 474.6407470703125], [0.0, 0.8817291259765625, 634.3380737304688, 274.791259765625], [290.4586181640625, 342.8815612792969, 316.450927734375, 401.3470153808594], [288.4309387207031, 231.13485717773438, 322.9512023925781, 274.65020751953125]]}