{"categories": [0, 41, 45, 63, 64, 73], "bboxes": [[46.075592041015625, 0.0, 340.86444091796875, 335.12652587890625], [537.0241088867188, 362.0101623535156, 639.0, 478.1943664550781], [539.6971435546875, 360.1357727050781, 639.0, 475.7081604003906], [170.71258544921875, 195.2966766357422, 596.2803955078125, 461.93157958984375], [106.41027069091797, 326.7126770019531, 167.0793914794922, 392.0379943847656], [4.01422119140625, 301.61114501953125, 78.9276123046875, 475.8382568359375]]}