{"categories": [0, 39, 40, 41, 60], "bboxes": [[236.12747192382812, 33.28742980957031, 489.1110534667969, 363.70037841796875], [148.95425415039062, 148.4197540283203, 183.214599609375, 248.23219299316406], [207.3226318359375, 191.8411865234375, 263.2944030761719, 326.857666015625], [115.33385467529297, 143.11346435546875, 150.1298065185547, 199.42996215820312], [76.91413879394531, 180.72718811035156, 369.00762939453125, 370.4180908203125]]}