{"categories": [0, 25, 49, 57, 59, 73, 77], "bboxes": [[331.5852966308594, 154.02728271484375, 450.2089538574219, 477.93438720703125], [75.5615234375, 4.9740753173828125, 360.1137390136719, 345.05255126953125], [483.3111572265625, 77.05546569824219, 513.62841796875, 112.51332092285156], [124.72518920898438, 125.4456787109375, 638.044677734375, 459.5537109375], [240.19049072265625, 82.71858215332031, 631.0653076171875, 436.08575439453125], [7.370965957641602, 28.02394676208496, 58.173728942871094, 41.2225341796875], [374.8502197265625, 45.500186920166016, 439.92633056640625, 109.08219909667969]]}