{"categories": [0, 27, 60], "bboxes": [[63.03863525390625, 50.33094787597656, 384.3742980957031, 420.41644287109375], [441.92779541015625, 257.04547119140625, 472.57470703125, 332.18072509765625], [382.0517883300781, 387.8282470703125, 637.7001953125, 422.8704833984375]]}