{"categories": [0, 62, 65], "bboxes": [[55.05622100830078, 28.371322631835938, 274.48675537109375, 372.17877197265625], [320.310791015625, 246.9929656982422, 476.7337646484375, 360.6778564453125], [318.2760925292969, 120.126708984375, 335.0436096191406, 156.4195556640625]]}