{"categories": [0, 24, 65, 74], "bboxes": [[365.09710693359375, 46.647918701171875, 610.1597900390625, 474.2673034667969], [343.385009765625, 423.1794128417969, 419.74102783203125, 477.6268005371094], [368.88812255859375, 354.83868408203125, 407.17010498046875, 387.55706787109375], [11.034619331359863, 239.9185028076172, 37.316410064697266, 272.2065734863281]]}