{"categories": [0, 39, 40, 41, 42, 43, 50, 56, 60], "bboxes": [[391.6453857421875, 152.6982879638672, 491.9302978515625, 298.334716796875], [267.4072570800781, 254.79580688476562, 288.3320617675781, 324.0616149902344], [202.9296112060547, 297.8438720703125, 237.64723205566406, 374.81536865234375], [179.76602172851562, 291.4371643066406, 209.26358032226562, 343.0976257324219], [275.9020690917969, 388.4292297363281, 304.5992126464844, 426.0], [206.5120391845703, 387.27685546875, 237.5913543701172, 426.0], [339.5633850097656, 375.223876953125, 370.6277770996094, 410.8870849609375], [183.67620849609375, 174.07550048828125, 228.2872314453125, 242.93475341796875], [78.81253051757812, 207.42098999023438, 526.4281005859375, 418.5387268066406]]}