{"categories": [0, 3, 38, 41, 53, 56, 60, 63], "bboxes": [[116.87498474121094, 0.44415283203125, 302.1903076171875, 335.5578918457031], [620.0744018554688, 237.77508544921875, 639.0, 261.7488098144531], [586.3781127929688, 340.9868469238281, 608.6063842773438, 410.0514831542969], [0.26462554931640625, 298.0113830566406, 40.741661071777344, 367.3362731933594], [161.303466796875, 339.4953918457031, 337.03302001953125, 418.7983093261719], [566.985595703125, 237.44235229492188, 605.4647216796875, 270.8288879394531], [30.806549072265625, 284.62164306640625, 545.8349609375, 425.0], [248.3844757080078, 145.79873657226562, 479.79632568359375, 361.0937805175781]]}