{"categories": [0, 1, 2, 9, 24, 74], "bboxes": [[409.3773193359375, 188.66171264648438, 538.1271362304688, 493.0], [30.374366760253906, 295.2287292480469, 257.4114990234375, 449.4279479980469], [0.0, 302.0404052734375, 49.036041259765625, 348.81060791015625], [476.8877868652344, 64.3497543334961, 508.0774841308594, 123.49691009521484], [195.07791137695312, 293.24603271484375, 238.045654296875, 357.339599609375], [255.81832885742188, 104.85307312011719, 276.2547912597656, 126.88339233398438]]}