{"categories": [0, 45, 57, 63, 65], "bboxes": [[264.6265869140625, 71.62796020507812, 413.2318115234375, 317.7230529785156], [433.80670166015625, 82.48041534423828, 488.4755859375, 98.72354888916016], [2.900177001953125, 92.13360595703125, 573.3966064453125, 459.40008544921875], [216.8988800048828, 221.84674072265625, 497.06756591796875, 379.47613525390625], [1.1463851928710938, 259.9207763671875, 135.24542236328125, 300.804931640625]]}