{"categories": [0, 27], "bboxes": [[97.57454681396484, 8.621658325195312, 311.9376220703125, 352.62713623046875], [204.5603485107422, 129.73800659179688, 266.77642822265625, 237.86013793945312]]}