{"categories": [0, 5, 12, 16, 28, 56, 59, 65], "bboxes": [[201.7559051513672, 82.07609558105469, 493.70361328125, 472.76239013671875], [46.769866943359375, 0.0, 577.0352783203125, 355.66094970703125], [467.427490234375, 149.67340087890625, 492.682861328125, 187.61947631835938], [141.64891052246094, 231.57412719726562, 269.45025634765625, 469.1730041503906], [528.097412109375, 176.86329650878906, 637.9326171875, 387.463623046875], [427.636474609375, 191.14620971679688, 520.7239379882812, 332.4936828613281], [459.30914306640625, 308.1639404296875, 636.2935180664062, 473.781005859375], [351.11053466796875, 431.5828552246094, 403.493896484375, 479.0]]}