{"categories": [0, 43, 55, 56, 60, 67], "bboxes": [[0.0, 4.720794677734375, 341.65545654296875, 484.4872741699219], [252.78634643554688, 531.9857788085938, 433.7182312011719, 592.4951782226562], [123.43963623046875, 315.84307861328125, 396.534423828125, 554.3991088867188], [300.622314453125, 31.437110900878906, 363.30401611328125, 124.39432525634766], [6.515960693359375, 446.63861083984375, 477.2450256347656, 629.4901733398438], [346.4581298828125, 117.16632080078125, 385.11181640625, 155.73291015625]]}