{"categories": [0, 24, 29, 34, 56], "bboxes": [[379.96923828125, 160.34658813476562, 550.9794921875, 380.8426818847656], [188.8942108154297, 238.24432373046875, 215.41905212402344, 272.2154541015625], [345.63519287109375, 268.1019592285156, 423.157470703125, 283.4504699707031], [417.7026062011719, 135.7764129638672, 447.1309509277344, 199.07579040527344], [0.35735225677490234, 171.41552734375, 31.336894989013672, 267.90069580078125]]}