{"categories": [0, 2], "bboxes": [[34.98991394042969, 2.9951019287109375, 186.9777374267578, 429.82275390625], [150.28684997558594, 23.85523223876953, 240.1792755126953, 44.6795654296875]]}