{"categories": [0, 14, 29, 62, 66], "bboxes": [[412.34600830078125, 101.19924926757812, 590.1325073242188, 418.3174133300781], [314.7043151855469, 81.73426818847656, 358.6243591308594, 129.60755920410156], [475.8099060058594, 204.6753387451172, 518.2537841796875, 247.70082092285156], [198.50633239746094, 18.454513549804688, 458.9527587890625, 173.9610137939453], [335.3373107910156, 238.75082397460938, 401.0138854980469, 271.11688232421875]]}