{"categories": [0, 2, 3], "bboxes": [[40.483665466308594, 97.95887756347656, 287.5193176269531, 424.72308349609375], [546.6697998046875, 161.63902282714844, 580.906005859375, 178.5667266845703], [561.81298828125, 160.11793518066406, 639.0, 248.14613342285156]]}