{"categories": [0, 26, 27, 40, 41], "bboxes": [[0.0, 116.15229797363281, 282.512451171875, 496.86602783203125], [584.7026977539062, 406.70599365234375, 638.1243286132812, 497.557861328125], [324.3120422363281, 240.25308227539062, 354.8758850097656, 396.9150085449219], [465.3309020996094, 360.1331787109375, 512.8815307617188, 477.56329345703125], [110.02936553955078, 418.17236328125, 157.64219665527344, 483.69610595703125]]}