{"categories": [0, 39, 40, 45, 57, 58, 60, 72, 73], "bboxes": [[50.06663513183594, 165.5408935546875, 232.28382873535156, 523.4222412109375], [403.5731201171875, 293.0848083496094, 421.702880859375, 342.6434020996094], [246.27479553222656, 332.630859375, 277.4631042480469, 399.3533935546875], [104.34222412109375, 552.849609375, 178.69921875, 612.193603515625], [0.0, 316.426513671875, 74.76568603515625, 534.5503540039062], [8.613534927368164, 167.22799682617188, 58.943389892578125, 211.49526977539062], [23.175247192382812, 468.3651123046875, 348.90936279296875, 634.9749755859375], [0.0, 212.42115783691406, 87.76971435546875, 318.41815185546875], [166.30873107910156, 478.7002868652344, 291.216796875, 558.7245483398438]]}