{"categories": [0, 54], "bboxes": [[0.0, 0.0, 351.3968811035156, 424.48944091796875], [224.2281036376953, 199.23228454589844, 344.933837890625, 276.96612548828125]]}