{"categories": [0, 26, 41, 45, 50, 51, 56], "bboxes": [[0.0, 66.85964965820312, 232.5713653564453, 397.0327453613281], [0.0, 154.89031982421875, 106.20034790039062, 380.5087890625], [201.39585876464844, 354.4441833496094, 221.80665588378906, 374.1698913574219], [214.70431518554688, 314.8084411621094, 357.2660217285156, 354.6952819824219], [205.53042602539062, 361.9509582519531, 338.3240051269531, 395.5484313964844], [313.2970886230469, 389.83978271484375, 362.0312805175781, 399.0], [226.16221618652344, 251.58062744140625, 327.3018798828125, 315.435791015625]]}