{"categories": [0, 32, 38], "bboxes": [[93.62954711914062, 35.622833251953125, 261.5837707519531, 322.8961486816406], [11.674790382385254, 8.165047645568848, 29.474590301513672, 25.14773178100586], [338.8049621582031, 52.164337158203125, 392.8800354003906, 150.67376708984375]]}