{"categories": [0, 2, 7, 29], "bboxes": [[208.99667358398438, 160.30996704101562, 432.1388244628906, 393.3202209472656], [218.42007446289062, 304.6336975097656, 254.55087280273438, 321.6920471191406], [543.35791015625, 296.65484619140625, 639.0, 350.02056884765625], [48.94313430786133, 147.9713134765625, 108.17172241210938, 172.9056396484375]]}