{"categories": [0, 26, 28, 58, 67], "bboxes": [[13.885360717773438, 30.309768676757812, 148.4234161376953, 484.90155029296875], [0.0, 169.39735412597656, 75.714599609375, 285.8362121582031], [157.9456329345703, 265.7213134765625, 229.30723571777344, 356.91680908203125], [1.169321060180664, 85.3768081665039, 28.93889045715332, 126.03849029541016], [113.95480346679688, 82.1618881225586, 127.5596923828125, 108.84050750732422]]}