{"categories": [0, 26, 33, 35], "bboxes": [[150.1945343017578, 171.42437744140625, 340.16290283203125, 418.95550537109375], [405.39288330078125, 320.0418701171875, 484.52374267578125, 419.54522705078125], [172.3831787109375, 21.1927490234375, 408.12060546875, 243.44857788085938], [150.79879760742188, 207.0509033203125, 178.11529541015625, 247.28140258789062]]}