{"categories": [0, 2, 27], "bboxes": [[69.99711608886719, 22.14044189453125, 382.81317138671875, 469.5207824707031], [473.2838134765625, 276.8848571777344, 639.0, 470.0], [187.96946716308594, 194.9261474609375, 257.703857421875, 239.47613525390625]]}