{"categories": [0, 37], "bboxes": [[95.54327392578125, 111.136474609375, 270.3415222167969, 507.06292724609375], [310.32281494140625, 240.94837951660156, 526.543701171875, 404.9927978515625]]}