{"categories": [0, 27, 39, 40, 56, 60, 74], "bboxes": [[451.6260070800781, 193.8718719482422, 639.0, 588.5260620117188], [224.56044006347656, 331.8172302246094, 252.8227996826172, 448.8504333496094], [136.17022705078125, 104.78492736816406, 157.0875244140625, 180.35597229003906], [362.8470458984375, 486.3352355957031, 387.17999267578125, 553.4834594726562], [3.281402587890625, 466.0994873046875, 266.37841796875, 591.76708984375], [312.3340148925781, 531.4554443359375, 601.8648681640625, 593.5787353515625], [521.2212524414062, 70.59330749511719, 578.4893188476562, 151.80140686035156]]}