{"categories": [0, 41, 45, 55, 56, 60, 62, 65, 73], "bboxes": [[489.5314636230469, 40.82887268066406, 585.9725952148438, 385.50604248046875], [258.8251953125, 307.4825134277344, 294.802734375, 354.2106628417969], [65.02465057373047, 267.95074462890625, 134.12625122070312, 296.5970458984375], [190.4697265625, 266.5073547363281, 260.79998779296875, 298.9118957519531], [331.4901428222656, 281.58349609375, 498.0956726074219, 470.34808349609375], [0.087127685546875, 271.17059326171875, 389.1139221191406, 466.083251953125], [178.159912109375, 129.69847106933594, 258.9465637207031, 220.42335510253906], [176.04098510742188, 370.91351318359375, 220.23495483398438, 388.437255859375], [5.7985992431640625, 412.7713317871094, 135.837158203125, 472.9186706542969]]}