{"categories": [0, 25, 27], "bboxes": [[110.18865203857422, 186.16612243652344, 340.0, 630.025146484375], [20.03716278076172, 221.30502319335938, 110.66895294189453, 275.8113098144531], [190.71649169921875, 278.26470947265625, 215.85574340820312, 402.24700927734375]]}