{"categories": [0, 25], "bboxes": [[212.263427734375, 210.27838134765625, 399.73046875, 374.69744873046875], [5.4141082763671875, 79.17283630371094, 466.904541015625, 248.0456085205078]]}