{"categories": [0, 57, 77], "bboxes": [[11.896949768066406, 116.36985778808594, 260.50469970703125, 467.6201171875], [16.860748291015625, 234.93621826171875, 634.902099609375, 472.59075927734375], [413.9345397949219, 251.6170654296875, 610.95166015625, 439.6278076171875]]}