{"categories": [0, 2, 65, 67], "bboxes": [[68.15414428710938, 211.36575317382812, 273.56304931640625, 427.0], [455.16094970703125, 117.59735107421875, 571.5161743164062, 230.08062744140625], [119.6364974975586, 388.6426696777344, 132.79733276367188, 413.8035583496094], [49.21912384033203, 225.21311950683594, 94.41284942626953, 247.10096740722656]]}