{"categories": [0, 30, 31], "bboxes": [[174.98182678222656, 207.55177307128906, 386.047607421875, 485.04583740234375], [61.15171813964844, 435.17236328125, 394.34893798828125, 486.8759765625], [429.67431640625, 506.0401916503906, 497.112548828125, 532.4249267578125]]}