{"categories": [0, 2, 32], "bboxes": [[181.594482421875, 164.80130004882812, 381.28802490234375, 575.3189697265625], [60.86402893066406, 105.04908752441406, 108.4873046875, 162.32676696777344], [171.38204956054688, 521.5667114257812, 244.15390014648438, 589.7835083007812]]}