{"categories": [0, 24, 28, 39, 41, 57, 63, 66], "bboxes": [[23.575790405273438, 59.28266906738281, 436.3428955078125, 448.46319580078125], [474.0128479003906, 190.11306762695312, 589.3909301757812, 325.4888610839844], [477.7314758300781, 190.13479614257812, 588.0814208984375, 329.8388366699219], [549.6220092773438, 95.58573150634766, 566.4409790039062, 136.54345703125], [362.23291015625, 25.12881088256836, 379.61041259765625, 45.334407806396484], [0.2244720458984375, 212.85458374023438, 465.125244140625, 475.2972717285156], [332.9968566894531, 254.92227172851562, 563.4761352539062, 468.5791931152344], [354.7626953125, 369.6182861328125, 473.8648681640625, 460.6749267578125]]}