{"categories": [0, 26, 39, 41, 42, 44, 45, 56, 60, 79], "bboxes": [[2.0338363647460938, 131.3878936767578, 187.53814697265625, 390.92919921875], [0.4303131103515625, 401.0376281738281, 90.21378326416016, 478.9349060058594], [380.4700927734375, 443.6838684082031, 405.867919921875, 479.0], [99.32220458984375, 380.765869140625, 148.1584930419922, 453.7320556640625], [575.5719604492188, 327.7916259765625, 612.1394653320312, 359.78790283203125], [532.096435546875, 322.07403564453125, 559.7186279296875, 352.3741455078125], [512.3989868164062, 327.3627624511719, 589.3436889648438, 363.5911560058594], [198.55059814453125, 190.51217651367188, 278.0273742675781, 322.6609802246094], [17.262969970703125, 298.365966796875, 636.7647705078125, 479.0], [367.4366149902344, 210.09542846679688, 392.9853210449219, 242.19772338867188]]}