{"categories": [0, 1, 2, 3, 24, 27, 37, 58], "bboxes": [[5.642452239990234, 128.89096069335938, 109.47637939453125, 417.0438537597656], [102.92156982421875, 260.9577331542969, 230.23226928710938, 418.8335876464844], [617.4965209960938, 270.734130859375, 639.0, 313.2764892578125], [312.6288146972656, 239.3367919921875, 480.6374816894531, 420.892822265625], [351.839599609375, 192.9720001220703, 465.1181640625, 297.06878662109375], [554.2677612304688, 197.08180236816406, 568.1863403320312, 278.10382080078125], [464.0592956542969, 123.70750427246094, 482.6408386230469, 217.4465789794922], [9.15633487701416, 243.44444274902344, 33.32952117919922, 273.5289306640625]]}