{"categories": [0, 1, 40, 41, 42, 45, 56, 58, 60, 75], "bboxes": [[462.5145568847656, 176.6229248046875, 588.1798706054688, 419.3895263671875], [0.0, 211.0437469482422, 94.94657135009766, 362.4019775390625], [409.5869140625, 306.98828125, 446.8531494140625, 389.3489990234375], [215.55209350585938, 267.0867614746094, 239.67105102539062, 311.4081726074219], [238.44384765625, 386.915771484375, 257.15814208984375, 426.0], [148.47833251953125, 315.7756042480469, 243.04791259765625, 385.3725280761719], [259.0688171386719, 189.14974975585938, 282.7333068847656, 227.92233276367188], [54.013851165771484, 71.50875854492188, 113.02067565917969, 182.0907440185547], [88.76443481445312, 213.5233154296875, 508.3963317871094, 416.2314453125], [68.3896255493164, 135.5852508544922, 95.14978790283203, 181.99147033691406]]}