{"categories": [0, 62, 63, 66, 73], "bboxes": [[295.9359436035156, 172.55267333984375, 508.5254821777344, 396.50390625], [165.9205322265625, 15.305854797363281, 384.781005859375, 256.9725646972656], [70.71922302246094, 121.46270751953125, 428.048095703125, 395.1424560546875], [255.99949645996094, 228.8131103515625, 360.56585693359375, 294.6962890625], [49.29188537597656, 173.66879272460938, 370.73199462890625, 399.4618835449219]]}