{"categories": [0, 30, 31], "bboxes": [[123.06459045410156, 99.639892578125, 289.20806884765625, 386.70001220703125], [282.8224792480469, 375.30975341796875, 528.9263916015625, 397.85504150390625], [44.10767364501953, 287.8802795410156, 87.4422836303711, 295.0087585449219]]}