{"categories": [0, 1, 32], "bboxes": [[199.1127471923828, 193.19667053222656, 403.929931640625, 622.6329956054688], [1.8623733520507812, 425.8394470214844, 78.89705657958984, 591.375732421875], [197.92723083496094, 537.7308959960938, 274.80029296875, 598.1207885742188]]}