{"categories": [0, 1, 17, 24], "bboxes": [[371.3061218261719, 160.82078552246094, 474.3452453613281, 423.40582275390625], [327.8839111328125, 272.6968688964844, 402.795654296875, 331.8393859863281], [118.65481567382812, 142.34584045410156, 409.1534729003906, 421.7890625], [468.39434814453125, 172.58570861816406, 513.6727294921875, 235.6741485595703]]}