{"categories": [0, 59], "bboxes": [[152.39779663085938, 185.79689025878906, 487.0671691894531, 478.6441650390625], [0.0, 80.83401489257812, 639.0, 463.4428405761719]]}