{"categories": [0, 5, 7, 39, 41, 45, 56], "bboxes": [[218.62112426757812, 107.58576965332031, 312.9217224121094, 345.40008544921875], [468.2803955078125, 87.2868423461914, 579.966552734375, 242.71484375], [319.2738952636719, 88.27104187011719, 599.2337646484375, 306.71343994140625], [347.2935485839844, 335.92547607421875, 381.4010314941406, 402.5863037109375], [490.7414245605469, 282.4483337402344, 510.0916442871094, 305.6829528808594], [231.44281005859375, 342.3857421875, 309.62042236328125, 373.6934814453125], [482.4295654296875, 262.12451171875, 557.39990234375, 414.988525390625]]}