{"categories": [0, 1, 2, 26, 54], "bboxes": [[83.62307739257812, 42.3087158203125, 295.5, 327.93353271484375], [390.619140625, 60.143592834472656, 499.0, 220.77227783203125], [158.67503356933594, 0.8407917022705078, 250.1107940673828, 27.103708267211914], [126.55308532714844, 149.05918884277344, 202.0092010498047, 323.59197998046875], [231.87510681152344, 159.38905334472656, 259.93194580078125, 182.5955352783203]]}