{"categories": [0, 32], "bboxes": [[87.94444274902344, 44.02070617675781, 410.62811279296875, 417.8275146484375], [367.7579040527344, 375.6084289550781, 425.2520446777344, 424.2535095214844]]}