{"categories": [0, 32], "bboxes": [[97.2984619140625, 4.746856689453125, 365.5072937011719, 275.40087890625], [107.64196014404297, 182.60552978515625, 174.42376708984375, 248.13018798828125]]}