{"categories": [0, 1, 13, 26, 56, 58], "bboxes": [[0.0, 2.6616668701171875, 131.27896118164062, 414.91064453125], [165.6472625732422, 165.15846252441406, 200.32456970214844, 205.21177673339844], [293.9541931152344, 227.7589111328125, 624.6197509765625, 476.73724365234375], [204.20489501953125, 140.3488311767578, 234.41830444335938, 202.31260681152344], [135.69747924804688, 168.26559448242188, 156.17160034179688, 197.46661376953125], [71.47740173339844, 0.5973281860351562, 147.07252502441406, 72.00960540771484]]}