{"categories": [0, 13, 77], "bboxes": [[102.00208282470703, 23.468780517578125, 335.8326416015625, 422.7701110839844], [24.56573486328125, 202.9080810546875, 579.2730102539062, 416.8065185546875], [314.786376953125, 277.66961669921875, 451.80413818359375, 426.0]]}