{"categories": [0, 1, 36, 67], "bboxes": [[191.92242431640625, 64.54214477539062, 342.1748046875, 391.81048583984375], [601.0985717773438, 212.18740844726562, 621.3488159179688, 234.25430297851562], [237.94744873046875, 206.77984619140625, 300.15704345703125, 382.047119140625], [343.5204162597656, 105.91173553466797, 360.4512023925781, 128.76609802246094]]}