{"categories": [0, 52], "bboxes": [[1.5352325439453125, 3.9704437255859375, 273.72552490234375, 286.1683349609375], [193.94650268554688, 114.71832275390625, 282.3384094238281, 155.67193603515625]]}