{"categories": [0, 4, 6, 25, 26, 27], "bboxes": [[275.2572021484375, 78.99282836914062, 374.574462890625, 402.03668212890625], [168.49188232421875, 0.0, 639.0, 366.44903564453125], [31.559356689453125, 3.336456298828125, 572.350341796875, 347.1773986816406], [429.3808288574219, 79.11127471923828, 627.3657836914062, 225.77633666992188], [191.72732543945312, 249.8935089111328, 221.9146728515625, 306.56903076171875], [319.6061706542969, 134.7135009765625, 331.2256164550781, 170.41494750976562]]}