{"categories": [0, 24, 25, 27, 63, 73], "bboxes": [[433.7899169921875, 98.59564208984375, 636.3592529296875, 474.049560546875], [169.52882385253906, 226.13101196289062, 320.553955078125, 473.9461364746094], [308.47149658203125, 114.54176330566406, 565.9464111328125, 273.177734375], [10.480710983276367, 218.6859893798828, 46.01617431640625, 339.9854431152344], [372.8937683105469, 291.75262451171875, 519.09912109375, 465.34417724609375], [381.51385498046875, 307.287841796875, 515.10546875, 472.28338623046875]]}