{"categories": [0, 57, 65, 71, 74], "bboxes": [[255.57058715820312, 102.79551696777344, 501.5008239746094, 422.80755615234375], [11.7177734375, 175.86273193359375, 523.7208862304688, 418.0008544921875], [133.15724182128906, 244.16415405273438, 166.4734344482422, 269.7816467285156], [237.73960876464844, 178.5230255126953, 316.201904296875, 213.48646545410156], [82.39529418945312, 4.365230560302734, 142.2013397216797, 70.32720947265625]]}