{"categories": [0, 2, 13, 24, 39], "bboxes": [[445.31768798828125, 0.0, 639.0, 467.2518005371094], [341.017578125, 234.67543029785156, 426.76690673828125, 250.4633331298828], [26.284515380859375, 243.25714111328125, 604.2562255859375, 479.0], [187.9964141845703, 64.51641082763672, 275.70684814453125, 217.72052001953125], [504.5185241699219, 11.083873748779297, 539.7965698242188, 39.888160705566406]]}