{"categories": [0, 27, 39, 41, 45, 46, 58, 72, 75], "bboxes": [[0.0, 0.0, 165.07879638671875, 626.4035034179688], [119.72224426269531, 549.01416015625, 181.9058380126953, 635.5582275390625], [380.4549560546875, 234.48757934570312, 450.53173828125, 343.4999694824219], [428.6610107421875, 324.8817443847656, 478.91644287109375, 387.0690002441406], [174.57334899902344, 469.1624755859375, 418.13623046875, 628.0040283203125], [242.61756896972656, 535.1875610351562, 355.1585693359375, 606.6975708007812], [142.67587280273438, 2.3936614990234375, 240.09866333007812, 146.89321899414062], [268.8250732421875, 17.03697967529297, 381.5728759765625, 166.09286499023438], [154.76515197753906, 117.62643432617188, 201.42494201660156, 146.47219848632812]]}