{"categories": [0, 24, 34], "bboxes": [[73.47296905517578, 87.34449768066406, 256.8489074707031, 504.39569091796875], [0.482025146484375, 310.9004821777344, 40.91242980957031, 426.1792297363281], [66.05909729003906, 72.90202331542969, 157.33876037597656, 214.69886779785156]]}