{"categories": [0], "bboxes": [[0.5512847900390625, 0.0, 370.67596435546875, 415.75225830078125]]}