{"categories": [0, 41, 45, 46, 48, 52, 56, 60, 76], "bboxes": [[87.82694244384766, 20.09900665283203, 320.1486511230469, 243.956298828125], [232.58250427246094, 250.009521484375, 299.4322814941406, 324.20068359375], [419.3368835449219, 293.37847900390625, 491.9625549316406, 328.1749267578125], [132.0128173828125, 217.94471740722656, 176.79928588867188, 259.5826416015625], [191.8892822265625, 179.6977081298828, 225.13723754882812, 215.50697326660156], [78.95026397705078, 234.323486328125, 141.32347106933594, 298.36224365234375], [222.81121826171875, 54.280540466308594, 288.2806396484375, 140.28726196289062], [31.625579833984375, 226.54547119140625, 486.2972717285156, 326.4659423828125], [213.76663208007812, 128.2379150390625, 244.9857177734375, 194.82565307617188]]}