{"categories": [0, 39, 40, 41, 42, 45, 55, 58, 60], "bboxes": [[310.4591064453125, 0.0, 597.4638061523438, 425.0665283203125], [62.40924072265625, 235.65943908691406, 80.30014038085938, 296.7083435058594], [257.9270935058594, 341.69000244140625, 293.8865661621094, 425.5950927734375], [155.5697784423828, 297.1672668457031, 179.8306121826172, 327.5221862792969], [376.4718322753906, 378.2754211425781, 399.0910949707031, 398.9413757324219], [0.8722343444824219, 366.9433898925781, 41.146305084228516, 400.0516052246094], [154.842529296875, 307.2759704589844, 262.11749267578125, 363.0724182128906], [25.154346466064453, 263.4216003417969, 65.74095153808594, 300.5973205566406], [3.65045166015625, 355.00830078125, 431.5043029785156, 424.4300537109375]]}