{"categories": [0, 39, 40, 42, 45, 60, 67, 74], "bboxes": [[0.9788818359375, 255.93093872070312, 181.8899383544922, 534.1126708984375], [335.8616638183594, 343.7561340332031, 371.0019226074219, 513.3839721679688], [257.3499450683594, 422.81890869140625, 303.5961608886719, 534.447021484375], [144.93408203125, 458.884521484375, 196.78091430664062, 491.6363525390625], [531.1034545898438, 291.66558837890625, 567.6730346679688, 309.97308349609375], [93.35820007324219, 340.5908203125, 538.3485107421875, 539.7630004882812], [379.7228698730469, 470.69000244140625, 416.1811828613281, 495.69647216796875], [465.53961181640625, 459.83123779296875, 484.13623046875, 483.44000244140625]]}