{"categories": [0, 39, 41, 53, 55, 56, 57, 60, 74], "bboxes": [[407.20001220703125, 27.302291870117188, 636.9310913085938, 419.2691650390625], [438.9100646972656, 284.4678649902344, 458.1410217285156, 360.2007751464844], [7.1122894287109375, 274.5884094238281, 73.52347564697266, 393.2203063964844], [343.6647644042969, 345.1432800292969, 442.4370422363281, 368.9748840332031], [110.74176025390625, 302.2491149902344, 277.3926086425781, 406.5962219238281], [398.10723876953125, 243.95635986328125, 471.69677734375, 351.779052734375], [0.0, 90.78498840332031, 55.52745056152344, 172.35035705566406], [0.609832763671875, 285.0587158203125, 496.4739074707031, 425.82476806640625], [57.78355407714844, 1.8796062469482422, 92.80410766601562, 37.034690856933594]]}