{"categories": [0, 24, 26, 56, 67], "bboxes": [[36.98475646972656, 168.98733520507812, 228.3552703857422, 419.0526428222656], [369.5064392089844, 258.5567321777344, 395.4438171386719, 310.1264953613281], [91.33453369140625, 245.75137329101562, 214.6646728515625, 402.3606262207031], [565.7135009765625, 268.50860595703125, 603.9256591796875, 332.22894287109375], [97.93865966796875, 212.93182373046875, 108.84524536132812, 235.80194091796875]]}