{"categories": [0, 37], "bboxes": [[526.62841796875, 93.69514465332031, 628.2183837890625, 243.66188049316406], [17.768218994140625, 209.8595733642578, 134.71656799316406, 350.32830810546875]]}