{"categories": [0, 1, 2, 3, 7, 27, 39, 41, 56, 58], "bboxes": [[164.7188720703125, 127.21406555175781, 373.0400390625, 422.31597900390625], [559.7596435546875, 380.4742736816406, 600.2384033203125, 425.0], [618.10400390625, 55.915061950683594, 638.9161376953125, 76.28324127197266], [9.26544189453125, 173.2650604248047, 220.45411682128906, 380.8914794921875], [50.45632553100586, 52.92171859741211, 144.37864685058594, 86.91606140136719], [266.0909118652344, 251.5123291015625, 307.8886413574219, 402.01422119140625], [525.002685546875, 320.39794921875, 597.8717041015625, 417.3480224609375], [0.0, 231.97067260742188, 58.08196258544922, 326.5953063964844], [0.0, 212.76097106933594, 31.241382598876953, 242.78883361816406], [332.44110107421875, 114.39641571044922, 405.50732421875, 198.48031616210938]]}