{"categories": [0, 16, 39, 56, 57, 63, 65], "bboxes": [[341.38043212890625, 146.03738403320312, 479.60992431640625, 477.2376403808594], [18.671127319335938, 442.82928466796875, 128.58741760253906, 478.6322021484375], [502.175048828125, 332.30682373046875, 516.5484619140625, 368.06427001953125], [474.0539855957031, 342.26458740234375, 584.1875610351562, 476.647705078125], [0.0, 390.63446044921875, 379.3221740722656, 479.0], [135.1030731201172, 353.31805419921875, 191.61451721191406, 406.5386962890625], [339.6888427734375, 308.5723571777344, 366.448974609375, 325.6773986816406]]}