{"categories": [0, 2, 3, 5], "bboxes": [[230.1510467529297, 161.29808044433594, 541.5525512695312, 467.55218505859375], [268.7785339355469, 171.81932067871094, 324.4253234863281, 282.7516174316406], [521.9628295898438, 304.31451416015625, 637.0436401367188, 468.81781005859375], [0.0, 0.0, 295.34503173828125, 476.2152099609375]]}