{"categories": [0, 39, 41, 68, 69, 71], "bboxes": [[16.414459228515625, 119.99844360351562, 181.4361572265625, 422.5320129394531], [598.8134765625, 272.2697448730469, 615.86376953125, 321.5355529785156], [617.5682983398438, 277.00091552734375, 639.0, 324.46527099609375], [145.60726928710938, 130.51856994628906, 323.71014404296875, 241.5120391845703], [160.74874877929688, 319.2867126464844, 295.0936584472656, 422.4833068847656], [433.31292724609375, 318.6006774902344, 636.0379028320312, 347.8775329589844]]}