{"categories": [0, 43, 55, 60, 74], "bboxes": [[144.57284545898438, 38.296875, 289.2498779296875, 341.1183776855469], [300.8809509277344, 273.27557373046875, 373.8861999511719, 365.956298828125], [119.93394470214844, 332.39910888671875, 465.25982666015625, 454.47747802734375], [0.0, 308.3885803222656, 612.4959716796875, 451.5399475097656], [547.70703125, 333.0639953613281, 565.6632080078125, 349.7114562988281]]}