{"categories": [0, 41, 45, 48, 53, 60], "bboxes": [[263.49163818359375, 0.0, 506.9039306640625, 187.774658203125], [0.0, 296.0445251464844, 45.88999557495117, 362.7295227050781], [307.1908874511719, 149.62686157226562, 384.5876770019531, 180.04067993164062], [429.51385498046875, 173.64352416992188, 493.23809814453125, 205.77523803710938], [56.535797119140625, 250.317138671875, 495.1072692871094, 474.15716552734375], [17.282623291015625, 115.977783203125, 639.0, 479.0]]}