{"categories": [0, 24, 26, 40, 51, 55, 56, 62, 63, 71, 73], "bboxes": [[532.7095947265625, 31.39482879638672, 631.85205078125, 250.01669311523438], [487.3846435546875, 224.662109375, 617.9112548828125, 418.59063720703125], [16.59844970703125, 284.36981201171875, 104.00785827636719, 413.60693359375], [188.3441162109375, 244.25062561035156, 220.025390625, 313.8365783691406], [343.8394470214844, 347.39404296875, 367.1709289550781, 382.81475830078125], [264.7611083984375, 309.1007385253906, 401.04180908203125, 400.4237976074219], [0.7453384399414062, 282.93170166015625, 172.22171020507812, 477.82586669921875], [474.017822265625, 43.54877471923828, 545.8934326171875, 104.67938995361328], [474.9800109863281, 44.44684600830078, 547.9567260742188, 110.54517364501953], [252.94078063964844, 106.61954498291016, 292.5635681152344, 121.39603424072266], [254.86688232421875, 240.12269592285156, 313.679443359375, 264.86474609375]]}