{"categories": [0, 24, 30], "bboxes": [[429.6303405761719, 207.188720703125, 569.2870483398438, 391.35809326171875], [159.64114379882812, 187.51231384277344, 200.24533081054688, 240.5634002685547], [196.33457946777344, 344.13665771484375, 308.2778015136719, 391.30633544921875]]}