{"categories": [0, 24, 26, 34, 35, 56], "bboxes": [[114.12787628173828, 87.3626708984375, 306.4245910644531, 623.9354248046875], [309.6421203613281, 262.74114990234375, 426.9290466308594, 399.199951171875], [9.059696197509766, 402.22210693359375, 111.89308166503906, 553.12255859375], [127.29625701904297, 271.1827697753906, 288.387939453125, 326.2267761230469], [378.74139404296875, 426.3750305175781, 457.5438232421875, 511.1317443847656], [368.0855407714844, 2.0760021209716797, 394.8635559082031, 24.271821975708008]]}