{"categories": [0, 36, 39, 56, 61, 62], "bboxes": [[345.4993896484375, 97.24200439453125, 509.72674560546875, 370.4524230957031], [344.67718505859375, 339.77490234375, 404.123779296875, 365.35009765625], [372.9613037109375, 235.5569305419922, 409.53302001953125, 287.8912658691406], [372.6075134277344, 262.7860107421875, 462.0968933105469, 366.93743896484375], [0.0, 0.0, 112.10581970214844, 290.1522521972656], [494.15557861328125, 0.0, 618.2741088867188, 101.31663513183594]]}