{"categories": [0, 32, 38, 46], "bboxes": [[0.0, 117.7181396484375, 163.33297729492188, 421.00262451171875], [148.73521423339844, 204.74835205078125, 156.53675842285156, 214.0994873046875], [22.589515686035156, 331.4112854003906, 194.05923461914062, 364.8215637207031], [499.1082458496094, 342.1556701660156, 554.572265625, 392.5841369628906]]}