{"categories": [0, 24, 41, 56, 57, 58, 60, 62, 67, 73, 75], "bboxes": [[94.76490783691406, 83.66363525390625, 425.27496337890625, 419.4749755859375], [51.88848876953125, 335.767578125, 187.35084533691406, 426.0], [560.95166015625, 128.8458251953125, 572.9774169921875, 145.68630981445312], [358.984375, 180.54452514648438, 417.2315673828125, 255.3599853515625], [0.0, 185.3557891845703, 290.2022705078125, 419.243408203125], [168.26626586914062, 0.5168647766113281, 296.83514404296875, 119.08541870117188], [464.2560729980469, 255.05555725097656, 639.0, 374.4046936035156], [620.5091552734375, 177.6493377685547, 639.0, 249.3059539794922], [215.79241943359375, 126.02171325683594, 284.15533447265625, 147.46714782714844], [0.0, 0.0, 215.58401489257812, 220.3687744140625], [117.29487609863281, 15.179011344909668, 142.21083068847656, 44.174217224121094]]}