{"categories": [0, 9, 27, 39, 73], "bboxes": [[0.0, 5.935394287109375, 457.8450012207031, 479.0], [114.09707641601562, 44.92015075683594, 132.66912841796875, 87.396728515625], [216.5037841796875, 247.28387451171875, 261.7369079589844, 299.75372314453125], [352.7683410644531, 124.24976348876953, 410.1836853027344, 307.0028381347656], [546.4366455078125, 207.63275146484375, 639.0, 297.8692932128906]]}