{"categories": [0, 29], "bboxes": [[87.23027038574219, 209.82852172851562, 374.37591552734375, 582.993896484375], [199.09771728515625, 190.708740234375, 296.09918212890625, 278.10565185546875]]}