{"categories": [0, 25], "bboxes": [[290.3037109375, 92.66246032714844, 465.0826416015625, 424.3909912109375], [9.975921630859375, 0.0, 639.0, 368.5804443359375]]}