{"categories": [0, 26, 39, 40, 41, 45, 60, 65], "bboxes": [[108.01951599121094, 76.08291625976562, 276.8310546875, 423.8912353515625], [48.35285186767578, 195.85997009277344, 123.6339340209961, 266.0065002441406], [29.21866226196289, 187.95155334472656, 65.49710083007812, 320.46331787109375], [96.31613159179688, 419.4955749511719, 129.57321166992188, 492.7048645019531], [35.74467849731445, 403.54461669921875, 65.57279968261719, 442.546875], [0.2416248321533203, 361.93768310546875, 59.342742919921875, 407.45294189453125], [4.254669189453125, 348.40911865234375, 285.6107177734375, 494.1170654296875], [182.60598754882812, 226.14854431152344, 207.14431762695312, 242.6425018310547]]}