{"categories": [0, 39, 43, 45, 60, 67], "bboxes": [[268.35711669921875, 0.0, 637.9547729492188, 457.7899169921875], [528.4301147460938, 297.51177978515625, 572.9545288085938, 466.9261474609375], [532.5570678710938, 450.06640625, 589.9821166992188, 478.4495849609375], [402.270263671875, 298.6312561035156, 517.6336059570312, 374.9011535644531], [295.3262939453125, 308.4549255371094, 621.3628540039062, 477.8955383300781], [237.61911010742188, 376.40814208984375, 297.5829162597656, 446.47698974609375]]}