{"categories": [0, 27], "bboxes": [[162.29751586914062, 13.008941650390625, 622.20458984375, 614.1668701171875], [325.0545654296875, 263.76226806640625, 608.8566284179688, 390.5025634765625]]}