{"categories": [0, 27, 59, 67], "bboxes": [[14.795753479003906, 72.9375, 192.83380126953125, 330.03485107421875], [279.3404235839844, 123.16865539550781, 363.9504089355469, 215.98219299316406], [257.9419250488281, 229.69114685058594, 342.4889221191406, 330.3936462402344], [106.95565032958984, 123.3529052734375, 166.35986328125, 167.69509887695312]]}