{"categories": [0, 2, 34, 35, 45, 56], "bboxes": [[272.0791931152344, 115.20167541503906, 433.2895202636719, 486.0235595703125], [477.3795166015625, 7.945241928100586, 589.0626220703125, 69.92788696289062], [580.371826171875, 59.30779266357422, 637.733154296875, 273.8591613769531], [532.4703979492188, 325.78131103515625, 563.3910522460938, 379.9603271484375], [286.82550048828125, 468.7048034667969, 365.9002685546875, 496.0], [151.4725799560547, 23.267501831054688, 240.6028289794922, 198.6143341064453]]}