{"categories": [0, 2, 24, 25, 39, 53, 56, 58, 60], "bboxes": [[63.898765563964844, 107.28190612792969, 239.40008544921875, 385.67822265625], [50.224456787109375, 259.8238525390625, 72.82023620605469, 342.401123046875], [2.3222274780273438, 124.66917419433594, 40.28759002685547, 199.1904754638672], [324.3490905761719, 73.79940032958984, 374.0, 109.0228500366211], [347.8215026855469, 303.3809814453125, 369.2349548339844, 382.1270751953125], [170.74269104003906, 358.73297119140625, 238.54087829589844, 391.2364501953125], [0.0, 335.209228515625, 104.06539916992188, 495.082763671875], [0.5722389221191406, 74.27896118164062, 34.19042205810547, 104.49722290039062], [86.76136779785156, 285.4393005371094, 366.8931884765625, 486.7053527832031]]}