{"categories": [0, 26, 63, 66, 73], "bboxes": [[9.312026977539062, 108.30056762695312, 379.67950439453125, 474.5328063964844], [494.4787902832031, 62.94681930541992, 614.1868896484375, 177.91661071777344], [193.31787109375, 170.577880859375, 399.7398681640625, 383.451171875], [212.81472778320312, 300.46234130859375, 361.9341125488281, 351.93304443359375], [340.9054870605469, 86.94001770019531, 442.9776306152344, 157.31504821777344]]}