{"categories": [0, 26, 33], "bboxes": [[382.5899658203125, 80.41261291503906, 524.9187622070312, 353.93719482421875], [408.03466796875, 203.54002380371094, 500.32305908203125, 343.05810546875], [45.05842590332031, 222.87625122070312, 510.655517578125, 458.8701477050781]]}