{"categories": [0, 27, 28, 43, 56, 57, 65], "bboxes": [[187.0102996826172, 46.511993408203125, 455.660400390625, 370.9833984375], [337.16326904296875, 156.4231719970703, 352.1182861328125, 216.3000946044922], [46.616477966308594, 353.9128723144531, 196.26458740234375, 374.0], [122.68533325195312, 358.7080078125, 142.94540405273438, 374.0], [422.188720703125, 159.6862030029297, 444.54974365234375, 240.2821502685547], [188.36708068847656, 244.6043243408203, 496.6739501953125, 374.0], [116.32275390625, 161.03634643554688, 132.55111694335938, 196.33172607421875]]}