{"categories": [0, 34, 35], "bboxes": [[76.33944702148438, 20.847686767578125, 295.86322021484375, 287.659423828125], [191.8709716796875, 123.468017578125, 322.9825439453125, 186.31982421875], [361.4473571777344, 152.8358917236328, 400.7663879394531, 199.7422637939453]]}