{"categories": [0, 24, 26, 62, 65], "bboxes": [[125.29792785644531, 86.6705322265625, 276.7781982421875, 476.6597900390625], [304.33563232421875, 217.7288818359375, 453.55145263671875, 424.4859619140625], [40.99760055541992, 269.02008056640625, 68.49913024902344, 327.45330810546875], [125.63935852050781, 126.16864013671875, 192.8724822998047, 170.35604858398438], [303.3660888671875, 390.27630615234375, 335.906005859375, 426.9766845703125]]}