{"categories": [0, 24, 32, 39, 56], "bboxes": [[0.0, 153.3131103515625, 172.18995666503906, 477.49639892578125], [163.07589721679688, 347.6200256347656, 312.1191101074219, 412.7343444824219], [409.9320068359375, 399.8089599609375, 465.01263427734375, 451.7349853515625], [167.75143432617188, 214.39862060546875, 186.93679809570312, 266.9685974121094], [534.286376953125, 256.64044189453125, 635.13671875, 395.64202880859375]]}