{"categories": [0, 34, 35], "bboxes": [[66.90064239501953, 138.19329833984375, 209.93020629882812, 391.92498779296875], [190.64749145507812, 207.27288818359375, 280.05218505859375, 280.2154235839844], [146.3832550048828, 189.0479736328125, 188.19285583496094, 236.55545043945312]]}