{"categories": [0, 29], "bboxes": [[177.84768676757812, 126.71055603027344, 406.8040466308594, 402.190185546875], [200.60052490234375, 39.87785339355469, 278.1001281738281, 95.37117004394531]]}