{"categories": [0, 41, 57, 65, 73], "bboxes": [[194.37130737304688, 34.47053527832031, 431.4955749511719, 541.4995727539062], [11.135790824890137, 334.866455078125, 30.000080108642578, 362.392822265625], [3.2317657470703125, 225.35415649414062, 309.4388427734375, 438.0655212402344], [38.9954719543457, 387.86785888671875, 95.61354064941406, 407.6990966796875], [0.5740280151367188, 431.3165588378906, 49.952423095703125, 484.3257141113281]]}