{"categories": [0, 36, 58], "bboxes": [[97.04861450195312, 98.60556030273438, 436.5821838378906, 442.1819152832031], [522.2008666992188, 226.45050048828125, 579.1892700195312, 410.49090576171875], [24.45770263671875, 66.86560821533203, 96.30632781982422, 234.09686279296875]]}