{"categories": [0, 24, 30], "bboxes": [[370.5823974609375, 77.86705017089844, 486.6822509765625, 364.13427734375], [543.3074951171875, 152.3485565185547, 607.2745361328125, 272.6893310546875], [332.0874328613281, 331.3775634765625, 504.0820007324219, 397.01654052734375]]}