{"categories": [0, 27, 56], "bboxes": [[0.0, 54.73512268066406, 246.88516235351562, 479.0], [79.1006088256836, 193.4994354248047, 154.40093994140625, 469.8992919921875], [236.65106201171875, 363.32659912109375, 294.07086181640625, 477.3721923828125]]}