{"categories": [0, 25, 26, 28, 33, 40, 56, 60], "bboxes": [[79.76765441894531, 126.93167114257812, 189.0564727783203, 395.2040710449219], [495.7557373046875, 12.9888916015625, 639.0, 123.55754089355469], [588.4969482421875, 247.0515594482422, 628.6900634765625, 271.47869873046875], [65.25758361816406, 234.13092041015625, 107.56455993652344, 283.27960205078125], [479.2289733886719, 3.821239471435547, 639.0, 121.33294677734375], [228.58888244628906, 243.64706420898438, 248.13893127441406, 275.0377502441406], [412.0966796875, 145.42953491210938, 506.002197265625, 291.5675964355469], [558.76806640625, 256.3991394042969, 639.0, 400.1241149902344]]}