{"categories": [0, 25, 26, 29, 56, 58], "bboxes": [[58.85795974731445, 10.727691650390625, 172.3221435546875, 292.32537841796875], [16.492462158203125, 0.17754745483398438, 280.7919006347656, 63.63679504394531], [146.43063354492188, 71.80693817138672, 202.13778686523438, 168.84359741210938], [220.46612548828125, 91.36782836914062, 271.92327880859375, 102.86578369140625], [416.990966796875, 123.72049713134766, 459.48626708984375, 182.0020751953125], [229.46157836914062, 173.47360229492188, 276.3498229980469, 264.0272216796875]]}