{"categories": [0, 41, 45, 56, 57, 60, 67, 73], "bboxes": [[251.73965454101562, 130.2051544189453, 433.9582214355469, 377.83258056640625], [546.0843505859375, 40.574195861816406, 567.6033935546875, 58.838966369628906], [577.1853637695312, 48.21416091918945, 604.2451782226562, 61.65407180786133], [371.4501037597656, 24.417865753173828, 458.7330627441406, 135.5684814453125], [38.548095703125, 134.00418090820312, 551.8894653320312, 377.98504638671875], [412.4727478027344, 32.12215042114258, 614.811279296875, 138.02664184570312], [278.4862365722656, 112.57420349121094, 294.9851379394531, 142.15753173828125], [0.0, 220.16049194335938, 52.596397399902344, 262.1197204589844]]}