{"categories": [0, 34, 35, 39], "bboxes": [[376.687255859375, 127.59138488769531, 628.5355224609375, 417.5396728515625], [473.5399475097656, 100.19757080078125, 573.77099609375, 124.86593627929688], [455.3209228515625, 110.62175750732422, 488.6295166015625, 133.34375], [474.655517578125, 1.5648880004882812, 560.2430419921875, 77.76644897460938]]}