{"categories": [0, 27, 39, 40, 41, 44, 45, 55, 60, 74], "bboxes": [[4.1659393310546875, 57.955963134765625, 263.08624267578125, 264.6217346191406], [165.3358154296875, 163.26885986328125, 194.02841186523438, 251.66824340820312], [442.46087646484375, 144.81314086914062, 495.10791015625, 284.70660400390625], [305.92144775390625, 260.7602844238281, 344.3634033203125, 321.0], [174.8040313720703, 283.2738342285156, 221.1411895751953, 321.0], [447.7930908203125, 292.35601806640625, 484.7137451171875, 321.0], [377.66448974609375, 279.4476013183594, 495.84027099609375, 321.0], [11.293689727783203, 241.89303588867188, 98.38076782226562, 310.7493591308594], [2.333770751953125, 214.44496154785156, 499.0, 321.0], [251.0471649169922, 210.279052734375, 261.589111328125, 224.36138916015625]]}