{"categories": [0, 39, 41, 56, 58, 60, 73, 75, 77], "bboxes": [[50.64668273925781, 92.67558288574219, 496.57318115234375, 389.52020263671875], [476.8435363769531, 256.0527648925781, 503.4175109863281, 325.0740661621094], [370.55914306640625, 0.0, 439.21026611328125, 70.87004089355469], [504.5835876464844, 180.73963928222656, 589.914306640625, 353.593505859375], [266.36297607421875, 0.0, 378.20574951171875, 81.29156494140625], [0.4521484375, 300.8078308105469, 584.7230834960938, 475.9412536621094], [385.4638977050781, 257.1430358886719, 431.0475158691406, 294.1101379394531], [299.7857666015625, 11.300743103027344, 358.246337890625, 79.66260528564453], [465.5753173828125, 32.21491241455078, 500.94580078125, 82.08097076416016]]}