{"categories": [0, 27, 65], "bboxes": [[288.8250427246094, 126.87814331054688, 546.943359375, 475.3475036621094], [353.81939697265625, 255.29110717773438, 404.7861328125, 455.9780578613281], [273.6021728515625, 240.32034301757812, 290.3272705078125, 261.8741760253906]]}