{"categories": [0, 2, 17, 38, 56], "bboxes": [[293.9544982910156, 165.9393310546875, 483.5660705566406, 468.34002685546875], [0.6613168716430664, 421.41650390625, 17.493839263916016, 447.96429443359375], [71.08737182617188, 120.45268249511719, 582.525634765625, 443.51629638671875], [469.3721008300781, 206.9394073486328, 580.9239501953125, 314.20068359375], [53.604217529296875, 410.3865661621094, 95.12677001953125, 457.4878234863281]]}