{"categories": [0, 34, 35], "bboxes": [[53.21089172363281, 22.792068481445312, 204.70936584472656, 452.42620849609375], [405.3197021484375, 217.24855041503906, 547.3693237304688, 267.3603820800781], [313.31842041015625, 257.7154846191406, 373.67236328125, 305.0545349121094]]}