{"categories": [0, 30], "bboxes": [[87.48963165283203, 109.20040893554688, 176.20944213867188, 363.7625427246094], [85.56253051757812, 336.62310791015625, 192.67413330078125, 372.86859130859375]]}