{"categories": [0, 2, 8, 13, 25, 29, 56, 60], "bboxes": [[226.28387451171875, 34.580535888671875, 385.3868408203125, 481.1931457519531], [332.8126220703125, 77.9740982055664, 370.258544921875, 110.50061798095703], [598.361328125, 90.05143737792969, 639.0, 142.51661682128906], [498.5954284667969, 184.4365997314453, 557.9254150390625, 209.5724639892578], [381.4217834472656, 24.28510284423828, 537.6107177734375, 70.7799301147461], [195.79161071777344, 175.1304931640625, 236.74562072753906, 198.8433837890625], [597.4324340820312, 147.6006622314453, 639.0, 193.3983917236328], [505.3214111328125, 130.2536163330078, 554.263671875, 170.99949645996094]]}