{"categories": [0, 26, 34, 39, 41, 57, 59, 63], "bboxes": [[39.86402893066406, 9.68670654296875, 390.73193359375, 426.0], [609.0421752929688, 149.5669708251953, 639.0, 202.6291961669922], [409.9537658691406, 104.96626281738281, 449.7930603027344, 194.1947784423828], [355.21673583984375, 115.69348907470703, 387.6595458984375, 232.19284057617188], [238.133056640625, 194.94973754882812, 281.596923828125, 238.229736328125], [1.3653984069824219, 178.4623260498047, 95.23820495605469, 418.35345458984375], [22.988189697265625, 174.10787963867188, 629.9229736328125, 421.9841613769531], [256.6493225097656, 129.01235961914062, 428.4994812011719, 268.7430725097656]]}