{"categories": [0, 2, 30, 31], "bboxes": [[97.19619750976562, 52.15568542480469, 211.5592041015625, 359.3717041015625], [45.130165100097656, 134.32582092285156, 66.02848052978516, 149.84715270996094], [463.575439453125, 156.5631561279297, 498.99322509765625, 238.18910217285156], [75.02371978759766, 93.37750244140625, 112.1357650756836, 256.89825439453125]]}