{"categories": [0, 3, 58], "bboxes": [[218.0894775390625, 250.62049865722656, 404.23638916015625, 634.4837646484375], [215.107421875, 416.683349609375, 413.282470703125, 633.49951171875], [368.3569641113281, 189.580078125, 424.1340026855469, 298.0254821777344]]}