{"categories": [0, 32, 34, 35], "bboxes": [[438.2149353027344, 177.5123291015625, 599.5794067382812, 428.75909423828125], [70.00127410888672, 243.59336853027344, 86.34320831298828, 257.656982421875], [92.07412719726562, 199.42379760742188, 198.61880493164062, 263.9185791015625], [197.24124145507812, 171.23931884765625, 239.63223266601562, 207.77603149414062]]}