{"categories": [0, 30, 31], "bboxes": [[52.36065673828125, 91.28312683105469, 212.3387451171875, 418.652587890625], [242.68621826171875, 403.70208740234375, 332.49957275390625, 470.531494140625], [216.29498291015625, 278.48992919921875, 257.7469787597656, 290.16046142578125]]}