{"categories": [0, 32, 56, 57, 62], "bboxes": [[156.66232299804688, 171.86614990234375, 236.67568969726562, 372.5955810546875], [86.56331634521484, 425.79034423828125, 106.2358169555664, 443.3514404296875], [0.0, 315.6033020019531, 35.63814163208008, 367.5251770019531], [485.9889221191406, 356.5168151855469, 610.0046997070312, 476.7691345214844], [336.9775695800781, 185.87571716308594, 462.0132751464844, 263.5982666015625]]}