{"categories": [0, 18], "bboxes": [[156.75071716308594, 54.91090393066406, 342.231689453125, 393.80072021484375], [1.4753646850585938, 396.44189453125, 156.5435791015625, 592.5310668945312]]}