{"categories": [0, 36, 38], "bboxes": [[359.4201965332031, 35.84791564941406, 619.6363525390625, 422.1650390625], [251.36997985839844, 276.2420349121094, 312.2585754394531, 377.0551452636719], [273.48834228515625, 272.927978515625, 308.7757568359375, 320.9937744140625]]}