{"categories": [0, 30, 31], "bboxes": [[160.80340576171875, 140.10586547851562, 340.54339599609375, 290.9722595214844], [170.78619384765625, 256.58795166015625, 358.10406494140625, 296.77056884765625], [174.8865966796875, 236.4259033203125, 368.25628662109375, 293.75970458984375]]}