{"categories": [0, 26, 30], "bboxes": [[316.5963134765625, 152.35414123535156, 479.0, 587.6614379882812], [187.424072265625, 329.6302185058594, 207.25051879882812, 397.5350036621094], [70.55926513671875, 543.980224609375, 469.03802490234375, 629.3458251953125]]}