{"categories": [0, 56, 58, 62, 67, 73], "bboxes": [[6.261009216308594, 174.0960693359375, 258.15185546875, 473.7371826171875], [0.0, 326.3262023925781, 181.90194702148438, 477.0122375488281], [455.98114013671875, 387.885498046875, 484.77349853515625, 417.9404296875], [490.36370849609375, 121.92620849609375, 637.1660766601562, 346.4530029296875], [156.54049682617188, 340.26043701171875, 191.44241333007812, 357.3817138671875], [253.49066162109375, 9.349578857421875, 488.06829833984375, 367.4015808105469]]}