{"categories": [0, 27, 33, 42, 43, 60, 77, 79], "bboxes": [[149.11083984375, 136.87030029296875, 326.4266357421875, 287.4108581542969], [394.00628662109375, 147.62759399414062, 410.46832275390625, 186.5888671875], [281.6826171875, 131.8052215576172, 357.57073974609375, 244.52964782714844], [399.67529296875, 311.7084655761719, 430.05181884765625, 334.6687316894531], [428.2172546386719, 313.655517578125, 449.9212341308594, 335.59759521484375], [239.4155731201172, 274.6792297363281, 618.985595703125, 424.1061096191406], [532.8406372070312, 253.7460174560547, 576.0501098632812, 284.2920837402344], [245.78488159179688, 195.9781494140625, 271.7417297363281, 215.16629028320312]]}