{"categories": [0, 1, 24, 26, 37], "bboxes": [[48.34212112426758, 111.83726501464844, 149.61566162109375, 359.71978759765625], [1.8089122772216797, 190.79653930664062, 38.49623107910156, 279.69732666015625], [72.13304138183594, 151.02969360351562, 120.64085388183594, 208.97586059570312], [429.1917419433594, 299.2438659667969, 513.8228149414062, 388.9422302246094], [444.2425842285156, 137.77969360351562, 631.9842529296875, 350.3024597167969]]}