{"categories": [0, 25, 26, 29, 41], "bboxes": [[125.34730529785156, 82.07015991210938, 429.75823974609375, 464.0735168457031], [49.924537658691406, 143.57920837402344, 88.94173431396484, 165.0186309814453], [520.9306030273438, 263.9345703125, 562.8052368164062, 322.00872802734375], [319.98187255859375, 17.197540283203125, 355.37286376953125, 76.96654510498047], [214.15084838867188, 286.07763671875, 233.37619018554688, 314.65899658203125]]}