{"categories": [0, 8, 16, 57], "bboxes": [[41.465721130371094, 3.8330650329589844, 106.80802154541016, 127.24702453613281], [38.07489013671875, 163.49168395996094, 639.0, 458.17291259765625], [153.07618713378906, 182.41146850585938, 250.14405822753906, 270.12603759765625], [244.45880126953125, 188.57037353515625, 576.8034057617188, 408.40936279296875]]}