{"categories": [0, 40, 41, 57, 58, 60, 73, 75], "bboxes": [[404.6148376464844, 173.20803833007812, 571.065185546875, 438.7158508300781], [295.99249267578125, 229.572265625, 325.33294677734375, 298.8275146484375], [339.7607116699219, 237.42138671875, 363.7097473144531, 265.4080810546875], [0.0, 112.55331420898438, 130.22491455078125, 378.5382080078125], [333.8388366699219, 119.60261535644531, 416.4477844238281, 237.2467803955078], [201.54833984375, 197.80081176757812, 422.23748779296875, 409.4667053222656], [544.8847045898438, 35.401390075683594, 637.1091918945312, 218.67803955078125], [367.41339111328125, 190.43211364746094, 389.7352294921875, 235.8025665283203]]}