{"categories": [0, 13, 18, 29], "bboxes": [[161.16329956054688, 35.79296875, 308.4350891113281, 417.2495422363281], [183.40408325195312, 313.8603210449219, 207.00137329101562, 330.2840881347656], [361.25714111328125, 252.68260192871094, 416.3995361328125, 281.212890625], [187.44911193847656, 5.426473617553711, 239.9757843017578, 60.6409912109375]]}