{"categories": [0, 39, 41, 42, 55, 56, 60, 73], "bboxes": [[271.7486267089844, 33.49555969238281, 432.7295837402344, 458.22930908203125], [48.836055755615234, 114.40122985839844, 82.05284118652344, 190.0610809326172], [176.48611450195312, 99.07345581054688, 218.258056640625, 177.87167358398438], [281.2472229003906, 188.88719177246094, 304.7959289550781, 226.54762268066406], [200.60604858398438, 173.55076599121094, 316.9338073730469, 249.49803161621094], [380.84820556640625, 102.55474853515625, 608.2992553710938, 470.779296875], [51.6663818359375, 106.00359344482422, 322.188720703125, 305.1071472167969], [343.1744079589844, 238.39646911621094, 494.4434509277344, 364.13397216796875]]}