{"categories": [0, 25, 27], "bboxes": [[23.9486083984375, 10.16680908203125, 332.57330322265625, 421.4071960449219], [255.72885131835938, 107.54296112060547, 458.7012634277344, 186.72210693359375], [463.4812927246094, 219.75106811523438, 521.486328125, 360.6242370605469]]}