{"categories": [0, 2, 29, 32], "bboxes": [[359.07275390625, 145.84796142578125, 532.0897827148438, 400.6607666015625], [57.446693420410156, 196.85047912597656, 91.54410552978516, 219.28285217285156], [527.2988891601562, 374.2506103515625, 601.4712524414062, 423.6800537109375], [480.2003173828125, 338.7591857910156, 511.600830078125, 391.6147766113281]]}