{"categories": [0, 54, 56, 57], "bboxes": [[16.673538208007812, 39.61322021484375, 363.5135498046875, 474.90814208984375], [334.3847351074219, 179.8995361328125, 430.8193664550781, 300.5641174316406], [47.94270324707031, 6.77825927734375, 380.22528076171875, 260.561767578125], [59.725128173828125, 8.791168212890625, 574.411865234375, 316.2530822753906]]}