{"categories": [0, 34], "bboxes": [[90.70549011230469, 116.46571350097656, 333.232177734375, 455.896728515625], [104.52206420898438, 69.73743438720703, 187.994384765625, 183.05355834960938]]}