{"categories": [0, 13, 24, 34, 39, 41, 45, 49, 52, 58, 60], "bboxes": [[163.70697021484375, 65.16134643554688, 320.78106689453125, 422.10467529296875], [43.55237579345703, 389.8792419433594, 200.92672729492188, 422.0068054199219], [277.0357666015625, 149.99658203125, 311.32257080078125, 218.00552368164062], [324.5895690917969, 196.3634033203125, 350.0141906738281, 238.20950317382812], [149.91943359375, 255.43894958496094, 161.45223999023438, 291.4417724609375], [109.06230926513672, 299.9299011230469, 123.5303726196289, 318.4369201660156], [403.7893981933594, 323.0456237792969, 436.8758850097656, 336.5553894042969], [418.0431213378906, 277.2694091796875, 456.7494812011719, 302.148193359375], [469.5743713378906, 379.69775390625, 524.0309448242188, 423.0], [94.20985412597656, 39.60938262939453, 208.2444610595703, 124.25621795654297], [255.08970642089844, 302.151611328125, 525.7512817382812, 418.11297607421875]]}