{"categories": [0, 25, 58], "bboxes": [[223.52001953125, 143.21395874023438, 374.12646484375, 419.6918640136719], [147.7886962890625, 10.306350708007812, 495.5106201171875, 167.8214569091797], [308.8665466308594, 259.6067810058594, 382.7910461425781, 352.8591003417969]]}