{"categories": [0, 26, 40, 41, 56, 60, 62, 73], "bboxes": [[190.302734375, 75.04472351074219, 337.4622802734375, 209.8592987060547], [318.9276123046875, 333.418212890625, 420.945556640625, 444.9569091796875], [334.08843994140625, 178.6350860595703, 365.58709716796875, 244.8181915283203], [315.293701171875, 209.30914306640625, 340.6009521484375, 237.78054809570312], [9.754314422607422, 214.50218200683594, 78.62034606933594, 392.00469970703125], [209.25949096679688, 188.98068237304688, 397.7854309082031, 385.6138000488281], [427.1920166015625, 112.64485931396484, 491.98052978515625, 225.86758422851562], [284.50048828125, 238.45677185058594, 327.0184326171875, 260.82830810546875]]}