{"categories": [0, 9, 39, 40, 56, 58, 60], "bboxes": [[165.47244262695312, 17.59722900390625, 388.7982482910156, 503.42962646484375], [175.38380432128906, 8.791426658630371, 188.15150451660156, 25.796009063720703], [488.1748046875, 75.32865905761719, 505.84356689453125, 126.71420288085938], [488.033447265625, 284.1532287597656, 604.167236328125, 432.4305114746094], [184.97402954101562, 402.6119384765625, 207.06869506835938, 511.0], [381.6360778808594, 101.97486877441406, 530.1097412109375, 188.5943145751953], [369.3372802734375, 381.0340576171875, 639.0, 504.58355712890625]]}