{"categories": [0, 41, 56, 57], "bboxes": [[123.21258544921875, 239.78431701660156, 596.9171752929688, 471.56964111328125], [247.8175506591797, 56.418277740478516, 260.6900329589844, 73.22178649902344], [367.0751647949219, 140.86898803710938, 387.9388122558594, 192.08245849609375], [9.921905517578125, 213.16473388671875, 563.494384765625, 484.0]]}