{"categories": [0, 34, 35, 56], "bboxes": [[274.58642578125, 148.48764038085938, 440.5831298828125, 377.3414001464844], [367.18634033203125, 81.93840026855469, 406.18988037109375, 161.6910400390625], [288.253662109375, 274.6107482910156, 314.61114501953125, 303.4766540527344], [418.4266662597656, 21.023338317871094, 451.9663391113281, 53.455894470214844]]}