{"categories": [0, 2, 7, 26], "bboxes": [[240.0843505859375, 117.64892578125, 382.0797119140625, 607.1389770507812], [345.7570495605469, 202.59036254882812, 611.0, 470.6081237792969], [88.08650207519531, 142.08718872070312, 588.7944946289062, 513.7115478515625], [410.2171630859375, 287.73797607421875, 442.48431396484375, 410.23907470703125]]}