{"categories": [0, 39, 56, 57, 65], "bboxes": [[0.0, 199.37286376953125, 177.96969604492188, 425.30108642578125], [23.096141815185547, 243.35867309570312, 38.824188232421875, 296.3566589355469], [141.15667724609375, 208.0245819091797, 285.2484436035156, 411.47943115234375], [112.49765014648438, 209.71539306640625, 632.56884765625, 419.8492431640625], [170.30824279785156, 16.131126403808594, 205.0294952392578, 60.12815856933594]]}