{"categories": [0, 13, 24, 38], "bboxes": [[51.67327880859375, 182.8853759765625, 192.24639892578125, 539.2249145507812], [4.923675537109375, 26.410049438476562, 395.0865478515625, 127.607421875], [157.9071502685547, 73.56452178955078, 198.8004608154297, 103.9847183227539], [164.2029571533203, 380.49884033203125, 258.6590576171875, 497.32891845703125]]}