{"categories": [0, 56, 57, 65, 73, 77], "bboxes": [[19.303268432617188, 131.80149841308594, 325.72650146484375, 631.7274780273438], [0.18497467041015625, 396.22686767578125, 66.97782897949219, 605.8654174804688], [32.15968322753906, 359.21923828125, 414.165283203125, 610.57568359375], [321.0594482421875, 241.45420837402344, 357.6781005859375, 266.3856506347656], [381.53314208984375, 428.7443542480469, 426.0, 471.2859802246094], [369.3155822753906, 368.4474182128906, 410.1391906738281, 402.9187316894531]]}