{"categories": [0, 27, 41], "bboxes": [[121.80233764648438, 62.99241638183594, 492.4515686035156, 419.67572021484375], [156.46949768066406, 281.8876953125, 290.3946533203125, 402.9691162109375], [79.35275268554688, 315.1992492675781, 169.6061248779297, 415.1656799316406]]}