{"categories": [0, 29], "bboxes": [[41.51404571533203, 80.35355377197266, 274.7689208984375, 324.3320007324219], [338.14849853515625, 136.81655883789062, 391.56170654296875, 158.469482421875]]}