{"categories": [0, 40, 57, 65, 73], "bboxes": [[183.93894958496094, 54.29252624511719, 308.8796081542969, 332.6998291015625], [178.44097900390625, 140.99432373046875, 213.38052368164062, 255.4810791015625], [426.2404479980469, 250.3762664794922, 499.0, 331.94482421875], [195.6892852783203, 199.7060546875, 260.7052001953125, 234.29632568359375], [0.8427925109863281, 293.718017578125, 46.255008697509766, 313.6485595703125]]}