{"categories": [0, 24, 31, 35, 36], "bboxes": [[389.47088623046875, 0.0, 538.4681396484375, 281.8672180175781], [410.5407409667969, 0.0, 528.0982666015625, 102.57089233398438], [360.23095703125, 391.46038818359375, 574.9707641601562, 423.61187744140625], [433.6156311035156, 115.61109924316406, 471.1068420410156, 147.27198791503906], [468.33642578125, 267.3702087402344, 534.5805053710938, 346.2203063964844]]}