{"categories": [0, 15, 18], "bboxes": [[264.12860107421875, 72.08906555175781, 374.0, 391.31414794921875], [141.70213317871094, 246.9208984375, 189.55528259277344, 295.45501708984375], [33.048423767089844, 263.30230712890625, 232.55062866210938, 426.2890625]]}