{"categories": [0, 32, 34, 35, 56], "bboxes": [[447.70599365234375, 122.53823852539062, 607.5586547851562, 421.8777770996094], [259.6153564453125, 83.44440460205078, 277.15582275390625, 105.0243911743164], [462.297119140625, 93.06236267089844, 479.03350830078125, 212.1732635498047], [258.4349060058594, 98.39797973632812, 305.6883850097656, 145.6630859375], [295.03466796875, 209.9131317138672, 398.86456298828125, 329.8575439453125]]}