{"categories": [0, 37], "bboxes": [[228.9535369873047, 72.0126953125, 399.39666748046875, 299.4508361816406], [33.237640380859375, 84.4480972290039, 143.03273010253906, 284.36517333984375]]}