{"categories": [0, 32, 38], "bboxes": [[85.79937744140625, 23.172470092773438, 491.28765869140625, 453.248291015625], [320.6421203613281, 182.47714233398438, 350.6113586425781, 209.25506591796875], [30.322498321533203, 243.14096069335938, 114.44770812988281, 325.3005065917969]]}