{"categories": [0, 34, 35], "bboxes": [[360.5906982421875, 24.650131225585938, 524.6951293945312, 422.074951171875], [511.5315856933594, 215.68426513671875, 557.287109375, 383.61492919921875], [366.1072692871094, 224.4154815673828, 409.3507385253906, 265.743896484375]]}