{"categories": [0, 27, 41, 42, 50, 55, 58, 60, 71, 75], "bboxes": [[502.8779296875, 42.418792724609375, 622.280029296875, 396.3739929199219], [440.1717529296875, 113.70948791503906, 456.98663330078125, 175.48948669433594], [198.6250762939453, 264.0575866699219, 245.5419464111328, 330.9234313964844], [172.6348419189453, 322.8721618652344, 209.31004333496094, 352.7409973144531], [94.44461059570312, 266.7807922363281, 147.52621459960938, 321.0619812011719], [243.28005981445312, 276.52789306640625, 474.1836242675781, 353.5909423828125], [52.893348693847656, 224.87960815429688, 184.435302734375, 338.3725280761719], [0.0, 270.4251708984375, 554.76220703125, 399.90411376953125], [41.963966369628906, 150.93264770507812, 130.92849731445312, 165.96353149414062], [434.1690368652344, 267.05023193359375, 468.3381652832031, 298.80615234375]]}