{"categories": [0, 46, 60], "bboxes": [[1.6071395874023438, 83.8235855102539, 180.13946533203125, 257.3104248046875], [270.29071044921875, 257.2149353027344, 504.73388671875, 386.4062194824219], [364.712158203125, 262.7659606933594, 631.8009643554688, 406.1169738769531]]}