{"categories": [0, 62, 65, 73], "bboxes": [[1.4259796142578125, 38.500244140625, 180.54991149902344, 472.38482666015625], [584.8343505859375, 267.8165283203125, 639.0, 372.98834228515625], [147.34713745117188, 241.30303955078125, 181.30325317382812, 258.9259033203125], [375.3614196777344, 434.0345153808594, 408.2955017089844, 445.3373107910156]]}