{"categories": [0, 40, 41, 42, 44, 55, 57, 60, 73], "bboxes": [[306.903564453125, 49.488372802734375, 637.8116455078125, 431.83294677734375], [4.055473327636719, 300.2864074707031, 169.30276489257812, 629.7763671875], [559.5025634765625, 331.244140625, 636.634765625, 469.72503662109375], [92.95640563964844, 583.6781616210938, 199.3683624267578, 638.3980102539062], [455.81005859375, 429.2022705078125, 577.46728515625, 472.47369384765625], [191.64645385742188, 460.1829528808594, 328.5641174316406, 545.3063354492188], [0.0, 111.22726440429688, 639.0, 493.3187561035156], [44.770538330078125, 394.26129150390625, 639.0, 629.9110717773438], [430.8044738769531, 301.4075927734375, 534.2316284179688, 427.6964111328125]]}