{"categories": [0, 5, 7, 9, 24, 26], "bboxes": [[62.810020446777344, 76.5587158203125, 226.066650390625, 419.4625244140625], [0.0, 0.0, 138.84939575195312, 251.48696899414062], [253.99485778808594, 73.5162353515625, 321.1838073730469, 116.56149291992188], [412.8004455566406, 0.46308326721191406, 428.3699035644531, 21.071571350097656], [106.22621154785156, 121.85225677490234, 195.06541442871094, 268.78515625], [287.8206481933594, 155.04653930664062, 352.3643493652344, 322.6453552246094]]}