{"categories": [0, 46, 48, 53, 58], "bboxes": [[1.54022216796875, 0.0, 274.4419860839844, 288.61883544921875], [164.21165466308594, 143.3797149658203, 194.1705780029297, 265.0105285644531], [292.48956298828125, 180.68515014648438, 385.07305908203125, 241.84918212890625], [271.15557861328125, 180.74444580078125, 384.1466064453125, 291.8357238769531], [261.24273681640625, 4.3208465576171875, 494.75457763671875, 317.2271728515625]]}