{"categories": [0, 41, 44, 45, 60, 69], "bboxes": [[0.0, 108.23048400878906, 211.08306884765625, 603.8896484375], [498.4526672363281, 377.7450866699219, 544.8162231445312, 450.6888122558594], [297.73150634765625, 332.3315734863281, 345.927001953125, 369.0058898925781], [456.371826171875, 366.3435363769531, 537.9000854492188, 425.3313903808594], [182.46499633789062, 363.2618103027344, 609.1405029296875, 607.29443359375], [216.99366760253906, 397.42547607421875, 601.5977783203125, 597.6089477539062]]}