{"categories": [0, 26, 27, 28, 45, 55, 60], "bboxes": [[376.73541259765625, 65.62565612792969, 603.7442016601562, 419.733154296875], [2.254150390625, 353.48614501953125, 67.1727066040039, 426.0], [433.8352966308594, 194.18304443359375, 485.6324768066406, 301.9593200683594], [581.7877807617188, 282.1387634277344, 639.0, 415.5599060058594], [179.12841796875, 348.73614501953125, 234.49911499023438, 378.62994384765625], [244.73464965820312, 260.8857421875, 352.0231018066406, 374.30035400390625], [134.87840270996094, 315.53680419921875, 429.987060546875, 421.119384765625]]}