{"categories": [0, 46], "bboxes": [[0.0, 54.770599365234375, 363.1617431640625, 639.0], [142.04458618164062, 292.11688232421875, 300.10345458984375, 639.0]]}