{"categories": [0, 39, 41, 45, 53, 54, 60, 68, 69, 71, 73], "bboxes": [[75.75151062011719, 80.09953308105469, 283.7923583984375, 356.37872314453125], [60.22106170654297, 51.08500289916992, 69.9553451538086, 73.76212310791016], [369.3447265625, 303.2648010253906, 423.8597412109375, 359.0], [89.46102142333984, 53.85486602783203, 135.33358764648438, 77.21822357177734], [225.16653442382812, 250.46554565429688, 269.4299011230469, 293.3137512207031], [198.9539031982422, 316.95458984375, 222.60191345214844, 340.88629150390625], [316.1577453613281, 308.8609313964844, 471.0595397949219, 358.3415222167969], [88.25950622558594, 72.68924713134766, 195.17103576660156, 141.52505493164062], [0.0, 74.60273742675781, 96.18367004394531, 156.59007263183594], [8.085418701171875, 149.2073516845703, 147.58116149902344, 178.70103454589844], [218.9769287109375, 248.08456420898438, 349.40118408203125, 357.1022033691406]]}