{"categories": [0, 39, 45, 46, 47, 49, 55, 58, 60, 75], "bboxes": [[0.0, 143.60328674316406, 223.55459594726562, 639.0], [297.5024719238281, 360.1251525878906, 313.5429992675781, 404.7110900878906], [392.7834167480469, 395.1178283691406, 479.0, 455.9265441894531], [402.19512939453125, 399.4893493652344, 436.6878662109375, 430.1573181152344], [407.36700439453125, 393.9646911621094, 470.806396484375, 435.0354309082031], [465.30499267578125, 402.0568542480469, 479.0, 429.6040954589844], [143.13873291015625, 432.41693115234375, 240.08514404296875, 505.42254638671875], [121.15213775634766, 231.59585571289062, 168.33489990234375, 289.5018005371094], [134.0749053955078, 392.69195556640625, 478.48828125, 631.0104370117188], [167.4500274658203, 289.68402099609375, 196.36265563964844, 321.55657958984375]]}