{"categories": [0, 23, 24], "bboxes": [[36.95161437988281, 38.698638916015625, 255.3442840576172, 473.7206115722656], [181.5906524658203, 24.133010864257812, 625.8361206054688, 459.03204345703125], [1.9910717010498047, 65.49417114257812, 58.99560546875, 154.9142303466797]]}