{"categories": [0, 3, 7, 11], "bboxes": [[134.32069396972656, 98.06059265136719, 238.25071716308594, 395.97381591796875], [284.5120849609375, 170.070556640625, 504.07568359375, 405.64215087890625], [544.0217895507812, 76.24967956542969, 634.2039184570312, 222.23756408691406], [153.52691650390625, 23.329599380493164, 192.52783203125, 60.88322448730469]]}