{"categories": [0, 26, 56, 57, 65, 73], "bboxes": [[130.3540802001953, 180.44093322753906, 263.98065185546875, 437.4556884765625], [143.95408630371094, 288.46441650390625, 176.14512634277344, 356.1302490234375], [10.64913558959961, 177.54507446289062, 106.76849365234375, 349.7835388183594], [352.4587707519531, 157.63050842285156, 478.1272277832031, 388.84869384765625], [125.54914093017578, 274.8871765136719, 158.16957092285156, 296.0766296386719], [262.92034912109375, 0.0, 479.0, 344.88409423828125]]}