{"categories": [0, 26, 56, 57, 60, 65], "bboxes": [[206.77101135253906, 146.93084716796875, 448.04827880859375, 423.4683837890625], [68.97421264648438, 293.5728759765625, 149.9416961669922, 425.33477783203125], [426.08551025390625, 287.6452331542969, 631.8799438476562, 427.0], [134.31643676757812, 284.1847229003906, 625.062744140625, 425.9181213378906], [522.7528076171875, 332.1600036621094, 631.50439453125, 409.2826843261719], [280.19891357421875, 299.5391540527344, 308.7430419921875, 391.9843444824219]]}