{"categories": [0, 42, 45, 55, 60, 62], "bboxes": [[147.62615966796875, 39.963104248046875, 625.2184448242188, 470.1001892089844], [132.46987915039062, 321.63311767578125, 215.7259521484375, 415.30010986328125], [0.5794353485107422, 416.59466552734375, 40.699798583984375, 462.15655517578125], [177.61358642578125, 392.1641540527344, 228.26138305664062, 431.2342834472656], [6.3009185791015625, 391.3421325683594, 359.504638671875, 476.5724182128906], [258.9602355957031, 224.22991943359375, 372.6949157714844, 331.7041015625]]}