{"categories": [0, 18, 19, 34], "bboxes": [[22.45195770263672, 55.77970886230469, 269.2425537109375, 389.9005126953125], [335.125, 195.74632263183594, 609.9917602539062, 397.8349609375], [323.36517333984375, 194.82525634765625, 612.0226440429688, 393.699462890625], [258.3231506347656, 195.90469360351562, 348.7196960449219, 257.3342590332031]]}