{"categories": [0, 41, 45, 54, 56, 60], "bboxes": [[0.0, 54.88987731933594, 334.82659912109375, 372.9420166015625], [478.1944885253906, 305.94647216796875, 499.0, 365.162841796875], [472.66973876953125, 309.697998046875, 498.62322998046875, 366.77752685546875], [235.53619384765625, 198.69314575195312, 325.39166259765625, 291.90032958984375], [407.1385803222656, 137.1960906982422, 491.4544982910156, 281.03485107421875], [249.9251708984375, 286.6693420410156, 499.0, 371.3868103027344]]}