{"categories": [0, 32, 35], "bboxes": [[3.8251800537109375, 17.501434326171875, 409.05108642578125, 621.2073974609375], [335.3091125488281, 179.71707153320312, 366.6537780761719, 215.605712890625], [225.4972686767578, 219.77102661132812, 323.79437255859375, 338.8022155761719]]}