{"categories": [0, 14, 25, 56, 59], "bboxes": [[304.9343566894531, 318.907470703125, 538.3203125, 458.88916015625], [156.12611389160156, 215.5777130126953, 180.66075134277344, 232.81687927246094], [193.8875732421875, 36.987953186035156, 467.0955810546875, 137.83517456054688], [1.7413177490234375, 327.72369384765625, 150.62451171875, 478.0], [51.881134033203125, 274.54010009765625, 609.2877197265625, 474.3311767578125]]}