{"categories": [0, 27, 41, 44, 60, 62, 65, 72, 73, 77], "bboxes": [[352.6332702636719, 114.04464721679688, 511.7510681152344, 410.0407409667969], [503.20758056640625, 205.55398559570312, 539.4492797851562, 288.89837646484375], [356.70281982421875, 231.5232696533203, 371.3897705078125, 249.32643127441406], [309.49163818359375, 172.37986755371094, 378.3558349609375, 193.8155975341797], [73.20532989501953, 251.27670288085938, 202.02801513671875, 419.6658630371094], [22.466278076171875, 0.0, 225.57769775390625, 168.73397827148438], [366.5511169433594, 183.27418518066406, 382.8880310058594, 198.45201110839844], [220.3629913330078, 37.8463134765625, 330.7697448730469, 417.038330078125], [131.2204132080078, 241.08099365234375, 154.53663635253906, 284.1478271484375], [123.65938568115234, 190.12039184570312, 179.78305053710938, 273.8651428222656]]}