{"categories": [0, 1, 34, 35], "bboxes": [[123.18632507324219, 186.8584442138672, 379.8572998046875, 491.65625], [560.3001098632812, 108.88357543945312, 599.7501831054688, 131.03419494628906], [316.0360412597656, 72.10546112060547, 361.1033630371094, 179.3587646484375], [320.802734375, 270.43865966796875, 374.56219482421875, 327.0001220703125]]}