{"categories": [0, 26, 32, 57, 58, 65, 67, 71, 73, 75], "bboxes": [[82.7705078125, 7.8458099365234375, 408.8465270996094, 370.13446044921875], [219.01596069335938, 154.0058135986328, 279.6622009277344, 302.2618408203125], [362.2167053222656, 254.70127868652344, 390.9966125488281, 286.98553466796875], [394.2979736328125, 220.08168029785156, 499.0, 336.69097900390625], [390.3895263671875, 186.26275634765625, 434.5966796875, 249.02297973632812], [372.9111633300781, 126.80724334716797, 407.0789489746094, 144.72962951660156], [180.8541717529297, 51.54842758178711, 206.7375030517578, 89.91288757324219], [0.0, 338.71044921875, 57.61861038208008, 373.8294677734375], [261.4615478515625, 98.98043823242188, 308.671630859375, 147.64500427246094], [400.90399169921875, 220.92005920410156, 425.17767333984375, 251.36595153808594]]}