{"categories": [0, 27, 45, 55, 60, 71], "bboxes": [[6.4614105224609375, 22.291961669921875, 355.5238037109375, 604.658935546875], [117.44830322265625, 208.03399658203125, 131.076416015625, 253.81585693359375], [367.8631896972656, 464.1710205078125, 426.0, 535.0499877929688], [322.6090393066406, 336.438720703125, 399.7981262207031, 408.21697998046875], [129.97154235839844, 336.936279296875, 416.3885498046875, 631.23828125], [310.85308837890625, 218.1066131591797, 418.63720703125, 240.59642028808594]]}