{"categories": [0, 26, 45, 68, 72], "bboxes": [[236.402099609375, 152.2227325439453, 446.62225341796875, 632.9883422851562], [212.54261779785156, 229.43728637695312, 280.69061279296875, 336.3778991699219], [177.52142333984375, 176.9480743408203, 212.9033203125, 192.44798278808594], [175.00355529785156, 189.99755859375, 295.3326416015625, 264.51593017578125], [386.4895935058594, 192.46023559570312, 477.6432800292969, 424.6717224121094]]}