{"categories": [0, 8, 13, 25, 33, 39, 40, 41, 45, 56], "bboxes": [[221.19647216796875, 181.19143676757812, 393.778564453125, 356.2898864746094], [625.9580078125, 36.666656494140625, 637.825439453125, 59.55876922607422], [42.5732421875, 237.37208557128906, 399.7345275878906, 450.0], [228.4724884033203, 0.0, 634.9388427734375, 354.35125732421875], [227.6358184814453, 6.4571990966796875, 634.4404907226562, 271.0479736328125], [220.30606079101562, 415.4482116699219, 238.57855224609375, 448.6502380371094], [223.60040283203125, 344.68011474609375, 246.2451171875, 406.86212158203125], [223.30055236816406, 340.3272705078125, 247.26731872558594, 382.27447509765625], [244.7579803466797, 365.08563232421875, 280.63665771484375, 389.907470703125], [299.74371337890625, 246.14955139160156, 417.4302978515625, 447.31866455078125]]}