{"categories": [0, 25, 34, 35, 56], "bboxes": [[27.166046142578125, 147.5906219482422, 271.86981201171875, 372.5135498046875], [0.0, 49.621150970458984, 22.385555267333984, 68.27699279785156], [202.345703125, 145.3482208251953, 286.1299743652344, 193.1435089111328], [3.171947479248047, 281.6462097167969, 36.971500396728516, 316.8272399902344], [347.65655517578125, 266.831787109375, 378.464599609375, 286.8284912109375]]}