{"categories": [0, 13, 17, 18, 56], "bboxes": [[351.7333984375, 8.111648559570312, 580.3727416992188, 472.071533203125], [155.07382202148438, 254.58802795410156, 546.055908203125, 468.97357177734375], [197.0286407470703, 95.20973205566406, 442.84906005859375, 364.15374755859375], [189.86251831054688, 94.77362060546875, 442.6809387207031, 356.1078796386719], [572.28369140625, 127.29173278808594, 635.10302734375, 322.56341552734375]]}