{"categories": [0, 26, 30, 31], "bboxes": [[0.0, 76.94598388671875, 290.84930419921875, 358.3835754394531], [163.78590393066406, 44.41357421875, 186.88648986816406, 73.39556121826172], [103.54215240478516, 129.52015686035156, 231.83407592773438, 154.9293670654297], [163.06976318359375, 15.027446746826172, 236.11825561523438, 66.2646484375]]}