{"categories": [0, 13, 18, 19, 27, 73], "bboxes": [[48.12122344970703, 55.87641906738281, 262.86102294921875, 493.72296142578125], [4.130645751953125, 200.38987731933594, 587.4671630859375, 477.382568359375], [361.06048583984375, 157.36068725585938, 639.0, 497.0], [356.7816162109375, 161.22402954101562, 633.0552368164062, 489.8726501464844], [142.65310668945312, 176.0963134765625, 164.75897216796875, 301.4518127441406], [144.55816650390625, 300.7518615722656, 264.4750671386719, 365.0305480957031]]}