{"categories": [0, 57, 65], "bboxes": [[335.03399658203125, 127.84600830078125, 560.0847778320312, 473.2945556640625], [0.0, 37.02134704589844, 636.9020385742188, 473.1190185546875], [376.801513671875, 367.177734375, 408.14300537109375, 390.83447265625]]}