{"categories": [0, 13, 24, 56, 67], "bboxes": [[105.21469116210938, 21.029586791992188, 232.73788452148438, 352.36981201171875], [131.1986541748047, 77.71768188476562, 629.3297729492188, 325.5423583984375], [339.06048583984375, 57.78022766113281, 421.94464111328125, 145.2210693359375], [205.55166625976562, 221.16751098632812, 240.68515014648438, 273.2266845703125], [164.9264678955078, 76.73603057861328, 183.0729217529297, 99.51256561279297]]}