{"categories": [0, 56], "bboxes": [[203.5819091796875, 96.7322998046875, 411.5462646484375, 412.7093200683594], [235.07098388671875, 67.89240264892578, 263.88427734375, 87.96627044677734]]}