{"categories": [0, 8], "bboxes": [[361.9539794921875, 152.28890991210938, 846.0848388671875, 758.048828125], [0.0, 331.765869140625, 1023.0, 752.7984619140625]]}