{"categories": [0, 26, 27, 39, 41, 56, 62, 69, 74], "bboxes": [[108.69987487792969, 140.497802734375, 466.0372314453125, 742.0709228515625], [226.9000701904297, 588.1489868164062, 423.46771240234375, 738.4181518554688], [318.0512390136719, 307.3976135253906, 365.5914611816406, 513.803466796875], [11.744972229003906, 498.1105651855469, 38.55601501464844, 579.4632568359375], [563.1611938476562, 569.4828491210938, 619.6232299804688, 621.3264770507812], [793.8795166015625, 3.555419921875, 1018.771484375, 241.53480529785156], [352.85833740234375, 274.8537292480469, 411.0472412109375, 391.2721862792969], [3.170989990234375, 602.9760131835938, 127.78469848632812, 757.8765258789062], [355.14544677734375, 278.3340759277344, 406.46282958984375, 377.7281188964844]]}