{"categories": [0, 2, 3, 24], "bboxes": [[137.13140869140625, 104.73666381835938, 337.2554626464844, 498.6336364746094], [401.50775146484375, 406.4342956542969, 426.0, 497.2115783691406], [87.69137573242188, 247.66769409179688, 386.11297607421875, 481.2852478027344], [380.8456726074219, 195.33132934570312, 426.0, 302.865966796875]]}