{"categories": [0, 3, 13, 34, 35, 38, 56], "bboxes": [[373.5036926269531, 202.6632080078125, 479.5389099121094, 457.24798583984375], [276.94403076171875, 46.379188537597656, 315.5797119140625, 89.68791961669922], [322.32977294921875, 31.794048309326172, 493.0697021484375, 97.29669189453125], [378.1922302246094, 322.638427734375, 389.6741027832031, 424.42071533203125], [332.2424621582031, 352.9393310546875, 368.9188537597656, 389.16778564453125], [378.0304260253906, 318.5371398925781, 392.4683532714844, 420.1835632324219], [1.0764198303222656, 33.765830993652344, 54.741268157958984, 115.48738861083984]]}