{"categories": [0, 39, 67, 72], "bboxes": [[16.95953369140625, 0.0, 373.5963439941406, 470.4730224609375], [193.4369354248047, 178.8056182861328, 219.4404754638672, 230.95252990722656], [253.64906311035156, 366.28594970703125, 332.45916748046875, 477.31622314453125], [185.05657958984375, 105.29306030273438, 349.04107666015625, 383.04290771484375]]}