{"categories": [0, 13, 39, 41, 43, 45, 48, 55, 60], "bboxes": [[360.79638671875, 0.4899444580078125, 639.0, 475.90313720703125], [311.035888671875, 20.937686920166016, 368.43133544921875, 49.3790397644043], [84.10287475585938, 450.20458984375, 109.67745971679688, 479.0], [2.401261329650879, 179.98509216308594, 27.348812103271484, 225.93190002441406], [284.29522705078125, 407.29058837890625, 443.33990478515625, 465.25811767578125], [45.10194396972656, 290.9638671875, 242.95631408691406, 416.70806884765625], [18.94612693786621, 299.7167663574219, 60.69068145751953, 331.8595275878906], [327.184326171875, 378.2816162109375, 386.3372802734375, 413.89892578125], [10.5623779296875, 251.99136352539062, 469.6049499511719, 475.0618591308594]]}