{"categories": [0, 23, 26], "bboxes": [[159.6513671875, 164.0860595703125, 381.10009765625, 477.4066162109375], [124.56160736083984, 128.9492950439453, 215.98495483398438, 261.82867431640625], [0.0, 366.1556396484375, 58.37537384033203, 478.8406982421875]]}