{"categories": [0, 39, 41, 42, 43, 44, 55, 56, 58, 60], "bboxes": [[278.9894714355469, 0.0, 637.0782470703125, 449.54302978515625], [218.49078369140625, 273.2731018066406, 301.9124755859375, 466.2029724121094], [149.5377655029297, 316.11822509765625, 235.2298126220703, 438.7335205078125], [289.173095703125, 366.5101318359375, 489.89404296875, 399.06292724609375], [290.4571533203125, 373.2807312011719, 483.1036376953125, 393.4528503417969], [286.7600402832031, 365.7215881347656, 496.5026550292969, 399.6764221191406], [306.06170654296875, 360.9048156738281, 534.8070068359375, 473.2568054199219], [295.2091979980469, 206.63563537597656, 390.6150207519531, 311.8414611816406], [304.1414794921875, 429.6827087402344, 358.04168701171875, 473.3887634277344], [11.371917724609375, 314.4246826171875, 605.251220703125, 473.49615478515625]]}