{"categories": [0, 2, 24, 30, 77], "bboxes": [[488.644775390625, 76.09494018554688, 605.283203125, 362.4294738769531], [112.98013305664062, 386.4126892089844, 154.05361938476562, 417.0813293457031], [349.5263671875, 387.98736572265625, 436.399658203125, 479.0], [458.61175537109375, 330.38720703125, 592.0764770507812, 400.74951171875], [114.5430679321289, 145.08285522460938, 162.64620971679688, 220.06710815429688]]}