{"categories": [0, 19, 45], "bboxes": [[46.17071533203125, 183.16061401367188, 231.00210571289062, 360.0845031738281], [182.3382568359375, 72.4481201171875, 429.2486572265625, 375.9832763671875], [544.356689453125, 329.8745422363281, 626.2593994140625, 404.8387756347656]]}