{"categories": [0, 26, 40, 56, 60, 63, 73], "bboxes": [[53.56690216064453, 217.4238739013672, 271.4403381347656, 473.2550048828125], [0.4008922576904297, 288.8221130371094, 35.354705810546875, 408.6617126464844], [297.6513977050781, 276.07659912109375, 319.5112609863281, 319.40325927734375], [399.555419921875, 292.76513671875, 558.5665893554688, 476.60064697265625], [563.1693725585938, 258.58868408203125, 639.0, 395.70037841796875], [361.444580078125, 297.5502624511719, 420.6368408203125, 326.8259582519531], [155.5393524169922, 285.79937744140625, 268.705322265625, 364.1201171875]]}