{"categories": [0, 13, 34, 35, 56], "bboxes": [[286.2213134765625, 61.305908203125, 495.1990966796875, 371.3310546875], [58.85362243652344, 45.51820373535156, 232.2409210205078, 129.5491943359375], [346.20562744140625, 21.811046600341797, 464.70556640625, 116.81234741210938], [291.1523132324219, 230.22877502441406, 339.4418640136719, 270.5675048828125], [76.321044921875, 16.879257202148438, 116.99906921386719, 45.74825668334961]]}