{"categories": [0, 27, 55, 63, 73], "bboxes": [[15.080886840820312, 23.1002197265625, 283.56475830078125, 626.5579223632812], [356.1221923828125, 197.84239196777344, 387.93682861328125, 255.6370086669922], [292.0605773925781, 345.9642333984375, 479.9073791503906, 509.43701171875], [6.964385986328125, 208.1414794921875, 269.10546875, 463.41656494140625], [13.507942199707031, 194.03387451171875, 264.1441345214844, 471.15057373046875]]}