{"categories": [0, 13, 34, 35], "bboxes": [[387.5084228515625, 98.02565002441406, 586.8457641601562, 335.5797119140625], [373.0631408691406, 166.5503692626953, 410.0361633300781, 193.75657653808594], [565.7586059570312, 151.00994873046875, 634.8325805664062, 170.04708862304688], [278.5262451171875, 201.35736083984375, 324.1668701171875, 240.49172973632812]]}