{"categories": [0, 32], "bboxes": [[368.3454284667969, 4.3215179443359375, 592.3167724609375, 346.09942626953125], [197.9945831298828, 366.826904296875, 257.0428161621094, 419.63311767578125]]}