{"categories": [0, 3], "bboxes": [[140.53311157226562, 131.54031372070312, 239.05490112304688, 431.7641296386719], [210.4987335205078, 196.04164123535156, 378.82440185546875, 324.340087890625]]}