{"categories": [0, 7, 24, 26, 27, 28, 39, 56, 73], "bboxes": [[393.9910583496094, 9.843597412109375, 629.815673828125, 444.6572265625], [23.364837646484375, 1.255279541015625, 602.470703125, 269.8661804199219], [557.4746704101562, 155.56228637695312, 611.0057983398438, 245.78518676757812], [224.34979248046875, 147.04013061523438, 277.6188049316406, 290.919921875], [420.84405517578125, 183.0550537109375, 505.06768798828125, 313.7415466308594], [350.37261962890625, 118.19905090332031, 392.86822509765625, 216.48460388183594], [319.0029296875, 230.46731567382812, 403.9488525390625, 306.7724304199219], [558.9967041015625, 156.05325317382812, 610.2257080078125, 238.9971923828125], [198.25535583496094, 307.4720764160156, 259.587646484375, 356.5403137207031]]}