{"categories": [0, 62, 65], "bboxes": [[168.35494995117188, 43.3800048828125, 393.9682922363281, 276.4783935546875], [379.3477478027344, 238.06690979003906, 469.2607116699219, 279.0256652832031], [228.73292541503906, 58.144805908203125, 292.2767333984375, 87.42987060546875]]}