{"categories": [0, 2, 25, 26, 56], "bboxes": [[228.26084899902344, 118.63142395019531, 329.43280029296875, 416.6610107421875], [0.98834228515625, 117.45708465576172, 180.7730712890625, 199.97036743164062], [380.02130126953125, 98.06352996826172, 471.271728515625, 165.9033203125], [502.3589172363281, 179.04046630859375, 563.3895874023438, 265.06646728515625], [363.0370788574219, 123.6783218383789, 391.0281066894531, 159.89788818359375]]}