{"categories": [0, 16, 34, 41, 57, 59], "bboxes": [[0.0, 59.64445495605469, 141.35055541992188, 372.73675537109375], [338.0086669921875, 200.70765686035156, 499.0, 374.0], [173.40098571777344, 197.92724609375, 211.5664520263672, 373.1217041015625], [187.0721893310547, 203.67535400390625, 217.83607482910156, 263.4580078125], [180.2935028076172, 65.403564453125, 491.226318359375, 348.90582275390625], [231.16188049316406, 24.915252685546875, 495.55865478515625, 308.6387634277344]]}