{"categories": [0, 24, 26, 32, 36], "bboxes": [[365.17608642578125, 73.00747680664062, 589.523681640625, 216.83706665039062], [101.65709686279297, 107.56854248046875, 176.46380615234375, 226.90960693359375], [107.91929626464844, 119.51986694335938, 161.8345184326172, 226.60134887695312], [508.76556396484375, 200.2758331298828, 524.4177856445312, 215.5398712158203], [150.98336791992188, 222.02720642089844, 262.8177795410156, 256.264892578125]]}