{"categories": [0, 13, 34, 35], "bboxes": [[103.02178955078125, 124.9167709350586, 281.6687927246094, 369.6449890136719], [328.4732666015625, 138.44216918945312, 398.23736572265625, 170.58087158203125], [209.9463653564453, 89.45075988769531, 264.80194091796875, 169.67872619628906], [321.0578918457031, 268.1976623535156, 349.9866638183594, 294.8849792480469]]}