{"categories": [0, 41, 45, 47, 60, 65, 75], "bboxes": [[138.59666442871094, 84.46278381347656, 293.01715087890625, 368.5657958984375], [383.2012634277344, 155.17893981933594, 411.9324645996094, 183.15296936035156], [331.8549499511719, 290.28009033203125, 389.5972595214844, 326.62939453125], [335.77532958984375, 289.97857666015625, 385.32647705078125, 322.15850830078125], [247.76687622070312, 293.3279113769531, 499.0, 367.7026672363281], [270.1998596191406, 282.6259765625, 326.1224060058594, 315.871826171875], [326.5467224121094, 137.8031463623047, 350.9448547363281, 185.14344787597656]]}