{"categories": [0, 39, 41, 42, 43, 45, 46, 53, 54, 56, 60], "bboxes": [[259.0806579589844, 57.25994110107422, 432.5592346191406, 243.8892822265625], [431.30816650390625, 181.38755798339844, 452.2894287109375, 221.65968322753906], [539.361328125, 225.8935546875, 561.009033203125, 267.03253173828125], [69.41688537597656, 242.01467895507812, 96.86116027832031, 281.7741394042969], [74.86677551269531, 244.14913940429688, 94.10447692871094, 274.9944152832031], [276.4383850097656, 343.66473388671875, 374.0545959472656, 376.98260498046875], [67.499755859375, 366.0257873535156, 179.2581024169922, 405.2470397949219], [261.1661071777344, 372.8782653808594, 379.5440368652344, 411.0669860839844], [512.7392578125, 365.9490051269531, 548.0201416015625, 400.1051330566406], [469.4368591308594, 183.610595703125, 494.8832702636719, 211.5262451171875], [0.0, 190.89047241210938, 639.0, 418.1825256347656]]}