{"categories": [0, 24, 32], "bboxes": [[257.1560974121094, 63.75848388671875, 367.7911071777344, 314.8512268066406], [261.9533996582031, 91.61194610595703, 331.2948303222656, 166.86947631835938], [180.85214233398438, 353.0708312988281, 234.19244384765625, 405.0339660644531]]}