{"categories": [0, 39, 41, 45, 68, 71], "bboxes": [[316.3614196777344, 130.00149536132812, 459.2389831542969, 473.3272399902344], [565.0673828125, 315.0193176269531, 590.3494873046875, 359.7052307128906], [223.218994140625, 288.94769287109375, 242.64398193359375, 324.8558349609375], [10.986663818359375, 419.698974609375, 137.06591796875, 475.83392333984375], [189.50851440429688, 258.4396667480469, 281.088623046875, 319.2263488769531], [449.34130859375, 328.7702941894531, 554.2811279296875, 369.8185729980469]]}