{"categories": [0, 27, 45, 55, 60, 73, 77], "bboxes": [[440.541259765625, 67.45285034179688, 602.221435546875, 408.1305236816406], [474.6225280761719, 183.65304565429688, 497.8507995605469, 328.4461364746094], [493.816162109375, 381.195556640625, 561.9693603515625, 433.0020751953125], [49.61676025390625, 316.9866027832031, 328.27587890625, 433.7896423339844], [0.0, 327.41107177734375, 628.804931640625, 477.10498046875], [430.5463562011719, 406.17791748046875, 547.907958984375, 469.62579345703125], [254.0172119140625, 15.583602905273438, 478.62005615234375, 378.8687744140625]]}