{"categories": [0, 39, 40, 41, 45, 56, 60, 68, 72, 75], "bboxes": [[343.9269714355469, 218.234619140625, 535.0612182617188, 473.83026123046875], [295.36474609375, 283.36273193359375, 314.38568115234375, 359.841552734375], [429.99896240234375, 124.38853454589844, 444.0413818359375, 153.8136444091797], [204.8713836669922, 323.9081726074219, 227.3582000732422, 354.8130798339844], [189.20553588867188, 350.72100830078125, 220.04153442382812, 372.54559326171875], [204.89556884765625, 410.3628845214844, 368.8851318359375, 478.2874450683594], [28.09381103515625, 290.2071228027344, 421.3418273925781, 465.4864196777344], [43.17330551147461, 232.50772094726562, 131.1368865966797, 291.2275085449219], [466.7384948730469, 157.22064208984375, 588.5537719726562, 364.437744140625], [131.57640075683594, 216.3763885498047, 153.3675079345703, 282.55645751953125]]}