{"categories": [0, 36, 39], "bboxes": [[273.4696960449219, 96.53929138183594, 398.0165710449219, 405.6973876953125], [273.0821533203125, 260.19720458984375, 338.93865966796875, 397.0435791015625], [550.692626953125, 0.0, 578.6827392578125, 45.11884307861328]]}