{"categories": [0, 25, 26, 27, 58], "bboxes": [[747.141845703125, 158.19912719726562, 966.129150390625, 761.5272216796875], [522.7470092773438, 568.9267578125, 698.5978393554688, 767.0], [99.6344223022461, 561.5498046875, 196.62088012695312, 740.84619140625], [550.0640869140625, 285.994873046875, 588.690185546875, 380.6153564453125], [0.0, 313.84130859375, 100.45779418945312, 570.46533203125]]}