{"categories": [0, 41, 44, 45, 59, 60], "bboxes": [[63.642852783203125, 20.422576904296875, 588.681640625, 744.9173583984375], [62.963714599609375, 695.7686767578125, 214.85797119140625, 766.9017333984375], [152.32786560058594, 599.6138916015625, 178.58973693847656, 753.1964111328125], [45.64460754394531, 696.34033203125, 218.84214782714844, 763.9012451171875], [0.0, 423.0370178222656, 1023.0, 757.5128173828125], [0.0, 579.928955078125, 546.0265502929688, 759.419189453125]]}