{"categories": [0, 25, 26, 27, 58], "bboxes": [[579.3120727539062, 277.60400390625, 810.0744018554688, 997.3431396484375], [0.0, 0.0, 859.2047729492188, 639.1022338867188], [428.6552734375, 621.976806640625, 496.36224365234375, 770.3214111328125], [280.95440673828125, 354.06005859375, 309.1817626953125, 430.02117919921875], [749.2503662109375, 262.4996643066406, 871.6728515625, 594.624755859375]]}