{"categories": [0, 2, 24, 36, 67], "bboxes": [[340.42474365234375, 15.003555297851562, 485.41339111328125, 327.89080810546875], [46.837806701660156, 1.5001506805419922, 215.75625610351562, 37.698020935058594], [39.01005554199219, 176.1202850341797, 54.233367919921875, 228.9107208251953], [3.6380691528320312, 220.69515991210938, 168.95693969726562, 271.7418518066406], [424.2873229980469, 131.12315368652344, 441.2790832519531, 141.8563690185547]]}