{"categories": [0, 39, 40, 41, 42, 54, 55, 56, 60, 73, 75], "bboxes": [[26.703750610351562, 25.064010620117188, 280.31201171875, 376.57666015625], [440.97674560546875, 88.17912292480469, 459.46331787109375, 145.9337921142578], [415.05230712890625, 121.90445709228516, 436.79730224609375, 174.28956604003906], [546.5208129882812, 305.5714111328125, 594.8367309570312, 369.40997314453125], [244.7313690185547, 296.81353759765625, 279.5810852050781, 316.990966796875], [457.8076477050781, 281.9762268066406, 513.2780151367188, 312.3388977050781], [288.8004455566406, 306.89117431640625, 426.8924865722656, 414.2506103515625], [605.6602172851562, 214.3707275390625, 637.2907104492188, 318.2333984375], [62.9395751953125, 258.07159423828125, 623.5576782226562, 425.0], [97.46047973632812, 392.5986633300781, 179.31683349609375, 424.7015686035156], [569.1940307617188, 51.635955810546875, 594.6412963867188, 78.4578857421875]]}