{"categories": [0, 39, 40, 41, 42, 53, 60], "bboxes": [[1.6452865600585938, 79.18514251708984, 142.62957763671875, 269.2724914550781], [590.7714233398438, 81.55107879638672, 601.7660522460938, 105.97562408447266], [219.9940185546875, 335.0192565917969, 284.25518798828125, 445.3277893066406], [536.6657104492188, 338.04742431640625, 604.4718627929688, 422.77264404296875], [120.11984252929688, 321.2671203613281, 180.9696044921875, 338.1231994628906], [386.7978515625, 359.56640625, 478.68023681640625, 428.007568359375], [0.0, 282.38641357421875, 622.33935546875, 471.15570068359375]]}