{"categories": [0, 8, 14, 32], "bboxes": [[0.5888214111328125, 1.5060348510742188, 91.68109130859375, 175.77468872070312], [520.84228515625, 8.858662605285645, 629.734619140625, 31.082897186279297], [112.37106323242188, 22.58749008178711, 161.8043212890625, 39.822410583496094], [28.898540496826172, 201.25538635253906, 96.19004821777344, 268.09716796875]]}