{"categories": [0, 41, 44, 45, 55, 56, 60, 62, 63, 69, 72], "bboxes": [[9.517982482910156, 71.99392700195312, 248.69232177734375, 414.2375183105469], [76.9984130859375, 0.4513225555419922, 109.36152648925781, 30.234050750732422], [465.031982421875, 271.7884826660156, 491.31243896484375, 295.7842102050781], [468.36578369140625, 275.99737548828125, 541.9871826171875, 338.31915283203125], [0.0, 297.22918701171875, 46.38835144042969, 383.2979736328125], [285.3344421386719, 289.06085205078125, 372.9122009277344, 411.51470947265625], [375.4866027832031, 230.160400390625, 574.3905029296875, 405.93780517578125], [598.3101806640625, 132.072265625, 639.0, 202.43588256835938], [121.37854766845703, 64.60603332519531, 284.9485168457031, 284.35491943359375], [413.26513671875, 290.5551452636719, 639.0, 412.7532653808594], [9.342369079589844, 53.74165344238281, 237.76300048828125, 330.004638671875]]}