{"categories": [0, 24, 26, 29, 35], "bboxes": [[152.73301696777344, 116.80299377441406, 326.51690673828125, 617.4949951171875], [344.25091552734375, 256.9606628417969, 422.0, 356.5292663574219], [114.33317565917969, 263.2426452636719, 174.23976135253906, 386.5596618652344], [171.8992919921875, 335.46209716796875, 269.4709167480469, 377.106689453125], [152.90147399902344, 463.36993408203125, 184.5843963623047, 497.796142578125]]}