{"categories": [0, 57, 62, 65], "bboxes": [[230.95590209960938, 95.76075744628906, 398.9232482910156, 372.315673828125], [0.0, 282.002685546875, 200.66590881347656, 371.39178466796875], [11.895027160644531, 176.5854034423828, 83.02908325195312, 279.578857421875], [163.9676971435547, 147.45913696289062, 180.89671325683594, 160.568603515625]]}