{"categories": [0, 35, 41], "bboxes": [[55.85302734375, 14.068527221679688, 402.1120910644531, 328.41827392578125], [307.7672119140625, 10.357812881469727, 361.2362060546875, 68.7894058227539], [137.82699584960938, 253.49630737304688, 210.66387939453125, 308.5470275878906]]}