{"categories": [0, 2, 29, 33, 39, 56], "bboxes": [[345.04583740234375, 68.11073303222656, 483.01806640625, 455.6663818359375], [508.9679870605469, 0.10819244384765625, 543.2188110351562, 34.929405212402344], [336.1163635253906, 320.73968505859375, 371.8623352050781, 395.6845703125], [166.4516143798828, 103.2564697265625, 225.29591369628906, 182.09674072265625], [180.60223388671875, 318.4157409667969, 197.65460205078125, 358.1686096191406], [593.4307250976562, 165.248779296875, 635.8705444335938, 233.0115966796875]]}