{"categories": [0, 40, 54, 62], "bboxes": [[63.03204345703125, 0.0, 634.8729248046875, 462.4865417480469], [179.753662109375, 162.2639923095703, 248.607666015625, 257.0596923828125], [336.063720703125, 173.74258422851562, 527.4343872070312, 355.7646179199219], [0.0, 141.95709228515625, 56.71746826171875, 197.37457275390625]]}