{"categories": [0, 39, 40, 41, 43, 45, 56, 60], "bboxes": [[405.20501708984375, 42.123146057128906, 545.6351928710938, 195.88101196289062], [143.4185791015625, 298.59332275390625, 219.60226440429688, 469.22613525390625], [575.5977172851562, 251.01571655273438, 639.0, 456.8305358886719], [354.6114501953125, 251.9832305908203, 415.90496826171875, 343.7623291015625], [245.0495147705078, 235.4862518310547, 297.22442626953125, 251.3083953857422], [258.6378479003906, 292.8768310546875, 337.0006408691406, 335.7547607421875], [187.6511993408203, 71.27037811279297, 239.0879364013672, 108.68778228759766], [0.0, 142.2153778076172, 639.0, 474.6497802734375]]}