{"categories": [0, 27, 56, 60, 63, 67], "bboxes": [[0.0, 11.002212524414062, 243.68539428710938, 333.57611083984375], [85.72276306152344, 147.97625732421875, 120.19686889648438, 192.70095825195312], [138.55020141601562, 5.225212097167969, 238.71401977539062, 181.42813110351562], [9.60418701171875, 216.90325927734375, 576.993408203125, 472.75250244140625], [38.650596618652344, 294.2779846191406, 237.48049926757812, 395.0990295410156], [222.38124084472656, 280.6976623535156, 257.2052917480469, 319.1607971191406]]}