{"categories": [0, 48], "bboxes": [[30.083480834960938, 49.49385070800781, 330.95068359375, 416.318603515625], [285.3966979980469, 285.0187072753906, 401.9567565917969, 405.2524719238281]]}