{"categories": [0, 9, 24, 25, 26, 28, 39, 45, 60, 73], "bboxes": [[390.5495300292969, 93.59510803222656, 498.0906066894531, 419.85772705078125], [329.6766357421875, 74.06765747070312, 353.25323486328125, 107.99839782714844], [472.48223876953125, 202.14613342285156, 502.775634765625, 239.85646057128906], [15.92657470703125, 0.5054779052734375, 390.90509033203125, 265.16888427734375], [141.44776916503906, 320.3048400878906, 181.0413055419922, 423.4087829589844], [257.85675048828125, 252.13787841796875, 393.5462646484375, 346.26702880859375], [288.6759338378906, 217.17454528808594, 305.8095397949219, 251.0453338623047], [36.08396911621094, 298.673095703125, 72.10523986816406, 317.96722412109375], [310.326416015625, 199.08099365234375, 399.24371337890625, 252.64022827148438], [54.29050064086914, 221.31520080566406, 82.57180786132812, 233.36082458496094]]}