{"categories": [0, 2, 3], "bboxes": [[35.20591735839844, 108.44557189941406, 182.935302734375, 472.16900634765625], [49.322998046875, 178.64117431640625, 87.10293579101562, 208.60491943359375], [455.4180908203125, 241.5426025390625, 634.8358154296875, 471.3106689453125]]}