{"categories": [0, 27], "bboxes": [[30.51129150390625, 93.99601745605469, 418.0601501464844, 421.5538330078125], [386.0424499511719, 259.88433837890625, 414.5336608886719, 295.4205322265625]]}