{"categories": [0, 25, 43, 44, 45, 55, 56, 60], "bboxes": [[293.52789306640625, 38.94036865234375, 526.6626586914062, 298.0267639160156], [84.98794555664062, 277.912841796875, 153.77310180664062, 310.64520263671875], [545.6375122070312, 323.9112243652344, 598.6290893554688, 376.8356628417969], [5.003742218017578, 300.52203369140625, 84.77412414550781, 364.8818359375], [489.0330505371094, 287.3545837402344, 525.0452880859375, 307.0455017089844], [211.45916748046875, 278.7461853027344, 494.1865234375, 393.6733703613281], [542.0927734375, 276.79150390625, 635.371337890625, 354.2288818359375], [27.304412841796875, 267.1397399902344, 632.9263916015625, 419.0474548339844]]}