{"categories": [0, 26, 57, 62, 65], "bboxes": [[309.5904846191406, 22.14599609375, 498.8528747558594, 317.96392822265625], [293.7217712402344, 207.4747314453125, 354.1929626464844, 318.0], [12.633758544921875, 121.9767074584961, 367.7844543457031, 309.7698059082031], [221.52662658691406, 29.16429901123047, 324.9521484375, 106.36429595947266], [319.7405090332031, 48.511962890625, 364.6795349121094, 107.01553344726562]]}