{"categories": [0, 41, 56, 57, 65], "bboxes": [[160.9581756591797, 78.4720458984375, 342.2369384765625, 477.9521484375], [99.47734069824219, 230.61012268066406, 126.79530334472656, 268.79144287109375], [531.792236328125, 396.71533203125, 598.4395751953125, 478.7314453125], [590.85595703125, 353.6246337890625, 639.0, 479.0], [157.02325439453125, 217.96534729003906, 175.64581298828125, 276.1369934082031]]}