{"categories": [0, 40, 41, 56, 58, 60, 65, 75], "bboxes": [[341.19964599609375, 103.19001770019531, 552.4518432617188, 418.1568603515625], [426.39312744140625, 360.6089172363281, 463.21380615234375, 425.0], [39.58027648925781, 387.6808776855469, 83.13416290283203, 425.0], [552.572509765625, 325.642333984375, 637.889404296875, 416.36968994140625], [194.70635986328125, 339.3796691894531, 283.02239990234375, 423.6330261230469], [213.3414764404297, 271.32720947265625, 300.9833984375, 383.38055419921875], [369.28564453125, 230.19113159179688, 402.771240234375, 293.6138000488281], [220.4967041015625, 398.3824462890625, 256.9403381347656, 425.0]]}