{"categories": [0, 2, 5, 6, 26, 67], "bboxes": [[358.08642578125, 100.02491760253906, 518.1854248046875, 362.46563720703125], [487.0633239746094, 133.21688842773438, 639.0, 218.07064819335938], [47.34611511230469, 23.3861083984375, 532.740478515625, 272.4877624511719], [14.27117919921875, 19.83624267578125, 623.731689453125, 313.9927978515625], [231.71755981445312, 239.41873168945312, 325.6643371582031, 378.2287292480469], [276.3304443359375, 200.98634338378906, 294.3438720703125, 220.2325897216797]]}