{"categories": [0, 27, 34, 71], "bboxes": [[220.36192321777344, 32.57698059082031, 477.28076171875, 327.91033935546875], [337.2015380859375, 137.47567749023438, 361.355224609375, 227.88888549804688], [78.03126525878906, 166.18092346191406, 127.30056762695312, 249.43846130371094], [107.38552856445312, 271.3179016113281, 265.0226135253906, 333.3842468261719]]}