{"categories": [0, 39, 41, 45, 50, 56, 60, 63, 72], "bboxes": [[1.517730712890625, 7.4941558837890625, 202.3430633544922, 377.318603515625], [468.0755615234375, 193.01223754882812, 491.14495849609375, 258.72064208984375], [388.16900634765625, 338.18634033203125, 417.10693359375, 380.293701171875], [387.4712829589844, 245.64370727539062, 463.1584167480469, 300.7157897949219], [308.9663391113281, 344.96405029296875, 370.1335754394531, 379.75042724609375], [161.55027770996094, 60.99514389038086, 213.9899444580078, 110.90699768066406], [188.0953369140625, 186.32249450683594, 547.3920288085938, 374.645751953125], [162.86151123046875, 62.22332000732422, 215.14569091796875, 108.0144271850586], [206.36087036132812, 18.000110626220703, 291.8153076171875, 102.56985473632812]]}