{"categories": [0, 2, 26, 36, 56], "bboxes": [[168.42666625976562, 96.66719055175781, 454.2657775878906, 515.163330078125], [411.4980773925781, 1.3740320205688477, 477.9004211425781, 31.21856689453125], [127.47991943359375, 289.0933532714844, 228.72171020507812, 422.2892150878906], [348.4627380371094, 453.04376220703125, 512.74609375, 519.5875244140625], [2.3912200927734375, 442.7164611816406, 56.695186614990234, 512.211181640625]]}