{"categories": [0, 26, 39, 58], "bboxes": [[363.3863525390625, 329.305419921875, 444.62335205078125, 629.2626953125], [322.4434509277344, 517.25634765625, 359.7922668457031, 581.6376953125], [5.783269882202148, 538.4891967773438, 38.262794494628906, 630.8939819335938], [18.564239501953125, 303.2666015625, 113.669189453125, 397.37518310546875]]}