{"categories": [0, 39, 41, 45, 56, 57, 60, 65, 73], "bboxes": [[36.02775573730469, 84.71041870117188, 340.10589599609375, 635.990966796875], [333.7320556640625, 403.0855712890625, 362.52838134765625, 479.2744140625], [22.39756965637207, 499.7315673828125, 57.26872253417969, 550.5745849609375], [375.9505615234375, 418.8636169433594, 410.83642578125, 450.1461486816406], [400.7198486328125, 254.2733154296875, 479.0, 427.83837890625], [241.4450225830078, 346.3893737792969, 367.2440185546875, 429.2295837402344], [235.8194122314453, 408.782470703125, 479.0, 626.6588134765625], [322.728271484375, 356.0059814453125, 344.51690673828125, 380.33892822265625], [396.75286865234375, 181.83993530273438, 433.8411865234375, 228.75897216796875]]}