{"categories": [0, 26, 39, 56, 57, 59, 63], "bboxes": [[286.5947265625, 38.96434020996094, 442.76470947265625, 318.22894287109375], [290.5880126953125, 366.63458251953125, 386.45172119140625, 418.62939453125], [239.9340057373047, 225.82460021972656, 252.2453155517578, 246.6219024658203], [141.95962524414062, 145.95703125, 188.80361938476562, 232.29837036132812], [0.0, 169.63906860351562, 166.66702270507812, 326.3141174316406], [4.44952392578125, 243.5115203857422, 617.53173828125, 474.401123046875], [270.23681640625, 258.3324890136719, 404.05169677734375, 322.9114685058594]]}