{"categories": [0, 34, 35], "bboxes": [[80.47100830078125, 127.24288940429688, 384.72607421875, 327.2635803222656], [0.0, 347.68670654296875, 166.43508911132812, 364.50189208984375], [509.1975402832031, 246.52122497558594, 566.038330078125, 286.8039245605469]]}