{"categories": [0, 28, 36, 43, 46, 56, 60, 73], "bboxes": [[98.7447509765625, 0.0, 196.00613403320312, 186.45188903808594], [369.5893249511719, 78.57874298095703, 469.4544982910156, 297.0525817871094], [391.3065185546875, 96.96282958984375, 446.50689697265625, 156.5368194580078], [60.7196159362793, 256.19171142578125, 85.84758758544922, 302.15692138671875], [394.36407470703125, 98.23780822753906, 445.66473388671875, 152.5841827392578], [0.0, 109.55198669433594, 114.80810546875, 237.45582580566406], [7.42626953125, 219.11087036132812, 350.432373046875, 329.8674011230469], [47.11222839355469, 285.98895263671875, 157.63987731933594, 330.8443603515625]]}