{"categories": [0, 8], "bboxes": [[457.05426025390625, 126.03532409667969, 601.7301635742188, 426.59832763671875], [392.57568359375, 170.2495880126953, 399.992431640625, 182.26661682128906]]}