{"categories": [0, 38], "bboxes": [[233.92156982421875, 215.1470947265625, 438.25262451171875, 610.4434204101562], [252.65499877929688, 308.9127502441406, 294.3694152832031, 362.3697814941406]]}