{"categories": [0, 17, 19, 25, 32, 56], "bboxes": [[5.15185546875, 104.815185546875, 164.78314208984375, 434.31170654296875], [157.56837463378906, 82.55924987792969, 464.3121337890625, 437.04443359375], [142.3877410888672, 84.33033752441406, 463.2403564453125, 448.75994873046875], [399.0387268066406, 71.43098449707031, 473.6481628417969, 126.95845031738281], [54.743995666503906, 214.00865173339844, 72.40360260009766, 235.1546173095703], [605.5614624023438, 162.50341796875, 639.0, 233.63937377929688]]}