{"categories": [0, 26, 39, 41, 45, 56, 57, 60, 65, 67, 71, 75], "bboxes": [[357.58538818359375, 22.51263427734375, 542.5220947265625, 479.0], [142.31307983398438, 169.86959838867188, 204.81747436523438, 269.4894104003906], [101.39572143554688, 294.4621887207031, 113.52986145019531, 333.5746154785156], [77.57581329345703, 328.124755859375, 99.59162139892578, 358.22637939453125], [83.5252685546875, 255.78097534179688, 119.4710693359375, 271.3257751464844], [0.03724861145019531, 234.21893310546875, 30.319984436035156, 468.3062744140625], [254.26409912109375, 290.3767395019531, 624.63232421875, 474.5498962402344], [15.94476318359375, 327.64166259765625, 123.23635864257812, 443.0474853515625], [356.35650634765625, 156.17889404296875, 386.421142578125, 220.4088134765625], [238.08303833007812, 319.5986328125, 258.93414306640625, 344.42034912109375], [100.57475280761719, 310.03631591796875, 174.2303924560547, 333.95721435546875], [62.12757110595703, 247.964111328125, 81.5810775756836, 269.65289306640625]]}