{"categories": [0, 26, 27, 56, 67], "bboxes": [[82.14958190917969, 119.74153137207031, 228.58970642089844, 419.06292724609375], [41.76518249511719, 289.3692626953125, 111.70977783203125, 399.4862060546875], [346.9980163574219, 183.38644409179688, 371.0261535644531, 224.22821044921875], [5.367218017578125, 373.4334411621094, 111.06873321533203, 424.1086730957031], [225.19140625, 337.9070739746094, 286.7200622558594, 359.6399230957031]]}