{"categories": [0, 7, 16, 18, 19, 29, 41, 60, 62, 73], "bboxes": [[91.621337890625, 2.0814208984375, 197.86956787109375, 268.1824035644531], [108.94733428955078, 404.9280090332031, 257.1397705078125, 478.7574768066406], [204.397216796875, 204.66798400878906, 311.2222900390625, 271.14599609375], [0.0, 237.0364532470703, 334.00970458984375, 358.11480712890625], [2.6820220947265625, 145.40899658203125, 121.4436264038086, 224.031982421875], [189.97203063964844, 65.7767105102539, 224.16969299316406, 99.3172836303711], [381.69378662109375, 281.18707275390625, 400.4447021484375, 300.978759765625], [20.043212890625, 268.24102783203125, 432.50408935546875, 461.82940673828125], [540.260986328125, 0.0, 639.0, 282.9207458496094], [345.6705322265625, 156.46847534179688, 381.27264404296875, 261.2848205566406]]}