{"categories": [0, 29], "bboxes": [[191.96630859375, 127.70965576171875, 415.39398193359375, 530.41259765625], [259.3736572265625, 301.2618713378906, 344.235107421875, 329.5086364746094]]}