{"categories": [0, 39, 40, 41], "bboxes": [[33.291290283203125, 93.22819519042969, 245.78384399414062, 371.26287841796875], [235.02468872070312, 123.37391662597656, 293.8760681152344, 369.79071044921875], [160.1456756591797, 191.993896484375, 218.64271545410156, 325.5687255859375], [0.12404155731201172, 303.8546142578125, 29.57764434814453, 372.2491455078125]]}