{"categories": [0, 39, 45, 56, 60, 65, 67, 69, 73], "bboxes": [[0.0, 129.09451293945312, 147.83206176757812, 421.4617004394531], [496.592529296875, 100.8609390258789, 504.54486083984375, 123.73352813720703], [260.86419677734375, 222.97036743164062, 324.47552490234375, 272.5641784667969], [350.1778564453125, 210.79110717773438, 373.83709716796875, 232.59481811523438], [593.275146484375, 190.25537109375, 639.0, 321.3045349121094], [433.332275390625, 246.3914794921875, 481.49420166015625, 257.6877746582031], [276.00982666015625, 267.4205322265625, 411.44390869140625, 319.61688232421875], [121.0660400390625, 202.84429931640625, 261.8736877441406, 267.4759216308594], [612.16064453125, 182.35299682617188, 639.0, 203.57687377929688]]}