{"categories": [0, 41, 43, 45, 48, 51, 53, 56, 57, 60], "bboxes": [[59.31404113769531, 148.44969177246094, 199.1340789794922, 327.1229248046875], [243.1558074951172, 255.020751953125, 263.86688232421875, 294.53692626953125], [54.71120834350586, 320.8863525390625, 77.43733978271484, 343.03863525390625], [293.43084716796875, 277.8602600097656, 347.0799560546875, 300.2056579589844], [271.7000427246094, 238.46710205078125, 316.1369934082031, 285.6776123046875], [411.4248046875, 272.0664978027344, 443.07196044921875, 302.8661193847656], [6.572364807128906, 340.83447265625, 173.98922729492188, 417.8985595703125], [37.99922561645508, 275.2434387207031, 67.72607421875, 331.5940856933594], [565.0686645507812, 212.39532470703125, 637.8596801757812, 292.97265625], [16.000885009765625, 260.2548828125, 427.2652893066406, 420.16021728515625]]}