{"categories": [0, 2, 7, 39, 40, 41, 42, 45, 56, 60], "bboxes": [[328.89111328125, 125.98475646972656, 571.9967041015625, 479.0], [514.0296630859375, 125.88885498046875, 561.3740234375, 161.15145874023438], [423.36114501953125, 114.22694396972656, 461.6265869140625, 141.11404418945312], [262.6090087890625, 255.18218994140625, 284.070556640625, 332.930419921875], [132.77017211914062, 323.8377380371094, 171.84317016601562, 383.3898010253906], [25.57108497619629, 373.1274108886719, 72.13428497314453, 457.6012878417969], [333.60382080078125, 311.74798583984375, 379.09210205078125, 330.5753173828125], [87.09944152832031, 375.9989929199219, 224.74790954589844, 442.9909362792969], [212.2830047607422, 188.26382446289062, 268.1190185546875, 273.70989990234375], [15.905502319335938, 260.254150390625, 443.0889892578125, 470.23388671875]]}