{"categories": [0, 7, 24, 32, 35, 56], "bboxes": [[224.5228271484375, 61.91127014160156, 474.59063720703125, 361.28839111328125], [310.5272216796875, 37.67588806152344, 458.59100341796875, 90.28704833984375], [41.89105987548828, 156.82176208496094, 97.92444610595703, 171.56166076660156], [189.42935180664062, 167.11325073242188, 233.84161376953125, 210.7349853515625], [42.04148864746094, 156.86984252929688, 98.12855529785156, 171.81103515625], [178.29827880859375, 116.9250259399414, 229.90972900390625, 171.21392822265625]]}