{"categories": [0, 39, 40, 41, 45, 48, 53, 55, 60], "bboxes": [[22.418701171875, 107.59927368164062, 308.8262634277344, 466.0867004394531], [385.45947265625, 210.74545288085938, 432.973388671875, 392.7160339355469], [266.6469421386719, 200.59716796875, 321.3510437011719, 343.54522705078125], [175.01754760742188, 394.84442138671875, 218.4989013671875, 470.40020751953125], [373.1416931152344, 392.7945556640625, 510.6671447753906, 469.2696533203125], [444.4935607910156, 303.0175476074219, 516.07275390625, 352.1163635253906], [443.8232421875, 303.557861328125, 517.0213012695312, 352.43841552734375], [240.14898681640625, 371.7360534667969, 282.0826416015625, 411.5192565917969], [87.03067016601562, 265.05487060546875, 630.1988525390625, 479.0]]}