{"categories": [0, 29], "bboxes": [[95.68423461914062, 89.0654296875, 418.5950622558594, 477.81622314453125], [391.5333557128906, 50.85589599609375, 439.7339782714844, 94.58967590332031]]}