{"categories": [0, 17, 58], "bboxes": [[522.9628295898438, 40.41407775878906, 639.0, 449.47686767578125], [86.15960693359375, 31.061614990234375, 326.99951171875, 448.3942565917969], [516.4146728515625, 294.864501953125, 562.2030029296875, 338.85919189453125]]}