{"categories": [0, 2, 24, 34, 35], "bboxes": [[251.7034149169922, 66.08726501464844, 528.0505981445312, 470.10369873046875], [547.0769653320312, 128.83914184570312, 631.5664672851562, 190.34906005859375], [154.30711364746094, 269.0947570800781, 189.01686096191406, 312.4259948730469], [312.7395324707031, 10.710197448730469, 331.5396423339844, 131.81399536132812], [52.25536346435547, 275.3609313964844, 95.91414642333984, 326.3166198730469]]}