{"categories": [0, 56, 57, 58, 65, 67, 73, 75], "bboxes": [[50.876976013183594, 8.1768798828125, 242.387939453125, 450.3600158691406], [47.846282958984375, 176.4896697998047, 66.91299438476562, 224.19248962402344], [0.0, 203.7312774658203, 327.67303466796875, 438.0145263671875], [231.17584228515625, 29.593528747558594, 379.9747314453125, 224.75692749023438], [66.61012268066406, 138.56527709960938, 89.25584411621094, 159.83102416992188], [289.8006591796875, 171.7280731201172, 334.00103759765625, 214.99159240722656], [54.787967681884766, 294.49853515625, 119.72299194335938, 364.05706787109375], [516.801513671875, 346.14801025390625, 569.73583984375, 407.0478515625]]}