{"categories": [0, 24, 31], "bboxes": [[116.42798614501953, 173.8987274169922, 312.4510498046875, 523.6670532226562], [239.04965209960938, 280.822509765625, 277.5355529785156, 355.96929931640625], [81.44424438476562, 472.918701171875, 374.7445983886719, 560.1239013671875]]}