{"categories": [0, 24, 26, 30, 35], "bboxes": [[60.5959358215332, 169.69972229003906, 174.20767211914062, 420.85919189453125], [310.05548095703125, 205.6881103515625, 348.3941650390625, 261.7513122558594], [497.53826904296875, 199.06362915039062, 540.0856323242188, 275.93951416015625], [249.1180877685547, 354.7070007324219, 399.1881103515625, 380.5527648925781], [75.8810043334961, 290.5099182128906, 101.68570709228516, 325.0610046386719]]}