{"categories": [0, 39, 41, 44, 45, 58, 60, 69, 71, 72, 73, 75], "bboxes": [[293.7017517089844, 144.80531311035156, 447.9317321777344, 324.04052734375], [574.452392578125, 290.6030578613281, 608.56591796875, 360.0454406738281], [178.8437957763672, 355.1933288574219, 232.8174285888672, 421.1480407714844], [150.12391662597656, 403.3255310058594, 191.15574645996094, 437.5106506347656], [24.510845184326172, 396.7776794433594, 90.62339782714844, 430.1784362792969], [487.4024353027344, 191.79281616210938, 559.816162109375, 372.8675231933594], [40.33282470703125, 292.830322265625, 639.0, 473.477783203125], [417.5319519042969, 253.06674194335938, 485.6527404785156, 304.2469787597656], [304.032470703125, 302.4405822753906, 498.35546875, 350.9280090332031], [145.56643676757812, 139.24070739746094, 293.3868103027344, 257.15850830078125], [580.9318237304688, 457.340087890625, 635.1690063476562, 479.0], [488.4491271972656, 312.6380615234375, 556.3116455078125, 373.37408447265625]]}