{"categories": [0, 34], "bboxes": [[133.44711303710938, 186.69961547851562, 303.9550476074219, 418.7766418457031], [63.28825378417969, 182.02734375, 143.2845458984375, 231.01312255859375]]}