{"categories": [0, 39, 40, 45, 53, 60, 68, 70, 71], "bboxes": [[402.73114013671875, 169.72109985351562, 555.0740966796875, 477.5411682128906], [243.89585876464844, 305.9934387207031, 265.7223815917969, 377.5508728027344], [463.8396301269531, 322.54779052734375, 486.8145446777344, 374.1241455078125], [0.3627920150756836, 428.2729187011719, 28.221412658691406, 468.3761901855469], [65.46542358398438, 448.337158203125, 154.55587768554688, 478.93939208984375], [5.2725982666015625, 372.9330139160156, 332.36761474609375, 479.0], [103.9221420288086, 314.90106201171875, 247.07275390625, 421.44854736328125], [289.22454833984375, 315.1513366699219, 323.33642578125, 355.7524719238281], [603.0653686523438, 403.822021484375, 638.4807739257812, 474.53753662109375]]}