{"categories": [0, 24, 30], "bboxes": [[368.961669921875, 79.22428894042969, 440.98486328125, 271.5830078125], [197.89549255371094, 100.69894409179688, 258.74688720703125, 181.78524780273438], [59.78416442871094, 306.6351318359375, 276.54296875, 355.824951171875]]}