{"categories": [0, 26, 41, 58, 62, 63, 66], "bboxes": [[27.781631469726562, 45.8160400390625, 191.77525329589844, 430.4343566894531], [559.0969848632812, 191.1017303466797, 639.0, 283.0291748046875], [246.99270629882812, 213.2624969482422, 270.0538635253906, 240.6304473876953], [93.4006118774414, 1.6786956787109375, 290.2360534667969, 260.0123291015625], [191.56967163085938, 266.1939392089844, 291.7437438964844, 342.2645568847656], [169.7705841064453, 266.49163818359375, 302.41497802734375, 367.25244140625], [177.76904296875, 339.97802734375, 257.43731689453125, 367.40570068359375]]}