{"categories": [0, 58, 73, 79], "bboxes": [[119.96182250976562, 160.29360961914062, 267.2669982910156, 368.9815979003906], [0.2611408233642578, 112.51145935058594, 26.350318908691406, 252.1293487548828], [20.475990295410156, 327.5020751953125, 143.12106323242188, 374.0], [210.50816345214844, 94.86370849609375, 269.7760314941406, 361.3261413574219]]}