{"categories": [0, 56, 57, 60, 63, 73], "bboxes": [[252.61331176757812, 25.323577880859375, 449.4729309082031, 279.2908935546875], [49.20195388793945, 79.04630279541016, 150.15597534179688, 118.06635284423828], [10.053634643554688, 55.92750549316406, 499.0, 355.49652099609375], [111.79826354980469, 265.5361328125, 474.75701904296875, 366.4615478515625], [12.037773132324219, 178.34605407714844, 201.55328369140625, 302.7288818359375], [273.5518798828125, 271.3682556152344, 460.80084228515625, 352.0686950683594]]}