{"categories": [0, 13, 24, 26], "bboxes": [[45.822113037109375, 96.24482727050781, 327.0090026855469, 557.467529296875], [0.0, 182.8074188232422, 619.3819580078125, 510.24237060546875], [7.471977233886719, 426.212646484375, 155.02191162109375, 570.8409423828125], [3.1682891845703125, 424.0999755859375, 158.08436584472656, 574.733154296875]]}