{"categories": [0, 26, 39, 41, 57, 58, 65], "bboxes": [[121.64160919189453, 11.20135498046875, 327.16290283203125, 629.3887939453125], [340.69476318359375, 467.67767333984375, 410.5377197265625, 543.5072021484375], [35.958858489990234, 550.7290649414062, 68.19841003417969, 635.6503295898438], [104.74927520751953, 597.7583618164062, 155.3353271484375, 636.3674926757812], [324.1783142089844, 275.66668701171875, 478.5435485839844, 559.638427734375], [91.13531494140625, 79.69374084472656, 199.19308471679688, 316.80908203125], [118.90591430664062, 319.7698669433594, 163.39678955078125, 345.2244567871094]]}