{"categories": [0, 24, 26, 36], "bboxes": [[324.2461242675781, 59.49015808105469, 418.3855285644531, 411.75372314453125], [29.200897216796875, 208.08160400390625, 69.3694839477539, 261.8556823730469], [271.6234130859375, 152.21942138671875, 329.47149658203125, 304.7572021484375], [175.59652709960938, 293.56353759765625, 273.8036804199219, 607.8557739257812]]}