{"categories": [0, 27, 63, 67], "bboxes": [[30.738082885742188, 160.9759979248047, 273.69757080078125, 484.65106201171875], [314.81591796875, 237.9588623046875, 342.22760009765625, 299.870361328125], [92.91068267822266, 302.4439392089844, 321.4050598144531, 405.9607238769531], [295.7755126953125, 201.7626953125, 313.77301025390625, 235.13467407226562]]}