{"categories": [0, 2, 24, 25, 29, 33, 35, 56], "bboxes": [[217.40036010742188, 99.39215850830078, 335.1398620605469, 277.1849670410156], [561.1019287109375, 83.75965118408203, 583.366943359375, 96.78435516357422], [107.68232727050781, 178.65924072265625, 145.89205932617188, 197.29962158203125], [317.01922607421875, 73.0974349975586, 358.8330078125, 87.23314666748047], [329.75360107421875, 105.27203369140625, 369.05438232421875, 123.8321533203125], [283.41790771484375, 186.46742248535156, 337.2996826171875, 199.10093688964844], [380.1629943847656, 175.9132080078125, 409.5414733886719, 194.99282836914062], [69.0301742553711, 118.81172943115234, 95.59650421142578, 148.4437255859375]]}