{"categories": [0, 39, 40, 41, 42, 43, 45, 53, 60, 65, 67], "bboxes": [[56.258506774902344, 31.721603393554688, 300.3141784667969, 287.80499267578125], [298.79339599609375, 230.31427001953125, 352.7542724609375, 369.3240966796875], [132.30935668945312, 354.1628112792969, 170.98873901367188, 374.0], [97.32078552246094, 277.0419006347656, 149.41835021972656, 361.8119812011719], [80.73241424560547, 147.6890869140625, 99.82559967041016, 246.57046508789062], [118.51119995117188, 203.81072998046875, 166.99905395507812, 231.092041015625], [154.31443786621094, 261.5924987792969, 246.04859924316406, 305.2392883300781], [3.0387344360351562, 210.59945678710938, 150.312255859375, 284.33038330078125], [2.0375823974609375, 210.78231811523438, 469.01495361328125, 371.0080871582031], [55.698577880859375, 299.5605773925781, 91.79489135742188, 332.0868225097656], [55.411380767822266, 299.0823974609375, 91.46932983398438, 331.93682861328125]]}