{"categories": [0, 27, 56, 57, 59], "bboxes": [[231.68031311035156, 200.1926727294922, 523.5462036132812, 618.0712890625], [194.51437377929688, 324.66064453125, 234.62869262695312, 417.3031005859375], [446.6210632324219, 414.0179443359375, 544.8306274414062, 576.80615234375], [18.226104736328125, 253.32659912109375, 593.3927001953125, 614.52880859375], [44.011383056640625, 364.1067810058594, 563.5909423828125, 614.7195434570312]]}