{"categories": [0, 40, 41, 42, 44, 55, 56, 60, 67, 71], "bboxes": [[397.97528076171875, 89.39509582519531, 639.0, 473.10406494140625], [326.155029296875, 247.4239044189453, 366.45672607421875, 338.5891418457031], [374.2576599121094, 329.2292175292969, 426.1713562011719, 389.0249938964844], [245.39404296875, 367.6917724609375, 342.356201171875, 388.43212890625], [244.24935913085938, 369.731201171875, 343.0758361816406, 388.51702880859375], [269.3051452636719, 332.2822265625, 334.5884704589844, 365.14874267578125], [1.9821853637695312, 229.267822265625, 79.13976287841797, 354.36944580078125], [164.94679260253906, 285.6959533691406, 578.2412719726562, 468.5108337402344], [427.5205078125, 316.7651062011719, 486.53546142578125, 347.5843811035156], [216.83160400390625, 285.78826904296875, 287.10955810546875, 306.27099609375]]}