{"categories": [0, 39, 40, 41, 55, 60], "bboxes": [[37.206871032714844, 36.62432861328125, 239.10952758789062, 533.8255004882812], [94.18972778320312, 445.76666259765625, 129.8855438232422, 570.845947265625], [45.7658576965332, 548.3988647460938, 90.69856262207031, 631.5884399414062], [47.278961181640625, 546.38427734375, 88.15777587890625, 603.0029296875], [162.76651000976562, 453.4564514160156, 373.0467834472656, 601.4337768554688], [7.5053253173828125, 497.5943908691406, 420.0675048828125, 635.5028076171875]]}