{"categories": [0, 26, 30, 31], "bboxes": [[30.448013305664062, 113.64694213867188, 167.7994384765625, 473.3484802246094], [453.5625305175781, 178.49977111816406, 478.1831970214844, 222.0607452392578], [58.70659637451172, 445.0657958984375, 269.7620544433594, 478.59625244140625], [220.13819885253906, 362.08856201171875, 378.3856201171875, 400.114501953125]]}