{"categories": [0, 26, 39, 41, 42, 44, 49, 53, 56, 60], "bboxes": [[323.720703125, 12.734527587890625, 629.3267822265625, 375.2198791503906], [216.1527557373047, 259.00726318359375, 292.6791687011719, 311.55908203125], [335.8652648925781, 257.3758544921875, 384.8070983886719, 385.90081787109375], [354.8661193847656, 346.8529052734375, 425.3785705566406, 448.6029052734375], [2.064493179321289, 346.248779296875, 45.10395050048828, 371.18572998046875], [2.7837047576904297, 346.56597900390625, 44.01274871826172, 370.35406494140625], [94.45587921142578, 76.29134368896484, 127.31897735595703, 94.2345199584961], [74.7894287109375, 308.5306701660156, 219.45867919921875, 369.0152282714844], [192.359619140625, 156.7679443359375, 266.44781494140625, 286.9391174316406], [33.0528564453125, 299.11273193359375, 614.0460815429688, 473.94830322265625]]}