{"categories": [0, 3, 13, 26, 31, 36, 62, 68], "bboxes": [[190.9370574951172, 143.43089294433594, 408.1539306640625, 544.6233520507812], [50.46531677246094, 378.9656066894531, 373.0745849609375, 633.4373168945312], [479.62713623046875, 278.5453796386719, 512.6175537109375, 300.6246643066406], [314.71112060546875, 349.4915771484375, 364.001708984375, 391.37384033203125], [380.294677734375, 296.5706481933594, 441.29522705078125, 324.0932922363281], [393.39752197265625, 294.016357421875, 438.9599609375, 323.52728271484375], [442.8558044433594, 336.8471374511719, 540.5632934570312, 529.9942626953125], [444.7476806640625, 333.95037841796875, 540.7097778320312, 534.7023315429688]]}