{"categories": [0, 13, 32], "bboxes": [[27.536842346191406, 43.96003723144531, 242.32241821289062, 339.205322265625], [486.4398193359375, 142.13839721679688, 618.1026611328125, 186.2744140625], [445.5019226074219, 265.12469482421875, 483.1958923339844, 303.39013671875]]}