{"categories": [0, 2, 3, 7, 36], "bboxes": [[193.8707733154297, 14.73297119140625, 306.98779296875, 314.0993347167969], [0.0, 65.17771911621094, 388.018310546875, 329.51153564453125], [296.07501220703125, 197.60556030273438, 634.1367797851562, 419.3147888183594], [3.5963592529296875, 49.641448974609375, 282.54766845703125, 336.2664794921875], [210.38128662109375, 287.8624267578125, 304.54766845703125, 322.84442138671875]]}