{"categories": [0, 34, 35], "bboxes": [[269.4906005859375, 84.989013671875, 550.9854736328125, 486.69329833984375], [282.1173400878906, 7.1133270263671875, 367.6683654785156, 189.87777709960938], [151.03656005859375, 311.7113037109375, 211.62451171875, 385.66864013671875]]}