{"categories": [0, 43, 55, 60], "bboxes": [[303.06365966796875, 31.382827758789062, 499.75994873046875, 481.93145751953125], [264.58953857421875, 161.40525817871094, 284.8233642578125, 231.96348571777344], [169.50131225585938, 223.37564086914062, 313.68743896484375, 301.3445739746094], [47.44862365722656, 337.734130859375, 465.0301513671875, 509.943115234375]]}