{"categories": [0, 32], "bboxes": [[452.0220947265625, 55.861610412597656, 601.9951171875, 278.8023681640625], [280.0782775878906, 350.35174560546875, 322.9522399902344, 394.3262939453125]]}