{"categories": [0, 45, 56, 57, 59, 63, 66], "bboxes": [[32.062156677246094, 147.77044677734375, 249.24090576171875, 403.51849365234375], [519.1743774414062, 417.0697937011719, 637.9580688476562, 479.0], [587.8696899414062, 378.4054870605469, 637.3847045898438, 422.7710266113281], [56.28147888183594, 50.429290771484375, 434.08984375, 236.92648315429688], [0.0, 74.82061767578125, 385.8540954589844, 473.42095947265625], [154.06239318847656, 267.1900634765625, 325.1182861328125, 445.7467041015625], [373.515625, 159.7511749267578, 435.03704833984375, 202.2637481689453]]}