{"categories": [0, 67], "bboxes": [[154.26646423339844, 11.774093627929688, 622.2075805664062, 416.17889404296875], [309.512451171875, 222.90524291992188, 359.09552001953125, 278.6739196777344]]}