{"categories": [0, 26, 27, 73], "bboxes": [[382.4854736328125, 27.597061157226562, 602.5009765625, 422.697509765625], [253.898681640625, 336.26416015625, 382.59051513671875, 424.21124267578125], [427.5781555175781, 150.11898803710938, 502.2427673339844, 399.4762878417969], [307.7183837890625, 214.57962036132812, 403.37091064453125, 327.4926452636719]]}