{"categories": [0, 2, 5, 53, 60], "bboxes": [[6.340728759765625, 17.233734130859375, 257.3038024902344, 288.452392578125], [74.06048583984375, 0.0, 617.2069702148438, 146.4903564453125], [34.979583740234375, 0.0, 639.0, 113.06510925292969], [30.478851318359375, 270.26806640625, 328.0783386230469, 413.91986083984375], [0.0, 264.23095703125, 639.0, 476.71124267578125]]}