{"categories": [0, 13, 56, 58, 75], "bboxes": [[129.37493896484375, 30.859619140625, 509.49786376953125, 414.4423828125], [20.581039428710938, 165.67813110351562, 403.30828857421875, 421.9484558105469], [74.2226791381836, 143.0804443359375, 120.2627944946289, 185.55294799804688], [538.9977416992188, 178.27841186523438, 638.5661010742188, 324.327392578125], [445.18646240234375, 166.76077270507812, 537.8427734375, 322.5660705566406]]}