{"categories": [0, 27, 32, 41, 67], "bboxes": [[0.8451004028320312, 122.25840759277344, 170.912109375, 323.92340087890625], [80.29812622070312, 210.60638427734375, 101.38790893554688, 246.85873413085938], [52.34695053100586, 221.72756958007812, 70.7868423461914, 240.0009765625], [275.64410400390625, 221.17147827148438, 334.93756103515625, 277.1095886230469], [380.730224609375, 199.16815185546875, 416.49853515625, 272.23504638671875]]}