{"categories": [0, 39, 40, 67], "bboxes": [[242.77426147460938, 161.7643585205078, 425.4933166503906, 550.0128784179688], [202.29092407226562, 313.0533447265625, 248.79837036132812, 496.35040283203125], [292.8401794433594, 500.3321838378906, 387.5870666503906, 633.296875], [305.06414794921875, 284.1517639160156, 326.862060546875, 302.5420837402344]]}