{"categories": [0, 41, 56, 57, 62, 65], "bboxes": [[0.0, 117.44671630859375, 235.1240234375, 469.98309326171875], [163.57814025878906, 133.1815643310547, 194.49644470214844, 158.7110137939453], [166.6968231201172, 378.1712341308594, 246.9784393310547, 476.4877014160156], [339.65142822265625, 185.5139923095703, 635.2872314453125, 474.59136962890625], [2.22161865234375, 49.974308013916016, 117.57955932617188, 150.01889038085938], [453.77899169921875, 233.3762664794922, 498.0965576171875, 265.4746398925781]]}