{"categories": [0, 56, 67], "bboxes": [[46.8270263671875, 13.285232543945312, 581.359375, 471.053955078125], [367.5258483886719, 0.0, 568.8858642578125, 188.284423828125], [17.573299407958984, 151.27859497070312, 105.20704650878906, 253.84884643554688]]}