{"categories": [0, 24, 45, 59, 60, 77], "bboxes": [[4.3572998046875, 0.0, 326.8385009765625, 272.02880859375], [0.7018890380859375, 1.2414093017578125, 173.87974548339844, 104.1106185913086], [211.6781005859375, 409.7655334472656, 392.55609130859375, 476.9519958496094], [17.56524658203125, 47.175811767578125, 595.3732299804688, 463.222412109375], [320.7857971191406, 24.95156478881836, 428.4235534667969, 86.47567749023438], [305.16351318359375, 197.1992950439453, 513.206787109375, 391.7952880859375]]}