{"categories": [0, 39, 41, 45, 55, 60, 62, 71], "bboxes": [[90.69246673583984, 34.28662109375, 318.3153076171875, 353.2629699707031], [345.18096923828125, 267.1750793457031, 388.4495849609375, 388.1551818847656], [318.13787841796875, 390.1270446777344, 370.689453125, 424.0], [224.33944702148438, 331.70361328125, 346.1128845214844, 385.72576904296875], [405.3010559082031, 382.2511901855469, 458.4293518066406, 414.3799133300781], [61.7127685546875, 267.6861267089844, 582.5332641601562, 419.7127990722656], [59.89786911010742, 184.08424377441406, 104.32196044921875, 216.1284942626953], [26.153350830078125, 288.7218017578125, 103.98591613769531, 311.79888916015625]]}