{"categories": [0, 57, 59, 65], "bboxes": [[86.34303283691406, 52.12382507324219, 270.9232177734375, 420.30877685546875], [240.49905395507812, 265.26922607421875, 581.8280029296875, 424.2567138671875], [472.0118103027344, 293.7241516113281, 600.1978759765625, 416.4983215332031], [86.34991455078125, 200.98387145996094, 131.53526306152344, 224.65895080566406]]}