{"categories": [0, 29], "bboxes": [[202.67953491210938, 142.93177795410156, 388.5837097167969, 409.64947509765625], [168.96047973632812, 90.14877319335938, 217.90762329101562, 106.96308898925781]]}