{"categories": [0, 27, 50, 59, 65], "bboxes": [[63.38792419433594, 68.71864318847656, 437.1968994140625, 425.029052734375], [243.8390655517578, 300.0201416015625, 283.361083984375, 422.59039306640625], [504.91973876953125, 408.7838439941406, 557.0935668945312, 425.4786682128906], [43.340606689453125, 29.272506713867188, 635.9407958984375, 396.4658203125], [455.630126953125, 160.9327392578125, 490.35235595703125, 192.94149780273438]]}