{"categories": [0, 46], "bboxes": [[0.728302001953125, 195.93560791015625, 271.78680419921875, 629.0164184570312], [208.3638916015625, 363.5986633300781, 296.2302551269531, 518.2493286132812]]}