{"categories": [0, 25, 27], "bboxes": [[0.0, 96.72309875488281, 235.71116638183594, 476.58392333984375], [0.0, 0.0, 627.9072265625, 297.59588623046875], [110.81193542480469, 227.1721954345703, 137.11378479003906, 283.1669921875]]}