{"categories": [0, 56, 65], "bboxes": [[16.573593139648438, 87.2645263671875, 395.96673583984375, 371.9825134277344], [105.211669921875, 208.0339813232422, 168.89889526367188, 314.218505859375], [28.820459365844727, 182.54672241210938, 77.70220184326172, 213.1981201171875]]}