{"categories": [0, 29], "bboxes": [[125.17801666259766, 71.76806640625, 332.0, 496.11712646484375], [161.65623474121094, 251.61192321777344, 266.200927734375, 282.51788330078125]]}