{"categories": [0, 56, 63, 66], "bboxes": [[73.45134735107422, 0.0, 263.60089111328125, 473.38330078125], [238.04324340820312, 279.7173156738281, 395.1755676269531, 477.9985046386719], [365.0392150878906, 226.43978881835938, 468.0456237792969, 295.6919250488281], [381.2110900878906, 276.485595703125, 461.9488220214844, 295.5001220703125]]}