{"categories": [0, 59], "bboxes": [[135.8209228515625, 92.23101806640625, 499.44427490234375, 373.28900146484375], [10.710540771484375, 5.6036834716796875, 639.0, 372.3011474609375]]}