{"categories": [0, 1, 27, 39, 74], "bboxes": [[454.3061828613281, 37.04817199707031, 558.3994750976562, 365.97698974609375], [413.0240783691406, 270.6986083984375, 446.5788269042969, 382.85101318359375], [494.06658935546875, 93.2479248046875, 510.73822021484375, 178.8284912109375], [19.999879837036133, 107.59890747070312, 41.785308837890625, 168.98574829101562], [197.62057495117188, 53.65545654296875, 218.67608642578125, 77.63282775878906]]}