{"categories": [0, 2, 3, 17, 25], "bboxes": [[61.536659240722656, 125.76260375976562, 150.16845703125, 377.3445739746094], [16.070158004760742, 150.43505859375, 61.360374450683594, 166.78140258789062], [555.1085815429688, 305.64739990234375, 639.0, 398.05657958984375], [561.8027954101562, 164.0906524658203, 587.2412719726562, 196.8817901611328], [195.8162384033203, 130.9308319091797, 262.81402587890625, 151.37767028808594]]}