{"categories": [0, 26, 52, 56], "bboxes": [[0.0, 137.96261596679688, 399.95147705078125, 630.5294189453125], [340.32476806640625, 529.9124145507812, 426.0, 633.8248901367188], [195.47349548339844, 311.0370178222656, 276.614990234375, 390.0654602050781], [0.5812606811523438, 294.6338195800781, 53.943824768066406, 355.9484558105469]]}