{"categories": [0, 1, 25, 28], "bboxes": [[245.19259643554688, 150.55462646484375, 396.6819152832031, 480.2159423828125], [289.67279052734375, 334.265869140625, 616.67919921875, 626.8717651367188], [422.4905090332031, 112.22748565673828, 466.8822937011719, 137.23971557617188], [535.6333618164062, 309.66259765625, 610.7766723632812, 401.029052734375]]}