{"categories": [0, 1, 13, 29, 38], "bboxes": [[46.47173309326172, 74.08363342285156, 289.5711669921875, 230.98643493652344], [42.02046203613281, 105.86312866210938, 153.18858337402344, 190.65457153320312], [10.688980102539062, 560.9827880859375, 409.7783203125, 638.067138671875], [104.97628784179688, 367.22882080078125, 155.04345703125, 380.67034912109375], [78.71943664550781, 305.6603088378906, 100.32012939453125, 403.8047790527344]]}