{"categories": [0, 41, 42, 43, 44, 45, 53, 60, 67], "bboxes": [[394.1678466796875, 91.91549682617188, 590.1893920898438, 364.23419189453125], [24.33152198791504, 327.61712646484375, 62.53685760498047, 402.65118408203125], [300.9001159667969, 284.91143798828125, 355.9728698730469, 316.6900634765625], [54.33725357055664, 425.3138122558594, 165.42970275878906, 458.1512145996094], [400.7699890136719, 309.2677307128906, 453.1567687988281, 366.8900451660156], [189.2495574951172, 452.5270690917969, 232.36619567871094, 494.4452819824219], [182.41183471679688, 330.62359619140625, 406.1858215332031, 456.533203125], [45.15533447265625, 269.88983154296875, 573.4142456054688, 596.16943359375], [501.7977294921875, 372.45660400390625, 547.385986328125, 402.54925537109375]]}