{"categories": [0, 16, 25, 26, 58], "bboxes": [[0.0, 83.57403564453125, 220.56500244140625, 471.69091796875], [310.4579772949219, 381.2900695800781, 463.9546203613281, 476.0082702636719], [0.0, 6.180694580078125, 376.49365234375, 284.94366455078125], [444.0140380859375, 221.7763671875, 538.6508178710938, 417.556396484375], [457.2747497558594, 0.5973587036132812, 519.9080200195312, 46.72758102416992]]}