{"categories": [0, 40, 41, 42, 43, 44, 45, 56, 60], "bboxes": [[78.80428314208984, 160.7955322265625, 206.79031372070312, 307.6684265136719], [139.40521240234375, 405.73126220703125, 193.56979370117188, 478.16192626953125], [369.4812927246094, 388.7439270019531, 446.5608215332031, 471.8758239746094], [335.7362365722656, 331.4119567871094, 368.3966369628906, 377.7187805175781], [35.54820251464844, 369.6908264160156, 103.87503051757812, 425.5970153808594], [281.39471435546875, 246.81387329101562, 342.1202392578125, 272.1302795410156], [141.12355041503906, 274.76190185546875, 211.8075714111328, 316.45001220703125], [55.349700927734375, 203.89505004882812, 195.88597106933594, 361.3707580566406], [27.582183837890625, 285.6686706542969, 610.3912353515625, 467.6328430175781]]}