{"categories": [0, 24, 26, 27, 41, 56, 59, 60, 63, 67, 73], "bboxes": [[331.15936279296875, 70.92875671386719, 538.3292846679688, 445.12322998046875], [532.800048828125, 293.194580078125, 639.0, 441.42437744140625], [317.1512451171875, 335.92529296875, 380.96234130859375, 397.10882568359375], [398.31298828125, 180.92385864257812, 437.14959716796875, 393.2653503417969], [109.65534973144531, 177.14312744140625, 138.5977783203125, 210.42495727539062], [0.6608219146728516, 175.46450805664062, 35.237098693847656, 235.93588256835938], [13.046112060546875, 332.8487548828125, 398.3589782714844, 472.08880615234375], [212.11676025390625, 403.05389404296875, 601.0211791992188, 476.01580810546875], [39.416107177734375, 268.19671630859375, 175.27565002441406, 343.0328369140625], [412.6235656738281, 460.03863525390625, 472.6925354003906, 479.0], [355.7595520019531, 426.48321533203125, 418.4637756347656, 463.34619140625]]}