{"categories": [0, 39, 41, 43, 44, 45, 50, 58, 60], "bboxes": [[139.1251220703125, 65.7498779296875, 374.0, 465.0523681640625], [0.32082557678222656, 302.1688232421875, 22.505035400390625, 394.27978515625], [93.60039520263672, 158.3394317626953, 139.22222900390625, 224.5935516357422], [183.98690795898438, 330.85498046875, 328.5976257324219, 389.935546875], [82.16685485839844, 232.221435546875, 119.31124877929688, 259.11871337890625], [121.73336029052734, 260.7019958496094, 213.77508544921875, 309.1551208496094], [59.576904296875, 359.63787841796875, 170.36312866210938, 443.24755859375], [112.70938873291016, 0.19116687774658203, 259.9230041503906, 27.041637420654297], [0.0, 222.73037719726562, 337.3328857421875, 492.7247619628906]]}