{"categories": [0, 3, 32, 43, 46, 56, 73, 77, 79], "bboxes": [[442.5394287109375, 0.0, 639.0, 250.54588317871094], [225.52764892578125, 235.07479858398438, 639.0, 422.7055969238281], [163.1614990234375, 194.75308227539062, 264.56060791015625, 259.0972900390625], [251.5127716064453, 252.7355194091797, 336.6552734375, 265.56243896484375], [186.303466796875, 255.9457550048828, 315.3984680175781, 377.308349609375], [165.46893310546875, 93.19879150390625, 267.02508544921875, 193.24932861328125], [340.96612548828125, 281.1517639160156, 404.3861083984375, 322.8544006347656], [157.3421630859375, 202.70510864257812, 319.01678466796875, 410.2934875488281], [317.861328125, 173.8248291015625, 352.90435791015625, 202.28195190429688]]}