{"categories": [0, 13, 24, 26, 27, 36], "bboxes": [[345.88958740234375, 15.299179077148438, 458.32940673828125, 393.45245361328125], [261.23406982421875, 260.8429870605469, 350.69866943359375, 301.6269836425781], [454.1501770019531, 275.59185791015625, 492.1334533691406, 300.869873046875], [428.0392150878906, 216.841552734375, 471.9687194824219, 261.0475158691406], [197.261474609375, 76.56991577148438, 234.7274169921875, 168.09255981445312], [333.4651794433594, 369.32476806640625, 465.3667297363281, 404.005615234375]]}