{"categories": [0, 27, 60, 63, 64, 66], "bboxes": [[0.0, 6.088531494140625, 228.2001953125, 376.1544189453125], [347.5851745605469, 197.9207763671875, 371.8301086425781, 258.4647521972656], [337.64959716796875, 260.64520263671875, 639.0, 381.33074951171875], [406.2731628417969, 170.36224365234375, 613.0020751953125, 341.1682434082031], [434.0367431640625, 340.2784423828125, 480.20941162109375, 362.48687744140625], [428.63690185546875, 269.2159729003906, 567.1466674804688, 332.4009094238281]]}