{"categories": [0, 34, 56], "bboxes": [[53.38063049316406, 71.01785278320312, 388.79931640625, 628.1099853515625], [299.25860595703125, 19.837051391601562, 349.29693603515625, 227.3381805419922], [364.196533203125, 39.92976760864258, 456.31494140625, 83.66914367675781]]}