{"categories": [0, 41, 67, 73], "bboxes": [[264.06243896484375, 98.5032958984375, 566.1619262695312, 414.81005859375], [519.8446655273438, 323.3572998046875, 561.2626342773438, 355.33966064453125], [444.4854431152344, 198.79708862304688, 508.8941955566406, 287.4737243652344], [571.214111328125, 355.0902099609375, 639.0, 387.215576171875]]}