{"categories": [0, 41, 45, 53, 58, 60, 67, 73, 75], "bboxes": [[0.0, 109.69328308105469, 226.55953979492188, 479.0], [279.3720703125, 205.69651794433594, 304.91351318359375, 233.81385803222656], [416.1025390625, 246.2540283203125, 496.45025634765625, 295.2427978515625], [330.4476318359375, 210.0498046875, 401.390625, 232.076416015625], [402.47576904296875, 0.0, 454.527099609375, 83.03895568847656], [97.98408508300781, 175.20297241210938, 567.9833984375, 463.8987731933594], [464.4319763183594, 354.0146484375, 541.8338012695312, 390.93115234375], [334.09857177734375, 352.26544189453125, 453.7958984375, 397.77935791015625], [410.31817626953125, 40.43415832519531, 442.22686767578125, 86.22605895996094]]}