{"categories": [0, 27, 40], "bboxes": [[1.3395233154296875, 22.752639770507812, 346.53009033203125, 472.444580078125], [478.6802978515625, 194.02684020996094, 574.41064453125, 476.027587890625], [233.3834686279297, 208.0565185546875, 324.85491943359375, 318.73748779296875]]}