{"categories": [0, 32, 38], "bboxes": [[136.85357666015625, 222.95713806152344, 375.4814453125, 583.0629272460938], [181.93507385253906, 339.8265075683594, 209.33631896972656, 365.3167419433594], [249.8640899658203, 289.1259460449219, 301.65777587890625, 391.4465026855469]]}