{"categories": [0, 5, 26], "bboxes": [[479.6678466796875, 218.1295928955078, 593.3953857421875, 545.0547485351562], [0.0, 4.23187255859375, 200.81268310546875, 412.3671875], [308.1702575683594, 385.142578125, 361.4319152832031, 439.480224609375]]}