{"categories": [0, 38, 40, 56, 65, 67], "bboxes": [[123.65422821044922, 19.728958129882812, 339.8491516113281, 491.206787109375], [41.66544723510742, 385.07281494140625, 146.9492645263672, 496.746337890625], [91.660400390625, 253.42893981933594, 125.69198608398438, 323.02142333984375], [297.75543212890625, 309.73651123046875, 371.0, 429.53118896484375], [22.44598960876465, 382.4375915527344, 41.68115234375, 403.9861145019531], [184.1623992919922, 175.65859985351562, 221.17015075683594, 190.60275268554688]]}