{"categories": [0, 2, 3, 40, 41, 42, 43, 48, 53, 56, 58, 60], "bboxes": [[0.0, 298.75921630859375, 186.62387084960938, 626.1293334960938], [366.8529968261719, 198.3400115966797, 466.6438293457031, 233.9680938720703], [314.6282958984375, 178.1451416015625, 363.391357421875, 227.16839599609375], [226.1715087890625, 426.5777587890625, 251.31216430664062, 480.34124755859375], [271.8916931152344, 442.68792724609375, 318.0363464355469, 522.2186889648438], [158.55673217773438, 593.833740234375, 242.95620727539062, 612.3927001953125], [171.86502075195312, 483.1798400878906, 234.93539428710938, 494.6677551269531], [144.06007385253906, 494.0617980957031, 261.9981689453125, 589.1068115234375], [270.25799560546875, 404.4139404296875, 357.46099853515625, 450.49029541015625], [451.6015319824219, 317.9444274902344, 479.0, 357.0950622558594], [127.3508071899414, 150.20553588867188, 261.3136291503906, 229.49090576171875], [91.44769287109375, 319.0763244628906, 399.26959228515625, 619.1212158203125]]}