{"categories": [0, 41, 54, 55, 60, 72, 73], "bboxes": [[0.0, 199.27911376953125, 249.20089721679688, 524.9592895507812], [351.3276062011719, 620.6065673828125, 410.8562316894531, 639.0], [154.72491455078125, 494.25909423828125, 196.278564453125, 526.2200317382812], [1.2492294311523438, 581.5675048828125, 69.36368560791016, 636.366943359375], [11.789779663085938, 392.1391296386719, 419.64068603515625, 628.6883544921875], [216.19036865234375, 280.50054931640625, 422.15496826171875, 550.273681640625], [0.5356597900390625, 291.06585693359375, 21.82678985595703, 318.92913818359375]]}