{"categories": [0, 27, 43], "bboxes": [[261.5835266113281, 23.207870483398438, 317.5857849121094, 210.0], [101.45759582519531, 83.45753479003906, 118.35601806640625, 121.35832214355469], [128.34475708007812, 119.72703552246094, 156.6412353515625, 132.62400817871094]]}