{"categories": [0, 40, 60, 67], "bboxes": [[303.53387451171875, 0.0, 639.0, 414.080078125], [7.590522766113281, 314.3836669921875, 54.70758056640625, 422.9947509765625], [0.0, 375.6707763671875, 137.55795288085938, 423.26885986328125], [17.509462356567383, 229.3853302001953, 55.2392578125, 250.44041442871094]]}