{"categories": [0, 16, 27, 46, 53, 59, 73], "bboxes": [[69.6842041015625, 113.00167846679688, 373.5951843261719, 430.1929016113281], [150.97499084472656, 140.86968994140625, 217.5702667236328, 207.06723022460938], [342.9048156738281, 299.7171325683594, 363.9302673339844, 332.6978454589844], [357.55157470703125, 228.45494079589844, 389.89385986328125, 255.3057098388672], [23.72107696533203, 185.8184356689453, 192.2606201171875, 227.09156799316406], [31.9541015625, 124.49456787109375, 639.0, 421.512939453125], [117.32929229736328, 239.37966918945312, 209.83822631835938, 270.3185119628906]]}