{"categories": [0, 26, 41, 53, 54, 56, 57, 73], "bboxes": [[86.95703125, 65.86993408203125, 316.3674011230469, 473.53045654296875], [287.58197021484375, 368.3960266113281, 337.16668701171875, 477.5788879394531], [416.2452087402344, 322.2197265625, 452.8976135253906, 359.5162353515625], [196.42604064941406, 312.68267822265625, 282.36883544921875, 333.8818359375], [433.722900390625, 231.64230346679688, 494.13055419921875, 249.9892578125], [2.7682418823242188, 184.97592163085938, 202.80569458007812, 479.0], [62.67364501953125, 140.75392150878906, 613.6669311523438, 466.62213134765625], [2.513996124267578, 413.1152038574219, 70.27333068847656, 463.9789123535156]]}