{"categories": [0, 32, 74], "bboxes": [[271.82415771484375, 140.1526336669922, 528.1265258789062, 530.30126953125], [226.1217803955078, 297.2969970703125, 284.8243713378906, 358.72454833984375], [308.2552185058594, 49.48612976074219, 406.6059875488281, 106.60519409179688]]}