{"categories": [0, 38, 56, 67], "bboxes": [[56.34446716308594, 11.496322631835938, 333.440673828125, 493.4775390625], [256.2482604980469, 53.175132751464844, 377.9610290527344, 263.47198486328125], [8.939140319824219, 183.9987335205078, 47.1075325012207, 208.35182189941406], [272.6876525878906, 173.8404083251953, 300.4004211425781, 203.98167419433594]]}