{"categories": [0, 2, 17, 56], "bboxes": [[541.9086303710938, 156.9725799560547, 632.4800415039062, 347.34912109375], [2.9722213745117188, 85.0254898071289, 226.3818359375, 136.92526245117188], [35.25736999511719, 124.01913452148438, 194.5770721435547, 499.8979187011719], [0.7402820587158203, 38.6240234375, 64.4793930053711, 85.54285430908203]]}