{"categories": [0, 26, 27, 39, 42, 43, 45, 55, 58, 60, 75], "bboxes": [[258.45794677734375, 62.09149169921875, 613.3780517578125, 626.6408081054688], [222.51373291015625, 116.450439453125, 308.8909912109375, 253.59207153320312], [381.6960144042969, 172.52597045898438, 413.8005676269531, 202.57125854492188], [81.4200210571289, 358.7176818847656, 113.98693084716797, 417.6134948730469], [274.7633972167969, 555.47021484375, 422.6188049316406, 577.599609375], [278.6076965332031, 561.7462768554688, 420.4012145996094, 577.8818969726562], [234.7053985595703, 530.3880004882812, 320.09521484375, 556.8141479492188], [6.298828125, 365.72576904296875, 202.82833862304688, 618.9522705078125], [477.9999084472656, 15.799606323242188, 639.0, 342.77490234375], [0.0, 512.9137573242188, 443.4640808105469, 633.4024047851562], [3.573887825012207, 461.9707946777344, 31.56509017944336, 546.599365234375]]}