{"categories": [0, 27, 40, 41, 44], "bboxes": [[26.438674926757812, 0.0, 353.9075927734375, 423.2142333984375], [395.70013427734375, 271.9556884765625, 426.87652587890625, 376.3690185546875], [170.2946014404297, 311.117919921875, 241.88673400878906, 392.64373779296875], [173.97531127929688, 307.6812744140625, 241.43746948242188, 393.185302734375], [503.56134033203125, 55.75286102294922, 531.6088256835938, 120.34441375732422]]}