{"categories": [0, 39, 43, 44, 45, 65, 69, 71], "bboxes": [[274.2350158691406, 39.89149475097656, 631.6826171875, 474.902099609375], [188.01564025878906, 296.481201171875, 205.7885284423828, 342.9920654296875], [127.42671203613281, 232.9833526611328, 186.0498504638672, 247.8522491455078], [56.7004280090332, 162.91380310058594, 137.99026489257812, 257.10540771484375], [217.2424774169922, 355.76708984375, 275.5391845703125, 423.98223876953125], [273.7759704589844, 320.0307312011719, 342.6488342285156, 370.6404724121094], [18.143417358398438, 161.5562744140625, 430.310302734375, 464.5511474609375], [5.4634246826171875, 158.55731201171875, 336.0709228515625, 454.42315673828125]]}