{"categories": [0, 13, 26, 58, 74], "bboxes": [[14.530426025390625, 115.51907348632812, 386.707763671875, 476.1756896972656], [273.287109375, 324.6302185058594, 623.7276000976562, 422.8297424316406], [120.0584716796875, 254.99072265625, 204.16851806640625, 477.54376220703125], [429.98016357421875, 290.40716552734375, 475.57171630859375, 319.2080078125], [293.2536315917969, 235.63104248046875, 316.5575866699219, 254.7415771484375]]}