{"categories": [0, 1, 39, 41, 43, 44, 45, 57, 60], "bboxes": [[12.561210632324219, 1.4327392578125, 256.2854309082031, 431.23968505859375], [0.543208122253418, 237.4423065185547, 24.407821655273438, 283.3595886230469], [193.8565673828125, 227.41810607910156, 208.33251953125, 256.3503112792969], [145.96493530273438, 120.05194091796875, 172.72650146484375, 163.76190185546875], [453.68670654296875, 345.84136962890625, 490.18084716796875, 390.9146728515625], [274.16650390625, 195.2054443359375, 312.8021240234375, 221.197509765625], [226.5077362060547, 193.7399139404297, 307.39569091796875, 241.44349670410156], [0.616241455078125, 399.6709289550781, 84.02474212646484, 477.2918395996094], [145.456298828125, 257.7080078125, 596.0225219726562, 469.4124755859375]]}