{"categories": [0, 24, 26, 62, 65, 72, 73], "bboxes": [[201.31361389160156, 28.037506103515625, 378.36083984375, 452.33184814453125], [194.16415405273438, 123.45944213867188, 295.8177490234375, 415.4161682128906], [213.1334228515625, 205.50152587890625, 356.57391357421875, 448.332763671875], [366.91729736328125, 108.15949249267578, 478.7066650390625, 221.281494140625], [363.9458312988281, 205.06871032714844, 406.0547790527344, 257.90625], [483.38507080078125, 46.204071044921875, 594.1596069335938, 236.35037231445312], [0.16554737091064453, 303.97869873046875, 21.922523498535156, 327.969970703125]]}