{"categories": [0, 39, 57, 65], "bboxes": [[30.077194213867188, 8.2857666015625, 469.4190673828125, 413.01605224609375], [573.2398681640625, 355.62286376953125, 592.7406005859375, 414.3927001953125], [2.4743995666503906, 152.96990966796875, 100.3427734375, 402.34405517578125], [404.6455078125, 198.01571655273438, 422.981201171875, 228.59097290039062]]}