{"categories": [0, 26, 40, 41, 45, 46, 56, 60], "bboxes": [[0.9101638793945312, 62.146087646484375, 200.98443603515625, 405.1694030761719], [248.51539611816406, 195.40628051757812, 277.88995361328125, 241.11419677734375], [197.8920440673828, 161.54510498046875, 220.37657165527344, 215.16464233398438], [355.0072326660156, 206.17161560058594, 381.9072570800781, 229.60804748535156], [392.71905517578125, 200.0856475830078, 447.80450439453125, 220.0491180419922], [597.9697875976562, 143.3300018310547, 629.4711303710938, 158.6761016845703], [225.42071533203125, 238.5459747314453, 389.33990478515625, 414.9393310546875], [129.03921508789062, 133.89901733398438, 486.9081115722656, 391.1838073730469]]}