{"categories": [0, 56, 57, 62, 65, 73], "bboxes": [[0.0, 0.0, 245.66091918945312, 471.9486999511719], [582.3601684570312, 402.0521240234375, 639.0, 475.5379638671875], [530.0157470703125, 393.47869873046875, 636.235107421875, 476.08489990234375], [185.56959533691406, 224.53704833984375, 373.03179931640625, 374.29632568359375], [349.9606018066406, 332.052490234375, 402.7164001464844, 404.61761474609375], [1.2936592102050781, 331.1935119628906, 18.403339385986328, 381.8971862792969]]}