{"categories": [0, 33, 41, 57, 73], "bboxes": [[393.5729675292969, 103.026611328125, 625.3118896484375, 464.09918212890625], [293.3908996582031, 84.21366882324219, 318.8898010253906, 92.61767578125], [258.55255126953125, 132.34693908691406, 281.60540771484375, 159.95912170410156], [6.042999267578125, 237.56198120117188, 418.8845520019531, 455.3815002441406], [0.0, 63.86225128173828, 165.5975341796875, 259.40008544921875]]}