{"categories": [0, 13, 29], "bboxes": [[136.96319580078125, 94.01881408691406, 373.0759582519531, 380.94573974609375], [0.0, 184.2620086669922, 122.65748596191406, 219.9279327392578], [448.8470764160156, 77.85652160644531, 489.5632019042969, 89.08500671386719]]}