{"categories": [0, 37, 56, 57, 62, 65, 74, 75, 77], "bboxes": [[456.4984436035156, 201.75741577148438, 559.646484375, 426.0], [320.1164855957031, 169.33709716796875, 639.0, 248.8406982421875], [0.0, 283.4787902832031, 27.39516830444336, 328.2747497558594], [345.3858337402344, 347.6231384277344, 629.1815185546875, 425.0553283691406], [280.6675720214844, 300.8466796875, 370.2998352050781, 349.2611083984375], [189.66282653808594, 137.010498046875, 230.17811584472656, 155.10745239257812], [99.59193420410156, 193.4238739013672, 131.71749877929688, 230.0581817626953], [305.0784912109375, 272.2687683105469, 319.4949951171875, 301.3204650878906], [32.256675720214844, 346.3352355957031, 98.59282684326172, 399.2449645996094]]}