{"categories": [0, 13, 34, 35, 56], "bboxes": [[126.47737121582031, 23.447525024414062, 422.48095703125, 338.58868408203125], [493.1600036621094, 101.94528198242188, 543.849365234375, 117.10093688964844], [120.163818359375, 159.207763671875, 199.98367309570312, 240.7021484375], [365.4820251464844, 211.15428161621094, 400.9038391113281, 266.0556335449219], [5.174232482910156, 207.796875, 66.58592987060547, 284.0527648925781]]}