{"categories": [0, 57, 58, 65, 75], "bboxes": [[320.5106201171875, 20.79656982421875, 636.5485229492188, 636.2752685546875], [41.37818908691406, 459.68939208984375, 411.169921875, 635.2766723632812], [326.0941162109375, 349.69158935546875, 394.2620849609375, 464.23431396484375], [347.9338073730469, 582.3748779296875, 403.4715881347656, 600.3643798828125], [340.3528137207031, 418.9860534667969, 375.6530456542969, 478.1436462402344]]}