{"categories": [0, 30], "bboxes": [[199.067626953125, 181.10511779785156, 336.6053466796875, 468.98822021484375], [151.82615661621094, 457.9410095214844, 372.0335693359375, 477.3486633300781]]}