{"categories": [0, 24, 39, 51, 54, 57, 59, 60, 72], "bboxes": [[12.186004638671875, 84.55279541015625, 287.9944152832031, 626.4620361328125], [18.228912353515625, 237.2628173828125, 159.2492218017578, 397.40411376953125], [436.4452819824219, 187.26913452148438, 468.9186096191406, 273.5077209472656], [350.4081115722656, 364.761962890625, 386.4811706542969, 481.48193359375], [145.3369903564453, 206.53231811523438, 176.8999481201172, 247.73440551757812], [9.217697143554688, 276.332275390625, 474.7105712890625, 627.5482788085938], [3.6802520751953125, 273.85003662109375, 479.0, 624.8206176757812], [374.5675048828125, 240.45953369140625, 479.0, 346.7208251953125], [220.48915100097656, 206.1363983154297, 332.54534912109375, 298.82989501953125]]}