{"categories": [0, 57, 59, 65, 73], "bboxes": [[24.386154174804688, 189.7047119140625, 280.85760498046875, 628.7156982421875], [45.06556701660156, 508.67156982421875, 414.442138671875, 637.4400024414062], [53.74171447753906, 510.51739501953125, 409.7567138671875, 634.4938354492188], [53.13260269165039, 214.28712463378906, 75.30072021484375, 276.18902587890625], [42.09629821777344, 453.2418518066406, 68.87779998779297, 501.2035827636719]]}