{"categories": [0, 27, 34], "bboxes": [[310.8077392578125, 110.89950561523438, 431.9581298828125, 472.6916198730469], [41.07773971557617, 400.98297119140625, 86.736572265625, 476.99822998046875], [506.2892761230469, 306.13629150390625, 550.321044921875, 478.0]]}