{"categories": [0, 56, 65], "bboxes": [[0.7882843017578125, 126.7105712890625, 179.5343780517578, 509.20068359375], [129.8661651611328, 268.2531433105469, 222.86647033691406, 429.3499450683594], [222.47332763671875, 174.871826171875, 246.84762573242188, 226.737060546875]]}