{"categories": [0, 27], "bboxes": [[283.5008850097656, 133.48399353027344, 628.2891845703125, 617.4052734375], [178.33163452148438, 474.537841796875, 242.15786743164062, 580.940673828125]]}