{"categories": [0, 27, 38, 42], "bboxes": [[0.0, 1.779998779296875, 150.39794921875, 623.6812744140625], [427.2765808105469, 186.2911834716797, 466.7212219238281, 465.49591064453125], [292.2792053222656, 358.0470275878906, 380.2549743652344, 500.6723937988281], [204.58035278320312, 345.2247314453125, 280.27593994140625, 366.934814453125]]}