{"categories": [0, 38, 57, 65, 74], "bboxes": [[336.65447998046875, 146.7895050048828, 463.0906982421875, 419.17413330078125], [124.30290222167969, 206.5504150390625, 218.08595275878906, 275.16015625], [80.854248046875, 245.62646484375, 579.100341796875, 410.27142333984375], [177.5843505859375, 191.90704345703125, 208.56167602539062, 206.46978759765625], [369.7059020996094, 129.36709594726562, 396.0377502441406, 157.01547241210938]]}