{"categories": [0, 2, 29], "bboxes": [[114.64633178710938, 158.03807067871094, 407.5876770019531, 476.90673828125], [494.4879455566406, 103.96488952636719, 518.6654052734375, 114.44285583496094], [308.3941650390625, 328.5570373535156, 431.079345703125, 430.3127136230469]]}