{"categories": [0, 32, 38], "bboxes": [[288.6942443847656, 85.45599365234375, 420.0556945800781, 476.29327392578125], [384.22528076171875, 137.49014282226562, 413.341796875, 164.553955078125], [111.54917907714844, 18.156349182128906, 214.5341033935547, 202.47027587890625]]}