{"categories": [0, 25, 56, 57, 73], "bboxes": [[157.9818878173828, 114.86164093017578, 403.2669677734375, 353.1029968261719], [113.92446899414062, 8.614875793457031, 406.9828796386719, 192.5648193359375], [155.05596923828125, 168.36666870117188, 313.6202392578125, 356.0721740722656], [402.9773864746094, 48.00239562988281, 639.0, 331.92620849609375], [459.7238464355469, 216.94876098632812, 519.64013671875, 270.1018981933594]]}