{"categories": [0, 26, 34, 35], "bboxes": [[20.295013427734375, 8.639801025390625, 252.05120849609375, 331.81500244140625], [592.4699096679688, 177.88584899902344, 636.6364135742188, 237.3040008544922], [196.56954956054688, 64.7669448852539, 272.0116271972656, 127.02039337158203], [341.1480407714844, 167.71249389648438, 379.2535095214844, 208.18341064453125]]}