{"categories": [0, 24, 26, 57, 59, 65, 73, 74], "bboxes": [[19.078781127929688, 57.33917236328125, 397.42877197265625, 416.27301025390625], [460.84149169921875, 139.26947021484375, 519.832763671875, 221.5382080078125], [474.629638671875, 146.29165649414062, 517.626953125, 225.30841064453125], [3.048248291015625, 200.75601196289062, 373.2429504394531, 426.0], [19.138229370117188, 261.2539367675781, 386.32269287109375, 419.9367370605469], [309.4085998535156, 235.72247314453125, 401.2449645996094, 335.76409912109375], [505.0401611328125, 246.18862915039062, 549.8736572265625, 302.9353332519531], [127.4427719116211, 41.71617126464844, 162.3258819580078, 86.31434631347656]]}