{"categories": [0, 24, 34, 35], "bboxes": [[226.6491241455078, 171.63803100585938, 431.34417724609375, 453.4329528808594], [0.6562843322753906, 329.87579345703125, 53.58063507080078, 414.3206787109375], [423.21917724609375, 138.13925170898438, 476.287109375, 262.3378601074219], [113.10173797607422, 373.6097717285156, 162.69522094726562, 419.1520690917969]]}