{"categories": [0, 25, 26], "bboxes": [[126.30060577392578, 223.81309509277344, 219.37069702148438, 495.606689453125], [44.24298858642578, 178.5443572998047, 201.4609375, 245.95326232910156], [85.90689086914062, 328.09771728515625, 132.82827758789062, 418.89654541015625]]}