{"categories": [0, 16, 17, 24], "bboxes": [[156.41802978515625, 194.54104614257812, 257.0502624511719, 535.86083984375], [243.52020263671875, 392.6807861328125, 437.518798828125, 545.9424438476562], [254.21884155273438, 392.3086242675781, 431.1790466308594, 543.7265625], [127.46504211425781, 224.13037109375, 203.48289489746094, 362.75506591796875]]}