{"categories": [0, 17, 25], "bboxes": [[0.0, 389.85760498046875, 129.62245178222656, 615.1090087890625], [442.2427673339844, 464.11627197265625, 479.0, 529.5572509765625], [101.41876983642578, 121.120361328125, 214.57968139648438, 471.76837158203125]]}