{"categories": [0, 39, 41, 45, 56, 57, 60, 63, 65, 73], "bboxes": [[418.0872802734375, 0.0, 601.4508666992188, 472.50897216796875], [212.45191955566406, 347.2955017089844, 230.2828826904297, 393.3916931152344], [122.96959686279297, 349.94696044921875, 150.42526245117188, 418.0906982421875], [153.74977111816406, 430.62152099609375, 189.7665252685547, 453.54339599609375], [581.0269165039062, 229.98687744140625, 639.0, 258.9098205566406], [0.0, 194.07089233398438, 275.7789306640625, 415.5514831542969], [95.94249725341797, 328.1290283203125, 298.5554504394531, 473.733642578125], [128.4518585205078, 246.8097686767578, 197.98851013183594, 276.4836120605469], [429.9863586425781, 46.82819747924805, 446.5730895996094, 112.41133117675781], [231.14532470703125, 362.04937744140625, 266.49853515625, 397.56585693359375]]}