{"categories": [0, 56, 57, 58, 60, 62], "bboxes": [[226.1637420654297, 151.62472534179688, 402.39697265625, 441.4927062988281], [17.252429962158203, 168.5654296875, 122.16522216796875, 302.7135009765625], [179.71803283691406, 243.81048583984375, 632.8174438476562, 476.24957275390625], [161.85060119628906, 203.52059936523438, 204.8505401611328, 265.342041015625], [86.17183685302734, 216.5181427001953, 257.6238098144531, 325.518310546875], [142.0556640625, 20.83975601196289, 242.0018310546875, 122.63697814941406]]}