{"categories": [0, 40, 41, 44, 56, 73], "bboxes": [[427.79425048828125, 162.63282775878906, 589.8751831054688, 432.783935546875], [584.6915283203125, 57.627098083496094, 598.1151123046875, 84.14803314208984], [560.7611083984375, 60.63908004760742, 573.535888671875, 84.94013977050781], [233.75466918945312, 115.82655334472656, 248.60467529296875, 161.1795196533203], [561.6449584960938, 266.25616455078125, 634.8075561523438, 421.749755859375], [199.74563598632812, 247.15570068359375, 243.72726440429688, 265.425537109375]]}