{"categories": [0, 13, 56, 73], "bboxes": [[420.8199768066406, 58.297279357910156, 490.6128234863281, 263.2931823730469], [0.837158203125, 285.2393798828125, 412.54193115234375, 532.0], [149.17166137695312, 118.70731353759766, 193.83798217773438, 176.42823791503906], [153.41323852539062, 347.458984375, 244.84939575195312, 409.51068115234375]]}