{"categories": [0, 2, 3, 24, 25, 32, 56, 62], "bboxes": [[363.83160400390625, 28.008331298828125, 453.78814697265625, 294.3221130371094], [516.2382202148438, 117.09785461425781, 626.6482543945312, 177.4480438232422], [93.93243408203125, 142.88168334960938, 392.01068115234375, 396.0954284667969], [269.19134521484375, 116.98728942871094, 376.85211181640625, 217.82188415527344], [13.642349243164062, 0.5204048156738281, 326.151611328125, 40.39570999145508], [429.681884765625, 323.00677490234375, 444.97149658203125, 336.57830810546875], [0.05755805969238281, 209.2646484375, 53.66795349121094, 317.9302978515625], [83.99897766113281, 142.04367065429688, 144.6211395263672, 198.84347534179688]]}