{"categories": [0, 5, 7, 41, 42, 43, 45, 53, 55, 56, 60, 74, 79], "bboxes": [[338.48382568359375, 39.77459716796875, 610.8313598632812, 448.7888488769531], [557.9484252929688, 65.0872802734375, 639.0, 344.4053955078125], [557.3187255859375, 73.03315734863281, 639.0, 352.071533203125], [132.59906005859375, 244.90728759765625, 173.080322265625, 315.79742431640625], [192.36102294921875, 235.0860137939453, 251.69686889648438, 261.2445068359375], [127.64825439453125, 322.6257019042969, 175.349609375, 336.9085998535156], [375.04656982421875, 357.0181579589844, 430.9127197265625, 397.1604309082031], [349.2593688964844, 306.96087646484375, 382.2902526855469, 335.527587890625], [303.74713134765625, 382.93182373046875, 347.248779296875, 415.7391357421875], [160.29031372070312, 129.87240600585938, 208.35433959960938, 214.19845581054688], [95.9517822265625, 226.48101806640625, 506.73748779296875, 465.027587890625], [324.99005126953125, 49.657005310058594, 359.89306640625, 105.13985443115234], [140.4356689453125, 210.58750915527344, 151.52218627929688, 246.2410125732422]]}