{"categories": [0, 45, 60, 62, 73], "bboxes": [[333.1711120605469, 202.79122924804688, 447.1696472167969, 474.1925354003906], [104.29843139648438, 279.1963195800781, 158.06881713867188, 313.5049743652344], [55.3272590637207, 281.5596923828125, 159.14077758789062, 464.73980712890625], [277.08770751953125, 98.173828125, 536.9102172851562, 324.0054016113281], [63.676612854003906, 302.93359375, 118.80963897705078, 322.6136474609375]]}