{"categories": [0, 2, 3, 12, 26, 28], "bboxes": [[4.110221862792969, 30.150100708007812, 118.6486587524414, 332.93621826171875], [552.51171875, 107.63298034667969, 630.85986328125, 165.5741729736328], [363.46185302734375, 85.96669006347656, 624.7625122070312, 450.8443603515625], [368.5769958496094, 19.668241500854492, 379.8505554199219, 41.20635223388672], [332.46771240234375, 84.87411499023438, 419.9285888671875, 162.66317749023438], [332.2991638183594, 85.65547180175781, 416.6839294433594, 161.7833709716797]]}