{"categories": [0, 13, 26, 56], "bboxes": [[253.87890625, 76.2010498046875, 452.89935302734375, 412.9676208496094], [53.48579406738281, 194.2959442138672, 554.4031982421875, 429.794921875], [335.5150146484375, 405.1938781738281, 403.102294921875, 433.0588073730469], [258.5898132324219, 273.9494934082031, 365.1623840332031, 384.0890197753906]]}