{"categories": [0, 34, 35], "bboxes": [[264.2910461425781, 72.63482666015625, 459.6025085449219, 328.6824645996094], [443.28094482421875, 103.39704895019531, 553.5750732421875, 144.7230682373047], [253.64454650878906, 163.25436401367188, 294.54766845703125, 206.72116088867188]]}