{"categories": [0, 34, 35], "bboxes": [[191.7496337890625, 86.1160888671875, 527.2503662109375, 593.3726196289062], [80.30664825439453, 6.2283172607421875, 235.2447509765625, 196.46278381347656], [214.25747680664062, 355.3189697265625, 296.26068115234375, 430.18377685546875]]}