{"categories": [0, 37], "bboxes": [[141.42945861816406, 146.28643798828125, 240.29173278808594, 381.50982666015625], [77.51083374023438, 217.0889892578125, 343.8157653808594, 293.9208068847656]]}