{"categories": [0, 41, 67], "bboxes": [[0.0, 0.0, 358.7783203125, 327.5933837890625], [362.5777587890625, 297.5173034667969, 436.65203857421875, 331.7770690917969], [277.3767395019531, 209.48812866210938, 352.7196350097656, 282.17791748046875]]}