{"categories": [0, 13, 40, 41, 42, 44, 45, 51, 53, 56, 60], "bboxes": [[412.977783203125, 122.02677917480469, 638.7760009765625, 418.32305908203125], [0.0045986175537109375, 204.3716583251953, 36.62922668457031, 321.9710998535156], [305.7308044433594, 293.741943359375, 344.2817687988281, 354.64959716796875], [157.654052734375, 248.23951721191406, 187.78466796875, 310.8798828125], [316.4839172363281, 341.91497802734375, 387.2635803222656, 362.9822998046875], [151.48106384277344, 348.4808654785156, 208.4687957763672, 358.2197570800781], [197.02171325683594, 266.34906005859375, 241.0946807861328, 304.25592041015625], [378.7157897949219, 322.56982421875, 412.0492858886719, 339.2164306640625], [253.6459503173828, 253.15969848632812, 321.6588439941406, 275.2539367675781], [1.0081253051757812, 208.42596435546875, 33.35834503173828, 316.52056884765625], [0.7516937255859375, 244.45323181152344, 473.6328125, 414.144775390625]]}