{"categories": [0, 2, 7, 19, 24, 29, 35], "bboxes": [[302.9395751953125, 102.59315490722656, 486.7447509765625, 423.29278564453125], [593.7190551757812, 215.9662628173828, 627.3241577148438, 238.1981658935547], [584.48388671875, 215.32122802734375, 626.3001708984375, 238.71490478515625], [128.7171630859375, 264.7822265625, 168.28335571289062, 281.69085693359375], [39.24091720581055, 274.4129333496094, 53.57638168334961, 282.7634582519531], [227.48703002929688, 95.29283142089844, 266.64080810546875, 148.07435607910156], [339.7730712890625, 250.6724853515625, 362.37835693359375, 280.25860595703125]]}