{"categories": [0, 13, 41, 67], "bboxes": [[194.75689697265625, 7.858001708984375, 416.003662109375, 444.1004638671875], [169.59275817871094, 146.8971405029297, 639.0, 432.7177734375], [358.3625793457031, 145.1744842529297, 387.7014465332031, 177.63954162597656], [292.47564697265625, 175.9202117919922, 321.77587890625, 195.6278533935547]]}