{"categories": [0, 2, 32], "bboxes": [[36.90819549560547, 54.512969970703125, 169.12799072265625, 582.2969970703125], [72.36776733398438, 145.2151336669922, 484.9284973144531, 335.40924072265625], [357.7959899902344, 441.3440856933594, 483.8593444824219, 563.91552734375]]}