{"categories": [0, 45, 67], "bboxes": [[8.992279052734375, 0.0, 415.63812255859375, 462.8287353515625], [249.89083862304688, 348.2552185058594, 322.1916809082031, 395.4823913574219], [381.3415222167969, 374.828125, 472.3355407714844, 447.8182373046875]]}