{"categories": [0, 3, 11, 24, 25], "bboxes": [[501.9194641113281, 1.0352630615234375, 639.0, 424.6519775390625], [425.40863037109375, 192.57986450195312, 547.662109375, 387.9887390136719], [72.7218246459961, 52.94655227661133, 105.39188385009766, 122.77549743652344], [523.7579345703125, 6.639251708984375, 627.330810546875, 172.41787719726562], [368.3034362792969, 155.1886749267578, 473.4588317871094, 197.07884216308594]]}