{"categories": [0, 25, 26], "bboxes": [[318.48345947265625, 145.05543518066406, 505.4659423828125, 409.2220458984375], [190.99452209472656, 38.38658142089844, 638.3876953125, 419.0], [310.71185302734375, 297.27301025390625, 383.75445556640625, 417.929931640625]]}