{"categories": [0, 30], "bboxes": [[316.3051452636719, 42.068389892578125, 450.9982604980469, 319.7051086425781], [71.36776733398438, 325.3971252441406, 281.1754150390625, 437.6097106933594]]}