{"categories": [0, 25, 33], "bboxes": [[315.3925476074219, 247.484375, 370.3540344238281, 403.48406982421875], [1.2011299133300781, 195.13290405273438, 106.28334045410156, 422.0184631347656], [25.310020446777344, 85.16321563720703, 178.2508544921875, 248.5823974609375]]}