{"categories": [0, 2, 16, 18, 58], "bboxes": [[17.057659149169922, 68.80813598632812, 115.39012145996094, 366.528564453125], [283.89788818359375, 94.48680114746094, 400.028076171875, 162.74855041503906], [116.08711242675781, 173.98651123046875, 166.04847717285156, 238.25326538085938], [370.8848571777344, 200.73397827148438, 499.0, 335.7191467285156], [194.9853973388672, 148.7427215576172, 277.66741943359375, 218.34791564941406]]}