{"categories": [0, 47, 48, 54], "bboxes": [[54.392242431640625, 97.38909912109375, 240.18133544921875, 330.5895690917969], [69.20140075683594, 209.27638244628906, 108.13920593261719, 246.6495819091797], [379.5799560546875, 198.4319610595703, 421.7403564453125, 252.3638458251953], [255.9929962158203, 162.07666015625, 288.5367431640625, 185.82345581054688]]}