{"categories": [0, 18], "bboxes": [[3.2828140258789062, 145.0008544921875, 94.35617065429688, 399.1138916015625], [110.96542358398438, 258.6068115234375, 260.733154296875, 370.34857177734375]]}