{"categories": [0, 39, 40, 56, 60, 66], "bboxes": [[121.16987609863281, 220.44741821289062, 372.622314453125, 624.80810546875], [10.527673721313477, 544.8024291992188, 50.01519775390625, 638.7911987304688], [106.78646850585938, 383.2972412109375, 163.82296752929688, 533.4216918945312], [0.389129638671875, 332.4716796875, 169.97442626953125, 514.884033203125], [0.0, 462.4888610839844, 219.79739379882812, 638.3685302734375], [0.0, 492.1518859863281, 134.48345947265625, 625.765869140625]]}