{"categories": [0, 2, 32], "bboxes": [[182.88555908203125, 197.9434356689453, 376.2418212890625, 454.3482666015625], [25.486167907714844, 165.79183959960938, 107.99962615966797, 233.63546752929688], [73.59040832519531, 239.07290649414062, 113.87945556640625, 277.3636169433594]]}