{"categories": [0, 25, 30, 31], "bboxes": [[142.9228515625, 63.05836486816406, 286.72357177734375, 436.5299072265625], [256.51812744140625, 219.78546142578125, 298.219482421875, 425.1234130859375], [348.2649841308594, 102.73554992675781, 501.5413513183594, 426.59027099609375], [359.9126892089844, 114.51887512207031, 398.9450378417969, 434.62664794921875]]}