{"categories": [0, 2, 3, 7, 8], "bboxes": [[12.785957336425781, 59.80378723144531, 218.12167358398438, 390.330810546875], [306.371337890625, 61.09075164794922, 329.51312255859375, 75.91956329345703], [12.843643188476562, 149.2821807861328, 226.33328247070312, 479.4136962890625], [259.7358703613281, 118.34141540527344, 342.9347839355469, 169.9331817626953], [162.52828979492188, 102.6639175415039, 200.69595336914062, 126.4740219116211]]}