{"categories": [0, 39, 41, 43, 45, 55, 57, 60, 62], "bboxes": [[118.95416259765625, 81.97834014892578, 305.5581359863281, 330.9149169921875], [382.1149597167969, 214.1038360595703, 394.2233581542969, 246.65879821777344], [516.1808471679688, 280.74151611328125, 550.5974731445312, 317.7724609375], [496.5934143066406, 322.65966796875, 602.7378540039062, 336.10211181640625], [87.6162338256836, 334.2021179199219, 135.60177612304688, 362.7267150878906], [311.70263671875, 291.8926696777344, 498.1302490234375, 358.3706359863281], [516.5791625976562, 186.40481567382812, 637.7185668945312, 279.7437438964844], [35.21087646484375, 280.9212646484375, 639.0, 471.406982421875], [532.8299560546875, 9.560081481933594, 638.084228515625, 137.08395385742188]]}