{"categories": [0, 16], "bboxes": [[52.397621154785156, 30.66119384765625, 297.4478454589844, 397.86029052734375], [287.9871520996094, 178.07537841796875, 497.8951721191406, 401.5828857421875]]}