{"categories": [0, 32, 34, 35], "bboxes": [[190.1663360595703, 105.05873107910156, 425.62152099609375, 372.93267822265625], [76.35719299316406, 283.6843566894531, 89.79191589355469, 297.1451721191406], [139.54934692382812, 246.42918395996094, 206.764892578125, 287.7136535644531], [380.2961120605469, 284.8061218261719, 419.7919616699219, 319.6627502441406]]}