{"categories": [0, 39, 41, 45, 60, 63, 65, 66, 74], "bboxes": [[197.48594665527344, 59.991668701171875, 575.412109375, 470.1769714355469], [345.857666015625, 25.747600555419922, 368.5428466796875, 91.97122192382812], [127.06344604492188, 289.85504150390625, 158.88473510742188, 359.889404296875], [56.227333068847656, 29.01852035522461, 80.53218841552734, 38.696224212646484], [3.6435546875, 23.4522705078125, 105.3821029663086, 189.7529754638672], [132.5877685546875, 197.8909912109375, 247.00421142578125, 327.32000732421875], [193.81765747070312, 303.7579345703125, 224.65731811523438, 320.8382568359375], [149.4215087890625, 285.143798828125, 229.5660400390625, 317.47711181640625], [286.9777526855469, 260.37640380859375, 302.0564880371094, 275.20477294921875]]}