{"categories": [0, 16, 41, 56, 57, 65], "bboxes": [[14.7926025390625, 64.88264465332031, 275.79107666015625, 427.57464599609375], [302.6938781738281, 206.90786743164062, 495.5582580566406, 323.5661315917969], [536.562744140625, 375.7795104980469, 569.1748046875, 442.2159118652344], [75.66333770751953, 235.4922332763672, 244.37628173828125, 401.07818603515625], [90.12319946289062, 93.18414306640625, 610.6015625, 412.2415466308594], [250.29107666015625, 200.36233520507812, 309.6170654296875, 215.55392456054688]]}