{"categories": [0, 27, 40, 41, 58], "bboxes": [[56.20350646972656, 83.69967651367188, 272.50439453125, 424.9483642578125], [514.0466918945312, 364.31976318359375, 530.4384155273438, 397.02667236328125], [191.70590209960938, 381.0976867675781, 223.9749755859375, 425.6950988769531], [191.75674438476562, 382.4771728515625, 223.6546630859375, 423.614990234375], [366.52484130859375, 291.3033142089844, 406.4981689453125, 350.3586120605469]]}