{"categories": [0, 58, 65, 73, 74, 75], "bboxes": [[165.56690979003906, 30.09490966796875, 499.4754638671875, 439.96112060546875], [32.74750900268555, 347.74749755859375, 108.15975952148438, 433.97784423828125], [57.95581817626953, 396.93328857421875, 106.78595733642578, 442.08251953125], [56.059810638427734, 394.6748046875, 105.59703063964844, 443.6414794921875], [526.8889770507812, 217.9832763671875, 548.5405883789062, 241.31192016601562], [42.56985855102539, 402.04815673828125, 64.39898681640625, 441.740966796875]]}