{"categories": [0, 39, 56, 59, 65], "bboxes": [[224.2991180419922, 89.08665466308594, 473.2349853515625, 330.821533203125], [461.21630859375, 282.91168212890625, 486.038330078125, 314.95355224609375], [113.97832489013672, 200.74411010742188, 166.4670867919922, 328.4270324707031], [111.66697692871094, 26.1065673828125, 490.8582763671875, 315.62127685546875], [35.0421028137207, 160.2741241455078, 63.5511360168457, 180.4984893798828]]}