{"categories": [0, 34, 35, 37, 56], "bboxes": [[250.63198852539062, 134.6026611328125, 347.5055847167969, 401.015869140625], [256.7167053222656, 244.56912231445312, 278.6830139160156, 287.8857116699219], [479.62603759765625, 252.10385131835938, 522.6456909179688, 292.3389587402344], [392.46405029296875, 274.7361145019531, 583.883544921875, 293.5901184082031], [520.94775390625, 9.496729850769043, 573.0682373046875, 35.28494644165039]]}