{"categories": [0, 2, 17, 24, 27], "bboxes": [[395.25, 74.50758361816406, 485.06488037109375, 383.1636962890625], [405.7961120605469, 82.31693267822266, 434.9803161621094, 119.87508392333984], [81.55563354492188, 38.64544677734375, 242.7733154296875, 328.0619812011719], [585.1530151367188, 141.1885528564453, 619.7678833007812, 218.6356658935547], [268.13702392578125, 111.94871520996094, 284.8775634765625, 160.5039825439453]]}