{"categories": [0, 27, 67], "bboxes": [[7.619171142578125, 5.5948944091796875, 375.9941101074219, 418.55682373046875], [416.3946228027344, 199.60047912597656, 440.6021423339844, 242.52659606933594], [250.01004028320312, 322.1285400390625, 315.5094909667969, 366.4117431640625]]}