{"categories": [0, 25, 27, 76], "bboxes": [[9.315231323242188, 0.0, 383.5948486328125, 427.678955078125], [324.49517822265625, 0.976226806640625, 541.0914306640625, 335.9086608886719], [205.70770263671875, 176.2347412109375, 291.1526794433594, 387.870361328125], [200.48623657226562, 245.55715942382812, 321.7265930175781, 368.9534606933594]]}