{"categories": [0, 36, 56, 57, 60, 73], "bboxes": [[311.0845642089844, 118.76123809814453, 438.4966735839844, 326.51763916015625], [89.18730163574219, 309.021484375, 506.42205810546875, 420.037109375], [575.75439453125, 211.2110137939453, 639.0, 262.14630126953125], [295.3876037597656, 97.68751525878906, 549.086181640625, 215.9531707763672], [32.62945556640625, 355.9156494140625, 629.7379760742188, 471.31365966796875], [104.87078094482422, 413.8768310546875, 344.22320556640625, 475.42730712890625]]}