{"categories": [0, 32, 41, 43, 45, 47, 54, 55, 58, 60], "bboxes": [[282.8239440917969, 52.9886474609375, 509.1382141113281, 395.19195556640625], [307.5217590332031, 384.23956298828125, 343.8272399902344, 417.87335205078125], [193.06846618652344, 83.75961303710938, 211.31358337402344, 113.47076416015625], [80.89364624023438, 333.08294677734375, 151.7620391845703, 370.22900390625], [1.1585960388183594, 368.91558837890625, 90.61880493164062, 422.39202880859375], [261.6282653808594, 380.9906921386719, 307.0145568847656, 414.7942199707031], [132.37161254882812, 371.7193603515625, 163.5931396484375, 393.33026123046875], [469.766845703125, 328.68170166015625, 521.41455078125, 356.4000244140625], [268.2178039550781, 323.8774719238281, 368.1501770019531, 390.3429260253906], [0.0, 371.56402587890625, 638.8465576171875, 449.0155029296875]]}