{"categories": [0, 41, 45, 56, 57, 65], "bboxes": [[290.38043212890625, 25.408599853515625, 459.92242431640625, 365.68572998046875], [5.480339050292969, 276.5104064941406, 28.94731903076172, 293.6366882324219], [3.8104238510131836, 305.0260925292969, 29.188312530517578, 317.9956970214844], [0.0, 255.51626586914062, 48.419891357421875, 290.2900085449219], [222.27243041992188, 209.8447265625, 496.5888977050781, 370.763427734375], [322.3484802246094, 63.38750076293945, 339.4186096191406, 82.43639373779297]]}