{"categories": [0, 27, 35, 47, 49], "bboxes": [[15.400611877441406, 10.519790649414062, 182.70477294921875, 441.72552490234375], [82.39176177978516, 89.66043090820312, 104.30718231201172, 179.27444458007812], [248.05581665039062, 160.6005859375, 301.6930236816406, 230.4833984375], [228.6249542236328, 226.9846954345703, 247.41929626464844, 245.48802185058594], [463.6893310546875, 363.635986328125, 574.1773681640625, 493.6510009765625]]}