{"categories": [0, 7, 33, 37], "bboxes": [[445.9921875, 98.73381042480469, 540.1326904296875, 414.7763671875], [340.3656921386719, 99.4230728149414, 397.7540588378906, 141.7571563720703], [421.4823913574219, 157.99468994140625, 460.1688537597656, 274.4320373535156], [1.2333831787109375, 143.52175903320312, 253.93490600585938, 337.3635559082031]]}