{"categories": [0, 25, 26], "bboxes": [[145.40179443359375, 83.47413635253906, 259.0136413574219, 392.23846435546875], [229.18650817871094, 113.06024932861328, 334.50860595703125, 158.2097625732422], [169.12896728515625, 134.20066833496094, 242.46353149414062, 245.5663604736328]]}