{"categories": [0, 27], "bboxes": [[50.06929016113281, 114.27947998046875, 334.9661865234375, 479.0], [440.9474182128906, 227.2169647216797, 480.9372863769531, 368.3828125]]}