{"categories": [0, 41, 56, 62, 65, 73], "bboxes": [[102.34693908691406, 55.36054992675781, 293.460693359375, 473.34912109375], [275.2236633300781, 149.4181365966797, 292.3057556152344, 171.95677185058594], [282.08648681640625, 256.9592590332031, 363.34442138671875, 398.6741638183594], [421.84710693359375, 226.05372619628906, 614.3674926757812, 390.69305419921875], [249.2669677734375, 171.28643798828125, 268.374755859375, 196.34622192382812], [440.5833740234375, 409.212890625, 473.0267333984375, 426.10723876953125]]}