{"categories": [0, 13, 18], "bboxes": [[98.84894561767578, 73.18247985839844, 341.48785400390625, 489.48583984375], [0.0, 260.5056457519531, 482.66021728515625, 475.8259582519531], [356.3388977050781, 198.27023315429688, 447.8064880371094, 236.07525634765625]]}