{"categories": [0, 38, 56], "bboxes": [[141.072998046875, 61.98667907714844, 278.9453125, 457.10540771484375], [250.0175018310547, 137.818115234375, 295.7598876953125, 215.00326538085938], [349.14715576171875, 79.57188415527344, 470.976806640625, 207.9029083251953]]}