{"categories": [0, 35, 38], "bboxes": [[38.86100387573242, 48.366973876953125, 159.7161102294922, 328.3341064453125], [131.76080322265625, 188.23257446289062, 154.01397705078125, 222.824462890625], [37.694190979003906, 158.8358917236328, 56.04808807373047, 198.4230194091797]]}