{"categories": [0, 27], "bboxes": [[339.71337890625, 4.1008758544921875, 470.8570556640625, 331.47406005859375], [397.41717529296875, 25.011314392089844, 414.471435546875, 66.90103912353516]]}