{"categories": [0, 26, 34, 39, 64, 65, 74], "bboxes": [[244.8838348388672, 40.368896484375, 477.28350830078125, 623.452880859375], [341.82366943359375, 436.31402587890625, 393.09149169921875, 473.63800048828125], [125.29728698730469, 152.17918395996094, 303.08056640625, 378.17645263671875], [222.57179260253906, 425.35125732421875, 237.04222106933594, 463.24053955078125], [313.7970275878906, 443.763916015625, 339.2544250488281, 472.93634033203125], [31.006004333496094, 332.76568603515625, 58.27165985107422, 347.093505859375], [289.1203308105469, 345.69415283203125, 304.7146911621094, 366.6429443359375]]}