{"categories": [0, 3, 24, 26, 28], "bboxes": [[15.441631317138672, 78.37374877929688, 126.19828796386719, 339.26776123046875], [40.93572998046875, 195.8228759765625, 594.1133422851562, 422.06103515625], [89.95838928222656, 133.65078735351562, 132.55172729492188, 213.64321899414062], [0.0, 244.67965698242188, 41.213871002197266, 322.3352355957031], [142.55374145507812, 290.1885986328125, 259.86737060546875, 400.5333251953125]]}