{"categories": [0, 27, 39, 40, 41, 60], "bboxes": [[397.42291259765625, 142.44577026367188, 597.3947143554688, 464.9117736816406], [137.6143341064453, 236.49856567382812, 169.27894592285156, 303.5754699707031], [342.3733825683594, 220.119873046875, 365.2862854003906, 283.802001953125], [378.04473876953125, 243.07716369628906, 413.7021484375, 324.9098205566406], [205.85455322265625, 257.67156982421875, 232.85665893554688, 301.43505859375], [175.71353149414062, 242.6248779296875, 444.6715393066406, 461.371337890625]]}