{"categories": [0, 39, 40, 41, 42, 56, 60, 73], "bboxes": [[327.9153137207031, 138.83949279785156, 610.1998291015625, 450.5987548828125], [279.8480529785156, 234.46495056152344, 301.7104797363281, 326.3939514160156], [237.07667541503906, 297.5838928222656, 279.6986083984375, 403.3987731933594], [278.93438720703125, 323.135498046875, 316.81658935546875, 404.19720458984375], [269.4507751464844, 403.008544921875, 325.9482727050781, 426.31256103515625], [269.2940673828125, 370.8751220703125, 433.25115966796875, 449.603271484375], [0.0, 248.48191833496094, 425.4799499511719, 446.2215576171875], [44.79612731933594, 351.2073974609375, 195.1990509033203, 413.932373046875]]}