{"categories": [0, 26, 46, 56, 72, 73], "bboxes": [[28.388351440429688, 131.0886993408203, 121.84426879882812, 420.40789794921875], [0.0, 181.9201202392578, 68.96653747558594, 291.7890625], [432.765869140625, 166.17921447753906, 479.49273681640625, 212.8007354736328], [494.9834899902344, 217.08181762695312, 597.7432861328125, 408.6311340332031], [183.58197021484375, 37.90232849121094, 478.41302490234375, 407.65789794921875], [266.1891784667969, 143.18380737304688, 285.7092590332031, 176.84136962890625]]}