{"categories": [0, 25, 29], "bboxes": [[416.25933837890625, 60.37791442871094, 543.439697265625, 414.73382568359375], [147.53500366210938, 1.1586685180664062, 462.7621154785156, 101.59469604492188], [232.4329376220703, 211.5879364013672, 272.821533203125, 283.771484375]]}