{"categories": [0, 53, 55], "bboxes": [[184.99169921875, 14.318618774414062, 633.60791015625, 449.595947265625], [288.3905029296875, 126.96521759033203, 324.15753173828125, 157.93075561523438], [214.27133178710938, 152.03553771972656, 251.54913330078125, 176.3246612548828]]}