{"categories": [0, 26, 27, 32, 47], "bboxes": [[24.906234741210938, 59.54518127441406, 307.2659912109375, 430.54901123046875], [430.1296081542969, 178.23486328125, 582.8638305664062, 345.5948486328125], [380.8335876464844, 123.67868041992188, 402.0398254394531, 182.96759033203125], [298.1595764160156, 17.162433624267578, 316.9111022949219, 34.22045135498047], [293.0288391113281, 164.17373657226562, 318.9579772949219, 190.60269165039062]]}