{"categories": [0, 27, 41, 44, 55, 60, 62, 64, 73], "bboxes": [[52.21979522705078, 108.6552963256836, 235.59478759765625, 362.3721923828125], [152.5494384765625, 179.36032104492188, 188.83306884765625, 310.9518127441406], [449.6171875, 360.049560546875, 474.1934814453125, 405.44561767578125], [287.6629943847656, 288.2879333496094, 307.0565490722656, 422.2623596191406], [339.51617431640625, 299.40533447265625, 402.12841796875, 343.63702392578125], [12.281494140625, 342.00689697265625, 588.1349487304688, 422.0203857421875], [441.10394287109375, 60.3570556640625, 638.2512817382812, 264.38580322265625], [51.248756408691406, 376.747314453125, 86.3053970336914, 394.76666259765625], [88.21282958984375, 340.2086486816406, 168.77969360351562, 373.1763610839844]]}