{"categories": [0, 13, 24, 26, 39, 45, 56], "bboxes": [[46.17414093017578, 113.86582946777344, 261.95770263671875, 447.439208984375], [61.433021545410156, 36.86405944824219, 104.68143463134766, 73.55511474609375], [511.38092041015625, 175.49307250976562, 544.4799194335938, 315.1354064941406], [511.7494201660156, 176.28163146972656, 544.316650390625, 316.7078857421875], [239.169677734375, 245.79354858398438, 255.95944213867188, 309.5805969238281], [139.6072998046875, 285.1033935546875, 213.923828125, 324.62054443359375], [424.74713134765625, 175.01539611816406, 547.177001953125, 423.682861328125]]}