{"categories": [0, 27, 40, 55], "bboxes": [[0.0, 35.38726806640625, 236.43917846679688, 421.42584228515625], [109.96886444091797, 155.9048309326172, 144.63165283203125, 200.7392120361328], [586.5860595703125, 297.82830810546875, 639.0, 418.6951904296875], [236.68695068359375, 210.76123046875, 517.134765625, 411.85272216796875]]}