{"categories": [0, 33], "bboxes": [[305.41033935546875, 256.5948486328125, 406.0518798828125, 470.95135498046875], [1.5615005493164062, 142.318115234375, 194.16168212890625, 280.72955322265625]]}