{"categories": [0, 24, 30, 62], "bboxes": [[98.09367370605469, 72.39535522460938, 189.8575897216797, 352.94500732421875], [477.59356689453125, 76.4572525024414, 549.0773315429688, 199.716552734375], [82.03370666503906, 312.7867431640625, 190.72743225097656, 394.65875244140625], [205.4041290283203, 192.36190795898438, 346.81805419921875, 282.3688659667969]]}