{"categories": [0, 2, 36], "bboxes": [[45.989830017089844, 137.50936889648438, 261.84576416015625, 630.6488037109375], [360.0255126953125, 102.09243774414062, 427.0, 161.13641357421875], [222.22291564941406, 551.1098022460938, 425.21832275390625, 618.7483520507812]]}