{"categories": [0, 53, 60], "bboxes": [[259.71185302734375, 0.0, 611.0, 597.2198486328125], [9.888145446777344, 295.8595275878906, 147.495361328125, 354.4184875488281], [0.0, 302.51324462890625, 497.0236511230469, 602.0016479492188]]}