{"categories": [0, 39, 41, 45, 48, 53, 56, 60, 66, 75], "bboxes": [[448.3220520019531, 71.44313049316406, 639.0, 468.03985595703125], [518.86669921875, 2.871234893798828, 541.2821044921875, 65.21157836914062], [217.11175537109375, 329.0776672363281, 275.8902282714844, 408.4533996582031], [437.82196044921875, 42.13456344604492, 503.54608154296875, 69.85209655761719], [385.1098937988281, 333.5679931640625, 486.8310852050781, 382.12115478515625], [224.94117736816406, 196.42733764648438, 372.95867919921875, 246.84487915039062], [376.2825012207031, 93.52608489990234, 444.1849670410156, 218.98147583007812], [69.59078979492188, 200.86105346679688, 525.1151123046875, 471.6203308105469], [90.29109191894531, 295.1249694824219, 176.41978454589844, 357.0342102050781], [383.9333801269531, 24.478195190429688, 406.6354675292969, 41.5084228515625]]}