{"categories": [0, 29], "bboxes": [[198.64915466308594, 27.419357299804688, 308.23150634765625, 395.4864501953125], [184.3396759033203, 17.74336814880371, 225.04518127441406, 28.610811233520508]]}