{"categories": [0, 27, 40, 58], "bboxes": [[448.99700927734375, 55.69580078125, 608.0737915039062, 423.3132019042969], [479.5482177734375, 162.1909637451172, 500.2718505859375, 207.0985870361328], [292.4887390136719, 245.39515686035156, 345.3471374511719, 345.60699462890625], [1.0112648010253906, 271.47308349609375, 47.07802200317383, 350.984130859375]]}