{"categories": [0, 13, 24, 33, 41, 53, 60, 65], "bboxes": [[135.38079833984375, 143.95333862304688, 371.5972900390625, 542.2958984375], [219.56568908691406, 339.13104248046875, 573.7210693359375, 532.9121704101562], [0.0516510009765625, 253.344970703125, 69.40431213378906, 317.68072509765625], [432.5038146972656, 0.0, 613.5736083984375, 108.49837493896484], [367.0549621582031, 287.903564453125, 397.7850036621094, 336.217529296875], [278.0049133300781, 336.1422424316406, 445.3340759277344, 368.3393859863281], [231.54013061523438, 305.4080810546875, 545.6793212890625, 519.5944213867188], [507.1751403808594, 195.03924560546875, 529.7863159179688, 211.16094970703125]]}