{"categories": [0, 24, 33], "bboxes": [[155.264892578125, 80.69709777832031, 277.239990234375, 475.547119140625], [300.3612060546875, 115.23876953125, 407.6614990234375, 245.32748413085938], [211.48187255859375, 167.34695434570312, 312.7852783203125, 337.8278503417969]]}