{"categories": [0, 8, 26, 27, 40, 41, 42, 43, 60], "bboxes": [[17.087753295898438, 137.2698974609375, 340.6124267578125, 583.748291015625], [0.0, 174.22238159179688, 131.07431030273438, 298.6986389160156], [426.6796569824219, 316.2815246582031, 574.3743286132812, 412.1802062988281], [186.52944946289062, 309.86016845703125, 244.39974975585938, 419.74822998046875], [426.6385192871094, 445.2351379394531, 496.8025207519531, 595.1329345703125], [558.2999877929688, 398.8532409667969, 611.0, 497.7654113769531], [223.58004760742188, 548.3428955078125, 351.8263244628906, 607.74853515625], [222.44784545898438, 549.335205078125, 351.6006774902344, 607.29736328125], [48.70208740234375, 423.8475646972656, 603.828125, 602.5946044921875]]}