{"categories": [0, 5], "bboxes": [[321.1039123535156, 115.75045776367188, 414.0209045410156, 375.490478515625], [0.0, 0.0, 393.8857421875, 399.34832763671875]]}