{"categories": [0, 2, 7, 32, 35], "bboxes": [[345.4664306640625, 70.46699523925781, 444.48260498046875, 377.74505615234375], [439.15289306640625, 156.97052001953125, 637.7958374023438, 244.1217041015625], [230.09152221679688, 108.3822250366211, 281.5360412597656, 140.81517028808594], [268.99945068359375, 57.157623291015625, 282.8963623046875, 70.32213592529297], [359.9439697265625, 108.65415954589844, 402.62939453125, 139.69715881347656]]}