{"categories": [0, 17, 26, 30, 31], "bboxes": [[5.911720275878906, 11.29449462890625, 149.59249877929688, 453.0315856933594], [9.930142402648926, 69.4603271484375, 30.15493392944336, 93.603271484375], [64.21989440917969, 167.16439819335938, 130.65145874023438, 245.31417846679688], [88.49885559082031, 190.84780883789062, 138.11599731445312, 450.8123474121094], [220.140380859375, 38.08097839355469, 304.6688232421875, 499.0]]}