{"categories": [0, 34, 38, 65], "bboxes": [[200.61276245117188, 8.531982421875, 425.5282897949219, 552.9444580078125], [54.98460006713867, 330.1080627441406, 113.03633117675781, 357.5522155761719], [352.0632019042969, 221.43890380859375, 439.5386047363281, 403.45416259765625], [277.0577697753906, 155.73110961914062, 298.5868835449219, 183.43991088867188]]}