{"categories": [0, 27, 43, 55, 56, 60], "bboxes": [[25.562774658203125, 36.73484802246094, 320.6412658691406, 372.83758544921875], [168.05728149414062, 128.26805114746094, 186.51400756835938, 156.6442413330078], [512.7894897460938, 306.8337707519531, 637.8860473632812, 323.9844665527344], [200.1204071044922, 300.98443603515625, 603.2251586914062, 430.8885498046875], [1.1773700714111328, 352.04962158203125, 60.52632141113281, 379.680908203125], [0.0, 326.6541748046875, 639.0, 452.6160888671875]]}