{"categories": [0, 56, 57, 58, 65], "bboxes": [[33.01685333251953, 46.76997375488281, 219.99020385742188, 427.2996826171875], [0.39324188232421875, 297.0281982421875, 38.607723236083984, 403.89263916015625], [168.6967010498047, 167.94058227539062, 255.86488342285156, 343.2201232910156], [191.45248413085938, 122.67351531982422, 245.10052490234375, 150.98846435546875], [132.92483520507812, 278.3083190917969, 161.98306274414062, 297.2547302246094]]}