{"categories": [0, 28, 56], "bboxes": [[8.485572814941406, 0.0, 207.21121215820312, 488.7506103515625], [248.6638946533203, 231.07095336914062, 535.458984375, 623.48583984375], [491.6795959472656, 271.7800598144531, 620.8788452148438, 507.1205139160156]]}