{"categories": [0, 2, 17, 24, 26], "bboxes": [[118.15716552734375, 228.57403564453125, 241.30413818359375, 537.1254272460938], [576.8084716796875, 326.21112060546875, 639.0, 355.580322265625], [395.61383056640625, 185.83250427246094, 555.1467895507812, 523.1925048828125], [145.22560119628906, 262.8140563964844, 220.96278381347656, 341.7392883300781], [385.1031494140625, 328.8551025390625, 417.1910400390625, 411.3851318359375]]}