{"categories": [0, 24, 26, 41, 56, 59, 67], "bboxes": [[131.8407440185547, 397.2270202636719, 407.908935546875, 617.9783325195312], [144.8280029296875, 534.5364379882812, 272.37310791015625, 622.8786010742188], [142.40982055664062, 536.9888305664062, 271.2523498535156, 620.8903198242188], [258.20654296875, 524.6676635742188, 293.88592529296875, 562.1723022460938], [235.7232666015625, 475.74951171875, 472.8707275390625, 636.83251953125], [140.37646484375, 157.92276000976562, 479.0, 498.1219787597656], [257.5487976074219, 526.031982421875, 293.8156433105469, 561.2669677734375]]}