{"categories": [0, 39, 46, 47, 62, 68], "bboxes": [[397.9799499511719, 64.11955261230469, 499.0, 321.673095703125], [390.73675537109375, 59.444740295410156, 400.4371337890625, 93.00183868408203], [130.8421630859375, 238.1053924560547, 237.6767578125, 325.0105285644531], [239.22853088378906, 288.4386291503906, 298.1339416503906, 326.0], [0.944666862487793, 6.998603820800781, 16.324695587158203, 71.57270050048828], [159.7652130126953, 11.629545211791992, 248.5930938720703, 63.816505432128906]]}