{"categories": [0, 8, 13, 28, 33, 41, 45, 56, 57, 73], "bboxes": [[2.4482421875, 115.49082946777344, 288.1152038574219, 474.35223388671875], [0.0, 9.877700805664062, 596.6915893554688, 429.40277099609375], [496.5576171875, 270.903564453125, 634.919677734375, 445.26934814453125], [393.2527160644531, 191.27700805664062, 484.4272155761719, 256.7032470703125], [0.6208648681640625, 92.39344787597656, 122.43131256103516, 351.01715087890625], [323.9844665527344, 121.21874237060547, 342.1528625488281, 150.85977172851562], [425.8050231933594, 240.3037567138672, 482.3400573730469, 267.7184143066406], [473.752197265625, 219.75009155273438, 633.681396484375, 442.4295959472656], [0.0, 294.12664794921875, 313.7657470703125, 477.5743408203125], [268.039794921875, 262.2519226074219, 373.412109375, 293.4476013183594]]}