{"categories": [0, 24, 26, 27, 58, 73, 75], "bboxes": [[67.52317810058594, 20.024520874023438, 332.62921142578125, 346.45513916015625], [24.431941986083984, 95.5751724243164, 106.30755615234375, 228.7843017578125], [16.16685676574707, 278.9198913574219, 75.40673065185547, 349.7499084472656], [473.0608215332031, 130.5128631591797, 491.9870910644531, 198.70982360839844], [275.3883361816406, 288.08111572265625, 375.1171569824219, 351.0], [142.81695556640625, 64.39396667480469, 156.28506469726562, 108.67037963867188], [317.879150390625, 332.7860412597656, 366.21612548828125, 351.0]]}