{"categories": [0, 5, 13, 32, 38], "bboxes": [[358.0955810546875, 46.789794921875, 535.788818359375, 473.62176513671875], [499.6495361328125, 79.52699279785156, 638.84619140625, 202.3340606689453], [0.623870849609375, 196.57977294921875, 53.512672424316406, 254.75955200195312], [254.09814453125, 247.97898864746094, 274.77117919921875, 266.75604248046875], [413.3978576660156, 189.88479614257812, 557.74365234375, 292.2417907714844]]}