{"categories": [0, 24, 34, 35], "bboxes": [[161.3931121826172, 122.02030944824219, 405.44805908203125, 406.16729736328125], [320.16888427734375, 29.052635192871094, 364.78826904296875, 91.9105224609375], [316.51971435546875, 70.59632110595703, 382.97039794921875, 157.34237670898438], [94.20359802246094, 305.99188232421875, 153.10179138183594, 353.33538818359375]]}