{"categories": [0, 27, 37], "bboxes": [[159.90252685546875, 110.381591796875, 426.51190185546875, 399.315185546875], [238.37612915039062, 236.1233367919922, 308.9410095214844, 280.71600341796875], [161.38116455078125, 246.24453735351562, 331.075439453125, 408.5730895996094]]}