{"categories": [0, 27, 41, 59, 62], "bboxes": [[330.8823547363281, 7.8867645263671875, 610.020263671875, 446.6768798828125], [174.0834197998047, 215.86996459960938, 227.6310272216797, 406.3437194824219], [281.4896240234375, 402.84490966796875, 327.0380859375, 452.7349853515625], [2.0001373291015625, 313.28961181640625, 55.348751068115234, 442.1646728515625], [166.91952514648438, 3.520843505859375, 372.9313659667969, 144.50198364257812]]}