{"categories": [0, 11, 39, 45, 56, 58, 60, 65, 75], "bboxes": [[229.17971801757812, 260.5171813964844, 371.7428283691406, 599.0], [276.5663146972656, 108.84272003173828, 326.3396301269531, 172.88406372070312], [610.4879760742188, 276.16845703125, 631.8501586914062, 353.55706787109375], [609.1671752929688, 347.80950927734375, 662.9990844726562, 396.492919921875], [626.8065185546875, 406.12481689453125, 794.21044921875, 596.9385986328125], [564.9148559570312, 245.4127655029297, 637.7833862304688, 366.8722229003906], [467.5346374511719, 349.7030334472656, 684.7265014648438, 581.68310546875], [460.3590393066406, 430.41766357421875, 480.9057922363281, 460.9488525390625], [574.4772338867188, 315.51483154296875, 612.3800659179688, 408.8968505859375]]}