{"categories": [0, 16, 26, 28, 56, 57, 65], "bboxes": [[364.62652587890625, 94.86988830566406, 555.4960327148438, 520.0247802734375], [499.9622802734375, 359.0262756347656, 707.0582275390625, 531.0], [616.610595703125, 224.9524688720703, 734.78271484375, 390.12451171875], [1.9271392822265625, 197.54710388183594, 192.65020751953125, 516.3109130859375], [731.5003662109375, 262.3464050292969, 799.0, 448.5710754394531], [178.82376098632812, 188.91476440429688, 777.4093017578125, 501.8768615722656], [358.8462829589844, 240.71273803710938, 380.9846496582031, 257.0875244140625]]}