{"categories": [0, 27], "bboxes": [[277.408935546875, 7.77764892578125, 740.3408813476562, 525.1268310546875], [420.3952331542969, 220.86770629882812, 496.5573425292969, 476.5195617675781]]}