{"categories": [0], "bboxes": [[228.11666870117188, 150.65582275390625, 382.9500427246094, 787.1090087890625]]}