{"categories": [0, 2, 7, 32], "bboxes": [[122.89651489257812, 59.3597412109375, 433.8174743652344, 498.481201171875], [656.5150756835938, 0.0, 799.0, 68.15174102783203], [148.33546447753906, 0.0, 350.0634765625, 66.00907897949219], [265.2733154296875, 394.2024841308594, 343.9102783203125, 479.5148010253906]]}