{"categories": [0, 57], "bboxes": [[322.8460693359375, 282.177734375, 771.5892333984375, 595.4981689453125], [11.583633422851562, 0.0, 466.25347900390625, 386.1849365234375]]}