{"categories": [0, 13, 24, 26, 60], "bboxes": [[125.30111694335938, 162.09390258789062, 336.0767517089844, 575.242431640625], [641.29833984375, 379.8743591308594, 793.8795166015625, 546.8124389648438], [679.8218383789062, 281.35430908203125, 732.8294067382812, 374.7554931640625], [132.87986755371094, 384.58868408203125, 177.1768341064453, 448.0662841796875], [297.1759948730469, 289.5277404785156, 637.96875, 555.644775390625]]}