{"categories": [0, 56, 67], "bboxes": [[299.6973571777344, 321.1580810546875, 499.2950134277344, 525.0513305664062], [488.0333251953125, 427.7728576660156, 508.8404541015625, 512.114501953125], [298.7051086425781, 390.4698791503906, 334.3257141113281, 450.6943664550781]]}