{"categories": [0, 62, 63, 66, 73], "bboxes": [[94.82643127441406, 166.89328002929688, 272.98724365234375, 368.9023742675781], [146.83370971679688, 0.0, 352.2710876464844, 154.07723999023438], [241.83627319335938, 310.2399597167969, 322.1622619628906, 354.2848815917969], [202.91896057128906, 316.80291748046875, 262.10113525390625, 339.003173828125], [283.354736328125, 233.77713012695312, 318.43280029296875, 304.8765563964844]]}