{"categories": [0, 41, 56, 58, 67], "bboxes": [[35.06517028808594, 0.0, 501.7755126953125, 588.3880004882812], [444.406982421875, 286.6014404296875, 494.33404541015625, 370.7880859375], [294.9356994628906, 123.35012817382812, 373.0345153808594, 195.58847045898438], [387.28778076171875, 66.59349060058594, 429.198486328125, 134.92633056640625], [645.599365234375, 253.02713012695312, 677.46728515625, 289.0954284667969]]}