{"categories": [0, 73], "bboxes": [[317.05694580078125, 31.309585571289062, 799.0, 516.407470703125], [340.61151123046875, 344.6551513671875, 469.24102783203125, 482.66058349609375]]}