{"categories": [0, 1, 3], "bboxes": [[329.7304992675781, 42.84564208984375, 799.0, 460.73846435546875], [0.0, 466.146240234375, 138.99400329589844, 572.494873046875], [661.6610107421875, 437.28167724609375, 742.060791015625, 551.012939453125]]}