{"categories": [0, 24, 39, 40, 41, 45, 53, 56, 60, 62, 67, 73, 75], "bboxes": [[9.322280883789062, 433.90350341796875, 292.38720703125, 770.0248413085938], [135.35838317871094, 284.9322204589844, 256.8871154785156, 453.0197448730469], [481.3557434082031, 614.8201293945312, 538.5501098632812, 791.8328247070312], [417.3772277832031, 606.1190185546875, 452.9853210449219, 699.371826171875], [330.2665100097656, 661.8676147460938, 379.8027038574219, 743.5448608398438], [218.92166137695312, 735.8509521484375, 271.5577392578125, 769.2509765625], [290.10638427734375, 761.0224609375, 397.763671875, 796.974853515625], [1.162841796875, 462.647705078125, 115.88247680664062, 604.431640625], [64.22872924804688, 597.207275390625, 599.0, 794.945068359375], [177.64219665527344, 6.84857177734375, 271.6407165527344, 188.34442138671875], [252.5486602783203, 487.9662170410156, 272.4491882324219, 522.777587890625], [20.221288681030273, 268.07171630859375, 49.822303771972656, 308.0511474609375], [443.96734619140625, 219.104248046875, 469.073486328125, 249.253173828125]]}