{"categories": [0, 56], "bboxes": [[458.46026611328125, 167.72540283203125, 588.1631469726562, 413.92974853515625], [531.775390625, 481.53167724609375, 654.9320068359375, 523.6427001953125]]}