{"categories": [0], "bboxes": [[221.6129150390625, 16.939666748046875, 778.6181640625, 521.8704833984375]]}