{"categories": [0, 2, 26], "bboxes": [[307.89471435546875, 103.29069519042969, 618.4862060546875, 527.0867309570312], [132.0754852294922, 242.9573974609375, 173.12010192871094, 262.7493591308594], [230.62010192871094, 299.52899169921875, 261.1527404785156, 383.78607177734375]]}