{"categories": [0, 27, 58], "bboxes": [[85.85267639160156, 89.40188598632812, 411.00970458984375, 599.0], [229.9287872314453, 250.6520233154297, 261.1172790527344, 315.05767822265625], [666.947021484375, 387.23614501953125, 799.0, 579.436279296875]]}