{"categories": [0, 3, 25, 48, 55, 56, 59], "bboxes": [[0.1029510498046875, 80.53070831298828, 151.4082794189453, 313.4294738769531], [133.8260040283203, 67.2422866821289, 185.2638397216797, 100.28874969482422], [209.01014709472656, 245.37872314453125, 309.569091796875, 285.53570556640625], [291.0439453125, 283.4737243652344, 338.95489501953125, 314.8317565917969], [318.8743591308594, 258.5999755859375, 366.7965393066406, 288.06884765625], [309.3076477050781, 34.46055603027344, 371.7333068847656, 79.4215316772461], [0.2223968505859375, 217.81080627441406, 438.78350830078125, 369.96075439453125]]}