{"categories": [0, 27], "bboxes": [[21.440338134765625, 55.277252197265625, 300.4194030761719, 330.8808898925781], [368.0159912109375, 139.51486206054688, 392.5665283203125, 216.87606811523438]]}