{"categories": [0, 32], "bboxes": [[101.47301483154297, 72.61453247070312, 237.56875610351562, 470.4331970214844], [370.9462890625, 141.19070434570312, 413.34228515625, 183.0347900390625]]}