{"categories": [0, 27, 61, 62, 67, 73], "bboxes": [[317.4791259765625, 8.850738525390625, 799.0, 525.01904296875], [303.335205078125, 368.68035888671875, 336.02032470703125, 443.05853271484375], [250.59893798828125, 120.03938293457031, 349.86834716796875, 279.7684326171875], [0.4437904357910156, 312.275390625, 54.65517044067383, 505.985595703125], [327.50872802734375, 261.5855712890625, 368.77191162109375, 331.50250244140625], [0.026605606079101562, 287.3059997558594, 48.66041564941406, 309.5020446777344]]}