{"categories": [0], "bboxes": [[177.67947387695312, 66.9515380859375, 375.0895690917969, 480.36883544921875]]}