{"categories": [0, 27, 39, 40, 41, 45, 47, 48, 53, 55, 56, 58, 60, 79], "bboxes": [[361.4763488769531, 160.66690063476562, 488.3035583496094, 329.04852294921875], [389.3063659667969, 231.10507202148438, 407.7253723144531, 318.2931213378906], [47.24978256225586, 154.9855499267578, 58.85774612426758, 194.42918395996094], [197.27000427246094, 253.69430541992188, 217.70558166503906, 293.3219299316406], [283.5310363769531, 268.6990051269531, 305.0451965332031, 287.2271423339844], [343.5755615234375, 287.6401672363281, 373.4212646484375, 312.6565246582031], [387.5144348144531, 316.2812805175781, 418.3387756347656, 332.0], [167.60488891601562, 191.52772521972656, 195.73660278320312, 220.48109436035156], [167.53831481933594, 192.03529357910156, 193.9003143310547, 216.20130920410156], [283.07440185546875, 273.121826171875, 352.46905517578125, 328.080078125], [100.36238861083984, 218.40313720703125, 181.55435180664062, 305.74322509765625], [193.3639373779297, 126.14664459228516, 244.77146911621094, 171.07215881347656], [139.77487182617188, 259.1061706542969, 463.3224792480469, 329.0047302246094], [60.28160095214844, 140.10000610351562, 68.59803771972656, 167.64453125]]}