{"categories": [0, 41, 60, 65, 73, 75, 79], "bboxes": [[505.40228271484375, 107.39328002929688, 799.0, 421.7800598144531], [0.21135330200195312, 375.807373046875, 49.60081100463867, 517.4986572265625], [11.981689453125, 402.48089599609375, 771.2100830078125, 527.4127197265625], [55.86577606201172, 466.398193359375, 90.65265655517578, 507.69598388671875], [330.3058776855469, 412.5821228027344, 586.1846313476562, 494.5701599121094], [391.5982971191406, 209.78529357910156, 455.2986145019531, 303.6589050292969], [54.86768341064453, 463.93084716796875, 91.45369720458984, 510.19500732421875]]}