{"categories": [0, 39, 41, 42, 56, 60, 74], "bboxes": [[464.6130676269531, 166.76123046875, 797.6153564453125, 528.3864135742188], [309.897705078125, 391.54400634765625, 383.21759033203125, 530.227783203125], [223.45384216308594, 429.4610595703125, 256.72698974609375, 472.91290283203125], [215.8841094970703, 414.0480651855469, 256.38531494140625, 460.7926330566406], [0.8454666137695312, 334.89056396484375, 69.29322814941406, 442.46630859375], [83.38397216796875, 397.1650695800781, 704.0450439453125, 528.014404296875], [110.29957580566406, 482.3793640136719, 133.2191925048828, 514.7068481445312]]}