{"categories": [0, 13, 26], "bboxes": [[140.73165893554688, 56.06707763671875, 219.46078491210938, 354.6969299316406], [72.88137817382812, 177.77853393554688, 149.78367614746094, 221.97076416015625], [345.92242431640625, 163.839111328125, 361.610595703125, 205.43133544921875]]}