{"categories": [0, 56, 59, 65, 67, 74], "bboxes": [[29.400238037109375, 62.4603271484375, 327.77880859375, 484.54443359375], [275.8498229980469, 1.52423095703125, 333.0, 97.58675384521484], [9.746002197265625, 0.0, 330.78857421875, 326.4627380371094], [0.0, 400.3749084472656, 81.37367248535156, 496.8305358886719], [153.74124145507812, 369.55865478515625, 228.12741088867188, 444.01556396484375], [287.0007629394531, 355.6984558105469, 295.5845031738281, 365.5804138183594]]}