{"categories": [0, 26, 39, 56, 60, 65, 73], "bboxes": [[215.7895050048828, 41.06788635253906, 434.83062744140625, 521.1300659179688], [235.10446166992188, 304.0114440917969, 384.7064514160156, 515.6166381835938], [647.3026733398438, 194.00961303710938, 660.1858520507812, 231.05889892578125], [676.87109375, 379.0284729003906, 799.0, 529.794677734375], [579.4064331054688, 211.9344482421875, 742.1963500976562, 382.7371826171875], [221.4678955078125, 305.8572692871094, 360.29693603515625, 362.0289001464844], [561.7821044921875, 224.1698455810547, 663.8228759765625, 280.4311828613281]]}