{"categories": [0, 3, 24, 28, 41, 56], "bboxes": [[281.5968322753906, 10.756805419921875, 793.697021484375, 599.0], [9.389007568359375, 187.88784790039062, 717.7730712890625, 582.715576171875], [438.86041259765625, 15.209304809570312, 497.87139892578125, 56.3990478515625], [608.869384765625, 488.3672180175781, 740.272216796875, 597.699462890625], [42.839962005615234, 125.11688232421875, 110.66658020019531, 205.2679443359375], [107.0994644165039, 0.0, 337.6427307128906, 135.61851501464844]]}