{"categories": [0, 56, 57, 65], "bboxes": [[250.97482299804688, 96.73098754882812, 453.6692810058594, 454.7625427246094], [779.1627197265625, 222.16677856445312, 799.0, 387.9733581542969], [42.688262939453125, 214.08322143554688, 564.313720703125, 456.5373229980469], [396.30865478515625, 268.8061828613281, 422.89581298828125, 293.2110290527344]]}