{"categories": [0, 27, 39, 40, 41, 75], "bboxes": [[291.6653747558594, 0.0, 461.9686584472656, 292.3796081542969], [213.26803588867188, 246.4959716796875, 246.5189208984375, 322.0323486328125], [6.02313232421875, 11.452774047851562, 636.7523803710938, 331.92071533203125], [559.3441772460938, 278.2115783691406, 612.9418334960938, 357.8829040527344], [416.16925048828125, 327.24951171875, 438.99639892578125, 355.45111083984375], [336.497802734375, 267.412109375, 405.0234375, 354.08251953125]]}