{"categories": [0, 40, 41, 44, 53, 58, 60], "bboxes": [[283.6451721191406, 16.51812744140625, 499.0, 328.4201354980469], [260.68463134765625, 191.6028289794922, 302.7459716796875, 316.10406494140625], [130.93580627441406, 146.62588500976562, 155.9611053466797, 178.40426635742188], [200.65817260742188, 261.6988830566406, 234.04244995117188, 282.9416198730469], [216.27706909179688, 263.69293212890625, 268.4677734375, 284.12908935546875], [92.18070983886719, 119.28897094726562, 126.78233337402344, 167.65155029296875], [129.4310302734375, 243.28665161132812, 373.1240539550781, 330.3791809082031]]}