{"categories": [0, 25, 26, 27, 56], "bboxes": [[271.8129577636719, 104.75601196289062, 482.2236022949219, 788.0506591796875], [150.844970703125, 172.21881103515625, 333.881591796875, 289.84759521484375], [398.25439453125, 630.1492309570312, 447.52630615234375, 731.9971313476562], [361.5837097167969, 226.80072021484375, 387.9070739746094, 317.99664306640625], [82.42861938476562, 484.2811584472656, 114.37370300292969, 554.4662475585938]]}