{"categories": [0, 24, 26, 67, 73], "bboxes": [[53.421875, 230.734619140625, 553.6369018554688, 704.0], [507.42657470703125, 390.08941650390625, 707.2838745117188, 624.5977172851562], [496.3476867675781, 399.7644958496094, 705.458740234375, 611.1197509765625], [514.5595092773438, 310.3830871582031, 558.5745239257812, 397.0903015136719], [239.82315063476562, 568.7559204101562, 368.7221374511719, 609.6652221679688]]}