{"categories": [0, 27, 60, 73], "bboxes": [[0.0, 42.675445556640625, 402.070068359375, 499.5696105957031], [284.9138488769531, 189.79635620117188, 316.0155944824219, 275.2845153808594], [68.73690795898438, 264.64215087890625, 694.1962890625, 525.4246826171875], [448.54571533203125, 273.7020263671875, 603.7310180664062, 323.568603515625]]}