{"categories": [0, 41, 56, 60, 63, 73, 76], "bboxes": [[45.24937438964844, 58.61688232421875, 374.85052490234375, 362.18988037109375], [298.8898010253906, 327.62152099609375, 347.9686584472656, 393.52471923828125], [4.984333038330078, 137.0560760498047, 103.67543029785156, 258.62054443359375], [2.319366455078125, 341.4689025878906, 723.8970947265625, 683.0205078125], [433.94989013671875, 392.9168395996094, 662.9308471679688, 497.7975769042969], [104.72361755371094, 407.467041015625, 463.803466796875, 466.3565673828125], [490.6231994628906, 595.8449096679688, 636.4873046875, 685.3995971679688]]}