{"categories": [0, 8, 56, 58, 67], "bboxes": [[30.1246337890625, 65.64056396484375, 142.45591735839844, 389.957275390625], [105.69226837158203, 243.3367919921875, 332.0, 355.72674560546875], [2.8908042907714844, 233.83702087402344, 44.588130950927734, 343.2308654785156], [78.27399444580078, 8.334047317504883, 98.03649139404297, 44.082550048828125], [100.47744750976562, 97.51454162597656, 116.45079040527344, 110.24867248535156]]}