{"categories": [0, 2, 7, 12, 34, 41], "bboxes": [[7.319366455078125, 56.333343505859375, 203.3112030029297, 279.7932434082031], [386.4824523925781, 0.29730987548828125, 444.2447204589844, 103.75447845458984], [456.1141052246094, 4.160957336425781, 499.0, 119.81796264648438], [367.0589904785156, 0.0, 382.3609313964844, 26.366050720214844], [160.9106903076172, 199.80340576171875, 328.402099609375, 222.3438720703125], [130.4132080078125, 180.3697052001953, 153.32742309570312, 192.78651428222656]]}