{"categories": [0, 41, 63], "bboxes": [[10.24896240234375, 57.25138854980469, 457.8017883300781, 512.7289428710938], [454.7294006347656, 440.004638671875, 520.5524291992188, 518.8790283203125], [351.3457946777344, 436.306640625, 570.8675537109375, 523.1278076171875]]}