{"categories": [0, 26, 27, 45, 56, 59], "bboxes": [[466.6723937988281, 102.72785949707031, 691.7135009765625, 517.7466430664062], [231.46902465820312, 350.4788513183594, 302.1197814941406, 413.3902893066406], [578.062744140625, 193.80787658691406, 595.114013671875, 264.3724670410156], [455.72271728515625, 485.252197265625, 487.339599609375, 522.0679931640625], [52.09141540527344, 159.58143615722656, 456.1109619140625, 595.0], [58.06547546386719, 229.07174682617188, 470.80865478515625, 581.0172119140625]]}