{"categories": [0, 27, 56, 73], "bboxes": [[319.1268615722656, 137.35855102539062, 578.426513671875, 522.0], [185.2818145751953, 221.65850830078125, 213.93190002441406, 342.86077880859375], [396.467041015625, 489.2132568359375, 520.3607788085938, 519.8834228515625], [208.96636962890625, 365.0067138671875, 356.600341796875, 472.13916015625]]}