{"categories": [0, 2, 7, 13, 24, 32, 35, 56, 67], "bboxes": [[290.5403747558594, 59.04005432128906, 744.052001953125, 545.273193359375], [6.421176910400391, 75.8132553100586, 85.26016235351562, 216.32684326171875], [6.286529541015625, 67.76505279541016, 90.75563049316406, 224.1097412109375], [610.4390869140625, 37.787113189697266, 750.296875, 123.71498107910156], [744.3265380859375, 165.9778289794922, 780.7109375, 219.3858184814453], [72.4332275390625, 198.80694580078125, 122.17799377441406, 264.539794921875], [547.7709350585938, 199.29605102539062, 602.6709594726562, 258.907470703125], [619.9384765625, 32.80182647705078, 679.6414794921875, 123.17937469482422], [225.44439697265625, 128.3553466796875, 253.58355712890625, 162.94647216796875]]}