{"categories": [0, 65], "bboxes": [[120.65119934082031, 114.42770385742188, 309.70318603515625, 692.646240234375], [272.0271301269531, 386.3629455566406, 293.4030456542969, 438.2968444824219]]}