{"categories": [0, 1, 2, 13, 26, 56], "bboxes": [[334.59375, 171.08847045898438, 785.5992431640625, 791.829833984375], [193.04721069335938, 260.323486328125, 379.9169616699219, 433.0933837890625], [405.3760681152344, 35.325347900390625, 753.4866943359375, 251.70364379882812], [4.247039794921875, 372.888916015625, 454.07525634765625, 799.0], [93.7860107421875, 521.4607543945312, 299.21044921875, 685.9747924804688], [574.4261474609375, 248.9822540283203, 798.3253173828125, 604.0198974609375]]}