{"categories": [0, 39, 41, 56, 60, 62, 63, 64], "bboxes": [[372.22357177734375, 84.9847412109375, 796.8364868164062, 520.5357055664062], [59.79344177246094, 249.03024291992188, 91.32237243652344, 361.2881164550781], [5.946170806884766, 306.7916259765625, 41.93190383911133, 354.44500732421875], [300.933837890625, 255.3976593017578, 468.9715576171875, 367.111083984375], [0.0, 320.79229736328125, 656.255859375, 520.4008178710938], [341.0773010253906, 0.7461395263671875, 799.0, 154.11773681640625], [142.02731323242188, 210.73336791992188, 285.92340087890625, 355.5545959472656], [138.61570739746094, 364.39410400390625, 206.53712463378906, 388.0107421875]]}