{"categories": [0], "bboxes": [[163.50660705566406, 68.61322021484375, 560.1734008789062, 526.1198120117188]]}