{"categories": [0], "bboxes": [[147.10787963867188, 144.67449951171875, 599.4794921875, 475.41888427734375]]}