{"categories": [0, 13, 24], "bboxes": [[69.19650268554688, 116.90087890625, 565.623779296875, 434.616943359375], [0.0, 308.69989013671875, 630.8795166015625, 492.5213623046875], [45.54798889160156, 193.98001098632812, 214.24510192871094, 411.5905456542969]]}