{"categories": [0, 26, 56, 57], "bboxes": [[31.39031982421875, 41.40008544921875, 347.2257995605469, 620.78759765625], [330.40679931640625, 321.06890869140625, 499.8070068359375, 604.255615234375], [432.9830017089844, 290.4314270019531, 571.48779296875, 473.9704284667969], [412.29193115234375, 274.19952392578125, 618.7454223632812, 495.18060302734375]]}