{"categories": [0, 56, 67], "bboxes": [[300.1546630859375, 111.59867858886719, 475.99798583984375, 400.2921142578125], [444.67254638671875, 221.17202758789062, 532.9798583984375, 331.7555236816406], [53.83948516845703, 235.6941375732422, 125.72159576416016, 289.7582092285156]]}