{"categories": [0, 67], "bboxes": [[205.71482849121094, 27.18658447265625, 536.138671875, 524.6851196289062], [396.56182861328125, 267.70208740234375, 507.164794921875, 410.250244140625]]}