{"categories": [0, 13, 25, 26, 28, 39, 41, 46, 58], "bboxes": [[260.91680908203125, 135.3694305419922, 446.1885986328125, 507.91705322265625], [114.32717895507812, 299.9578552246094, 531.1954345703125, 534.01806640625], [582.1454467773438, 0.0, 634.4490356445312, 105.75674438476562], [164.26597595214844, 287.21588134765625, 289.30169677734375, 477.90411376953125], [332.9322509765625, 381.3040771484375, 456.9267578125, 479.657470703125], [78.26504516601562, 160.140625, 130.2605743408203, 292.43878173828125], [452.271240234375, 241.87744140625, 539.9259033203125, 348.76068115234375], [579.0086669921875, 80.62361145019531, 662.8607177734375, 163.25706481933594], [630.026123046875, 173.8032989501953, 795.8399658203125, 427.51751708984375]]}