{"categories": [0, 2, 5, 7, 24, 26, 27], "bboxes": [[55.56108093261719, 71.0069580078125, 260.38427734375, 747.1929931640625], [527.578125, 188.72738647460938, 598.13916015625, 336.5615539550781], [227.82638549804688, 103.88606262207031, 344.2864685058594, 349.88568115234375], [9.07281494140625, 101.23115539550781, 354.7138671875, 372.5308837890625], [393.8388977050781, 105.33512878417969, 564.2694091796875, 375.3023681640625], [527.9649047851562, 207.06637573242188, 588.8279418945312, 349.2268981933594], [402.20556640625, 139.09857177734375, 452.07110595703125, 328.65643310546875]]}