{"categories": [0, 16], "bboxes": [[8.39495849609375, 15.157608032226562, 494.2232971191406, 342.259521484375], [16.249862670898438, 52.17460632324219, 400.3890380859375, 395.891845703125]]}