{"categories": [0, 56, 57, 65], "bboxes": [[113.37051391601562, 116.07389831542969, 356.5793762207031, 599.0], [32.703285217285156, 308.917236328125, 227.0869140625, 591.141357421875], [38.10603332519531, 274.03466796875, 511.36370849609375, 587.9195556640625], [558.485595703125, 362.1305236816406, 607.8160400390625, 420.3081359863281]]}