{"categories": [0, 73, 76, 79], "bboxes": [[254.5895233154297, 0.0, 495.7783203125, 307.17913818359375], [13.557327270507812, 270.6505126953125, 499.0, 327.29034423828125], [9.53265380859375, 270.1177673339844, 454.1975402832031, 325.4361267089844], [4.4848785400390625, 272.30010986328125, 367.0162353515625, 322.1685791015625]]}