{"categories": [0, 2, 32], "bboxes": [[79.90034484863281, 15.575714111328125, 517.1031494140625, 452.538330078125], [762.5617065429688, 212.2891845703125, 799.0, 273.6902770996094], [408.23150634765625, 442.10223388671875, 470.90283203125, 506.18170166015625]]}