{"categories": [0, 56, 58, 75], "bboxes": [[308.919189453125, 58.57928466796875, 668.2515869140625, 594.6551513671875], [656.996337890625, 448.9960021972656, 799.0, 596.69189453125], [86.46147155761719, 313.4189453125, 302.5743408203125, 593.3353271484375], [135.44854736328125, 456.552734375, 258.4300231933594, 596.0406494140625]]}