{"categories": [0, 2, 45, 65, 67], "bboxes": [[239.1667938232422, 77.38851928710938, 459.056884765625, 522.81982421875], [28.02788543701172, 285.5384216308594, 107.75342559814453, 339.2067565917969], [127.77916717529297, 304.4564208984375, 197.79428100585938, 344.74700927734375], [4.499053955078125, 304.9610595703125, 316.226806640625, 471.241455078125], [0.31913089752197266, 402.8509216308594, 23.905719757080078, 421.4597473144531]]}