{"categories": [0, 28, 56, 57, 62], "bboxes": [[180.87451171875, 158.65284729003906, 218.31692504882812, 286.3014221191406], [4.676399230957031, 281.5504150390625, 235.37692260742188, 367.4945068359375], [7.664909362792969, 287.40753173828125, 231.96554565429688, 373.26275634765625], [309.48162841796875, 259.7543029785156, 487.73260498046875, 372.3296813964844], [137.1831817626953, 67.16194915771484, 300.08416748046875, 231.38406372070312]]}