{"categories": [0, 2, 7, 10], "bboxes": [[255.92898559570312, 159.49217224121094, 427.6778259277344, 513.939453125], [434.9064636230469, 244.93878173828125, 476.8229064941406, 262.1454162597656], [432.0361633300781, 240.3755340576172, 476.8313293457031, 262.05792236328125], [122.60254669189453, 402.89569091796875, 138.60006713867188, 441.1612548828125]]}