{"categories": [0], "bboxes": [[77.16166687011719, 141.7177276611328, 352.31512451171875, 530.5806274414062]]}