{"categories": [0], "bboxes": [[179.58578491210938, 202.02032470703125, 493.0069885253906, 575.271240234375]]}