{"categories": [0, 13, 39, 41, 56, 57, 64, 73, 75], "bboxes": [[240.7491455078125, 106.33720397949219, 622.9318237304688, 595.4885864257812], [223.08367919921875, 397.1215515136719, 410.23907470703125, 517.35986328125], [86.55706024169922, 493.42205810546875, 106.54521942138672, 529.4307861328125], [383.1596984863281, 325.5025329589844, 432.7787780761719, 377.6673889160156], [603.7759399414062, 315.67156982421875, 792.7999877929688, 553.8950805664062], [227.65005493164062, 320.24481201171875, 769.81689453125, 589.8090209960938], [25.05170249938965, 537.9574584960938, 67.0313949584961, 569.3153686523438], [390.0664978027344, 273.2200927734375, 447.1910705566406, 341.74945068359375], [103.12890625, 302.6670837402344, 204.53521728515625, 485.4813537597656]]}