{"categories": [0, 24], "bboxes": [[17.387435913085938, 378.16192626953125, 314.81591796875, 686.2075805664062], [302.1069030761719, 505.2854309082031, 489.6455383300781, 633.597412109375]]}