{"categories": [0, 60], "bboxes": [[209.21389770507812, 2.897247314453125, 441.6369323730469, 284.9237365722656], [42.68682861328125, 259.5520324707031, 618.1492309570312, 292.7121887207031]]}