{"categories": [0, 26, 41, 60, 63, 73], "bboxes": [[107.06315612792969, 69.35853576660156, 364.247314453125, 523.7166137695312], [534.4917602539062, 439.8910217285156, 583.6791381835938, 529.935302734375], [346.213134765625, 462.82867431640625, 416.8282470703125, 525.0416870117188], [167.94964599609375, 390.0847473144531, 543.1122436523438, 527.014892578125], [275.7677307128906, 347.8280029296875, 367.0724182128906, 433.233154296875], [186.42373657226562, 429.41119384765625, 302.69091796875, 463.4046630859375]]}