{"categories": [0, 30], "bboxes": [[8.135650634765625, 126.56718444824219, 199.172119140625, 497.19384765625], [297.87286376953125, 414.4618225097656, 312.17877197265625, 499.0]]}