{"categories": [0, 15, 35, 45], "bboxes": [[549.0570068359375, 88.85891723632812, 759.8277587890625, 391.6968688964844], [456.2721252441406, 23.464229583740234, 531.395263671875, 79.91767883300781], [650.9925537109375, 186.1245880126953, 686.8421630859375, 228.9508514404297], [692.2027587890625, 31.706457138061523, 779.646484375, 83.48155212402344]]}