{"categories": [0, 24, 26, 56, 67], "bboxes": [[494.7898254394531, 64.859375, 779.249267578125, 530.0679321289062], [152.08541870117188, 283.38623046875, 350.52349853515625, 519.7422485351562], [523.2659912109375, 273.4168701171875, 578.6611328125, 320.9254150390625], [577.4169311523438, 282.5191345214844, 795.7897338867188, 522.5079956054688], [106.62019348144531, 148.07745361328125, 206.60240173339844, 230.69064331054688]]}