{"categories": [0, 63], "bboxes": [[447.09381103515625, 25.586334228515625, 794.4193725585938, 510.2870788574219], [406.1492919921875, 319.05145263671875, 743.7318115234375, 525.886962890625]]}