{"categories": [0, 27, 56], "bboxes": [[7.783111572265625, 60.44898986816406, 431.37408447265625, 526.40625], [196.64035034179688, 237.88768005371094, 249.04443359375, 497.39227294921875], [729.11572265625, 409.13116455078125, 780.7802734375, 529.0718994140625]]}