{"categories": [0, 26], "bboxes": [[257.4270935058594, 72.99118041992188, 433.6892395019531, 631.7042236328125], [334.0955810546875, 407.8524169921875, 428.88421630859375, 537.8164672851562]]}