{"categories": [0, 27, 43, 56, 74], "bboxes": [[93.18128967285156, 109.76118469238281, 427.6590576171875, 525.2039184570312], [416.63079833984375, 381.84478759765625, 509.1654052734375, 513.2691650390625], [123.1739730834961, 422.1236267089844, 193.7510986328125, 520.1065673828125], [106.78276062011719, 104.13665008544922, 207.18995666503906, 325.88323974609375], [252.8922882080078, 514.8467407226562, 273.3990478515625, 529.6315307617188]]}