{"categories": [0, 8, 42, 46, 60], "bboxes": [[440.5926818847656, 76.21730041503906, 796.1224365234375, 515.25634765625], [0.0, 221.00613403320312, 458.12847900390625, 495.2555236816406], [268.6927795410156, 485.31854248046875, 306.7072448730469, 530.0], [650.8694458007812, 63.12584686279297, 714.0934448242188, 243.58480834960938], [141.34532165527344, 360.8174743652344, 327.70880126953125, 408.1264953613281]]}