{"categories": [0, 39, 40, 41, 44, 45, 58, 60, 62, 67, 73, 74], "bboxes": [[12.915512084960938, 114.36842346191406, 314.61114501953125, 597.1743774414062], [329.791015625, 233.04058837890625, 359.14373779296875, 343.34503173828125], [575.1048583984375, 381.4953308105469, 632.911865234375, 502.6242370605469], [542.912841796875, 355.90234375, 579.2296142578125, 433.1873779296875], [325.90728759765625, 464.6298522949219, 374.09039306640625, 499.5072937011719], [377.9473876953125, 369.1824951171875, 538.0580444335938, 458.91925048828125], [111.21257019042969, 83.00459289550781, 186.03221130371094, 140.972412109375], [171.93557739257812, 313.6456298828125, 782.4217529296875, 586.9012451171875], [362.9745178222656, 105.49888610839844, 476.0017395019531, 226.4174041748047], [321.8116455078125, 341.81304931640625, 370.14544677734375, 363.80157470703125], [728.602783203125, 434.4806823730469, 795.2752685546875, 473.3387145996094], [311.48468017578125, 0.0, 346.71783447265625, 70.07138061523438]]}