{"categories": [0, 41, 59], "bboxes": [[552.4804077148438, 81.61958312988281, 799.0, 593.3950805664062], [418.8298034667969, 341.85772705078125, 455.3758239746094, 398.23822021484375], [260.1348876953125, 270.2268981933594, 791.0748291015625, 588.6468505859375]]}