{"categories": [0, 27, 56, 60], "bboxes": [[0.0, 119.49223327636719, 222.0721435546875, 534.6389770507812], [344.8763122558594, 271.133056640625, 373.4063415527344, 359.19927978515625], [212.8810272216797, 230.31549072265625, 512.0493774414062, 531.1007080078125], [150.3043212890625, 408.9485778808594, 493.9276123046875, 538.2673950195312]]}