{"categories": [0, 27, 39], "bboxes": [[505.42169189453125, 37.03968811035156, 796.4712524414062, 525.1969604492188], [301.1256408691406, 183.10818481445312, 327.8040466308594, 306.2980651855469], [540.7140502929688, 89.50572967529297, 681.9152221679688, 146.9407958984375]]}