{"categories": [0, 39, 41, 45, 56, 58, 60, 73, 75], "bboxes": [[145.83578491210938, 173.22711181640625, 283.2549133300781, 302.524169921875], [171.6593475341797, 155.26885986328125, 193.4872283935547, 203.9351806640625], [307.7015075683594, 295.1308898925781, 332.5685729980469, 318.2903747558594], [352.527099609375, 289.3233947753906, 400.471435546875, 303.5849304199219], [456.838134765625, 283.94439697265625, 622.40673828125, 525.1589965820312], [474.7649230957031, 243.20034790039062, 496.5794372558594, 272.0749816894531], [196.35641479492188, 281.059326171875, 521.4326171875, 520.9306640625], [24.215736389160156, 270.5650634765625, 35.94160842895508, 315.21954345703125], [55.253623962402344, 52.733612060546875, 93.95337677001953, 101.838134765625]]}