{"categories": [0, 2, 19, 25, 26, 60], "bboxes": [[9.956260681152344, 197.0635528564453, 139.4346923828125, 648.8469848632812], [251.2172088623047, 246.5794677734375, 296.4869384765625, 272.115478515625], [156.7976837158203, 192.01870727539062, 236.0682830810547, 229.81195068359375], [491.14520263671875, 60.109230041503906, 524.6951293945312, 251.63177490234375], [108.9181900024414, 382.9703369140625, 148.48117065429688, 454.2423095703125], [166.64529418945312, 442.9703063964844, 443.7439880371094, 659.4986572265625]]}