{"categories": [0, 24, 25, 33, 62, 67, 79], "bboxes": [[289.6413269042969, 17.926925659179688, 489.3031311035156, 529.4005126953125], [168.8036651611328, 384.60662841796875, 223.5986785888672, 466.30120849609375], [442.7217102050781, 342.99725341796875, 571.8614501953125, 398.17449951171875], [576.9421997070312, 287.0537109375, 782.3119506835938, 419.17120361328125], [5.647144317626953, 389.4298400878906, 133.31544494628906, 464.8152160644531], [284.73974609375, 69.56401824951172, 326.18231201171875, 99.95610809326172], [283.4344482421875, 70.55690002441406, 326.17333984375, 100.75953674316406]]}