{"categories": [0, 27, 58], "bboxes": [[239.12557983398438, 112.8673095703125, 407.2142028808594, 711.56005859375], [259.71588134765625, 232.55335998535156, 299.2984619140625, 419.0291748046875], [81.62755584716797, 256.02264404296875, 191.698974609375, 401.2386474609375]]}