{"categories": [0, 3, 41, 73], "bboxes": [[417.54461669921875, 41.475830078125, 799.0, 556.7393798828125], [4.868568420410156, 345.21087646484375, 210.47341918945312, 548.656982421875], [365.1394348144531, 277.0693664550781, 403.7379455566406, 325.5462951660156], [164.51719665527344, 344.3212890625, 441.08685302734375, 430.973876953125]]}