{"categories": [0, 2, 24, 39], "bboxes": [[383.849609375, 317.26129150390625, 556.8012084960938, 751.6906127929688], [117.01655578613281, 383.6856689453125, 273.28253173828125, 493.420166015625], [394.8617248535156, 391.8861999511719, 462.5107116699219, 540.5374145507812], [650.2545776367188, 432.7003173828125, 693.7008666992188, 566.1707153320312]]}