{"categories": [0, 73], "bboxes": [[0.0, 115.97782897949219, 256.8647766113281, 529.2794189453125], [175.14508056640625, 35.501651763916016, 538.1444702148438, 118.49757385253906]]}