{"categories": [0, 34, 35], "bboxes": [[250.20040893554688, 106.98403930664062, 369.3222351074219, 316.71380615234375], [301.1396484375, 62.597286224365234, 415.446044921875, 138.426513671875], [138.3292694091797, 253.03402709960938, 198.87867736816406, 301.5910339355469]]}