{"categories": [0, 24, 26, 27], "bboxes": [[248.5281219482422, 36.356842041015625, 660.3934326171875, 596.2445068359375], [246.06394958496094, 325.91351318359375, 550.2024536132812, 597.9741821289062], [339.419921875, 317.1922912597656, 568.77734375, 599.0], [345.60333251953125, 335.21343994140625, 533.40966796875, 597.0510864257812]]}