{"categories": [0, 41, 45, 47, 55, 56, 58, 60, 73], "bboxes": [[143.5394744873047, 161.40032958984375, 385.58203125, 417.655517578125], [425.69598388671875, 423.7698974609375, 454.3992919921875, 460.71844482421875], [37.100608825683594, 446.0680236816406, 212.76315307617188, 527.7001953125], [489.3459777832031, 415.2880554199219, 533.8953857421875, 450.6866760253906], [57.662841796875, 503.4414978027344, 224.27593994140625, 590.4022216796875], [481.3414306640625, 306.3585205078125, 643.18212890625, 425.74212646484375], [1.9138259887695312, 469.55462646484375, 78.75943756103516, 599.0], [0.0, 379.30499267578125, 799.0, 594.1614990234375], [632.3003540039062, 87.16243743896484, 713.6723022460938, 113.07592010498047]]}