{"categories": [0, 24, 26], "bboxes": [[0.0, 99.29458618164062, 179.4628143310547, 473.5591735839844], [736.1179809570312, 190.22958374023438, 799.0, 409.5326843261719], [114.43536376953125, 233.28903198242188, 164.83111572265625, 332.8539733886719]]}