{"categories": [0, 39, 56, 60, 62, 63, 73], "bboxes": [[184.19541931152344, 170.94296264648438, 558.0, 792.5999755859375], [149.0024871826172, 628.1900634765625, 170.35459899902344, 681.4305419921875], [0.0, 423.1473083496094, 77.82205963134766, 505.6141052246094], [4.357536315917969, 337.6136474609375, 115.82926177978516, 434.37249755859375], [2.2664794921875, 628.0835571289062, 115.31172180175781, 799.0], [1.7134857177734375, 620.6880493164062, 113.831298828125, 755.5330200195312], [119.63230895996094, 534.26611328125, 221.5657196044922, 599.562744140625]]}