{"categories": [0, 24, 26, 41, 57, 67], "bboxes": [[80.70411682128906, 113.77792358398438, 366.89324951171875, 526.9459228515625], [416.1814880371094, 309.1315612792969, 543.6705322265625, 515.065185546875], [415.99908447265625, 224.23704528808594, 552.1058349609375, 504.50579833984375], [324.69671630859375, 306.7417907714844, 358.7164306640625, 370.6340026855469], [3.5847625732421875, 304.8008728027344, 272.66595458984375, 530.2164916992188], [477.5706481933594, 294.6647033691406, 498.7972717285156, 335.8581237792969]]}