{"categories": [0, 2, 7, 8, 24, 30, 36], "bboxes": [[307.03131103515625, 23.630874633789062, 405.31982421875, 303.37115478515625], [482.32958984375, 1.6452350616455078, 563.40771484375, 58.659210205078125], [375.7381286621094, 0.0, 498.2093811035156, 62.97928237915039], [7.794525146484375, 238.54205322265625, 583.0804443359375, 541.328125], [339.493408203125, 246.43231201171875, 413.2413330078125, 301.82086181640625], [283.6391296386719, 340.93377685546875, 506.4490661621094, 382.104736328125], [298.95947265625, 340.3130798339844, 502.51556396484375, 377.1292419433594]]}