{"categories": [0, 67], "bboxes": [[0.0, 12.073471069335938, 461.47015380859375, 522.6463623046875], [280.2325439453125, 226.9284210205078, 318.21368408203125, 258.07135009765625]]}