{"categories": [0, 13, 42, 58, 62, 63, 73], "bboxes": [[0.8681564331054688, 65.07887268066406, 240.409912109375, 417.478271484375], [615.18408203125, 45.4456787109375, 792.63720703125, 595.8548583984375], [622.9805297851562, 420.8270263671875, 679.7479858398438, 471.4403076171875], [266.47003173828125, 173.42221069335938, 546.0421142578125, 409.5522766113281], [617.2608032226562, 17.486083984375, 791.9703979492188, 324.5828857421875], [212.92860412597656, 377.8331604003906, 545.4329223632812, 540.6778564453125], [366.68365478515625, 408.8753356933594, 677.5675659179688, 564.8115234375]]}