{"categories": [0, 3, 27, 58, 62, 63, 78], "bboxes": [[321.49359130859375, 159.69932556152344, 646.046875, 591.2132568359375], [703.2681884765625, 268.88763427734375, 797.9664306640625, 450.396484375], [242.99325561523438, 227.4948272705078, 328.6289367675781, 460.69317626953125], [701.0284423828125, 260.6469421386719, 799.0, 449.9977722167969], [74.49594116210938, 175.15628051757812, 164.65892028808594, 247.13385009765625], [384.8164978027344, 227.03689575195312, 445.4733581542969, 265.594482421875], [280.46746826171875, 169.96810913085938, 370.71893310546875, 264.0938415527344]]}