{"categories": [0, 33, 57], "bboxes": [[0.0, 83.76001739501953, 39.52885437011719, 265.95782470703125], [262.0074462890625, 0.0, 317.39776611328125, 131.92132568359375], [220.8705291748047, 300.17791748046875, 326.22174072265625, 401.8548583984375]]}