{"categories": [0, 56, 57, 59, 60], "bboxes": [[263.8369445800781, 96.43484497070312, 635.830322265625, 577.2279052734375], [0.045299530029296875, 310.2389221191406, 90.62860107421875, 466.7903137207031], [676.9673461914062, 155.31610107421875, 799.0, 344.3197937011719], [0.0, 43.938995361328125, 735.8069458007812, 570.5863037109375], [7.154571533203125, 84.61457824707031, 228.36892700195312, 434.53558349609375]]}