{"categories": [0, 67], "bboxes": [[384.29986572265625, 117.52067565917969, 799.0, 524.83935546875], [192.40699768066406, 352.7405700683594, 218.16383361816406, 383.7248840332031]]}