{"categories": [0, 39, 40, 42, 43, 44, 56, 60, 67, 69], "bboxes": [[14.633773803710938, 91.39814758300781, 258.7757568359375, 395.925537109375], [269.8492431640625, 336.1006164550781, 317.2186279296875, 453.7222595214844], [98.46125793457031, 333.4873962402344, 160.37071228027344, 455.0], [162.76622009277344, 397.2366027832031, 206.7920684814453, 432.6116638183594], [0.0, 390.3114013671875, 111.93982696533203, 417.2481689453125], [163.8824462890625, 398.10150146484375, 205.53262329101562, 433.07916259765625], [1.0321741104125977, 217.21804809570312, 32.79354476928711, 387.0300598144531], [1.967041015625, 367.1844787597656, 414.7560119628906, 452.6213073730469], [33.04388427734375, 434.3081970214844, 85.4698715209961, 455.0], [3.6490936279296875, 160.4287567138672, 85.77903747558594, 280.0697021484375]]}