{"categories": [0, 24, 25, 26, 60, 67], "bboxes": [[414.6138000488281, 42.73008728027344, 667.4404296875, 473.72332763671875], [63.63270950317383, 78.52945709228516, 128.2826690673828, 140.00131225585938], [7.721296310424805, 160.23532104492188, 40.48902893066406, 393.3966369628906], [89.26435852050781, 324.9885559082031, 188.46238708496094, 468.2904357910156], [307.8817138671875, 307.87420654296875, 510.62353515625, 470.0703125], [408.5259094238281, 243.82528686523438, 452.3826599121094, 273.3447570800781]]}