{"categories": [0, 27, 41, 56, 60], "bboxes": [[176.83114624023438, 109.73387145996094, 346.6510925292969, 523.5938110351562], [268.4627380371094, 200.8285369873047, 310.5207214355469, 328.927001953125], [4.515514373779297, 202.63548278808594, 30.74256134033203, 227.84376525878906], [8.23239517211914, 271.3788757324219, 100.03761291503906, 400.4360046386719], [459.345947265625, 356.16455078125, 729.9107666015625, 527.599853515625]]}