{"categories": [0, 2, 24], "bboxes": [[113.82857513427734, 248.97097778320312, 356.8089904785156, 790.0113525390625], [304.4944763183594, 141.84109497070312, 340.6753845214844, 160.0052490234375], [281.2041320800781, 453.7515869140625, 389.9662170410156, 640.935302734375]]}