{"categories": [0, 24, 67], "bboxes": [[73.05481719970703, 2.7095947265625, 325.4920349121094, 526.7625732421875], [263.5555114746094, 302.5643615722656, 294.5558776855469, 369.2695007324219], [316.777099609375, 133.78311157226562, 335.12872314453125, 159.93222045898438]]}