{"categories": [0, 40, 41, 55, 56, 60], "bboxes": [[115.6307373046875, 192.64300537109375, 359.2916564941406, 436.302978515625], [131.29248046875, 494.4462890625, 203.98858642578125, 597.3438720703125], [328.619873046875, 417.994384765625, 371.5821533203125, 462.39971923828125], [324.08636474609375, 425.71514892578125, 644.7673950195312, 599.0], [682.6508178710938, 272.62481689453125, 783.0552368164062, 362.39752197265625], [66.3419189453125, 396.99871826171875, 700.285400390625, 589.8931274414062]]}