{"categories": [0, 79], "bboxes": [[302.55126953125, 3.26190185546875, 499.0, 272.7498779296875], [266.08489990234375, 250.33087158203125, 499.0, 296.38421630859375]]}