{"categories": [0, 56], "bboxes": [[48.795989990234375, 37.99700927734375, 334.3432922363281, 393.6471252441406], [0.0, 158.98974609375, 64.17454528808594, 399.0]]}