{"categories": [0, 18, 73], "bboxes": [[46.555084228515625, 102.69293212890625, 692.9530029296875, 784.702880859375], [0.25618457794189453, 118.9878158569336, 29.541915893554688, 164.01866149902344], [244.7683868408203, 579.0167846679688, 379.23614501953125, 730.8750610351562]]}