{"categories": [0, 2, 3, 7, 24, 26], "bboxes": [[26.830406188964844, 56.103668212890625, 222.80996704101562, 524.143310546875], [0.0, 257.6912841796875, 38.51029968261719, 345.05572509765625], [740.08984375, 244.66079711914062, 797.805908203125, 383.4476013183594], [307.48663330078125, 79.29315185546875, 673.1209106445312, 233.21563720703125], [495.3201599121094, 132.79745483398438, 575.2080688476562, 283.9284362792969], [613.005615234375, 425.1206970214844, 643.1011962890625, 478.8812561035156]]}