{"categories": [0, 59, 74], "bboxes": [[1.73944091796875, 93.82384490966797, 223.78125, 316.3171691894531], [13.091964721679688, 266.798095703125, 400.27838134765625, 332.4822998046875], [274.5110778808594, 223.86151123046875, 284.2958068847656, 236.38363647460938]]}