{"categories": [0, 1, 25, 44, 45, 56, 65, 76], "bboxes": [[290.76708984375, 31.644989013671875, 634.0128784179688, 587.2025146484375], [72.77157592773438, 264.30450439453125, 799.0, 583.4404296875], [20.549774169921875, 0.0, 736.434326171875, 330.036376953125], [691.8072509765625, 212.4370880126953, 797.2208251953125, 441.56646728515625], [380.09716796875, 445.88885498046875, 455.55731201171875, 528.1241455078125], [4.535362243652344, 120.59492492675781, 155.32876586914062, 501.0977783203125], [575.7305297851562, 97.28849792480469, 649.4506225585938, 131.93150329589844], [531.4950561523438, 136.38446044921875, 779.5778198242188, 543.9519653320312]]}