{"categories": [0, 25, 30], "bboxes": [[258.8893737792969, 284.59771728515625, 519.76123046875, 724.0557861328125], [494.6940612792969, 117.95020294189453, 533.0, 145.63829040527344], [192.26547241210938, 92.1996078491211, 220.66952514648438, 148.7623748779297]]}