{"categories": [0, 27, 39, 59], "bboxes": [[128.59677124023438, 259.82232666015625, 363.6155090332031, 788.0885620117188], [241.3418731689453, 436.40594482421875, 276.1350402832031, 607.6080932617188], [509.73687744140625, 368.6631774902344, 526.4768676757812, 414.9688415527344], [357.7063903808594, 450.3358459472656, 523.9697875976562, 748.4244384765625]]}