{"categories": [0, 1, 13, 41, 55, 56, 58, 79], "bboxes": [[386.4535827636719, 63.65660095214844, 712.5946044921875, 490.5089111328125], [712.367919921875, 103.52436065673828, 797.518310546875, 170.16131591796875], [67.45706176757812, 222.93885803222656, 744.5733642578125, 503.5255126953125], [360.56805419921875, 62.522926330566406, 384.1624755859375, 101.27579498291016], [124.13532257080078, 303.1907043457031, 314.4441833496094, 479.9425964355469], [704.267578125, 136.46763610839844, 799.0, 503.08282470703125], [488.274658203125, 0.0, 744.0052490234375, 178.67337036132812], [161.6367645263672, 287.66241455078125, 178.3935089111328, 365.1563720703125]]}