{"categories": [0, 56, 60], "bboxes": [[75.76103973388672, 82.322265625, 280.37725830078125, 741.1063842773438], [420.75738525390625, 241.60134887695312, 507.12762451171875, 459.6905822753906], [425.9195251464844, 213.37950134277344, 528.3360595703125, 417.57659912109375]]}