{"categories": [0, 24, 25, 56, 58, 67], "bboxes": [[367.70648193359375, 164.7113494873047, 759.1552124023438, 536.2091064453125], [516.4688720703125, 347.08251953125, 752.4571533203125, 528.9287719726562], [752.3165283203125, 232.03997802734375, 794.944580078125, 256.3624267578125], [722.5059204101562, 340.673583984375, 798.5424194335938, 537.0], [373.9841003417969, 279.33648681640625, 472.4739685058594, 371.79583740234375], [5.375831604003906, 210.29425048828125, 45.57037353515625, 290.6025695800781]]}