{"categories": [0, 35], "bboxes": [[272.8279113769531, 57.96435546875, 486.0169372558594, 331.9100036621094], [217.80307006835938, 168.37901306152344, 244.52249145507812, 213.2365264892578]]}