{"categories": [0, 27, 32, 39, 56, 60, 64, 65, 66, 73, 74], "bboxes": [[10.166275024414062, 90.55909729003906, 407.2811279296875, 529.2235107421875], [490.5596923828125, 200.07916259765625, 529.063720703125, 359.87554931640625], [388.30657958984375, 489.9022216796875, 427.50238037109375, 521.6862182617188], [369.84234619140625, 231.4763946533203, 456.43182373046875, 311.409912109375], [635.31982421875, 173.0463409423828, 701.2376708984375, 300.03985595703125], [113.64645385742188, 472.2835693359375, 554.4703369140625, 532.4808959960938], [388.0474853515625, 489.8526611328125, 427.62298583984375, 520.7647705078125], [248.27679443359375, 415.51702880859375, 271.79742431640625, 441.60467529296875], [445.9450378417969, 492.2742004394531, 498.4879455566406, 533.0], [34.23171615600586, 213.94700622558594, 80.35745239257812, 282.2097473144531], [307.56951904296875, 132.56195068359375, 357.3143310546875, 161.1099853515625]]}