{"categories": [0, 26, 41, 59, 60, 62], "bboxes": [[554.361328125, 73.70645141601562, 714.5240478515625, 530.1083984375], [302.52996826171875, 235.89385986328125, 444.194580078125, 392.18109130859375], [350.046630859375, 411.01025390625, 379.49041748046875, 449.59771728515625], [3.4885177612304688, 382.08636474609375, 168.18115234375, 445.63909912109375], [312.4468994140625, 399.9623107910156, 470.103759765625, 526.7130126953125], [7.336555480957031, 467.6455383300781, 179.129638671875, 528.0947875976562]]}