{"categories": [0, 1, 13, 24, 26, 29, 56], "bboxes": [[532.9082641601562, 97.36116027832031, 672.1358032226562, 468.22869873046875], [310.7147216796875, 268.2589111328125, 420.38507080078125, 489.71710205078125], [69.72889709472656, 142.7232208251953, 174.32969665527344, 253.52000427246094], [531.3528442382812, 210.3853759765625, 579.4476928710938, 272.196044921875], [532.5379638671875, 193.12037658691406, 578.637451171875, 272.22412109375], [632.021240234375, 177.1064453125, 680.473876953125, 241.7611083984375], [223.70945739746094, 182.87908935546875, 267.81536865234375, 236.90866088867188]]}