{"categories": [0, 27], "bboxes": [[103.841552734375, 242.72206115722656, 226.66293334960938, 660.8224487304688], [180.00930786132812, 311.19744873046875, 217.39398193359375, 414.86761474609375]]}