{"categories": [0, 7, 41, 56, 58, 75], "bboxes": [[32.16680908203125, 147.22755432128906, 562.4396362304688, 584.7179565429688], [142.8053436279297, 142.2646484375, 311.31683349609375, 287.01202392578125], [748.5178833007812, 402.9029541015625, 781.7467651367188, 451.9735107421875], [291.0211486816406, 324.7426452636719, 646.05029296875, 597.0], [518.3665771484375, 134.9253692626953, 656.0987548828125, 448.805419921875], [690.2161254882812, 408.6651916503906, 747.3590698242188, 522.815185546875]]}