{"categories": [0, 1, 3, 5, 24, 26, 27, 35, 41], "bboxes": [[303.7455139160156, 195.8995819091797, 546.591552734375, 524.2313842773438], [1.6580982208251953, 310.93560791015625, 53.77955627441406, 424.07684326171875], [15.563827514648438, 56.97468566894531, 292.488525390625, 470.79534912109375], [149.9287109375, 0.0, 798.4978637695312, 376.24774169921875], [309.7652893066406, 245.02804565429688, 366.2610168457031, 331.0406799316406], [644.4378051757812, 285.894287109375, 733.0056762695312, 447.52117919921875], [370.33551025390625, 424.6063537597656, 396.37896728515625, 528.561767578125], [171.4588623046875, 175.1533660888672, 244.7568359375, 246.8064422607422], [242.91616821289062, 191.17086791992188, 298.6225280761719, 244.14205932617188]]}