{"categories": [0, 26, 56, 60, 63, 73], "bboxes": [[328.603759765625, 123.04693603515625, 619.68994140625, 511.022705078125], [318.6166687011719, 489.6673583984375, 388.3711853027344, 593.1300048828125], [276.08441162109375, 235.7042694091797, 403.25634765625, 500.95526123046875], [282.42578125, 346.04180908203125, 793.2569580078125, 600.8683471679688], [159.35772705078125, 427.5318603515625, 235.52005004882812, 523.4935302734375], [395.24639892578125, 386.38134765625, 594.944091796875, 555.4097290039062]]}