{"categories": [0, 41, 56, 60, 62, 66, 68, 72, 73], "bboxes": [[81.95941925048828, 80.83612060546875, 195.46139526367188, 525.3480834960938], [617.5875854492188, 223.49481201171875, 673.4800415039062, 289.8831787109375], [679.0025634765625, 337.0306091308594, 799.0, 509.9505310058594], [561.9622802734375, 278.64697265625, 786.7861328125, 492.86553955078125], [156.131591796875, 50.73990249633789, 289.0544128417969, 155.48919677734375], [667.8118896484375, 268.3526611328125, 743.91796875, 289.92486572265625], [483.5550231933594, 222.5863037109375, 513.6682739257812, 260.22625732421875], [323.591552734375, 235.54592895507812, 392.88720703125, 419.7164611816406], [590.774658203125, 282.42803955078125, 670.58740234375, 303.07489013671875]]}