{"categories": [0], "bboxes": [[195.22276306152344, 143.33602905273438, 416.13128662109375, 531.408447265625]]}