{"categories": [0, 39, 56, 57, 58], "bboxes": [[160.44949340820312, 153.0791778564453, 459.7024230957031, 584.2252197265625], [14.698637008666992, 542.4728393554688, 52.13340759277344, 598.2853393554688], [8.152816772460938, 229.15274047851562, 309.03436279296875, 569.9951171875], [134.20162963867188, 366.7974853515625, 746.2647705078125, 599.0], [702.0014038085938, 462.8017578125, 761.6923217773438, 545.7814331054688]]}