{"categories": [0, 27, 28], "bboxes": [[128.69671630859375, 28.778793334960938, 327.1703186035156, 278.67388916015625], [240.51766967773438, 132.756591796875, 267.11279296875, 204.8935546875], [334.1441650390625, 114.04938507080078, 382.59014892578125, 169.0198974609375]]}