{"categories": [0, 2, 27, 40, 41], "bboxes": [[139.3476104736328, 118.0364990234375, 469.2769775390625, 545.7594604492188], [148.8282470703125, 0.0, 796.9304809570312, 110.45967102050781], [288.9023742675781, 272.313720703125, 314.2314147949219, 369.22723388671875], [213.27288818359375, 500.48809814453125, 269.06982421875, 557.2573852539062], [214.72914123535156, 499.1394958496094, 266.6370544433594, 557.9105224609375]]}