{"categories": [0, 26, 28, 56, 57, 67, 78], "bboxes": [[413.9228515625, 92.0316162109375, 733.5091552734375, 532.4434814453125], [430.5230712890625, 335.4558410644531, 498.3624267578125, 384.7154846191406], [9.923881530761719, 236.7505645751953, 265.7003479003906, 502.30419921875], [597.138671875, 300.1078796386719, 780.6121826171875, 527.06396484375], [234.83840942382812, 268.0726318359375, 779.227783203125, 529.4261474609375], [408.8762512207031, 278.31414794921875, 430.7457580566406, 306.71673583984375], [3.9815750122070312, 0.0, 239.44363403320312, 150.27407836914062]]}