{"categories": [0, 13, 27, 56], "bboxes": [[370.30145263671875, 7.0208740234375, 762.9252319335938, 510.027099609375], [44.7825927734375, 224.29478454589844, 448.0536804199219, 484.63031005859375], [628.9495849609375, 123.34880065917969, 651.353515625, 190.75804138183594], [35.84815979003906, 211.29896545410156, 299.31561279296875, 504.68994140625]]}