{"categories": [0, 3, 24, 25, 41, 56, 60], "bboxes": [[0.0, 111.73333740234375, 216.53765869140625, 449.0], [0.0, 333.7346496582031, 68.9759750366211, 445.9696350097656], [12.12027359008789, 166.1560516357422, 110.75761413574219, 291.9425354003906], [269.2795104980469, 4.23785400390625, 611.82470703125, 183.39266967773438], [522.8486938476562, 322.2015380859375, 547.0314331054688, 355.00408935546875], [747.9098510742188, 338.51898193359375, 799.0, 449.0], [405.51971435546875, 348.5484313964844, 613.393798828125, 447.2903137207031]]}