{"categories": [0, 27], "bboxes": [[377.75921630859375, 12.98114013671875, 789.0032348632812, 528.68896484375], [482.6361999511719, 216.96029663085938, 541.5330810546875, 522.609130859375]]}