{"categories": [0, 27, 39, 56, 60], "bboxes": [[74.74242401123047, 103.38909912109375, 289.4120788574219, 786.4969482421875], [171.7732391357422, 225.9828338623047, 210.6343231201172, 305.67083740234375], [432.0018615722656, 624.7158203125, 458.5024719238281, 659.6285400390625], [4.001853942871094, 7.8358917236328125, 117.75777435302734, 194.07859802246094], [45.86768341064453, 0.0, 228.07473754882812, 168.42242431640625]]}