{"categories": [0, 2, 24, 26, 40, 41, 56, 58, 60], "bboxes": [[703.8797607421875, 186.71974182128906, 790.3487548828125, 398.2347412109375], [219.2099609375, 242.78929138183594, 244.68368530273438, 272.86724853515625], [743.0928955078125, 216.6807861328125, 791.812744140625, 284.4342956542969], [691.4730834960938, 218.1546630859375, 726.4035034179688, 297.738525390625], [387.09832763671875, 208.72125244140625, 411.94488525390625, 260.0598449707031], [363.0828552246094, 229.7166290283203, 389.9941101074219, 256.78314208984375], [83.4722900390625, 375.23272705078125, 266.90673828125, 526.201171875], [88.28880310058594, 247.9145965576172, 120.28427124023438, 277.7709655761719], [165.52194213867188, 508.6424255371094, 483.4676818847656, 531.9142456054688]]}