{"categories": [0], "bboxes": [[388.07843017578125, 47.42817687988281, 799.0, 522.402099609375]]}