{"categories": [0, 34], "bboxes": [[213.0885009765625, 282.6629333496094, 469.28424072265625, 594.8377685546875], [374.03814697265625, 451.5042419433594, 596.4677734375, 577.6582641601562]]}