{"categories": [0, 26, 39, 41, 56, 57, 58, 59, 68, 73, 75], "bboxes": [[558.7197265625, 145.32879638671875, 662.15576171875, 526.151123046875], [466.77569580078125, 425.6147155761719, 530.5816650390625, 505.3359680175781], [299.133056640625, 165.43463134765625, 313.6160888671875, 220.27560424804688], [222.88682556152344, 502.454833984375, 262.06121826171875, 597.548583984375], [448.4248352050781, 335.6435852050781, 608.19482421875, 593.9669189453125], [94.37156677246094, 336.620361328125, 479.14056396484375, 589.9020385742188], [0.0, 289.2462158203125, 194.73153686523438, 570.914306640625], [364.9280700683594, 256.2296447753906, 627.072509765625, 462.6048278808594], [368.03460693359375, 249.3630828857422, 466.3916015625, 315.4845275878906], [518.9640502929688, 458.8553771972656, 593.7317504882812, 501.4479675292969], [10.577507019042969, 487.5694885253906, 116.20455932617188, 573.1535034179688]]}