{"categories": [0, 13, 27, 56], "bboxes": [[256.6485595703125, 65.05389404296875, 492.03045654296875, 374.0], [0.0, 77.08242797851562, 499.0, 342.4975280761719], [157.7005157470703, 209.09619140625, 208.3246612548828, 239.66860961914062], [8.679656982421875, 125.12919616699219, 274.2003173828125, 346.3233642578125]]}