{"categories": [0, 26, 27], "bboxes": [[268.7235107421875, 44.23480224609375, 536.7307739257812, 446.91217041015625], [267.3847961425781, 169.33189392089844, 414.3409729003906, 435.97650146484375], [408.6396484375, 180.5537872314453, 434.383544921875, 248.0087432861328]]}