{"categories": [0, 26, 28, 35, 40], "bboxes": [[119.35934448242188, 47.72235107421875, 400.7244567871094, 477.22052001953125], [209.1592254638672, 379.441162109375, 370.793701171875, 604.4595947265625], [53.365509033203125, 352.3818359375, 382.6934814453125, 636.6867065429688], [347.38433837890625, 186.61898803710938, 396.931640625, 221.50119018554688], [287.79779052734375, 251.44679260253906, 316.17694091796875, 319.4871826171875]]}