{"categories": [0, 24, 26], "bboxes": [[323.76934814453125, 237.8883514404297, 462.689208984375, 689.9170532226562], [366.2249450683594, 311.11346435546875, 469.0202941894531, 462.43597412109375], [232.6699981689453, 579.8446655273438, 269.026611328125, 610.5397338867188]]}