{"categories": [0, 13, 24, 26, 58, 67], "bboxes": [[470.334716796875, 64.34036254882812, 587.597900390625, 398.2043762207031], [113.03863525390625, 275.74273681640625, 410.64508056640625, 532.0], [338.3678283691406, 260.2323303222656, 381.9134216308594, 318.3407287597656], [410.86224365234375, 188.10423278808594, 469.92919921875, 321.56024169921875], [2.0208053588867188, 181.569091796875, 104.95175170898438, 479.04931640625], [361.41815185546875, 184.2865753173828, 382.534423828125, 197.5451202392578]]}