{"categories": [0, 62, 65, 73], "bboxes": [[363.1767578125, 113.25068664550781, 613.2814331054688, 473.07855224609375], [147.19725036621094, 21.219200134277344, 418.7349853515625, 269.54058837890625], [135.58262634277344, 263.0591125488281, 174.90773010253906, 286.3017272949219], [257.5119934082031, 311.0556335449219, 301.5129699707031, 370.3439636230469]]}