{"categories": [0, 1, 24, 56, 58], "bboxes": [[437.1083068847656, 42.74591064453125, 531.865234375, 336.6939392089844], [76.2496337890625, 184.8003387451172, 196.0155029296875, 452.772216796875], [128.303955078125, 86.82896423339844, 205.68319702148438, 172.26109313964844], [274.21954345703125, 136.59327697753906, 296.95745849609375, 161.03550720214844], [530.8333740234375, 62.72083282470703, 638.547119140625, 268.2388000488281]]}