{"categories": [0, 1, 2, 58], "bboxes": [[164.27427673339844, 96.21751403808594, 457.18878173828125, 472.53717041015625], [215.84747314453125, 353.9543151855469, 454.01312255859375, 479.0], [572.9887084960938, 97.77985382080078, 638.3359985351562, 152.9095001220703], [99.13516235351562, 100.17473602294922, 129.84303283691406, 159.08694458007812]]}