{"categories": [0, 17, 20, 24, 25, 26, 56], "bboxes": [[206.25518798828125, 72.22059631347656, 432.896484375, 508.3564453125], [7.804229736328125, 307.8394775390625, 723.229736328125, 675.4308471679688], [284.0962219238281, 440.37103271484375, 871.1201171875, 681.4163208007812], [414.28533935546875, 263.4884948730469, 515.23095703125, 350.8420715332031], [38.375518798828125, 1.216094970703125, 486.3888854980469, 139.31341552734375], [324.9955749511719, 246.90028381347656, 381.8768005371094, 303.526611328125], [157.01434326171875, 273.1084289550781, 329.34600830078125, 462.0715026855469]]}