{"categories": [0, 1, 3, 24], "bboxes": [[323.7347717285156, 156.99234008789062, 361.4591369628906, 232.906494140625], [295.655029296875, 189.80172729492188, 324.40167236328125, 224.05575561523438], [132.35812377929688, 273.6573486328125, 260.2508239746094, 430.16839599609375], [125.10453796386719, 154.523193359375, 211.0308380126953, 301.3026123046875]]}