{"categories": [0, 16, 24, 30], "bboxes": [[569.845947265625, 337.3334045410156, 679.130615234375, 625.41943359375], [761.0964965820312, 504.20477294921875, 863.8933715820312, 651.9436645507812], [492.38775634765625, 382.3490905761719, 547.4851684570312, 465.0213928222656], [539.33984375, 599.5987548828125, 751.321533203125, 652.330810546875]]}