{"categories": [0, 2, 7, 9, 20, 24, 26], "bboxes": [[486.3044128417969, 191.33241271972656, 549.1552124023438, 377.2235107421875], [6.396169662475586, 193.4369659423828, 52.139259338378906, 232.6744842529297], [436.5335998535156, 184.67774963378906, 577.8463745117188, 283.6473388671875], [9.138078689575195, 142.61953735351562, 18.812108993530273, 165.26742553710938], [220.57101440429688, 122.97526550292969, 400.3490905761719, 379.7728271484375], [520.7108764648438, 216.98825073242188, 554.2095336914062, 283.8023681640625], [60.277198791503906, 272.39373779296875, 80.41898345947266, 321.78936767578125]]}