{"categories": [0, 24, 26, 67], "bboxes": [[86.22506713867188, 201.849853515625, 690.5537109375, 963.015380859375], [37.455474853515625, 723.8910522460938, 439.924560546875, 930.9190063476562], [12.772214889526367, 11.439289093017578, 68.11759948730469, 115.0084228515625], [605.353759765625, 390.19085693359375, 654.9493408203125, 425.64044189453125]]}