{"categories": [0, 24, 26, 39, 56, 60, 77], "bboxes": [[415.8235168457031, 0.0, 639.0, 442.59478759765625], [174.02017211914062, 79.6150131225586, 271.18377685546875, 220.32369995117188], [205.64361572265625, 337.5518493652344, 297.2553405761719, 416.0680236816406], [391.5471496582031, 113.29331970214844, 408.5793151855469, 146.2724151611328], [321.4280090332031, 91.22886657714844, 395.0801086425781, 172.6309356689453], [253.1097412109375, 147.38113403320312, 478.178955078125, 294.9255065917969], [227.67868041992188, 260.97991943359375, 338.8683776855469, 349.77587890625]]}