{"categories": [0, 2, 26, 56, 58, 77], "bboxes": [[176.03228759765625, 154.0828399658203, 434.63873291015625, 633.6483764648438], [6.783783912658691, 54.93010330200195, 36.2978401184082, 76.22122955322266], [360.7023010253906, 98.77294921875, 383.1036071777344, 137.2582550048828], [322.6960144042969, 106.84575653076172, 368.7281799316406, 156.965087890625], [340.19757080078125, 10.28164291381836, 353.54583740234375, 24.983978271484375], [40.573917388916016, 466.7530517578125, 156.62155151367188, 637.065185546875]]}