{"categories": [0, 27, 40, 41, 42, 43, 44, 45, 55, 56, 60, 65, 74], "bboxes": [[274.3666687011719, 64.83828735351562, 520.8223876953125, 351.88641357421875], [363.6805725097656, 184.95724487304688, 383.3650207519531, 223.98587036132812], [0.0, 262.4647216796875, 56.86627960205078, 367.9984130859375], [133.8142547607422, 302.72015380859375, 186.47422790527344, 372.041748046875], [102.71273803710938, 270.2033996582031, 155.16275024414062, 301.6210632324219], [327.48345947265625, 331.5747985839844, 385.74560546875, 390.7218322753906], [325.5650939941406, 334.8013000488281, 371.6438293457031, 387.8058166503906], [267.37445068359375, 292.864501953125, 346.06243896484375, 344.3204345703125], [283.2987976074219, 296.96282958984375, 333.1212463378906, 337.74615478515625], [255.0729217529297, 82.91879272460938, 322.41217041015625, 242.3612060546875], [4.8176116943359375, 235.86700439453125, 497.5390625, 416.26922607421875], [426.754150390625, 121.60347747802734, 454.52960205078125, 138.2038116455078], [558.6206665039062, 155.90365600585938, 574.6632690429688, 186.97283935546875]]}