{"categories": [0, 41, 45, 53, 60, 67, 73], "bboxes": [[0.4950714111328125, 71.81643676757812, 153.90676879882812, 469.1059265136719], [439.189453125, 361.1667175292969, 468.72723388671875, 390.1445617675781], [406.368896484375, 362.43817138671875, 441.178466796875, 388.98455810546875], [120.33985900878906, 246.73602294921875, 374.421142578125, 328.49755859375], [92.23223876953125, 267.7667236328125, 605.236572265625, 469.496826171875], [266.0637512207031, 346.0430908203125, 336.5307922363281, 376.69842529296875], [119.25468444824219, 373.5893249511719, 217.45408630371094, 431.1183776855469]]}