{"categories": [0, 26, 56, 57, 60, 62, 65, 74], "bboxes": [[71.65992736816406, 66.93913269042969, 282.46142578125, 374.0], [359.2326965332031, 210.3028106689453, 382.8132629394531, 262.34686279296875], [307.05999755859375, 200.1412353515625, 378.13104248046875, 315.9979248046875], [0.8273429870605469, 240.66062927246094, 91.44705200195312, 371.81243896484375], [184.05101013183594, 181.5767059326172, 286.171875, 345.0526123046875], [408.74737548828125, 176.44715881347656, 471.8624267578125, 254.27467346191406], [272.08203125, 209.0103759765625, 297.44024658203125, 222.41912841796875], [405.0701599121094, 95.39659118652344, 415.6786193847656, 125.38543701171875]]}