{"categories": [0, 1, 3, 12, 25, 26, 56], "bboxes": [[335.6640319824219, 412.02960205078125, 505.0383605957031, 906.1398315429688], [731.033447265625, 457.8923645019531, 767.0, 507.4176330566406], [470.0901794433594, 492.0841369628906, 743.6629638671875, 991.8828125], [5.446144104003906, 707.3525390625, 207.16244506835938, 1023.0], [168.28456115722656, 273.446533203125, 453.12884521484375, 408.4058837890625], [193.0125732421875, 526.8058471679688, 295.47149658203125, 688.6106567382812], [1.6777229309082031, 626.7232666015625, 86.57527160644531, 739.6632080078125]]}