{"categories": [0, 25, 26, 47], "bboxes": [[321.69818115234375, 172.4115753173828, 423.08599853515625, 303.72540283203125], [0.0, 0.0, 617.4727783203125, 198.44114685058594], [511.3944091796875, 328.96099853515625, 630.9610595703125, 388.919677734375], [4.774139404296875, 350.8887634277344, 639.0, 454.3035583496094]]}