{"categories": [0, 56, 58, 60, 62, 67], "bboxes": [[323.52618408203125, 157.11265563964844, 374.0, 312.867431640625], [232.38455200195312, 348.62066650390625, 300.4693908691406, 428.29608154296875], [288.5871887207031, 25.516860961914062, 326.8053894042969, 71.47005462646484], [18.076927185058594, 9.621772766113281, 77.55725860595703, 86.45560455322266], [274.3797912597656, 104.22750854492188, 358.9057312011719, 178.62637329101562], [115.36051177978516, 338.1748046875, 168.10350036621094, 382.2982177734375]]}