{"categories": [0, 13, 28, 56, 58], "bboxes": [[256.3779296875, 156.65664672851562, 429.67156982421875, 565.8587646484375], [20.204437255859375, 258.3564453125, 480.0, 543.7607421875], [404.421875, 425.525146484375, 467.4844970703125, 542.4483032226562], [4.57171630859375, 203.49111938476562, 264.87225341796875, 534.013916015625], [239.47525024414062, 166.95748901367188, 330.3817443847656, 318.88946533203125]]}