{"categories": [0, 15, 16, 27, 41, 45, 65, 66, 68], "bboxes": [[59.71028137207031, 4.3732452392578125, 394.4237060546875, 425.13629150390625], [372.16302490234375, 116.79563903808594, 479.0, 259.91595458984375], [369.7004089355469, 118.58255004882812, 479.0, 243.8350830078125], [177.00790405273438, 471.9711608886719, 247.27529907226562, 633.1602783203125], [334.48199462890625, 104.91871643066406, 353.99896240234375, 145.5325164794922], [365.8373718261719, 115.85403442382812, 391.6223449707031, 134.0666046142578], [380.5146179199219, 207.0199737548828, 415.3310852050781, 249.1892547607422], [369.9647521972656, 127.23448944091797, 449.5823059082031, 156.14617919921875], [345.58367919921875, 0.26572418212890625, 468.2139892578125, 66.73526763916016]]}