{"categories": [0, 2, 13, 25, 27, 56, 60], "bboxes": [[44.43231201171875, 59.653594970703125, 176.95484924316406, 456.9245910644531], [564.4437255859375, 6.286619186401367, 639.0, 54.18156433105469], [478.0997314453125, 302.4865417480469, 556.16015625, 417.5558166503906], [129.20046997070312, 2.1292076110839844, 374.3309326171875, 58.3442497253418], [113.04558563232422, 161.90097045898438, 167.1082763671875, 323.61553955078125], [399.6022644042969, 131.69296264648438, 432.3077697753906, 182.48452758789062], [421.3479309082031, 233.83090209960938, 533.14013671875, 277.7814025878906]]}