{"categories": [0, 39, 41, 45, 65, 69, 71, 75], "bboxes": [[230.47425842285156, 245.48004150390625, 476.82562255859375, 845.7213745117188], [467.20196533203125, 313.00286865234375, 501.84466552734375, 396.53973388671875], [423.947265625, 130.23004150390625, 469.7947998046875, 183.54193115234375], [525.7132568359375, 584.851318359375, 672.0865478515625, 629.6434326171875], [315.8683776855469, 351.6439208984375, 348.9147644042969, 409.6761474609375], [470.0953369140625, 562.3682250976562, 920.3641357421875, 841.6470336914062], [892.9619750976562, 629.0548095703125, 1102.20166015625, 678.8145751953125], [456.31658935546875, 536.5468139648438, 514.2560424804688, 613.2286987304688]]}