{"categories": [0, 27, 45, 53, 56, 60, 73], "bboxes": [[8.448577880859375, 31.905242919921875, 553.1585693359375, 610.550048828125], [403.67236328125, 217.2327423095703, 471.14111328125, 309.5283203125], [658.3567504882812, 373.17767333984375, 961.2389526367188, 544.9618530273438], [152.89920043945312, 555.3366088867188, 612.708984375, 646.4013061523438], [406.64544677734375, 210.8350830078125, 542.1965942382812, 381.94012451171875], [52.536529541015625, 433.92303466796875, 920.9495849609375, 670.9636840820312], [519.8340454101562, 338.0382995605469, 637.1399536132812, 385.2732238769531]]}