{"categories": [0, 35, 36, 38, 56], "bboxes": [[300.12750244140625, 129.09664916992188, 339.976318359375, 283.88104248046875], [208.40830993652344, 36.67707061767578, 230.78379821777344, 78.12158203125], [130.87489318847656, 269.0106201171875, 156.66661071777344, 288.70404052734375], [159.29339599609375, 154.5386199951172, 183.83950805664062, 192.0476531982422], [279.2167053222656, 3.6693382263183594, 340.4885559082031, 79.7589111328125]]}