{"categories": [0, 32, 35], "bboxes": [[316.49676513671875, 163.42359924316406, 417.446044921875, 405.07696533203125], [151.5755615234375, 190.85983276367188, 161.30609130859375, 197.8563232421875], [264.21929931640625, 189.1068115234375, 288.68511962890625, 214.719970703125]]}