{"categories": [0, 2, 5, 6, 24, 26], "bboxes": [[295.04107666015625, 69.08441925048828, 363.24835205078125, 306.2205505371094], [628.2236328125, 133.5475311279297, 639.0, 153.08522033691406], [0.0, 13.024581909179688, 633.6900634765625, 274.80218505859375], [70.59188842773438, 0.0, 607.3936767578125, 284.3719482421875], [41.665061950683594, 90.6846923828125, 122.71837615966797, 204.45477294921875], [46.71210861206055, 91.48147583007812, 120.53666687011719, 196.77401733398438]]}