{"categories": [0, 3, 26], "bboxes": [[247.23568725585938, 134.46115112304688, 383.5248718261719, 377.2044372558594], [109.63226318359375, 179.1884765625, 459.49237060546875, 404.69970703125], [380.74371337890625, 204.931884765625, 422.25262451171875, 243.68911743164062]]}