{"categories": [0, 2, 17, 26, 58, 67], "bboxes": [[164.60873413085938, 251.6881561279297, 367.0281066894531, 544.765869140625], [475.82379150390625, 424.2481384277344, 637.9655151367188, 552.857177734375], [236.7459259033203, 226.77236938476562, 616.2446899414062, 545.6402587890625], [175.67005920410156, 337.51568603515625, 281.10882568359375, 553.071044921875], [540.7779541015625, 3.5870437622070312, 638.830322265625, 112.19831085205078], [57.77637481689453, 335.57745361328125, 96.87577056884766, 400.37176513671875]]}