{"categories": [0, 24, 26, 28, 58], "bboxes": [[266.66302490234375, 7.239837646484375, 435.7421875, 378.1424560546875], [189.1674041748047, 212.07000732421875, 308.3536682128906, 337.53472900390625], [270.0488586425781, 214.45433044433594, 310.0259704589844, 297.0372619628906], [168.35540771484375, 210.57269287109375, 306.8847961425781, 340.12701416015625], [201.7908172607422, 106.95523071289062, 223.19618225097656, 144.58897399902344]]}