{"categories": [0, 13, 29], "bboxes": [[162.72329711914062, 88.61275482177734, 281.7051696777344, 257.7236022949219], [433.1073303222656, 97.056884765625, 495.8012390136719, 132.1267547607422], [74.42379760742188, 44.7161865234375, 139.0336456298828, 99.94114685058594]]}