{"categories": [0, 56, 62], "bboxes": [[260.8437805175781, 146.06536865234375, 339.3645935058594, 371.361328125], [0.5522537231445312, 343.08642578125, 69.66647338867188, 373.09857177734375], [88.57542419433594, 17.867660522460938, 392.7030029296875, 278.89129638671875]]}