{"categories": [0, 43, 55, 60, 72, 73], "bboxes": [[36.04532241821289, 90.52085876464844, 84.6795654296875, 250.53392028808594], [294.7276611328125, 267.309814453125, 316.51385498046875, 296.48760986328125], [75.25817108154297, 261.16558837890625, 127.91265106201172, 296.78045654296875], [6.2692108154296875, 243.57431030273438, 499.0, 368.1827087402344], [1.4683666229248047, 87.14291381835938, 29.81968116760254, 212.1827392578125], [445.8524169921875, 335.3793029785156, 499.0, 373.6619567871094]]}