{"categories": [0, 13, 32, 35], "bboxes": [[515.0576782226562, 59.00209045410156, 599.4220581054688, 236.45713806152344], [193.66549682617188, 137.0218505859375, 363.6466369628906, 229.87973022460938], [486.99481201171875, 205.44415283203125, 515.0924072265625, 234.35986328125], [181.3582000732422, 134.3246307373047, 209.9806365966797, 163.35667419433594]]}