{"categories": [0, 25], "bboxes": [[180.5251922607422, 46.227508544921875, 302.7919616699219, 402.5718078613281], [167.93026733398438, 28.18372344970703, 334.0, 152.86691284179688]]}