{"categories": [0, 36], "bboxes": [[3.719970703125, 92.53826904296875, 183.59912109375, 409.7632141113281], [47.71582794189453, 392.016357421875, 182.5791015625, 444.9195556640625]]}