{"categories": [0, 26, 39, 40, 41, 53, 60], "bboxes": [[194.26055908203125, 56.22660827636719, 332.0, 360.35931396484375], [211.80648803710938, 299.7431335449219, 245.62344360351562, 346.3901672363281], [235.77093505859375, 327.122314453125, 271.937255859375, 440.80517578125], [180.10446166992188, 159.27503967285156, 215.75906372070312, 271.0592346191406], [179.33819580078125, 158.18727111816406, 214.31082153320312, 219.99220275878906], [188.59719848632812, 264.7345886230469, 229.73004150390625, 287.1776428222656], [12.321319580078125, 369.94281005859375, 332.0, 495.1455078125]]}