{"categories": [0, 27, 39, 53, 60, 62], "bboxes": [[282.639892578125, 71.91850280761719, 456.79168701171875, 280.82843017578125], [81.09117126464844, 214.71896362304688, 124.30987548828125, 311.0424499511719], [459.77587890625, 195.25027465820312, 493.3927001953125, 294.3291015625], [338.01275634765625, 275.0492858886719, 461.10308837890625, 336.3601989746094], [173.19493103027344, 258.331787109375, 493.24951171875, 369.2991943359375], [227.68389892578125, 0.10513114929199219, 403.53472900390625, 19.7277889251709]]}