{"categories": [0, 14, 30], "bboxes": [[195.2608642578125, 274.92596435546875, 337.431884765625, 475.50970458984375], [1.6697921752929688, 449.29315185546875, 47.09795379638672, 479.0], [312.38153076171875, 438.94976806640625, 412.35003662109375, 476.83612060546875]]}