{"categories": [0, 3, 8, 16, 34, 43], "bboxes": [[87.60981750488281, 28.616607666015625, 349.724365234375, 272.2210998535156], [0.0, 127.58964538574219, 449.5456848144531, 331.22576904296875], [9.576736450195312, 173.50946044921875, 481.44793701171875, 328.2626953125], [22.176849365234375, 179.14987182617188, 96.11981201171875, 212.14544677734375], [98.43467712402344, 173.5966796875, 433.84796142578125, 274.5474853515625], [278.6752624511719, 218.47866821289062, 499.0, 310.8739929199219]]}