{"categories": [0, 32, 35], "bboxes": [[172.14093017578125, 30.098541259765625, 253.21774291992188, 183.38304138183594], [99.17141723632812, 267.4614562988281, 149.65139770507812, 312.9641418457031], [239.65106201171875, 160.54025268554688, 253.86917114257812, 180.028564453125]]}