{"categories": [0, 1, 2, 3, 40, 67], "bboxes": [[7.206886291503906, 78.9789047241211, 156.5264892578125, 331.81268310546875], [141.6113739013672, 162.9789581298828, 168.60801696777344, 234.3219757080078], [247.0593719482422, 115.40669250488281, 266.5723876953125, 131.79269409179688], [151.15589904785156, 179.3646697998047, 472.94134521484375, 330.896728515625], [345.818115234375, 281.2741394042969, 405.63836669921875, 335.0], [75.45291900634766, 275.20947265625, 129.4161834716797, 299.4024658203125]]}