{"categories": [0, 40], "bboxes": [[287.33453369140625, 71.71669006347656, 596.6923828125, 418.51483154296875], [223.4719696044922, 203.63153076171875, 335.9674377441406, 393.14276123046875]]}