{"categories": [0, 45, 56, 57, 60], "bboxes": [[220.23446655273438, 125.76022338867188, 410.7743225097656, 320.2333679199219], [320.8056945800781, 119.6133041381836, 376.7967834472656, 162.8076171875], [176.59022521972656, 173.748291015625, 235.43370056152344, 230.796142578125], [325.8750305175781, 29.13802719116211, 479.5653381347656, 106.88400268554688], [10.209060668945312, 265.60919189453125, 460.38812255859375, 370.18743896484375]]}