{"categories": [0, 17, 20, 26], "bboxes": [[201.67300415039062, 129.458740234375, 293.560546875, 319.548095703125], [394.86492919921875, 116.93852996826172, 496.6348876953125, 238.88955688476562], [392.7106018066406, 118.39362335205078, 498.3386535644531, 230.39483642578125], [389.046875, 165.8617706298828, 423.6805419921875, 231.75364685058594]]}