{"categories": [0, 29], "bboxes": [[108.57454681396484, 113.39212799072266, 215.832763671875, 311.5288391113281], [99.37652587890625, 200.82778930664062, 124.68199157714844, 231.60968017578125]]}