{"categories": [0, 34, 38], "bboxes": [[198.0557098388672, 165.3497314453125, 264.4693603515625, 343.6107177734375], [122.40892028808594, 314.61810302734375, 134.2888641357422, 352.1693115234375], [165.38623046875, 244.74392700195312, 209.60055541992188, 268.9701232910156]]}