{"categories": [0, 35], "bboxes": [[90.14192962646484, 113.59208679199219, 250.23876953125, 491.59423828125], [177.91305541992188, 282.2491455078125, 242.48016357421875, 339.55023193359375]]}