{"categories": [0, 54, 62, 65], "bboxes": [[253.17286682128906, 97.68544006347656, 409.27313232421875, 371.34698486328125], [197.090087890625, 73.07618713378906, 214.72552490234375, 103.59223937988281], [185.31564331054688, 54.822288513183594, 289.8954162597656, 228.862548828125], [358.5843200683594, 128.1212921142578, 371.7889709472656, 141.25035095214844]]}