{"categories": [0, 5, 6, 25], "bboxes": [[241.28892517089844, 201.6124267578125, 336.8983459472656, 392.24468994140625], [424.9883117675781, 112.68002319335938, 636.0361328125, 205.46078491210938], [426.4627685546875, 112.40788269042969, 639.0, 203.4650421142578], [209.3675994873047, 131.2720184326172, 335.7427673339844, 216.36720275878906]]}