{"categories": [0, 41, 45, 46, 51, 56, 74], "bboxes": [[197.99794006347656, 167.2530975341797, 281.8829040527344, 289.1739501953125], [446.44580078125, 254.50942993164062, 462.416259765625, 281.6454772949219], [132.9773406982422, 273.4248046875, 204.89854431152344, 318.52386474609375], [355.52545166015625, 266.3904724121094, 401.9185791015625, 312.3872985839844], [331.1131286621094, 295.7800598144531, 367.3675231933594, 331.0], [4.398216247558594, 283.52777099609375, 122.81871795654297, 330.41607666015625], [31.79476547241211, 65.7484130859375, 59.238956451416016, 96.35238647460938]]}