{"categories": [0, 54], "bboxes": [[211.638671875, 0.0, 370.881103515625, 315.3086853027344], [269.9458312988281, 61.12300109863281, 306.5497131347656, 87.03619384765625]]}