{"categories": [0, 6, 38, 56, 58], "bboxes": [[204.61961364746094, 125.388671875, 370.89923095703125, 434.9493408203125], [5.1087493896484375, 50.33647155761719, 365.3734130859375, 160.90609741210938], [207.21136474609375, 266.2959899902344, 277.2198486328125, 350.7108459472656], [1.7261886596679688, 147.42979431152344, 78.679443359375, 206.8584747314453], [0.5057792663574219, 76.67311096191406, 59.35953903198242, 150.05899047851562]]}