{"categories": [0, 1, 16, 39, 41, 42, 43, 44, 45, 50, 51, 56, 60, 62, 73], "bboxes": [[126.2978744506836, 71.69845581054688, 273.61669921875, 344.8691101074219], [554.804931640625, 204.56561279296875, 639.0, 321.9129638671875], [319.6942138671875, 233.97817993164062, 392.151611328125, 342.3827819824219], [497.88336181640625, 18.266357421875, 516.705322265625, 65.83511352539062], [217.39340209960938, 325.94482421875, 269.89453125, 394.78009033203125], [64.97320556640625, 427.873291015625, 197.86761474609375, 457.6689453125], [598.3502807617188, 384.0637512207031, 638.6770629882812, 433.4291076660156], [486.2627258300781, 314.009033203125, 527.97802734375, 361.57525634765625], [366.4049987792969, 341.6868896484375, 472.4816589355469, 410.8187255859375], [135.8240966796875, 383.11431884765625, 228.60086059570312, 424.10870361328125], [121.35411071777344, 354.5337219238281, 223.88002014160156, 386.7462463378906], [147.497802734375, 304.8441162109375, 170.05023193359375, 347.21826171875], [0.0, 305.4541931152344, 639.0, 472.3222961425781], [126.72463989257812, 64.53921508789062, 260.5002746582031, 172.3162841796875], [208.91664123535156, 46.092227935791016, 249.0115509033203, 55.58488082885742]]}