{"categories": [0, 24, 32, 38, 39], "bboxes": [[68.62315368652344, 81.70084381103516, 146.70303344726562, 310.6041564941406], [109.55123901367188, 306.1712646484375, 175.72369384765625, 357.49853515625], [207.8578338623047, 354.6468200683594, 222.91624450683594, 367.2590637207031], [238.20838928222656, 255.10972595214844, 282.2344970703125, 368.26495361328125], [283.927734375, 311.55841064453125, 299.55609130859375, 350.09515380859375]]}