{"categories": [0, 27], "bboxes": [[46.67266845703125, 109.78253173828125, 354.21014404296875, 604.14892578125], [368.6177978515625, 204.50796508789062, 442.734619140625, 257.68072509765625]]}