{"categories": [0, 27], "bboxes": [[96.16799926757812, 1.004425048828125, 626.496337890625, 618.712890625], [495.6860046386719, 435.2687683105469, 628.3283081054688, 627.1466674804688]]}