{"categories": [0, 40, 57, 67], "bboxes": [[261.3336181640625, 3.7451171875, 639.0, 353.3985900878906], [125.19451904296875, 149.4395751953125, 178.0137939453125, 256.819091796875], [0.0, 137.4110107421875, 268.59869384765625, 336.71148681640625], [264.5380859375, 233.13653564453125, 297.77569580078125, 278.7483825683594]]}