{"categories": [0, 25, 30], "bboxes": [[309.43115234375, 82.30447387695312, 368.434814453125, 235.78030395507812], [0.24131202697753906, 38.09109878540039, 33.08294677734375, 65.51506042480469], [243.80911254882812, 221.5751953125, 403.6544494628906, 249.503173828125]]}