{"categories": [0, 39, 40, 41, 55, 56, 60], "bboxes": [[118.69746398925781, 32.622222900390625, 341.3709716796875, 363.2717590332031], [366.4096984863281, 256.0401916503906, 397.5955505371094, 308.6446838378906], [263.9455871582031, 296.13677978515625, 328.3246765136719, 461.69976806640625], [589.701416015625, 362.9459533691406, 639.0, 441.3508605957031], [368.28814697265625, 403.8430480957031, 436.6348876953125, 447.1226501464844], [476.5894470214844, 263.0780029296875, 491.8200988769531, 285.0418701171875], [69.00521850585938, 281.4590148925781, 618.341552734375, 477.6723937988281]]}