{"categories": [0, 39, 48, 53, 54, 60, 73], "bboxes": [[1.5817718505859375, 64.11639404296875, 335.08013916015625, 325.6187744140625], [464.552490234375, 69.3723373413086, 494.955078125, 144.20046997070312], [245.49658203125, 218.17239379882812, 284.82135009765625, 245.89932250976562], [289.367431640625, 235.95150756835938, 417.57025146484375, 298.7688293457031], [206.07626342773438, 261.65643310546875, 234.43209838867188, 289.31878662109375], [83.84341430664062, 155.63182067871094, 499.0, 330.59307861328125], [233.94424438476562, 90.17168426513672, 254.22201538085938, 128.3120574951172]]}