{"categories": [0, 1, 2, 3, 18, 24, 25, 26], "bboxes": [[164.90391540527344, 82.98384857177734, 233.79212951660156, 250.4588623046875], [169.2667236328125, 163.20730590820312, 228.45465087890625, 309.8308410644531], [55.58256149291992, 112.51240539550781, 75.64549255371094, 135.67018127441406], [258.3437805175781, 116.16990661621094, 274.2746887207031, 129.90504455566406], [187.79441833496094, 77.27406311035156, 217.8206024169922, 96.60475158691406], [182.78683471679688, 91.35708618164062, 230.94073486328125, 156.60214233398438], [416.51708984375, 96.2564926147461, 483.85247802734375, 137.435302734375], [150.07748413085938, 158.8731689453125, 183.22174072265625, 198.98538208007812]]}