{"categories": [0, 8, 25, 27, 29], "bboxes": [[349.6080017089844, 108.07884979248047, 445.8486633300781, 275.0821533203125], [135.92083740234375, 0.7076339721679688, 366.9900207519531, 218.08407592773438], [97.75746154785156, 0.0, 351.95208740234375, 215.85621643066406], [98.72709655761719, 3.371673583984375, 127.26815795898438, 169.9854278564453], [416.6750183105469, 190.92066955566406, 460.5371398925781, 231.9442901611328]]}