{"categories": [0, 24, 37, 79], "bboxes": [[321.754150390625, 37.172149658203125, 425.39227294921875, 315.6629333496094], [188.94871520996094, 240.17385864257812, 269.0748291015625, 288.9070739746094], [41.55171585083008, 247.8291015625, 106.86898803710938, 285.49322509765625], [67.66541290283203, 288.7401123046875, 79.9280776977539, 306.2218017578125]]}