{"categories": [0], "bboxes": [[385.0226135253906, 181.73147583007812, 436.5597839355469, 322.97003173828125]]}