{"categories": [0, 8, 13, 26], "bboxes": [[33.666893005371094, 73.82670593261719, 159.64251708984375, 266.4359130859375], [340.7392272949219, 63.21262741088867, 425.9059143066406, 86.10774993896484], [17.404800415039062, 207.35752868652344, 319.9000244140625, 331.22552490234375], [240.84628295898438, 184.0624542236328, 282.8108825683594, 250.03810119628906]]}