{"categories": [0, 41, 55, 60, 73], "bboxes": [[131.67987060546875, 86.75902557373047, 291.64239501953125, 310.0836181640625], [240.96397399902344, 282.9398498535156, 285.5981750488281, 363.5200500488281], [315.999755859375, 270.7967529296875, 414.772705078125, 337.254638671875], [26.399993896484375, 251.90264892578125, 523.7427978515625, 416.74151611328125], [215.18975830078125, 377.614013671875, 275.67755126953125, 409.50048828125]]}