{"categories": [0, 39, 40, 41, 56, 57, 58, 60, 65, 75], "bboxes": [[237.50869750976562, 60.12278747558594, 412.5860290527344, 374.0], [97.84590911865234, 286.04461669921875, 118.88819122314453, 354.17169189453125], [122.55547332763672, 308.59918212890625, 162.86302185058594, 361.37042236328125], [169.58560180664062, 317.238037109375, 190.92935180664062, 357.10589599609375], [1.629892349243164, 247.30906677246094, 56.40885925292969, 371.95196533203125], [231.2476348876953, 236.35638427734375, 492.95379638671875, 371.1370849609375], [53.36344909667969, 157.7133026123047, 79.90718078613281, 237.19288635253906], [43.04972839355469, 293.4817810058594, 289.59991455078125, 370.1770935058594], [253.67633056640625, 130.6896514892578, 267.41412353515625, 149.14332580566406], [54.87975311279297, 214.64483642578125, 79.33548736572266, 235.94125366210938]]}