{"categories": [0, 2, 3, 7, 9, 26, 58], "bboxes": [[126.13204956054688, 113.52525329589844, 223.93466186523438, 369.91229248046875], [466.9706726074219, 145.6691131591797, 499.0, 181.75440979003906], [202.46957397460938, 200.73353576660156, 265.6734924316406, 282.665283203125], [58.46559143066406, 96.41327667236328, 459.5657958984375, 281.8757019042969], [297.79815673828125, 87.09269714355469, 305.0125732421875, 104.73295593261719], [275.8857421875, 160.68585205078125, 323.866943359375, 253.3861083984375], [317.5002136230469, 107.33329010009766, 394.7146911621094, 177.11669921875]]}