{"categories": [0, 26, 27, 44], "bboxes": [[70.5162582397461, 233.61541748046875, 291.90399169921875, 635.8250732421875], [276.7300720214844, 551.0626831054688, 302.3074645996094, 639.0], [231.95677185058594, 295.12738037109375, 255.35948181152344, 351.3455810546875], [14.395112991333008, 497.9570617675781, 70.98140716552734, 622.295654296875]]}