{"categories": [0, 39, 40, 41, 42, 44, 45, 53, 58, 60], "bboxes": [[318.2904968261719, 36.764556884765625, 498.4351501464844, 338.8408508300781], [232.2092742919922, 0.8310966491699219, 238.5931854248047, 27.449996948242188], [55.98691177368164, 297.00018310546875, 122.99317932128906, 374.0], [69.65493774414062, 243.29014587402344, 107.52204895019531, 297.0291442871094], [298.6770324707031, 264.4638366699219, 334.9348449707031, 289.0985412597656], [0.4626808166503906, 308.89569091796875, 56.455421447753906, 328.954833984375], [255.63111877441406, 266.59857177734375, 329.9034118652344, 312.83685302734375], [132.9554443359375, 219.23687744140625, 291.4904479980469, 274.0669860839844], [318.1717834472656, 90.8443374633789, 348.9869689941406, 124.31827545166016], [18.767532348632812, 216.5606231689453, 483.77435302734375, 374.0]]}