{"categories": [0, 30], "bboxes": [[149.58595275878906, 83.2203598022461, 212.0178985595703, 224.46548461914062], [234.54335021972656, 231.40159606933594, 266.5191955566406, 248.9020538330078]]}