{"categories": [0, 39, 41, 67], "bboxes": [[125.61249542236328, 171.6794891357422, 252.78311157226562, 492.76104736328125], [289.304931640625, 221.3470458984375, 315.5521240234375, 284.5772705078125], [289.19561767578125, 229.06385803222656, 315.70855712890625, 283.3792724609375], [19.137340545654297, 156.0128173828125, 50.43655014038086, 210.85464477539062]]}