{"categories": [0, 2, 24, 25, 26], "bboxes": [[78.06294250488281, 21.245071411132812, 223.3227996826172, 509.04638671875], [169.19361877441406, 105.61150360107422, 229.2694549560547, 168.49948120117188], [558.2138671875, 212.06887817382812, 600.625, 312.5625915527344], [389.54266357421875, 70.38957977294922, 574.0545043945312, 145.11294555664062], [362.3535461425781, 158.41741943359375, 443.8259582519531, 305.0793762207031]]}