{"categories": [0, 56, 60, 63, 64, 66, 67], "bboxes": [[23.55804443359375, 3.6721649169921875, 310.31976318359375, 325.52032470703125], [3.065521240234375, 205.59963989257812, 80.37239074707031, 328.1679382324219], [1.5196380615234375, 240.0574188232422, 499.0, 374.0], [264.8914794921875, 188.0269775390625, 496.86798095703125, 364.02984619140625], [157.49771118164062, 290.57513427734375, 225.37612915039062, 330.44158935546875], [331.13763427734375, 257.570068359375, 451.61639404296875, 345.71478271484375], [24.609115600585938, 326.66448974609375, 85.73792266845703, 368.58331298828125]]}