{"categories": [0, 36], "bboxes": [[164.4889373779297, 152.3617401123047, 410.810791015625, 328.777587890625], [171.57565307617188, 317.7765197753906, 288.3200988769531, 367.0308532714844]]}