{"categories": [0, 1, 2, 3, 24, 26], "bboxes": [[90.89016723632812, 56.39252471923828, 199.3209228515625, 244.429443359375], [275.2581481933594, 189.57293701171875, 433.6624450683594, 386.1788330078125], [0.0, 387.66986083984375, 195.11868286132812, 473.696533203125], [59.56002426147461, 12.180347442626953, 133.5400848388672, 88.82440185546875], [325.9104919433594, 43.291847229003906, 379.8985900878906, 79.20366668701172], [81.83058166503906, 137.4851531982422, 119.97958374023438, 185.7467498779297]]}