{"categories": [0, 24, 30], "bboxes": [[130.24679565429688, 274.0296630859375, 194.80636596679688, 402.107421875], [244.81533813476562, 306.2534484863281, 289.5949401855469, 362.9889831542969], [254.6739501953125, 453.55712890625, 306.516357421875, 493.01507568359375]]}