{"categories": [0, 2, 7, 13, 39, 45, 53, 56, 58], "bboxes": [[55.89207458496094, 7.67523193359375, 330.24444580078125, 476.83367919921875], [558.6669311523438, 87.1046142578125, 638.5110473632812, 122.53121948242188], [14.344207763671875, 111.401123046875, 63.30216979980469, 136.96067810058594], [0.0, 122.42807006835938, 33.586517333984375, 172.37359619140625], [0.31717967987060547, 432.07568359375, 19.776206970214844, 477.0], [417.6659240722656, 396.84490966796875, 521.4183349609375, 458.728759765625], [428.17510986328125, 403.6354675292969, 513.5730590820312, 455.4656066894531], [429.20281982421875, 353.35205078125, 464.33636474609375, 396.5128173828125], [116.69293212890625, 73.47663116455078, 190.2154541015625, 130.07989501953125]]}