{"categories": [0, 13], "bboxes": [[209.56488037109375, 221.4677276611328, 252.0950927734375, 325.2682800292969], [317.9259948730469, 65.17252349853516, 421.1141052246094, 125.32964324951172]]}