{"categories": [0, 2, 4, 7, 9], "bboxes": [[376.95361328125, 199.4740447998047, 422.5953369140625, 287.4704895019531], [19.034456253051758, 201.92454528808594, 62.448516845703125, 225.8346405029297], [230.27589416503906, 130.00778198242188, 447.3294677734375, 231.33328247070312], [97.68447875976562, 158.15234375, 245.02340698242188, 261.836181640625], [187.03717041015625, 131.92840576171875, 194.17288208007812, 148.43997192382812]]}