{"categories": [0, 2, 5, 7, 9, 25, 26], "bboxes": [[41.297176361083984, 167.6092987060547, 145.9700469970703, 389.49224853515625], [92.97915649414062, 208.7119140625, 224.43621826171875, 303.79638671875], [0.0, 134.60931396484375, 80.95215606689453, 247.25323486328125], [2.713092803955078, 132.31629943847656, 92.58697509765625, 247.8543243408203], [271.4505310058594, 7.343479156494141, 329.7806701660156, 117.20378112792969], [278.153076171875, 123.03121948242188, 400.09033203125, 250.52847290039062], [34.278656005859375, 281.3301086425781, 93.49414825439453, 350.2430114746094]]}