{"categories": [0, 56, 57, 65], "bboxes": [[36.10563659667969, 119.90544128417969, 203.59271240234375, 440.23095703125], [0.5425834655761719, 247.283935546875, 40.832244873046875, 342.4644775390625], [112.73004150390625, 245.56637573242188, 374.0, 450.3977966308594], [40.597633361816406, 153.60594177246094, 63.91571807861328, 188.26087951660156]]}