{"categories": [0, 24, 29], "bboxes": [[234.7165069580078, 323.9991149902344, 388.77716064453125, 618.0521240234375], [35.33346176147461, 483.8894958496094, 68.51864624023438, 503.7593078613281], [76.81315612792969, 0.18035411834716797, 138.1973876953125, 22.176803588867188]]}