{"categories": [0, 41, 53, 56, 60, 62], "bboxes": [[89.7742919921875, 0.0, 201.56646728515625, 149.10748291015625], [65.9273681640625, 105.26876831054688, 103.6708984375, 160.20703125], [41.45733642578125, 187.6451873779297, 229.04446411132812, 259.128173828125], [312.4043273925781, 71.64295959472656, 402.0450744628906, 345.8509521484375], [8.340560913085938, 132.9207763671875, 373.7679443359375, 369.6433410644531], [454.8166809082031, 0.0, 499.0, 28.698030471801758]]}