{"categories": [0, 5, 7, 52], "bboxes": [[116.7375259399414, 64.90097045898438, 266.7881774902344, 328.1524658203125], [0.0, 0.0, 499.0, 297.10955810546875], [0.0, 0.3759918212890625, 481.0167541503906, 278.634033203125], [197.58639526367188, 219.96365356445312, 261.9523620605469, 236.08615112304688]]}