{"categories": [0, 2, 36], "bboxes": [[182.8217010498047, 88.18840026855469, 230.2263946533203, 219.96934509277344], [467.0992126464844, 125.29534912109375, 499.0, 148.41671752929688], [39.210174560546875, 205.90586853027344, 68.57234191894531, 216.42140197753906]]}