{"categories": [0, 67, 68, 72], "bboxes": [[226.14053344726562, 70.63516235351562, 417.8894348144531, 371.0191955566406], [146.7438201904297, 323.5087890625, 176.79078674316406, 372.8599853515625], [419.90606689453125, 71.25552368164062, 465.33221435546875, 112.41604614257812], [382.16937255859375, 107.87882995605469, 497.832275390625, 370.48394775390625]]}