{"categories": [0, 2, 48, 53, 56], "bboxes": [[41.375518798828125, 38.608428955078125, 282.6131896972656, 372.2882995605469], [0.0, 275.15191650390625, 31.906230926513672, 371.8486328125], [333.6170654296875, 259.6649475097656, 358.72760009765625, 294.5964660644531], [114.17633819580078, 181.97250366210938, 150.44241333007812, 208.88455200195312], [469.3061828613281, 285.85272216796875, 499.0, 373.08563232421875]]}