{"categories": [0, 41, 45, 48, 55, 60, 67], "bboxes": [[42.02653503417969, 122.6162109375, 298.10430908203125, 454.9222412109375], [512.0513305664062, 51.32807922363281, 544.1842651367188, 86.09220886230469], [68.06391906738281, 456.0807800292969, 313.1695556640625, 551.6868286132812], [67.05323791503906, 416.02593994140625, 140.89056396484375, 480.54351806640625], [60.69681167602539, 413.4577941894531, 143.19679260253906, 489.3773498535156], [27.446075439453125, 433.9456787109375, 596.359375, 588.0804443359375], [317.25994873046875, 254.7663116455078, 336.69024658203125, 273.76953125]]}