{"categories": [0, 26, 56, 65, 72, 73, 75], "bboxes": [[476.3526611328125, 76.78471374511719, 615.041015625, 474.60479736328125], [373.974609375, 304.1952819824219, 454.52471923828125, 355.4670715332031], [211.9131317138672, 266.9909362792969, 266.51824951171875, 349.3544616699219], [0.0, 251.1164093017578, 68.09976196289062, 321.9950256347656], [283.78057861328125, 151.47181701660156, 349.31488037109375, 356.69512939453125], [408.0758361816406, 174.59127807617188, 419.7469177246094, 221.4814453125], [290.3800048828125, 121.70751953125, 321.93524169921875, 152.67044067382812]]}