{"categories": [0, 8, 39, 51, 55, 60, 73], "bboxes": [[172.26211547851562, 1.576019287109375, 372.2052917480469, 332.74737548828125], [0.0, 4.270561218261719, 226.80035400390625, 183.11032104492188], [210.8706512451172, 12.205469131469727, 228.4031524658203, 36.16827392578125], [97.4411849975586, 316.88262939453125, 159.81260681152344, 358.082763671875], [6.428131103515625, 214.48312377929688, 331.5607604980469, 485.0696105957031], [0.0, 207.6966552734375, 370.4963073730469, 492.671142578125], [227.16543579101562, 191.4780731201172, 279.0617370605469, 285.4233093261719]]}