{"categories": [0, 24, 32, 35], "bboxes": [[116.08695220947266, 84.8915786743164, 282.4067687988281, 308.0464782714844], [464.6157531738281, 252.1546173095703, 493.9541320800781, 263.18927001953125], [320.8944396972656, 270.4576721191406, 351.3067932128906, 304.1604919433594], [251.00462341308594, 220.1993865966797, 276.26446533203125, 244.74143981933594]]}