{"categories": [0, 24, 30], "bboxes": [[203.02392578125, 193.22622680664062, 271.3701171875, 317.5918273925781], [218.86231994628906, 210.6842498779297, 249.8128204345703, 243.0304718017578], [56.26926803588867, 361.24200439453125, 178.2447509765625, 466.6702880859375]]}