{"categories": [0, 24, 33, 36], "bboxes": [[0.0, 150.7604217529297, 126.40760040283203, 459.6239013671875], [134.99562072753906, 296.9392395019531, 187.76768493652344, 325.0563659667969], [134.5523223876953, 297.0762634277344, 216.5099334716797, 324.9563293457031], [154.22695922851562, 395.710205078125, 212.35028076171875, 412.3125]]}