{"categories": [0, 67, 79], "bboxes": [[147.9906005859375, 38.87516784667969, 469.3116455078125, 420.667724609375], [378.6963195800781, 214.2851104736328, 434.8448181152344, 234.3444366455078], [380.70208740234375, 213.8982391357422, 436.5284423828125, 232.19972229003906]]}