{"categories": [0, 14, 34, 35, 56, 74], "bboxes": [[249.8697967529297, 176.582275390625, 301.3025207519531, 285.4797058105469], [172.81863403320312, 146.45657348632812, 178.0008544921875, 153.08853149414062], [215.20074462890625, 217.40008544921875, 253.04214477539062, 234.8841552734375], [178.58924865722656, 222.799072265625, 196.51246643066406, 238.299560546875], [294.8169860839844, 77.81855010986328, 314.6994934082031, 98.48302459716797], [100.82830810546875, 118.08543395996094, 118.17359924316406, 137.3653106689453]]}