{"categories": [0, 39, 40, 41, 60], "bboxes": [[385.1299743652344, 8.261474609375, 499.0, 309.4750061035156], [346.3763427734375, 156.14120483398438, 366.2149658203125, 213.95556640625], [369.7306213378906, 90.19204711914062, 387.2794494628906, 133.68785095214844], [258.6924133300781, 164.83395385742188, 280.8229064941406, 213.30697631835938], [85.90118408203125, 144.44102478027344, 418.71875, 308.73077392578125]]}