{"categories": [0, 24, 29], "bboxes": [[428.3572692871094, 108.05892944335938, 495.6344909667969, 305.9526672363281], [132.6632843017578, 156.81224060058594, 175.6210479736328, 230.17027282714844], [137.28900146484375, 116.42815399169922, 157.6053466796875, 124.62393951416016]]}