{"categories": [0, 9, 48, 52, 54, 55, 77], "bboxes": [[0.8193359375, 43.58522033691406, 384.36602783203125, 422.46795654296875], [62.06379699707031, 101.85894775390625, 126.654052734375, 151.5186767578125], [308.0714416503906, 253.28697204589844, 373.5337219238281, 355.1556396484375], [463.46209716796875, 300.71319580078125, 503.499267578125, 368.43255615234375], [501.3428649902344, 243.75991821289062, 535.7208251953125, 268.9382019042969], [308.9523620605469, 252.8194122314453, 372.2366638183594, 351.1214904785156], [0.332366943359375, 1.0238761901855469, 69.9606704711914, 90.6063232421875]]}