{"categories": [0, 30], "bboxes": [[251.60638427734375, 104.34356689453125, 439.03277587890625, 390.01953125], [193.608642578125, 318.1859436035156, 345.3377685546875, 427.2836608886719]]}