{"categories": [0, 2, 3, 5, 7, 13, 56], "bboxes": [[125.42283630371094, 106.39591979980469, 241.0355987548828, 263.71185302734375], [48.96277618408203, 117.65548706054688, 98.1667251586914, 141.54486083984375], [62.83837890625, 126.64482116699219, 351.5509948730469, 291.1177978515625], [290.2547912597656, 90.42179107666016, 393.7917175292969, 147.92735290527344], [290.08807373046875, 89.29444122314453, 376.0643310546875, 156.1763916015625], [356.7420654296875, 108.86387634277344, 422.1768798828125, 124.42204284667969], [88.49795532226562, 128.29685974121094, 112.31710815429688, 180.05934143066406]]}