{"categories": [0, 34, 56], "bboxes": [[278.132080078125, 133.7149658203125, 403.69342041015625, 291.7618103027344], [284.99078369140625, 105.158447265625, 322.90631103515625, 165.37615966796875], [364.0912780761719, 82.36224365234375, 391.8158874511719, 97.49339294433594]]}