{"categories": [0, 26, 27, 28, 56, 60, 73], "bboxes": [[137.1879119873047, 155.8525848388672, 278.23199462890625, 424.134033203125], [268.9771423339844, 309.74578857421875, 290.6044006347656, 365.455810546875], [76.98548126220703, 204.1731719970703, 103.89055633544922, 312.197998046875], [269.3175354003906, 320.0583801269531, 290.7038879394531, 364.1907043457031], [496.90093994140625, 230.83738708496094, 526.3541870117188, 244.28538513183594], [146.4215850830078, 376.58013916015625, 539.3904418945312, 429.3787841796875], [451.06292724609375, 376.8103332519531, 616.2156372070312, 431.1671447753906]]}