{"categories": [0, 27, 28, 56, 63], "bboxes": [[262.0687255859375, 145.39956665039062, 331.0, 293.0862731933594], [118.97016906738281, 195.59584045410156, 136.1181640625, 235.00245666503906], [130.95361328125, 375.82635498046875, 305.17236328125, 495.474853515625], [15.448295593261719, 305.33331298828125, 238.28903198242188, 489.11181640625], [62.945045471191406, 254.21673583984375, 215.40621948242188, 318.056640625]]}