{"categories": [0, 20, 26, 56, 67, 73], "bboxes": [[36.41552734375, 195.62124633789062, 118.17193603515625, 357.5777282714844], [125.38874816894531, 27.908950805664062, 330.0, 331.2706298828125], [266.3635559082031, 307.8243103027344, 292.5497741699219, 332.7972106933594], [200.6925811767578, 283.5908203125, 255.3420867919922, 344.5301513671875], [203.1331787109375, 284.2210388183594, 232.1331787109375, 300.1304016113281], [202.6757049560547, 284.43829345703125, 234.5858612060547, 300.46380615234375]]}