{"categories": [0, 8, 19], "bboxes": [[68.30471801757812, 92.87921142578125, 178.234130859375, 211.72769165039062], [82.76873016357422, 175.33993530273438, 332.7256164550781, 253.99588012695312], [239.1539306640625, 188.4696807861328, 319.32379150390625, 250.8712615966797]]}