{"categories": [0, 2, 7, 8, 16, 25, 36, 58], "bboxes": [[79.61093139648438, 94.97754669189453, 159.338134765625, 252.58050537109375], [81.39593505859375, 150.9080352783203, 101.72908020019531, 166.7764129638672], [10.425582885742188, 127.086669921875, 274.76690673828125, 321.8220520019531], [0.372833251953125, 133.82073974609375, 371.4909973144531, 329.971435546875], [321.3333740234375, 124.26325988769531, 369.39208984375, 162.49436950683594], [201.93270874023438, 8.330604553222656, 495.3352966308594, 169.31961059570312], [0.1926136016845703, 287.8656005859375, 43.793304443359375, 332.0], [441.3477478027344, 154.087158203125, 463.6955871582031, 179.16268920898438]]}