{"categories": [0, 24, 38, 39, 56], "bboxes": [[251.0825958251953, 10.376235961914062, 397.73114013671875, 425.24957275390625], [375.3720397949219, 352.8621520996094, 459.7074279785156, 426.0], [291.4504699707031, 108.08782196044922, 359.3841857910156, 217.88031005859375], [445.5174255371094, 408.6231384277344, 465.2507629394531, 426.0], [1.1467132568359375, 371.37945556640625, 93.73479461669922, 425.97393798828125]]}