{"categories": [0, 30, 33], "bboxes": [[112.49075317382812, 168.9677734375, 191.42568969726562, 448.72540283203125], [180.61337280273438, 346.8941345214844, 229.93234252929688, 374.3761291503906], [134.98291015625, 74.17801666259766, 145.68173217773438, 88.09795379638672]]}