{"categories": [0, 30, 67], "bboxes": [[227.46392822265625, 45.64701843261719, 365.686767578125, 327.1904296875], [214.9766845703125, 275.8426818847656, 326.71270751953125, 331.0], [108.96857452392578, 163.24337768554688, 128.51364135742188, 175.38116455078125]]}