{"categories": [0, 2, 5, 7, 13, 36], "bboxes": [[179.69635009765625, 52.17021942138672, 322.27294921875, 247.16964721679688], [467.2655334472656, 108.1178207397461, 499.0, 201.20254516601562], [0.0, 15.416961669921875, 394.5302734375, 267.9524841308594], [6.2577362060546875, 30.48968505859375, 450.6573486328125, 268.6011657714844], [478.69976806640625, 286.3497619628906, 499.0, 331.2473449707031], [343.2793273925781, 229.84033203125, 379.4198303222656, 247.52593994140625]]}