{"categories": [0, 37], "bboxes": [[137.09457397460938, 131.8994140625, 254.09115600585938, 296.12835693359375], [57.496795654296875, 288.33758544921875, 236.410888671875, 317.6744384765625]]}