{"categories": [0, 8, 37], "bboxes": [[391.4418640136719, 174.63864135742188, 463.5366516113281, 298.158935546875], [20.756362915039062, 124.6391830444336, 184.72662353515625, 266.5171813964844], [383.74468994140625, 282.5407409667969, 499.0, 317.1932067871094]]}