{"categories": [0, 41, 57, 74], "bboxes": [[234.27841186523438, 74.96263122558594, 363.7862243652344, 456.54498291015625], [138.13661193847656, 202.59483337402344, 157.18687438964844, 229.4704132080078], [196.1929473876953, 181.721923828125, 508.70855712890625, 365.135009765625], [156.7904510498047, 197.31820678710938, 175.3557586669922, 223.4578857421875]]}