{"categories": [0, 41, 42, 43, 44, 45, 53, 55, 60], "bboxes": [[0.039398193359375, 20.81396484375, 251.74325561523438, 377.8883056640625], [558.9993286132812, 238.139404296875, 619.8352661132812, 328.091552734375], [146.02415466308594, 289.79205322265625, 191.6627960205078, 353.10791015625], [160.47869873046875, 402.5914611816406, 227.510498046875, 477.3395690917969], [142.93826293945312, 290.92108154296875, 189.33953857421875, 351.9473876953125], [1.7930183410644531, 439.76483154296875, 87.9735107421875, 479.0], [514.6563720703125, 262.8546142578125, 561.000732421875, 288.19720458984375], [216.11788940429688, 285.1435241699219, 331.3506164550781, 376.5204772949219], [29.114501953125, 261.44525146484375, 626.851806640625, 472.89837646484375]]}