{"categories": [0, 27, 28, 39, 60, 72, 73], "bboxes": [[322.76629638671875, 65.96060180664062, 457.93804931640625, 293.6917724609375], [350.3716735839844, 163.29446411132812, 371.2521057128906, 231.779296875], [440.5953369140625, 253.9796142578125, 469.6888427734375, 303.136962890625], [119.68548583984375, 259.7611999511719, 128.36343383789062, 291.6165466308594], [76.18348693847656, 289.2071838378906, 499.0, 329.6455993652344], [1.4162311553955078, 125.12967681884766, 57.413002014160156, 330.0], [190.47714233398438, 271.78741455078125, 313.8241271972656, 287.25933837890625]]}