{"categories": [0, 34, 35, 56], "bboxes": [[353.1372985839844, 130.51084899902344, 509.5467224121094, 362.9774169921875], [371.0421142578125, 89.80099487304688, 397.22918701171875, 181.55770874023438], [238.5930633544922, 301.8045959472656, 272.5671691894531, 334.8465881347656], [0.0, 8.761306762695312, 639.0, 205.69949340820312]]}