{"categories": [0, 1, 3, 9], "bboxes": [[263.39630126953125, 57.850120544433594, 360.07159423828125, 233.63302612304688], [66.6114730834961, 115.94685363769531, 199.9892578125, 202.67713928222656], [223.85389709472656, 127.2781982421875, 409.86102294921875, 258.814208984375], [74.61247253417969, 36.067562103271484, 83.80369567871094, 47.67079544067383]]}