{"categories": [0, 29, 35, 67], "bboxes": [[4.417533874511719, 75.28053283691406, 176.85943603515625, 498.36993408203125], [302.5444030761719, 27.287710189819336, 369.0138854980469, 66.37350463867188], [345.80999755859375, 364.2459716796875, 380.11749267578125, 400.53582763671875], [106.06848907470703, 147.5101318359375, 120.97888946533203, 165.798095703125]]}