{"categories": [0, 39, 41, 56, 65], "bboxes": [[13.546798706054688, 90.85311889648438, 442.38018798828125, 373.1247253417969], [391.7821044921875, 79.7623291015625, 406.32086181640625, 115.95097351074219], [450.64007568359375, 91.47288513183594, 465.8123779296875, 108.30816650390625], [454.1394958496094, 158.7271728515625, 476.6667175292969, 202.41262817382812], [371.16510009765625, 361.6758117675781, 394.39141845703125, 374.0]]}