{"categories": [0, 24, 25, 26, 56], "bboxes": [[428.8378601074219, 45.52732849121094, 556.9197998046875, 398.9466552734375], [409.2416076660156, 248.49758911132812, 465.1992492675781, 317.1276550292969], [0.0, 4.8250732421875, 485.0098876953125, 173.18731689453125], [523.108154296875, 243.36573791503906, 587.1539306640625, 288.92974853515625], [411.2693176269531, 123.94256591796875, 447.4129943847656, 163.10137939453125]]}