{"categories": [0, 14, 24, 25, 33], "bboxes": [[54.854557037353516, 192.50587463378906, 108.25177001953125, 301.569580078125], [191.9488983154297, 21.683996200561523, 199.24488830566406, 27.596174240112305], [471.2136535644531, 208.77980041503906, 491.4721984863281, 237.91111755371094], [302.54998779296875, 200.8782196044922, 322.72857666015625, 211.2757110595703], [56.73655319213867, 39.39699935913086, 63.87070846557617, 52.101139068603516]]}