{"categories": [0, 24, 25, 29], "bboxes": [[322.7775573730469, 53.78578186035156, 441.4953918457031, 351.7939453125], [215.248046875, 142.49319458007812, 308.49078369140625, 315.6397705078125], [2.4739646911621094, 79.1600341796875, 125.42092895507812, 120.29106140136719], [333.0048828125, 39.215904235839844, 398.62103271484375, 62.784690856933594]]}