{"categories": [0, 13, 16, 56, 69], "bboxes": [[6.5753173828125, 61.9473876953125, 354.4329833984375, 478.77130126953125], [190.45909118652344, 0.9399623870849609, 266.6246032714844, 45.959083557128906], [163.28256225585938, 187.06552124023438, 318.7848205566406, 437.7842712402344], [75.42178344726562, 217.94476318359375, 309.0172424316406, 480.64886474609375], [168.9181671142578, 354.48565673828125, 258.8676452636719, 452.82952880859375]]}