{"categories": [0, 1, 20], "bboxes": [[117.2401351928711, 58.685394287109375, 212.4066162109375, 329.0680236816406], [0.0, 215.0736083984375, 101.35737609863281, 332.0], [202.02911376953125, 18.377731323242188, 499.0, 332.0]]}