{"categories": [0, 26, 28, 45, 56, 57, 58, 65, 67, 73], "bboxes": [[265.3633728027344, 83.09327697753906, 347.9333801269531, 330.15643310546875], [276.1183166503906, 183.95407104492188, 340.2906188964844, 280.3625183105469], [337.9158020019531, 181.12213134765625, 374.3888854980469, 235.12973022460938], [422.89111328125, 129.46665954589844, 443.4097900390625, 139.5431671142578], [185.89112854003906, 196.5110626220703, 245.01011657714844, 271.4921569824219], [0.0, 146.57766723632812, 232.1173095703125, 274.5434265136719], [358.1520690917969, 40.760498046875, 415.5072937011719, 173.85263061523438], [311.61370849609375, 126.13330841064453, 335.18634033203125, 145.23497009277344], [15.951391220092773, 246.57591247558594, 40.17595672607422, 263.9007568359375], [435.5367126464844, 166.92645263671875, 447.7853088378906, 192.02377319335938]]}