{"categories": [0, 24, 30], "bboxes": [[240.34088134765625, 116.43578338623047, 309.83856201171875, 331.116943359375], [249.9713134765625, 145.84088134765625, 297.4359130859375, 222.10202026367188], [240.18353271484375, 310.06494140625, 326.1539306640625, 383.7459716796875]]}