{"categories": [0, 24, 41, 45, 56, 58, 60, 65, 71], "bboxes": [[466.4352722167969, 181.6688995361328, 588.2327270507812, 380.030029296875], [320.09503173828125, 441.6487731933594, 392.78729248046875, 475.4397277832031], [514.1588745117188, 351.93170166015625, 567.6616821289062, 427.80047607421875], [96.2906494140625, 378.4378967285156, 199.91436767578125, 409.5976257324219], [318.52606201171875, 338.7874755859375, 348.66009521484375, 371.76470947265625], [117.76265716552734, 199.45706176757812, 251.73211669921875, 370.8345031738281], [54.09136962890625, 360.52825927734375, 639.0, 477.39892578125], [266.0518798828125, 253.7402801513672, 292.65142822265625, 270.8638000488281], [160.88821411132812, 391.214599609375, 292.430908203125, 420.1016845703125]]}