{"categories": [0, 2, 41, 42, 44, 45, 60, 73], "bboxes": [[222.9711151123047, 26.10894012451172, 378.00390625, 194.0006103515625], [0.25164031982421875, 185.1009063720703, 36.07705307006836, 257.01116943359375], [186.81704711914062, 174.275146484375, 268.448486328125, 260.6266784667969], [293.1815490722656, 159.11578369140625, 329.2891540527344, 272.16131591796875], [175.13304138183594, 239.90005493164062, 201.6174774169922, 255.1690673828125], [106.63536834716797, 291.44268798828125, 311.2304992675781, 331.0], [85.14541625976562, 167.8587646484375, 440.2860412597656, 321.01116943359375], [429.5095520019531, 44.59478759765625, 439.0828552246094, 73.37472534179688]]}