{"categories": [0, 2, 7, 13, 32], "bboxes": [[32.58681106567383, 42.44447326660156, 155.21348571777344, 274.0465087890625], [377.179931640625, 30.914588928222656, 454.23370361328125, 69.36300659179688], [250.0108184814453, 24.831857681274414, 332.48883056640625, 70.02811431884766], [125.45350646972656, 53.948516845703125, 209.22010803222656, 72.94561767578125], [373.02239990234375, 233.80545043945312, 405.6875, 265.04754638671875]]}