{"categories": [0, 27, 56], "bboxes": [[94.82588195800781, 8.17333984375, 375.34844970703125, 414.6402893066406], [190.22959899902344, 203.03851318359375, 242.0061492919922, 413.8231201171875], [385.5216369628906, 242.94265747070312, 447.4096984863281, 374.2725524902344]]}