{"categories": [0, 19, 26, 33, 35], "bboxes": [[79.33857727050781, 176.9947967529297, 148.424560546875, 368.223876953125], [150.98370361328125, 206.03688049316406, 182.14877319335938, 267.4648742675781], [475.6545104980469, 246.07521057128906, 498.6507873535156, 319.91961669921875], [471.57196044921875, 48.22376251220703, 496.3592529296875, 64.62998962402344], [476.28265380859375, 276.9919738769531, 498.61724853515625, 317.7311096191406]]}