{"categories": [0, 2, 24, 32], "bboxes": [[487.34405517578125, 180.78733825683594, 552.8005981445312, 377.64453125], [73.56217956542969, 204.55996704101562, 132.2539825439453, 235.72000122070312], [249.3280792236328, 240.70481872558594, 270.2758483886719, 256.4098815917969], [323.4064636230469, 354.6357421875, 353.4664611816406, 384.37579345703125]]}