{"categories": [0, 40, 41, 45, 56, 58, 60], "bboxes": [[360.24749755859375, 74.38972473144531, 462.1646728515625, 310.9202880859375], [291.35479736328125, 176.9493865966797, 314.68096923828125, 223.22605895996094], [312.56329345703125, 183.62872314453125, 324.77685546875, 202.67361450195312], [151.2086181640625, 184.55770874023438, 246.50674438476562, 219.52142333984375], [61.00843048095703, 182.678466796875, 149.96917724609375, 340.0], [1.0572586059570312, 115.59744262695312, 46.78895568847656, 190.12033081054688], [156.67189025878906, 166.78274536132812, 427.656005859375, 327.1874694824219]]}