{"categories": [0, 3, 24, 30, 31], "bboxes": [[296.6993408203125, 19.51708984375, 395.3946533203125, 363.53564453125], [472.75677490234375, 101.26504516601562, 498.9847412109375, 130.53372192382812], [164.86053466796875, 96.772705078125, 200.93319702148438, 144.9082794189453], [51.76781463623047, 104.22396850585938, 70.41260528564453, 216.35958862304688], [250.37847900390625, 78.89871215820312, 363.62017822265625, 362.02392578125]]}