{"categories": [0, 2, 3, 10, 26, 56], "bboxes": [[485.604736328125, 97.78143310546875, 579.4122314453125, 401.8228759765625], [140.9593048095703, 227.68914794921875, 160.5487823486328, 239.92230224609375], [411.68939208984375, 227.58932495117188, 530.9468383789062, 438.6130676269531], [198.35801696777344, 282.09857177734375, 253.9770965576172, 386.9498291015625], [336.7260437011719, 270.7696533203125, 393.1026916503906, 334.96038818359375], [427.50250244140625, 313.95831298828125, 516.27734375, 427.170166015625]]}