{"categories": [0, 13, 56, 57, 62, 65, 74], "bboxes": [[322.2405700683594, 170.5355224609375, 421.5403747558594, 423.44000244140625], [450.2755126953125, 277.48455810546875, 631.2491455078125, 355.528076171875], [404.1212463378906, 190.08551025390625, 532.164306640625, 316.912109375], [361.99005126953125, 179.59951782226562, 616.8092651367188, 360.3565979003906], [118.81901550292969, 145.53982543945312, 234.58079528808594, 268.6251525878906], [320.5251159667969, 205.09771728515625, 346.0826110839844, 240.95333862304688], [95.8487777709961, 36.584163665771484, 114.34618377685547, 60.187381744384766]]}