{"categories": [0, 27, 39, 40, 45, 60], "bboxes": [[0.0, 0.3125152587890625, 170.0922088623047, 273.5577392578125], [86.09262084960938, 98.13920593261719, 115.657958984375, 249.9634246826172], [230.34893798828125, 217.404296875, 270.46600341796875, 387.078369140625], [365.5365905761719, 254.0942840576172, 429.2558898925781, 429.05511474609375], [329.1733093261719, 352.601806640625, 455.9787292480469, 391.9420166015625], [24.996597290039062, 254.858642578125, 499.0, 454.37481689453125]]}