{"categories": [0, 13, 26, 34, 35, 39, 41, 56, 60], "bboxes": [[329.9911193847656, 34.611637115478516, 429.2077331542969, 151.66053771972656], [46.03953552246094, 89.6107406616211, 136.37384033203125, 150.4088897705078], [112.92779541015625, 274.2144775390625, 178.7603759765625, 330.52850341796875], [176.7099609375, 144.2948760986328, 198.58224487304688, 200.70896911621094], [30.297142028808594, 221.49429321289062, 58.972877502441406, 258.55230712890625], [445.58807373046875, 72.06527709960938, 476.05523681640625, 171.4824981689453], [351.05633544921875, 151.65664672851562, 377.3448486328125, 191.34536743164062], [406.10302734375, 0.8819694519042969, 485.507568359375, 60.444786071777344], [306.204345703125, 115.28675079345703, 486.2901611328125, 252.40826416015625]]}