{"categories": [0, 27], "bboxes": [[40.82365417480469, 68.06660461425781, 458.4605712890625, 545.610595703125], [367.0108947753906, 301.2811584472656, 428.1346740722656, 520.7083740234375]]}