{"categories": [0, 32], "bboxes": [[117.93763732910156, 24.660919189453125, 440.9434814453125, 364.94024658203125], [158.96783447265625, 327.51788330078125, 208.89666748046875, 373.1458740234375]]}