{"categories": [0, 30, 31], "bboxes": [[96.5509033203125, 78.24237060546875, 242.68154907226562, 466.31884765625], [285.4844055175781, 264.67828369140625, 374.0, 276.06402587890625], [105.99551391601562, 416.45611572265625, 289.076416015625, 492.47015380859375]]}