{"categories": [0, 29], "bboxes": [[270.4475402832031, 9.23406982421875, 584.9498291015625, 410.1594543457031], [284.352783203125, 0.0, 446.39776611328125, 100.45999908447266]]}