{"categories": [0, 17], "bboxes": [[228.4671173095703, 211.40029907226562, 292.38836669921875, 399.3479309082031], [100.27580261230469, 247.0186767578125, 163.23252868652344, 427.4844970703125]]}