{"categories": [0, 13, 56], "bboxes": [[295.1721496582031, 157.06008911132812, 368.7859191894531, 282.1847229003906], [402.7214660644531, 108.03106689453125, 479.6407775878906, 152.29464721679688], [422.5448913574219, 54.500282287597656, 470.9267272949219, 114.8573226928711]]}