{"categories": [0, 13, 18, 24], "bboxes": [[2.813507080078125, 27.910751342773438, 87.03180694580078, 342.2828369140625], [102.73948669433594, 142.9800262451172, 447.77362060546875, 346.70269775390625], [152.54299926757812, 82.92558288574219, 339.18603515625, 299.10443115234375], [66.71762084960938, 95.28355407714844, 87.25851440429688, 133.2875518798828]]}