{"categories": [0, 26, 39, 48, 52, 53, 62], "bboxes": [[386.31378173828125, 135.30615234375, 630.68017578125, 420.9161376953125], [317.8785705566406, 219.77516174316406, 350.5220031738281, 330.72711181640625], [210.30502319335938, 217.0198974609375, 273.038330078125, 281.1890869140625], [108.09659576416016, 130.67921447753906, 170.62246704101562, 177.77381896972656], [107.9266357421875, 131.4346923828125, 169.05844116210938, 177.84408569335938], [540.0809326171875, 253.36123657226562, 626.934326171875, 282.6758728027344], [485.63934326171875, 73.5392074584961, 527.3925170898438, 124.2377700805664]]}