{"categories": [0, 13, 36], "bboxes": [[100.29340362548828, 105.37850189208984, 183.2362060546875, 264.21307373046875], [68.0582046508789, 157.8905029296875, 308.02569580078125, 253.0986328125], [394.11328125, 233.0970458984375, 474.52825927734375, 254.4368896484375]]}