{"categories": [0, 26, 27, 28, 55, 60, 63], "bboxes": [[275.34368896484375, 30.087356567382812, 618.2351684570312, 420.14495849609375], [13.43259048461914, 267.99822998046875, 92.9622802734375, 334.35540771484375], [434.364990234375, 130.27325439453125, 476.75469970703125, 283.3595275878906], [15.15285873413086, 271.8353576660156, 91.80937194824219, 331.7190856933594], [17.517425537109375, 283.0535583496094, 388.6072998046875, 425.9051818847656], [5.6350555419921875, 301.6063232421875, 438.625732421875, 422.49810791015625], [178.36532592773438, 154.8188018798828, 219.98934936523438, 185.09999084472656]]}