{"categories": [0, 2, 3, 7, 25, 26], "bboxes": [[416.56280517578125, 172.0078125, 494.5196533203125, 350.35113525390625], [388.2375183105469, 199.58282470703125, 499.0, 270.5967102050781], [349.14447021484375, 202.07090759277344, 370.49908447265625, 236.4567108154297], [225.38406372070312, 164.95643615722656, 284.8001403808594, 223.00746154785156], [334.6534729003906, 161.09214782714844, 401.2781677246094, 176.1841583251953], [104.24748229980469, 294.59332275390625, 131.00804138183594, 344.03460693359375]]}