{"categories": [0, 2, 3, 8, 28], "bboxes": [[65.02577209472656, 79.07350158691406, 172.12872314453125, 421.74896240234375], [288.679443359375, 225.05398559570312, 621.8076782226562, 425.0], [232.9527130126953, 209.5865478515625, 605.6154174804688, 423.0074462890625], [163.53285217285156, 99.92581176757812, 569.9588623046875, 310.9945068359375], [495.6217956542969, 231.36370849609375, 517.7117919921875, 272.4111328125]]}