{"categories": [0, 1, 8, 24, 25, 26, 37], "bboxes": [[301.70379638671875, 163.19598388671875, 381.60516357421875, 331.6861267089844], [151.53477478027344, 203.97352600097656, 163.59803771972656, 234.75196838378906], [281.43060302734375, 232.92906188964844, 463.62493896484375, 328.11676025390625], [192.58409118652344, 210.5354766845703, 247.17030334472656, 257.9583740234375], [248.75885009765625, 152.41885375976562, 318.47430419921875, 208.36447143554688], [269.9025573730469, 254.1696319580078, 321.1784362792969, 316.9521484375], [344.1588134765625, 239.96397399902344, 451.7657470703125, 331.6590576171875]]}