{"categories": [0, 39, 67], "bboxes": [[188.20538330078125, 67.77938842773438, 499.0, 372.0207824707031], [336.0066223144531, 255.67300415039062, 398.9036560058594, 369.9341125488281], [124.19037628173828, 288.5294494628906, 225.86117553710938, 347.2814636230469]]}