{"categories": [0, 2, 7, 29], "bboxes": [[118.75099182128906, 57.72126770019531, 312.028076171875, 461.435302734375], [0.0, 135.09768676757812, 102.11407470703125, 204.9422607421875], [252.59866333007812, 84.40476989746094, 358.0, 190.95606994628906], [228.35855102539062, 424.3786315917969, 306.0989074707031, 451.6882019042969]]}