{"categories": [0, 2, 8, 16, 25, 26], "bboxes": [[373.0875549316406, 162.1297149658203, 451.2803039550781, 333.61181640625], [265.6444091796875, 205.49583435058594, 353.05718994140625, 245.3972625732422], [39.00379180908203, 173.88223266601562, 223.57662963867188, 299.6998596191406], [89.71634674072266, 241.8893280029297, 139.68992614746094, 272.736328125], [9.208759307861328, 109.05848693847656, 88.54541015625, 147.54737854003906], [430.1461486816406, 243.3956756591797, 460.1912536621094, 307.74273681640625]]}