{"categories": [0, 39, 40, 56, 58, 60, 62, 69], "bboxes": [[97.44155883789062, 253.8065948486328, 252.78414916992188, 493.31787109375], [485.6131591796875, 165.84603881835938, 497.5902099609375, 211.70477294921875], [230.40428161621094, 130.55638122558594, 243.4702911376953, 162.9236297607422], [6.912265777587891, 386.908447265625, 88.643798828125, 492.271484375], [162.20068359375, 124.09709930419922, 202.22592163085938, 181.14151000976562], [46.466880798339844, 286.29156494140625, 138.44894409179688, 316.898681640625], [288.69110107421875, 312.84100341796875, 426.034423828125, 412.50616455078125], [216.522216796875, 303.06787109375, 273.2508544921875, 347.21533203125]]}