{"categories": [0, 36], "bboxes": [[309.4954833984375, 240.8694610595703, 395.7374267578125, 499.7298583984375], [252.59292602539062, 417.74786376953125, 323.0872497558594, 502.90948486328125]]}