{"categories": [0, 59, 63], "bboxes": [[201.55494689941406, 77.68475341796875, 488.300048828125, 343.2678527832031], [31.882827758789062, 122.17135620117188, 499.0, 374.0], [278.86322021484375, 180.707763671875, 400.80010986328125, 268.3302917480469]]}