{"categories": [0, 56, 58, 74], "bboxes": [[83.43208312988281, 1.0399246215820312, 146.38555908203125, 166.31924438476562], [366.9978332519531, 0.0, 433.6111755371094, 44.996559143066406], [377.79345703125, 12.591949462890625, 499.0, 92.02820587158203], [306.45953369140625, 16.697450637817383, 354.0040283203125, 72.260986328125]]}