{"categories": [0, 14, 17, 19, 24], "bboxes": [[65.77278137207031, 136.61587524414062, 172.3378448486328, 363.3264465332031], [180.0467071533203, 291.9278259277344, 227.98268127441406, 407.4655456542969], [42.537757873535156, 220.32220458984375, 174.90426635742188, 490.36395263671875], [201.57379150390625, 216.4642333984375, 326.75665283203125, 497.64166259765625], [0.03336334228515625, 325.9454345703125, 89.24536895751953, 451.54632568359375]]}