{"categories": [0, 59, 77], "bboxes": [[11.5477294921875, 66.27078247070312, 387.76397705078125, 235.29656982421875], [0.0, 21.123489379882812, 487.87445068359375, 265.6541748046875], [273.55242919921875, 108.140380859375, 398.1590576171875, 198.26617431640625]]}