{"categories": [0, 45, 63, 77], "bboxes": [[136.79022216796875, 115.57125091552734, 327.137939453125, 354.2422180175781], [323.19415283203125, 226.2972412109375, 374.0, 264.2217102050781], [154.0686798095703, 280.5907897949219, 373.80743408203125, 478.7344055175781], [103.29829406738281, 131.68539428710938, 209.5338592529297, 220.08627319335938]]}