{"categories": [0, 2, 7, 35], "bboxes": [[347.8105773925781, 6.9223175048828125, 521.1173095703125, 477.63531494140625], [0.022216796875, 179.71035766601562, 20.029191970825195, 190.94314575195312], [611.1060791015625, 173.07298278808594, 638.6551513671875, 193.2191925048828], [346.1460266113281, 272.4357604980469, 395.2907409667969, 361.1886291503906]]}