{"categories": [0, 26, 27], "bboxes": [[18.86798858642578, 0.0, 189.13662719726562, 631.5445556640625], [312.5766296386719, 148.88729858398438, 367.5303649902344, 333.7422790527344], [247.3092041015625, 166.78921508789062, 280.27850341796875, 332.08917236328125]]}