{"categories": [0, 1, 2, 24, 25, 26, 58], "bboxes": [[417.78875732421875, 92.39753723144531, 548.8802490234375, 435.55908203125], [172.40304565429688, 216.6555633544922, 278.00897216796875, 471.0516357421875], [9.553498268127441, 348.1162109375, 33.33399963378906, 371.0819091796875], [93.11163330078125, 100.5350570678711, 183.47930908203125, 201.91134643554688], [407.885498046875, 71.93702697753906, 577.2487182617188, 130.3679656982422], [52.78310775756836, 122.6147689819336, 137.81321716308594, 274.0997619628906], [499.51947021484375, 242.19459533691406, 619.7343139648438, 417.754150390625]]}