{"categories": [0, 30], "bboxes": [[378.20001220703125, 70.32853698730469, 430.84783935546875, 234.92088317871094], [369.12786865234375, 218.26156616210938, 437.876708984375, 255.20831298828125]]}