{"categories": [0, 26, 39, 40, 60, 65, 74], "bboxes": [[231.0050048828125, 161.07357788085938, 323.87420654296875, 372.9577941894531], [39.974918365478516, 219.99786376953125, 59.16048049926758, 248.7884521484375], [356.178955078125, 259.4479675292969, 369.587646484375, 306.5284729003906], [317.18280029296875, 254.8259735107422, 343.91766357421875, 304.7965393066406], [298.55596923828125, 262.80487060546875, 464.362060546875, 368.24822998046875], [85.43887329101562, 286.07965087890625, 108.39869689941406, 308.9168701171875], [314.53363037109375, 130.29287719726562, 329.558349609375, 154.90252685546875]]}