{"categories": [0, 16, 55, 56, 60], "bboxes": [[200.37734985351562, 0.4913482666015625, 452.2328796386719, 294.97149658203125], [125.70539855957031, 162.52621459960938, 202.38670349121094, 246.5845947265625], [186.30224609375, 242.90232849121094, 345.74456787109375, 359.7219543457031], [8.512908935546875, 114.32467651367188, 96.6140365600586, 268.65972900390625], [12.213699340820312, 217.20896911621094, 487.7630615234375, 367.813720703125]]}