{"categories": [0, 29], "bboxes": [[392.4862976074219, 86.85073852539062, 422.1711120605469, 166.81446838378906], [153.55226135253906, 143.40347290039062, 184.24903869628906, 157.42953491210938]]}