{"categories": [0, 34, 35, 37], "bboxes": [[167.71432495117188, 267.66033935546875, 245.46981811523438, 463.92364501953125], [141.51141357421875, 249.39190673828125, 182.55438232421875, 343.65618896484375], [111.09713745117188, 384.4927673339844, 143.38882446289062, 411.3060607910156], [95.8226089477539, 426.5592956542969, 119.12677764892578, 489.5143127441406]]}