{"categories": [0, 27, 41, 45, 50, 55, 58, 60], "bboxes": [[234.19613647460938, 26.188949584960938, 460.6103820800781, 301.032958984375], [297.2217102050781, 85.0083236694336, 318.4203796386719, 100.20027923583984], [169.07626342773438, 182.38978576660156, 211.2156982421875, 234.85829162597656], [126.95411682128906, 180.64541625976562, 167.5109405517578, 194.53762817382812], [141.72238159179688, 241.7452392578125, 165.38543701171875, 275.63360595703125], [149.3723907470703, 192.43466186523438, 269.22381591796875, 304.0], [274.4961242675781, 269.8921813964844, 353.4902038574219, 304.0], [78.92373657226562, 169.73812866210938, 348.7728576660156, 298.7018127441406]]}