{"categories": [0, 17, 27, 39, 41, 45, 55, 60, 69], "bboxes": [[451.77716064453125, 43.60844421386719, 638.4205932617188, 421.7413330078125], [253.85641479492188, 96.69743347167969, 300.0902404785156, 149.8356475830078], [524.810302734375, 171.1016845703125, 571.6983642578125, 283.9920349121094], [248.30543518066406, 285.207763671875, 267.3480224609375, 326.2977294921875], [41.76995086669922, 317.0655517578125, 68.25416564941406, 339.0469970703125], [67.71382141113281, 330.91375732421875, 91.26358032226562, 347.3477783203125], [260.678955078125, 228.40695190429688, 366.1610107421875, 341.2223815917969], [179.24903869628906, 316.22760009765625, 455.8271484375, 426.0], [174.6039276123047, 272.67327880859375, 212.88890075683594, 331.8201904296875]]}