{"categories": [0, 2, 7, 9, 13, 30, 31, 58], "bboxes": [[234.04815673828125, 80.6780014038086, 336.3826904296875, 298.4501037597656], [7.373960494995117, 117.9322509765625, 63.97303771972656, 162.01071166992188], [0.8029346466064453, 96.82384490966797, 55.93251037597656, 144.98431396484375], [190.97512817382812, 1.0221738815307617, 197.33380126953125, 11.140531539916992], [371.8966369628906, 12.382408142089844, 443.8998107910156, 41.32120895385742], [164.6860809326172, 272.8735656738281, 338.602783203125, 301.9062805175781], [161.10226440429688, 272.58648681640625, 346.3556213378906, 304.27215576171875], [389.7630920410156, 85.2435073852539, 427.5278015136719, 142.23770141601562]]}