{"categories": [0, 24, 30], "bboxes": [[229.52130126953125, 195.75376892089844, 292.72320556640625, 325.63330078125], [253.22398376464844, 213.279052734375, 286.097900390625, 258.8210754394531], [206.535400390625, 312.34747314453125, 311.86297607421875, 334.69390869140625]]}