{"categories": [0, 39, 56, 60, 63], "bboxes": [[327.55908203125, 28.472633361816406, 465.1456298828125, 282.1855773925781], [297.3866882324219, 96.97004699707031, 310.8439025878906, 138.2324676513672], [11.029258728027344, 137.1337890625, 145.68704223632812, 339.30792236328125], [56.797088623046875, 137.25209045410156, 368.3919372558594, 344.77557373046875], [246.2111358642578, 95.22831726074219, 303.60943603515625, 141.8616180419922]]}