{"categories": [0, 17, 24, 26, 28], "bboxes": [[33.10693359375, 67.28768157958984, 135.09036254882812, 286.8353576660156], [135.2237548828125, 69.40682220458984, 353.5837097167969, 268.3753967285156], [178.86341857910156, 90.05897521972656, 233.90907287597656, 166.2832794189453], [29.685806274414062, 134.6101837158203, 57.771705627441406, 169.5447235107422], [442.890869140625, 238.45794677734375, 498.60357666015625, 273.02923583984375]]}