{"categories": [0, 2, 5, 7, 16, 18, 25, 58], "bboxes": [[48.37260818481445, 234.23995971679688, 175.4969482421875, 621.43896484375], [403.470947265625, 168.78529357910156, 598.0, 412.788330078125], [109.70533752441406, 63.16473388671875, 437.7662353515625, 288.5242919921875], [85.19259643554688, 66.8047866821289, 443.3962707519531, 311.26373291015625], [124.06794738769531, 343.88970947265625, 185.24842834472656, 440.19085693359375], [209.24365234375, 307.651123046875, 355.04254150390625, 489.31903076171875], [51.5968017578125, 204.75184631347656, 248.88720703125, 303.9453125], [549.6594848632812, 69.48161315917969, 595.3159790039062, 176.81167602539062]]}