{"categories": [0, 10, 29, 51], "bboxes": [[101.04609680175781, 78.61922454833984, 243.3575897216797, 327.9087829589844], [193.99685668945312, 161.3923797607422, 321.4704284667969, 329.72686767578125], [381.9888000488281, 198.126953125, 417.8392028808594, 296.17138671875], [383.71112060546875, 207.93138122558594, 416.53826904296875, 295.8570251464844]]}