{"categories": [0, 25, 26, 33, 34, 37], "bboxes": [[469.0036315917969, 155.4150390625, 487.9945983886719, 209.74969482421875], [592.2725219726562, 196.9172821044922, 617.9674682617188, 371.6285400390625], [153.42198181152344, 360.5303955078125, 185.63914489746094, 442.33160400390625], [9.45574951171875, 252.07705688476562, 112.3897933959961, 440.1200866699219], [332.0723571777344, 191.7306365966797, 348.0671081542969, 220.77806091308594], [168.56137084960938, 233.71029663085938, 239.85464477539062, 386.8457946777344]]}