{"categories": [0, 30], "bboxes": [[257.1800842285156, 97.75434112548828, 328.2548522949219, 265.9476318359375], [156.90072631835938, 262.7752685546875, 237.69039916992188, 297.59210205078125]]}