{"categories": [0, 39, 40, 41, 42, 54, 60, 62], "bboxes": [[28.65139389038086, 28.6402587890625, 117.92018127441406, 208.40638732910156], [38.48857116699219, 231.33087158203125, 77.1772232055664, 302.7706298828125], [404.4621887207031, 244.1180419921875, 427.1600646972656, 282.956787109375], [366.3284606933594, 230.81423950195312, 386.1034240722656, 274.47076416015625], [85.58338165283203, 246.6531982421875, 107.43726348876953, 300.30828857421875], [353.6227722167969, 181.32406616210938, 388.7748718261719, 204.04629516601562], [26.183868408203125, 160.08474731445312, 432.6871643066406, 299.89532470703125], [264.4461364746094, 19.523880004882812, 290.7596130371094, 50.92674255371094]]}