{"categories": [0, 34, 67], "bboxes": [[409.10101318359375, 47.154815673828125, 638.9093627929688, 423.8878479003906], [35.89674377441406, 93.38255310058594, 328.24774169921875, 272.23040771484375], [444.1609191894531, 71.10702514648438, 472.8373718261719, 114.57212829589844]]}