{"categories": [0, 27, 38], "bboxes": [[161.3558349609375, 32.486846923828125, 332.0, 492.8963928222656], [199.0453338623047, 151.39883422851562, 235.86033630371094, 281.5024108886719], [18.563907623291016, 429.4579772949219, 70.15911865234375, 499.0]]}