{"categories": [0, 25, 41, 42, 44, 45, 48, 53, 58, 60, 75], "bboxes": [[428.4707946777344, 173.81004333496094, 638.49267578125, 472.0736083984375], [113.96298217773438, 243.47727966308594, 236.66629028320312, 332.1342468261719], [274.99481201171875, 378.44488525390625, 327.7403564453125, 444.03961181640625], [177.70236206054688, 429.4274597167969, 228.0516357421875, 473.8235778808594], [452.3516845703125, 366.9031066894531, 476.344482421875, 430.7535095214844], [423.854248046875, 277.146240234375, 535.6339721679688, 341.65960693359375], [178.62864685058594, 369.7185363769531, 279.05322265625, 423.3231506347656], [213.511474609375, 430.44561767578125, 274.81768798828125, 462.048095703125], [372.57891845703125, 179.9397735595703, 542.5390014648438, 345.95416259765625], [135.91696166992188, 353.65667724609375, 567.932861328125, 474.97320556640625], [310.1905212402344, 332.98944091796875, 351.5201721191406, 414.761474609375]]}