{"categories": [0, 57, 65, 73, 74], "bboxes": [[73.0062255859375, 10.600082397460938, 249.9310302734375, 331.43505859375], [0.0, 125.34306335449219, 194.66058349609375, 266.56829833984375], [116.41173553466797, 219.0631561279297, 148.86187744140625, 271.2646484375], [332.78192138671875, 0.36309814453125, 499.0, 332.0], [249.2524871826172, 76.02743530273438, 293.2183532714844, 127.53683471679688]]}