{"categories": [0, 41, 44, 45, 47, 55, 56, 60, 69], "bboxes": [[208.51718139648438, 123.22386932373047, 392.6039123535156, 324.9122009277344], [300.1313781738281, 344.6446228027344, 357.3754577636719, 423.9515075683594], [307.55364990234375, 264.6414794921875, 349.46087646484375, 316.5], [368.4501953125, 369.29925537109375, 435.05682373046875, 411.71685791015625], [535.978515625, 350.1119384765625, 578.2320556640625, 389.7642822265625], [91.98773956298828, 334.5263977050781, 171.89981079101562, 379.7577209472656], [160.91604614257812, 212.5137176513672, 210.05795288085938, 267.3607482910156], [39.27166748046875, 278.12054443359375, 639.0, 426.0], [451.80218505859375, 296.9064636230469, 510.109375, 323.6404724121094]]}