{"categories": [0, 19, 20], "bboxes": [[84.77516174316406, 220.57901000976562, 166.58644104003906, 397.9685974121094], [282.286865234375, 241.54373168945312, 373.0625, 310.2893981933594], [163.03065490722656, 147.520263671875, 237.60365295410156, 267.6077880859375]]}