{"categories": [0, 29, 32], "bboxes": [[3.1444549560546875, 59.03900146484375, 265.14227294921875, 389.5707702636719], [244.73919677734375, 215.9217987060547, 284.1553955078125, 235.67823791503906], [276.0928649902344, 325.56256103515625, 322.6297302246094, 371.4664306640625]]}