{"categories": [0, 26, 39, 41, 45, 60, 69, 72], "bboxes": [[334.3158874511719, 94.23284912109375, 422.2673645019531, 328.3240661621094], [327.82977294921875, 188.53408813476562, 354.04754638671875, 254.45025634765625], [334.4366760253906, 104.17249298095703, 341.5248718261719, 124.26415252685547], [114.92477416992188, 196.03298950195312, 134.50477600097656, 218.69772338867188], [86.33831787109375, 240.1797332763672, 143.2959442138672, 273.3410949707031], [7.66253662109375, 212.886962890625, 262.9275207519531, 330.4515380859375], [38.75669860839844, 210.3484649658203, 390.2601318359375, 328.0776672363281], [174.61842346191406, 58.02758026123047, 322.52862548828125, 265.8340148925781]]}