{"categories": [0, 24, 25, 26, 58, 67], "bboxes": [[2.50494384765625, 19.327178955078125, 399.20263671875, 416.9344177246094], [22.937042236328125, 176.13851928710938, 312.568603515625, 419.2301330566406], [32.4146728515625, 0.0, 639.0, 425.0], [16.825042724609375, 196.13577270507812, 314.58856201171875, 417.8712463378906], [413.0511474609375, 314.68048095703125, 573.1729736328125, 423.09893798828125], [304.1067810058594, 234.72642517089844, 343.0099792480469, 261.9308166503906]]}