{"categories": [0, 2, 7, 34, 38], "bboxes": [[182.77835083007812, 68.53741455078125, 309.1851806640625, 332.0], [422.5361328125, 246.24273681640625, 499.0, 279.488037109375], [414.4527282714844, 244.16139221191406, 499.0, 279.2090759277344], [299.8363952636719, 189.91612243652344, 328.7469787597656, 211.7701873779297], [299.07958984375, 194.43296813964844, 410.589111328125, 272.2418212890625]]}