{"categories": [0, 3, 8, 13, 28, 56, 65, 67], "bboxes": [[89.1057357788086, 86.63835144042969, 217.47647094726562, 332.0], [0.3492698669433594, 192.17230224609375, 86.95416259765625, 330.2381591796875], [35.88761901855469, 138.44183349609375, 499.0, 323.08856201171875], [68.65666198730469, 162.48468017578125, 474.28082275390625, 317.9510498046875], [405.0496520996094, 136.74639892578125, 499.0, 324.5204162597656], [380.72857666015625, 133.76852416992188, 499.0, 322.9422302246094], [76.20393371582031, 118.24029541015625, 87.51847839355469, 142.10116577148438], [263.6993408203125, 183.55429077148438, 293.61138916015625, 225.881591796875]]}