{"categories": [0, 30], "bboxes": [[150.08151245117188, 174.05340576171875, 235.41415405273438, 378.33099365234375], [34.90721130371094, 356.47613525390625, 225.1728973388672, 385.54010009765625]]}