{"categories": [0, 3, 13, 24], "bboxes": [[407.1423034667969, 116.79425048828125, 466.0860900878906, 271.32470703125], [103.71481323242188, 222.72564697265625, 388.76666259765625, 355.60498046875], [4.112693786621094, 262.89825439453125, 159.00894165039062, 355.08697509765625], [422.45745849609375, 142.6707763671875, 452.27734375, 193.48724365234375]]}