{"categories": [0, 27, 43, 65], "bboxes": [[183.5971221923828, 59.56221008300781, 266.28802490234375, 360.9334716796875], [209.74850463867188, 119.3856201171875, 223.76712036132812, 152.83575439453125], [194.39500427246094, 253.43528747558594, 225.8092803955078, 294.5484313964844], [252.77859497070312, 233.71620178222656, 261.9170837402344, 256.771240234375]]}