{"categories": [0, 40, 45, 58, 60, 62, 73, 75], "bboxes": [[302.7738952636719, 22.786636352539062, 425.8417663574219, 330.044921875], [313.4591064453125, 137.02183532714844, 338.43621826171875, 190.54527282714844], [190.75979614257812, 191.19126892089844, 251.790771484375, 216.55039978027344], [226.45587158203125, 188.90029907226562, 343.37847900390625, 326.4895935058594], [99.22086334228516, 197.181884765625, 331.3431701660156, 328.5576171875], [254.14859008789062, 39.86374282836914, 313.6049499511719, 104.84310913085938], [0.10588932037353516, 60.48516845703125, 22.486831665039062, 98.04019165039062], [288.7479553222656, 137.5106201171875, 300.0314636230469, 165.35772705078125]]}