{"categories": [0, 20, 26, 67], "bboxes": [[292.53759765625, 133.66961669921875, 480.433349609375, 478.04656982421875], [119.85372924804688, 72.39877319335938, 387.9438781738281, 362.7013244628906], [4.0699310302734375, 341.52166748046875, 216.2002410888672, 474.5167236328125], [114.86522674560547, 233.61871337890625, 159.01829528808594, 258.7222900390625]]}