{"categories": [0, 1, 3, 14, 24], "bboxes": [[345.5099792480469, 470.1508483886719, 399.7945861816406, 595.1026000976562], [177.91806030273438, 482.4389343261719, 244.3773193359375, 562.5040283203125], [93.62422180175781, 472.2044677734375, 137.96156311035156, 578.4759521484375], [85.172119140625, 44.381805419921875, 108.22283935546875, 74.3565902709961], [185.06752014160156, 452.1856994628906, 222.73194885253906, 505.3578796386719]]}