{"categories": [0, 30], "bboxes": [[80.29080200195312, 267.83685302734375, 134.8229522705078, 405.40631103515625], [163.74844360351562, 434.3243713378906, 207.36898803710938, 482.1982727050781]]}