{"categories": [0, 32, 34, 35], "bboxes": [[117.26681518554688, 253.78134155273438, 222.75918579101562, 376.6873474121094], [232.213623046875, 270.7544250488281, 244.12924194335938, 289.0348205566406], [122.27882385253906, 360.9997863769531, 179.0786590576172, 409.4208068847656], [117.96299743652344, 287.31622314453125, 136.61087036132812, 305.67431640625]]}