{"categories": [0, 13, 20], "bboxes": [[62.441139221191406, 145.28704833984375, 318.0668640136719, 470.35662841796875], [2.637561798095703, 7.485744476318359, 125.96563720703125, 96.9339599609375], [56.290618896484375, 0.0, 519.1275634765625, 438.51190185546875]]}