{"categories": [0, 28, 32, 34, 35, 36, 38, 56], "bboxes": [[49.435089111328125, 161.34844970703125, 188.07504272460938, 341.0545959472656], [338.7108459472656, 115.62812805175781, 382.7704162597656, 140.0063018798828], [297.92022705078125, 154.723876953125, 310.95928955078125, 165.826416015625], [45.120452880859375, 248.4456024169922, 81.50325775146484, 280.598388671875], [219.28738403320312, 277.69580078125, 238.71368408203125, 311.48016357421875], [162.0943145751953, 147.98110961914062, 312.62017822265625, 171.69305419921875], [156.34701538085938, 149.00367736816406, 315.27276611328125, 170.1419219970703], [213.69625854492188, 48.47172546386719, 269.3851013183594, 120.74436950683594]]}