{"categories": [0, 29, 60, 68, 73], "bboxes": [[84.92937469482422, 158.90570068359375, 240.06472778320312, 329.453125], [378.0418395996094, 59.520530700683594, 426.8023376464844, 85.31409454345703], [0.17766571044921875, 297.8607482910156, 150.07125854492188, 330.1752014160156], [155.22872924804688, 89.79275512695312, 235.52142333984375, 141.57208251953125], [425.8455810546875, 116.80216979980469, 473.31463623046875, 126.48957824707031]]}