{"categories": [0, 36], "bboxes": [[236.50106811523438, 282.17315673828125, 369.5464782714844, 557.4827270507812], [208.8470458984375, 552.9087524414062, 329.8485107421875, 614.1333618164062]]}