{"categories": [0, 36], "bboxes": [[57.077880859375, 233.0441436767578, 102.77922058105469, 357.4547119140625], [114.15745544433594, 214.7646484375, 242.8494110107422, 283.6067810058594]]}