{"categories": [0, 37], "bboxes": [[175.56884765625, 61.959129333496094, 345.12060546875, 292.17236328125], [119.0487060546875, 233.44818115234375, 387.0375671386719, 319.85498046875]]}