{"categories": [0, 5, 7, 24, 26, 28], "bboxes": [[238.67967224121094, 159.18399047851562, 323.32623291015625, 351.3871765136719], [177.90792846679688, 145.69485473632812, 430.6023864746094, 233.29458618164062], [39.31243133544922, 148.2753143310547, 212.59698486328125, 253.6029510498047], [279.76739501953125, 183.66905212402344, 316.9625244140625, 247.5677032470703], [221.66363525390625, 215.24058532714844, 246.31118774414062, 262.5401916503906], [76.90660095214844, 277.1594543457031, 145.65255737304688, 352.3747863769531]]}