{"categories": [0, 41, 45, 55, 60], "bboxes": [[168.6181182861328, 44.45985412597656, 369.61578369140625, 341.25531005859375], [311.6391296386719, 134.33084106445312, 352.5482482910156, 192.20849609375], [415.3467102050781, 390.4518127441406, 485.9354553222656, 441.5021667480469], [206.21359252929688, 326.1714782714844, 394.4800720214844, 443.8539123535156], [73.65773010253906, 307.52752685546875, 469.51214599609375, 493.271728515625]]}