{"categories": [0, 35], "bboxes": [[48.75273132324219, 188.51669311523438, 334.5870361328125, 394.7945251464844], [283.296875, 215.5604705810547, 332.66046142578125, 255.2060089111328]]}