{"categories": [0, 27, 55, 60, 75], "bboxes": [[9.718093872070312, 23.269683837890625, 348.16998291015625, 557.9588623046875], [307.322021484375, 148.8498992919922, 407.86346435546875, 407.96710205078125], [326.40625, 383.17083740234375, 508.414306640625, 590.7275390625], [23.444854736328125, 459.6839599609375, 603.0364990234375, 604.783203125], [119.57244110107422, 428.0947265625, 180.06642150878906, 573.490478515625]]}