{"categories": [0, 24, 30], "bboxes": [[125.75527954101562, 63.131134033203125, 255.28305053710938, 336.1391906738281], [157.20193481445312, 101.15986633300781, 237.8489990234375, 184.8105010986328], [348.10003662109375, 320.9099426269531, 477.13372802734375, 419.3177795410156]]}