{"categories": [0, 17], "bboxes": [[231.20809936523438, 26.614341735839844, 356.1174011230469, 251.78958129882812], [213.50039672851562, 130.63014221191406, 356.5995788574219, 372.734619140625]]}