{"categories": [0, 30], "bboxes": [[251.74903869628906, 74.98750305175781, 438.61041259765625, 556.7010498046875], [61.677032470703125, 502.6361999511719, 479.0, 625.3062133789062]]}