{"categories": [0, 17, 39, 40, 41, 48, 52, 54, 60, 62, 74, 75], "bboxes": [[303.03887939453125, 154.99876403808594, 548.4714965820312, 424.5111083984375], [199.10745239257812, 16.85186004638672, 280.1290588378906, 71.3235855102539], [90.47280883789062, 366.19183349609375, 118.51167297363281, 431.0], [232.18008422851562, 392.4645080566406, 267.7680358886719, 429.2853698730469], [322.6380310058594, 397.9542236328125, 386.5063171386719, 431.0], [161.2047119140625, 276.03802490234375, 211.01657104492188, 382.995849609375], [161.6413116455078, 276.227294921875, 210.04380798339844, 366.29229736328125], [322.3001403808594, 306.7066955566406, 373.5473327636719, 347.1531677246094], [23.53302001953125, 363.1451110839844, 429.5224609375, 430.1022033691406], [8.466278076171875, 225.38162231445312, 78.39347076416016, 323.5693664550781], [428.6076965332031, 358.7942199707031, 443.0974426269531, 377.7539367675781], [267.2230224609375, 343.6650390625, 314.929931640625, 393.52117919921875]]}