{"categories": [0, 40, 47, 57, 60, 73], "bboxes": [[226.8987579345703, 121.92457580566406, 363.2174072265625, 474.44927978515625], [2.2864561080932617, 279.73992919921875, 32.695491790771484, 325.84515380859375], [107.37297058105469, 0.0, 190.5006866455078, 53.07865905761719], [234.8354034423828, 242.77830505371094, 579.231689453125, 446.10791015625], [573.953125, 363.0704040527344, 639.0, 473.0970764160156], [610.0446166992188, 359.52947998046875, 639.0, 372.12481689453125]]}