{"categories": [0, 57, 60, 65, 73, 79], "bboxes": [[33.362213134765625, 27.114944458007812, 325.6413879394531, 466.35540771484375], [5.434661865234375, 249.42648315429688, 248.64309692382812, 491.0062561035156], [257.6171875, 194.17617797851562, 331.5050048828125, 354.5680847167969], [171.19570922851562, 202.3614501953125, 198.07553100585938, 225.95492553710938], [78.25231170654297, 279.49053955078125, 131.62887573242188, 331.9259033203125], [174.834716796875, 206.00286865234375, 217.9088134765625, 274.0414733886719]]}