{"categories": [0, 1, 17, 74], "bboxes": [[274.11004638671875, 115.11495971679688, 364.18621826171875, 334.4111328125], [92.32669830322266, 314.19439697265625, 280.5310974121094, 412.00775146484375], [138.5491485595703, 187.9912567138672, 472.9375, 446.384521484375], [117.21687316894531, 3.6117019653320312, 193.1374969482422, 206.206787109375]]}