{"categories": [0, 26, 27, 41, 42, 43, 45, 55, 60, 67], "bboxes": [[96.90568542480469, 78.07748413085938, 381.4132080078125, 423.1454772949219], [9.207324981689453, 206.58270263671875, 42.049354553222656, 271.4143981933594], [363.08587646484375, 178.97488403320312, 379.34307861328125, 242.23406982421875], [403.4495544433594, 368.9836730957031, 420.7039489746094, 391.9549865722656], [388.8021240234375, 391.4705810546875, 410.10791015625, 421.55462646484375], [376.4888916015625, 243.49639892578125, 432.4085693359375, 285.8807373046875], [511.6309814453125, 313.3072204589844, 582.5284423828125, 354.7464904785156], [421.77880859375, 268.32037353515625, 529.1610717773438, 427.0], [342.0458068847656, 292.45159912109375, 589.9835815429688, 425.8951416015625], [129.81536865234375, 173.078369140625, 151.66921997070312, 190.35418701171875]]}