{"categories": [0, 32, 41, 42, 45, 55, 57, 60, 73], "bboxes": [[200.8993682861328, 68.16194152832031, 420.722412109375, 328.48046875], [437.6197509765625, 0.0, 499.0, 45.65055847167969], [423.0422668457031, 216.89584350585938, 454.8599548339844, 265.616455078125], [216.76690673828125, 207.7423095703125, 241.07858276367188, 230.62808227539062], [224.29881286621094, 212.6192626953125, 309.53546142578125, 259.78192138671875], [248.57391357421875, 226.50192260742188, 279.14068603515625, 249.52871704101562], [19.27032470703125, 126.14488220214844, 476.2872314453125, 324.98095703125], [343.7568664550781, 199.23858642578125, 499.0, 326.85382080078125], [55.37693786621094, 250.43772888183594, 150.42247009277344, 285.766357421875]]}