{"categories": [0, 24, 30, 31], "bboxes": [[2.270294189453125, 59.815277099609375, 187.33070373535156, 363.8833923339844], [474.9881286621094, 256.97479248046875, 499.0, 289.10577392578125], [109.89682006835938, 336.4509582519531, 161.22503662109375, 374.0], [397.6401672363281, 314.89306640625, 476.8976135253906, 369.8863525390625]]}