{"categories": [0, 44, 45, 60, 63, 67], "bboxes": [[376.4012145996094, 138.1929931640625, 462.9322204589844, 338.24957275390625], [265.54583740234375, 366.8522644042969, 449.52581787109375, 464.2591247558594], [476.745361328125, 336.2481689453125, 624.4935302734375, 404.7506103515625], [19.996917724609375, 324.8430480957031, 615.9775390625, 466.1587829589844], [144.18984985351562, 298.4224853515625, 343.1423034667969, 408.10052490234375], [100.6129150390625, 395.0084228515625, 138.6976318359375, 406.5023193359375]]}