{"categories": [0, 19, 24, 25, 37], "bboxes": [[259.48284912109375, 91.92304992675781, 419.52471923828125, 422.7745361328125], [23.895217895507812, 403.36077880859375, 490.054443359375, 482.78472900390625], [183.0167236328125, 182.068115234375, 216.72000122070312, 213.36367797851562], [389.09246826171875, 120.1404800415039, 421.6898193359375, 239.02212524414062], [145.28439331054688, 162.28762817382812, 228.82803344726562, 351.3374328613281]]}