{"categories": [0, 2, 7, 8, 56], "bboxes": [[23.807296752929688, 201.1104736328125, 179.13340759277344, 343.5255126953125], [531.861328125, 116.70694732666016, 567.415771484375, 140.3341827392578], [531.0215454101562, 114.24869537353516, 568.2316284179688, 140.7122039794922], [2.083751678466797, 93.83384704589844, 91.51846313476562, 221.19163513183594], [242.3586883544922, 137.31654357910156, 273.6734619140625, 168.9281768798828]]}