{"categories": [0, 26, 37], "bboxes": [[160.2620849609375, 47.75392150878906, 271.18780517578125, 407.89892578125], [90.04385375976562, 263.03515625, 151.26211547851562, 328.07470703125], [244.31173706054688, 60.26410675048828, 337.5165710449219, 258.3158874511719]]}