{"categories": [0, 39, 57, 68, 73, 77], "bboxes": [[410.4608154296875, 73.1844482421875, 628.8133544921875, 501.49957275390625], [433.8661193847656, 29.661724090576172, 465.7555236816406, 104.38633728027344], [33.56440734863281, 445.17132568359375, 478.38189697265625, 509.19293212890625], [4.1964874267578125, 5.889610290527344, 101.71591186523438, 83.9798812866211], [253.52151489257812, 79.8436279296875, 313.2383117675781, 126.38204956054688], [114.53318786621094, 139.15133666992188, 475.30865478515625, 508.1153869628906]]}