{"categories": [0, 57, 59, 65, 73, 74], "bboxes": [[31.48004150390625, 88.12814331054688, 235.93203735351562, 494.0821838378906], [0.5805950164794922, 300.6794128417969, 44.293983459472656, 499.0], [0.0, 292.1340026855469, 356.86566162109375, 489.1773986816406], [201.92984008789062, 340.9485168457031, 242.27008056640625, 357.4974670410156], [358.8949279785156, 319.7173767089844, 380.0, 332.2524719238281], [228.85922241210938, 425.82958984375, 243.35226440429688, 442.08221435546875]]}