{"categories": [0, 30], "bboxes": [[197.10777282714844, 87.82328796386719, 407.345458984375, 390.77935791015625], [142.87225341796875, 374.3428039550781, 387.1771240234375, 401.4083557128906]]}