{"categories": [0, 27, 69, 72], "bboxes": [[243.7729949951172, 10.11517333984375, 499.0, 371.4444580078125], [329.5037536621094, 113.96435546875, 387.9402770996094, 372.2799072265625], [135.07049560546875, 80.15249633789062, 276.74530029296875, 351.8749084472656], [63.28631591796875, 0.0, 369.86224365234375, 369.98626708984375]]}