{"categories": [0, 24, 28, 56, 57, 60, 77], "bboxes": [[251.28207397460938, 193.81982421875, 338.1615295410156, 407.36956787109375], [38.35737609863281, 322.9148864746094, 111.69029235839844, 413.6242980957031], [40.95757293701172, 325.16363525390625, 112.12926483154297, 410.94854736328125], [166.46124267578125, 252.68601989746094, 220.69204711914062, 339.1990966796875], [281.56365966796875, 320.4135437011719, 499.0, 473.2263488769531], [125.16462707519531, 248.92251586914062, 231.8593292236328, 337.0123596191406], [372.4586486816406, 405.59307861328125, 444.9398498535156, 453.24591064453125]]}