{"categories": [0, 39, 41, 67], "bboxes": [[333.0876159667969, 95.56318664550781, 496.5471496582031, 323.35614013671875], [321.7486267089844, 42.64738464355469, 335.7920837402344, 80.4889144897461], [348.7348937988281, 292.49884033203125, 395.2468566894531, 337.837158203125], [424.008544921875, 149.9130859375, 442.3070068359375, 179.62173461914062]]}