{"categories": [0, 24, 30], "bboxes": [[39.54302978515625, 309.1566162109375, 201.0167694091797, 588.7197875976562], [56.3392333984375, 334.6554260253906, 121.38766479492188, 459.7447814941406], [16.421676635742188, 575.0720825195312, 325.74530029296875, 599.0999145507812]]}