{"categories": [0, 2, 13, 24, 28, 39, 41, 56, 58, 67, 73], "bboxes": [[165.4345703125, 20.096221923828125, 359.25323486328125, 261.9289855957031], [98.02969360351562, 7.039251327514648, 126.63461303710938, 46.51238250732422], [0.0, 127.9358901977539, 121.73126220703125, 260.2832946777344], [339.854736328125, 140.13397216796875, 450.361572265625, 260.57452392578125], [102.24089050292969, 190.55384826660156, 498.0316162109375, 391.3228759765625], [278.2430419921875, 197.3184814453125, 301.9500732421875, 264.6301574707031], [229.37831115722656, 237.1408233642578, 253.61778259277344, 266.41357421875], [114.83792114257812, 120.51535034179688, 176.09814453125, 161.9744873046875], [444.61358642578125, 133.42044067382812, 499.0, 245.4083251953125], [263.3227844238281, 120.81838989257812, 286.5110778808594, 137.716064453125], [89.87268829345703, 121.72474670410156, 120.33209991455078, 143.8746795654297]]}