{"categories": [0, 28, 41, 53, 56, 60], "bboxes": [[383.9315185546875, 68.8096923828125, 637.6952514648438, 377.9294128417969], [303.69256591796875, 103.41027069091797, 356.982421875, 128.7441864013672], [47.809852600097656, 306.60333251953125, 173.22378540039062, 455.75787353515625], [225.53724670410156, 386.4569396972656, 407.81646728515625, 448.3741760253906], [380.46539306640625, 260.2723083496094, 434.93609619140625, 368.8175964355469], [30.224151611328125, 344.71429443359375, 636.533935546875, 484.495849609375]]}