{"categories": [0, 13, 38], "bboxes": [[315.9247741699219, 52.41267395019531, 492.4647521972656, 329.474609375], [0.0, 194.2034149169922, 355.906005859375, 210.40919494628906], [80.57108306884766, 66.68229675292969, 120.86583709716797, 142.4002685546875]]}