{"categories": [0, 25], "bboxes": [[116.77815246582031, 309.061767578125, 186.25535583496094, 462.67633056640625], [120.63688659667969, 263.6783447265625, 206.3390655517578, 315.1636962890625]]}