{"categories": [0, 2, 4, 7, 24, 26], "bboxes": [[61.69581604003906, 173.84832763671875, 123.4873046875, 375.17779541015625], [171.08482360839844, 176.57188415527344, 205.3880157470703, 195.63880920410156], [100.54048156738281, 139.57720947265625, 412.09088134765625, 228.6539306640625], [366.74652099609375, 173.00177001953125, 619.3046264648438, 303.86566162109375], [194.2205810546875, 204.19549560546875, 226.29727172851562, 250.45187377929688], [181.46063232421875, 213.02694702148438, 204.92828369140625, 282.9937438964844]]}