{"categories": [0, 5, 6, 7, 13, 27, 28, 56], "bboxes": [[290.75811767578125, 129.90548706054688, 416.46234130859375, 302.55078125], [5.839057922363281, 2.2465972900390625, 227.08486938476562, 211.8642120361328], [85.22169494628906, 0.0, 499.0, 314.0706481933594], [0.0, 4.013427734375, 245.06512451171875, 333.0], [230.17300415039062, 203.7131805419922, 469.8155212402344, 306.57745361328125], [348.1921691894531, 108.82251739501953, 362.4721374511719, 156.92962646484375], [390.7193908691406, 226.230224609375, 472.2579650878906, 298.4261474609375], [280.2445373535156, 183.0862579345703, 391.7186584472656, 311.64898681640625]]}