{"categories": [0, 27, 28, 56, 58, 65], "bboxes": [[13.301700592041016, 55.35990905761719, 136.8137664794922, 425.62030029296875], [359.7060241699219, 96.4186782836914, 383.9725646972656, 182.85482788085938], [215.90174865722656, 292.7718200683594, 245.57823181152344, 384.6604919433594], [467.6290283203125, 247.2845458984375, 499.0, 425.4957275390625], [133.7806396484375, 0.0, 284.736328125, 131.26388549804688], [66.2530517578125, 236.9606170654297, 85.19387817382812, 255.71766662597656]]}