{"categories": [0, 41, 45, 55, 56, 60, 67], "bboxes": [[273.71197509765625, 130.2652587890625, 490.13568115234375, 343.546630859375], [63.07508087158203, 348.8689880371094, 122.14496612548828, 405.9861145019531], [205.82789611816406, 314.6139831542969, 239.0325164794922, 340.7414245605469], [207.7244873046875, 290.2679748535156, 300.4030456542969, 326.1958312988281], [101.30768585205078, 238.66241455078125, 186.0797119140625, 290.41943359375], [39.83758544921875, 282.424560546875, 603.9607543945312, 472.40655517578125], [1.8027687072753906, 150.501708984375, 22.202713012695312, 208.16336059570312]]}