{"categories": [0, 24, 26, 31, 36, 56], "bboxes": [[466.8708801269531, 121.09281158447266, 533.5593872070312, 256.9397888183594], [137.03887939453125, 123.99707794189453, 245.05441284179688, 264.56329345703125], [275.3748474121094, 142.23277282714844, 306.8313293457031, 228.7581024169922], [249.2612762451172, 222.17066955566406, 277.83447265625, 236.47190856933594], [352.662109375, 243.27069091796875, 399.13818359375, 325.23040771484375], [420.76422119140625, 166.6460418701172, 454.96258544921875, 230.77003479003906]]}