{"categories": [0, 2, 12, 13, 28, 36, 56, 68], "bboxes": [[199.85626220703125, 118.19920349121094, 332.0, 479.05462646484375], [0.7241935729980469, 240.19224548339844, 17.50813865661621, 304.2182312011719], [77.6015396118164, 192.6647491455078, 105.84464263916016, 260.5675354003906], [129.60714721679688, 259.97265625, 171.48211669921875, 321.76904296875], [136.63922119140625, 295.1556701660156, 240.83255004882812, 467.2501525878906], [28.265361785888672, 354.93084716796875, 51.94362258911133, 385.2706298828125], [138.2437286376953, 260.26336669921875, 170.34486389160156, 307.0379638671875], [187.00192260742188, 1.0454521179199219, 288.7928771972656, 39.60700225830078]]}