{"categories": [0, 1, 24, 35, 67], "bboxes": [[65.60940551757812, 54.882232666015625, 420.29034423828125, 633.2581787109375], [397.2735595703125, 268.69488525390625, 550.1478271484375, 566.9742431640625], [459.6392822265625, 105.95270538330078, 547.3864135742188, 211.7247314453125], [466.3387451171875, 111.23484802246094, 546.8167114257812, 199.9615020751953], [362.5246276855469, 273.37408447265625, 397.4900817871094, 330.73193359375]]}