{"categories": [0, 2, 16, 18, 24, 32], "bboxes": [[0.20186233520507812, 72.92222595214844, 55.928157806396484, 249.36390686035156], [556.205810546875, 177.18795776367188, 639.0, 215.109130859375], [61.906463623046875, 189.75564575195312, 157.56890869140625, 255.37466430664062], [373.3324279785156, 248.56564331054688, 484.1111145019531, 403.8803405761719], [138.21774291992188, 142.62185668945312, 168.598388671875, 190.48617553710938], [156.5055694580078, 359.0224609375, 191.37843322753906, 399.54156494140625]]}