{"categories": [0, 65, 71], "bboxes": [[33.77012634277344, 178.1317901611328, 422.464111328125, 629.5640869140625], [1.4414348602294922, 213.75924682617188, 51.860870361328125, 282.92352294921875], [18.393875122070312, 87.18283081054688, 94.88134765625, 114.6798095703125]]}