{"categories": [0, 34, 35], "bboxes": [[151.72535705566406, 113.94981384277344, 332.69830322265625, 452.065673828125], [154.16981506347656, 35.298431396484375, 169.44822692871094, 195.8754425048828], [317.48486328125, 402.78521728515625, 356.60162353515625, 452.68316650390625]]}