{"categories": [0, 39, 41, 42, 43, 45, 52, 53, 56, 60, 79], "bboxes": [[233.44219970703125, 67.20189666748047, 427.3201904296875, 299.4282531738281], [202.98574829101562, 114.41607666015625, 226.68756103515625, 164.11126708984375], [258.5023498535156, 204.38900756835938, 281.6313781738281, 235.10186767578125], [218.85504150390625, 218.44776916503906, 248.9906005859375, 251.3086700439453], [317.68853759765625, 216.66738891601562, 337.3345947265625, 245.537109375], [183.87953186035156, 46.06278610229492, 260.8766784667969, 78.86671447753906], [95.42569732666016, 151.50779724121094, 147.33145141601562, 181.5605926513672], [283.6171569824219, 237.30007934570312, 329.8199157714844, 269.7970275878906], [95.26874542236328, 1.4154090881347656, 171.5325927734375, 88.26922607421875], [44.34820556640625, 115.4619140625, 339.8799133300781, 356.0992126464844], [234.9590301513672, 131.70513916015625, 255.0744171142578, 169.777099609375]]}