{"categories": [0, 2, 3], "bboxes": [[259.649658203125, 51.927703857421875, 550.9005126953125, 458.8992614746094], [125.25669860839844, 124.90401458740234, 181.66175842285156, 142.30506896972656], [19.098663330078125, 114.49446105957031, 592.5484619140625, 502.54248046875]]}