{"categories": [0, 39, 40, 44, 45, 55, 60], "bboxes": [[3.6727066040039062, 9.642974853515625, 253.64703369140625, 635.8330078125], [274.8614807128906, 353.9462890625, 313.3692932128906, 470.6273193359375], [310.5812072753906, 396.6437683105469, 337.3991394042969, 458.9669494628906], [217.05740356445312, 527.724853515625, 257.774658203125, 552.6390380859375], [276.67852783203125, 467.1192626953125, 316.11773681640625, 488.952880859375], [351.3824462890625, 360.4833679199219, 426.0, 463.2380676269531], [152.02444458007812, 449.62310791015625, 424.8448181152344, 629.3252563476562]]}