{"categories": [0, 34], "bboxes": [[9.52264404296875, 120.50480651855469, 224.47430419921875, 436.8787841796875], [23.083351135253906, 64.82420349121094, 89.12787628173828, 192.25010681152344]]}