{"categories": [0, 24, 25, 40, 45, 56, 60], "bboxes": [[31.045013427734375, 96.22116088867188, 219.88351440429688, 372.2104797363281], [390.6984558105469, 261.0955810546875, 471.0553283691406, 317.89923095703125], [39.34880065917969, 10.941333770751953, 399.2198486328125, 119.87066650390625], [263.7180480957031, 226.6720428466797, 285.6444396972656, 284.6863708496094], [207.9306182861328, 269.54290771484375, 243.67088317871094, 286.1650390625], [0.0, 213.11692810058594, 45.997642517089844, 368.23760986328125], [197.04782104492188, 233.7781524658203, 499.0, 351.63909912109375]]}