{"categories": [0, 34, 35], "bboxes": [[150.78189086914062, 69.66802978515625, 440.2110900878906, 339.0], [294.51458740234375, 43.142364501953125, 433.14013671875, 164.5216064453125], [282.5972595214844, 34.97120666503906, 305.7462463378906, 58.75055694580078]]}