{"categories": [0, 28, 39, 41, 45, 48, 53, 56, 60, 65, 79], "bboxes": [[54.052642822265625, 59.07170104980469, 370.5263977050781, 371.15240478515625], [403.7341003417969, 259.5340576171875, 499.0, 360.82427978515625], [244.40213012695312, 145.23643493652344, 267.7709045410156, 187.29954528808594], [288.61676025390625, 163.02490234375, 313.44598388671875, 206.64105224609375], [196.3549041748047, 179.23355102539062, 245.74851989746094, 193.403076171875], [27.327354431152344, 0.0, 149.2427978515625, 72.62043762207031], [326.3636474609375, 173.5015869140625, 372.59521484375, 186.81143188476562], [82.78343200683594, 326.6495666503906, 256.959228515625, 371.2752990722656], [182.63333129882812, 159.43865966796875, 410.5306701660156, 270.0751953125], [229.93157958984375, 264.6912536621094, 258.6800537109375, 281.0370788574219], [283.05291748046875, 144.9618377685547, 295.9666748046875, 171.9462432861328]]}