{"categories": [0, 25, 59], "bboxes": [[79.81507873535156, 165.38087463378906, 345.01995849609375, 472.4783935546875], [0.0, 0.0, 606.5663452148438, 350.9164123535156], [0.0, 317.0168762207031, 639.0, 475.8725280761719]]}