{"categories": [0, 30], "bboxes": [[177.96890258789062, 196.07542419433594, 247.017822265625, 325.03228759765625], [237.5615234375, 300.837158203125, 347.321533203125, 312.08660888671875]]}