{"categories": [0, 8, 13, 24, 30], "bboxes": [[130.1481170654297, 116.13796997070312, 202.0810089111328, 321.226806640625], [0.0, 0.0, 499.0, 357.963623046875], [0.0, 187.25706481933594, 145.02392578125, 300.01995849609375], [154.6048583984375, 143.8964080810547, 196.13397216796875, 194.6228790283203], [130.63198852539062, 304.8955993652344, 203.16082763671875, 368.2853698730469]]}