{"categories": [0, 27, 57], "bboxes": [[11.874481201171875, 6.7916259765625, 469.0079650878906, 368.10003662109375], [313.2547912597656, 194.11314392089844, 337.2380676269531, 230.96543884277344], [418.97052001953125, 92.88074493408203, 499.0, 288.58404541015625]]}