{"categories": [0, 25, 26, 41], "bboxes": [[84.089111328125, 71.83615112304688, 276.7520751953125, 608.628173828125], [45.409385681152344, 326.8707580566406, 154.16476440429688, 533.6390380859375], [101.55152893066406, 159.47109985351562, 235.39024353027344, 389.2897033691406], [482.1678466796875, 592.138916015625, 507.62158203125, 620.6903076171875]]}