{"categories": [0, 17, 24, 25], "bboxes": [[552.3450927734375, 229.09451293945312, 603.712646484375, 390.1830139160156], [46.98126220703125, 161.19757080078125, 231.84262084960938, 314.5745849609375], [411.2306823730469, 156.7061004638672, 437.6293029785156, 194.69288635253906], [499.4781188964844, 60.83111572265625, 639.0, 114.57341003417969]]}