{"categories": [0, 38], "bboxes": [[257.2991027832031, 92.22428894042969, 335.5250549316406, 301.33624267578125], [172.07046508789062, 193.79116821289062, 246.22088623046875, 247.59347534179688]]}