{"categories": [0, 25, 26], "bboxes": [[140.4588623046875, 87.42156982421875, 350.489013671875, 418.1166687011719], [347.5293884277344, 59.88685607910156, 639.0, 320.56072998046875], [65.7404556274414, 276.33935546875, 122.39546966552734, 417.9776611328125]]}