{"categories": [0, 38], "bboxes": [[273.1771545410156, 5.0652618408203125, 572.4840087890625, 422.72589111328125], [220.032958984375, 270.83978271484375, 291.85400390625, 392.7894287109375]]}