{"categories": [0, 17, 24, 26, 34, 62], "bboxes": [[3.8948612213134766, 228.35287475585938, 63.96977996826172, 299.7530212402344], [65.78759765625, 200.77230834960938, 356.2872314453125, 330.1581115722656], [350.53582763671875, 160.538330078125, 405.922119140625, 237.045654296875], [77.16604614257812, 229.37310791015625, 193.61581420898438, 330.76446533203125], [112.54794311523438, 123.3086166381836, 369.5484313964844, 276.3699951171875], [227.75021362304688, 15.282604217529297, 338.7035827636719, 88.24966430664062]]}