{"categories": [0, 38], "bboxes": [[344.851806640625, 157.40966796875, 446.806884765625, 266.9151611328125], [336.4042663574219, 191.0842742919922, 361.7679138183594, 206.5673370361328]]}