{"categories": [0, 5, 6, 74], "bboxes": [[243.16970825195312, 169.78555297851562, 293.9062805175781, 402.5035705566406], [289.5549011230469, 93.78337097167969, 374.0, 439.49285888671875], [10.379974365234375, 45.40245056152344, 374.0, 455.970703125], [159.2396240234375, 41.24118423461914, 174.64129638671875, 62.894779205322266]]}