{"categories": [0, 5, 26], "bboxes": [[230.95516967773438, 219.40567016601562, 283.5698547363281, 375.6982727050781], [0.0, 95.99943542480469, 631.8051147460938, 365.25531005859375], [276.9286193847656, 262.0384521484375, 310.5119323730469, 314.86474609375]]}