{"categories": [0, 5, 7, 13, 16, 17, 18, 56], "bboxes": [[538.8244018554688, 107.6417236328125, 639.0, 369.1534118652344], [0.0, 73.40777587890625, 362.372802734375, 257.7513122558594], [1.7232818603515625, 83.68485260009766, 356.5682373046875, 261.0985107421875], [0.0, 291.5190734863281, 155.46844482421875, 395.8238830566406], [148.68756103515625, 272.171142578125, 409.924072265625, 479.0], [150.7802276611328, 269.4895324707031, 403.36419677734375, 477.6460266113281], [150.5736083984375, 272.5519104003906, 406.262939453125, 479.0], [251.25816345214844, 193.82913208007812, 287.8718566894531, 227.29095458984375]]}