{"categories": [0, 32], "bboxes": [[81.802734375, 102.25265502929688, 205.60305786132812, 402.5452880859375], [418.100341796875, 20.069355010986328, 464.28045654296875, 65.13824462890625]]}