{"categories": [0, 3, 38, 41, 52, 53], "bboxes": [[579.9891967773438, 202.93087768554688, 637.9669799804688, 350.0264587402344], [504.8561096191406, 272.94769287109375, 584.3623657226562, 342.2542724609375], [411.90814208984375, 238.05728149414062, 431.08087158203125, 268.95672607421875], [38.581642150878906, 254.11715698242188, 99.70626068115234, 333.3791198730469], [113.7947998046875, 72.58953857421875, 207.829345703125, 116.45059204101562], [337.33160400390625, 252.74478149414062, 413.46466064453125, 277.5325622558594]]}