{"categories": [0, 37, 56, 58], "bboxes": [[375.15753173828125, 111.12525939941406, 513.4732666015625, 573.4531860351562], [0.0, 235.4437255859375, 611.0, 402.97772216796875], [224.97006225585938, 134.37060546875, 260.2103271484375, 193.80706787109375], [254.87413024902344, 128.22772216796875, 293.7097473144531, 196.91036987304688]]}