{"categories": [0, 24, 30, 31], "bboxes": [[62.621337890625, 156.4025421142578, 195.5382080078125, 348.08544921875], [181.84600830078125, 26.478979110717773, 214.88540649414062, 77.22727966308594], [57.055931091308594, 174.07229614257812, 256.4204406738281, 209.40570068359375], [58.24382781982422, 342.02716064453125, 224.74844360351562, 354.7523193359375]]}