{"categories": [0, 3, 24, 26], "bboxes": [[54.12689208984375, 31.38348388671875, 351.673583984375, 319.498046875], [0.0, 178.34896850585938, 245.60601806640625, 324.17584228515625], [55.884117126464844, 159.09605407714844, 233.34075927734375, 272.66265869140625], [45.459327697753906, 165.77565002441406, 234.06588745117188, 283.39990234375]]}