{"categories": [0, 20], "bboxes": [[138.06045532226562, 128.14830017089844, 272.2387390136719, 299.27166748046875], [0.0, 181.57003784179688, 310.0584716796875, 487.9302062988281]]}