{"categories": [0, 39, 41, 56, 60, 67], "bboxes": [[37.884925842285156, 54.33341979980469, 276.7168273925781, 356.46490478515625], [344.4423828125, 279.2227783203125, 404.7119140625, 374.0], [259.4848937988281, 290.8690185546875, 296.6312561035156, 337.58160400390625], [371.5622253417969, 114.60623168945312, 476.0825500488281, 289.8776550292969], [226.9917449951172, 331.3840637207031, 490.30889892578125, 372.0318298339844], [287.7500305175781, 171.91836547851562, 320.2957458496094, 195.16940307617188]]}