{"categories": [0, 26, 27, 58, 75], "bboxes": [[319.08905029296875, 31.5299072265625, 494.57037353515625, 315.74755859375], [148.4081573486328, 258.39947509765625, 181.97535705566406, 319.7994384765625], [213.9860382080078, 97.35592651367188, 232.3102569580078, 213.99761962890625], [291.6297302246094, 83.22614288330078, 326.1601867675781, 123.54175567626953], [100.99250030517578, 124.34938049316406, 139.48196411132812, 171.3518829345703]]}