{"categories": [0, 37], "bboxes": [[54.026329040527344, 81.04673767089844, 188.32489013671875, 404.2354736328125], [184.7407989501953, 146.00100708007812, 344.51324462890625, 265.79608154296875]]}