{"categories": [0, 23, 25, 56], "bboxes": [[9.4825439453125, 390.5607604980469, 164.57363891601562, 636.0028076171875], [170.9184112548828, 119.09040832519531, 426.0, 485.336669921875], [0.0, 2.6653289794921875, 337.68206787109375, 371.6746826171875], [0.17563152313232422, 391.08526611328125, 30.623584747314453, 633.0787963867188]]}