{"categories": [0, 27], "bboxes": [[149.9574737548828, 17.502716064453125, 411.48870849609375, 558.9833984375], [258.5609436035156, 182.07046508789062, 315.4233093261719, 441.3866271972656]]}