{"categories": [0, 1], "bboxes": [[3.518402099609375, 130.6830596923828, 165.33370971679688, 567.2286376953125], [239.88381958007812, 313.3926086425781, 375.2955627441406, 596.7955322265625]]}