{"categories": [0, 9, 12, 25, 60, 67], "bboxes": [[0.0, 259.8863525390625, 59.19545364379883, 634.6414794921875], [1.1888847351074219, 0.0, 43.47768020629883, 26.190731048583984], [167.72357177734375, 378.5448303222656, 282.2942199707031, 624.3799438476562], [315.601806640625, 0.0, 423.872802734375, 143.93106079101562], [38.34027862548828, 412.5631103515625, 98.80327606201172, 496.595947265625], [163.20684814453125, 321.9422302246094, 229.23220825195312, 416.9582214355469]]}