{"categories": [0, 41, 56, 65, 67], "bboxes": [[30.24207305908203, 0.0, 268.7713623046875, 238.4192657470703], [301.7216491699219, 96.23653411865234, 311.6515197753906, 107.44591522216797], [102.92477416992188, 13.212276458740234, 157.22848510742188, 62.1749382019043], [185.19097900390625, 351.463623046875, 223.80093383789062, 404.7176513671875], [236.65843200683594, 94.06402587890625, 253.12269592285156, 110.36824035644531]]}