{"categories": [0, 2, 32, 39, 58, 77], "bboxes": [[66.1879653930664, 24.5001220703125, 197.0389404296875, 362.7130432128906], [6.077367782592773, 9.276966094970703, 62.02752685546875, 33.95547103881836], [133.38121032714844, 135.05807495117188, 156.6833953857422, 151.92117309570312], [247.3221435546875, 78.49343872070312, 260.7701721191406, 110.06779479980469], [161.73822021484375, 24.2044677734375, 217.55264282226562, 94.73551940917969], [19.322139739990234, 174.32620239257812, 104.50640869140625, 283.2591857910156]]}