{"categories": [0, 2, 19, 29], "bboxes": [[138.70912170410156, 97.19318389892578, 253.6999053955078, 253.64889526367188], [268.7862548828125, 65.06526184082031, 292.67120361328125, 78.35804748535156], [320.770263671875, 69.37254333496094, 342.76397705078125, 79.43826293945312], [315.552490234375, 176.12271118164062, 348.5045166015625, 195.859130859375]]}