{"categories": [0, 13, 23], "bboxes": [[205.4083709716797, 207.440673828125, 317.4195556640625, 330.2325439453125], [13.303802490234375, 252.3380889892578, 373.6746826171875, 326.59649658203125], [298.62664794921875, 89.7315673828125, 371.81805419921875, 258.0425720214844]]}