{"categories": [0, 39, 40, 41], "bboxes": [[50.31237030029297, 194.09274291992188, 277.50018310546875, 475.7983703613281], [584.755859375, 345.17022705078125, 621.536865234375, 445.95550537109375], [219.2650604248047, 422.9842529296875, 261.12322998046875, 475.57049560546875], [135.26376342773438, 288.6833190917969, 163.04730224609375, 314.1263732910156]]}