{"categories": [0, 2, 27], "bboxes": [[1.5712890625, 21.655441284179688, 240.61912536621094, 458.2548828125], [0.0, 233.63534545898438, 65.133056640625, 388.6719665527344], [111.24327087402344, 144.51425170898438, 146.3230438232422, 294.2205505371094]]}