{"categories": [0, 24, 30, 31], "bboxes": [[189.42015075683594, 91.21452331542969, 339.23406982421875, 374.0], [0.0, 214.66815185546875, 35.91681671142578, 283.3197021484375], [79.55949401855469, 240.43516540527344, 211.14476013183594, 279.46282958984375], [148.43197631835938, 317.1311950683594, 198.72317504882812, 373.4618225097656]]}