{"categories": [0, 1, 2, 7, 9, 26], "bboxes": [[86.34562683105469, 478.56622314453125, 146.25210571289062, 637.5578002929688], [300.9004821777344, 504.51080322265625, 347.5775451660156, 570.4274291992188], [376.5563659667969, 473.4945373535156, 433.1327209472656, 503.7394104003906], [329.9799499511719, 433.3808898925781, 394.4626159667969, 490.6654968261719], [170.08718872070312, 190.13967895507812, 228.95269775390625, 352.5980529785156], [46.417701721191406, 533.6407470703125, 81.9751205444336, 581.3394775390625]]}