{"categories": [0, 1, 2, 3, 5, 7, 19, 24], "bboxes": [[0.6098136901855469, 62.90019226074219, 109.32687377929688, 354.99493408203125], [401.0298767089844, 132.40122985839844, 467.8147277832031, 259.3370666503906], [187.17127990722656, 82.97550201416016, 221.05091857910156, 118.02210235595703], [25.608047485351562, 254.6003875732422, 117.60223388671875, 368.5498352050781], [333.3642578125, 47.135353088378906, 450.3623046875, 106.08118438720703], [337.18133544921875, 46.449832916259766, 445.77020263671875, 110.26103210449219], [160.04296875, 121.88093566894531, 378.4625244140625, 285.20391845703125], [22.636734008789062, 120.81419372558594, 107.72496032714844, 229.8942108154297]]}