{"categories": [0, 24, 41, 56, 65, 72, 74], "bboxes": [[143.240478515625, 73.68846130371094, 431.7132568359375, 541.5260620117188], [203.46080017089844, 43.78350830078125, 262.44586181640625, 186.31631469726562], [472.09588623046875, 219.80809020996094, 637.2300415039062, 465.930908203125], [1.08880615234375, 242.06890869140625, 169.52926635742188, 516.8462524414062], [238.3672332763672, 443.6559143066406, 274.25885009765625, 503.0317687988281], [415.2520751953125, 0.0, 626.6455078125, 491.7225646972656], [140.11569213867188, 216.4079132080078, 157.41656494140625, 239.9042205810547]]}