{"categories": [0, 2, 7, 17, 24, 28, 29, 56], "bboxes": [[60.99697494506836, 111.76689910888672, 127.0460205078125, 265.2344055175781], [0.21105670928955078, 113.78553009033203, 16.783668518066406, 189.99041748046875], [0.5158777236938477, 110.79046630859375, 15.81881046295166, 190.615966796875], [354.42645263671875, 89.53471374511719, 496.65380859375, 254.8205108642578], [19.963542938232422, 283.9625549316406, 103.1014404296875, 344.1092834472656], [234.34194946289062, 116.32331848144531, 264.2330017089844, 159.00852966308594], [124.65494537353516, 280.1363830566406, 181.13087463378906, 326.6558532714844], [27.133941650390625, 258.5686950683594, 102.96771240234375, 315.5233459472656]]}