{"categories": [0, 7, 46, 47, 49], "bboxes": [[74.724853515625, 108.56120300292969, 175.79246520996094, 484.41021728515625], [536.441650390625, 145.03863525390625, 576.4144287109375, 198.15216064453125], [288.2005920410156, 338.84405517578125, 323.4970397949219, 373.9466552734375], [227.7940216064453, 257.5744323730469, 328.7090148925781, 318.7096862792969], [187.87155151367188, 283.40374755859375, 281.0534362792969, 359.24444580078125]]}