{"categories": [0], "bboxes": [[330.6434020996094, 50.865562438964844, 441.8955383300781, 282.5064392089844]]}