{"categories": [0, 37], "bboxes": [[165.08197021484375, 11.212173461914062, 329.45458984375, 299.65118408203125], [113.11878967285156, 240.49501037597656, 342.15277099609375, 328.1466979980469]]}