{"categories": [0, 25, 33, 56], "bboxes": [[17.474929809570312, 236.6608123779297, 158.67198181152344, 572.7891845703125], [0.0, 196.1075897216797, 190.75726318359375, 255.40428161621094], [170.65090942382812, 55.23417663574219, 486.7711486816406, 334.75335693359375], [460.7455139160156, 301.8769226074219, 504.5730895996094, 365.8448181152344]]}