{"categories": [0, 1, 2, 5, 9, 10, 56, 58], "bboxes": [[120.89024353027344, 261.0931091308594, 171.0862579345703, 382.1754455566406], [85.54730987548828, 307.6531982421875, 219.12527465820312, 391.63525390625], [0.0, 271.2449035644531, 87.22401428222656, 337.3468322753906], [340.0345764160156, 187.73577880859375, 499.0, 304.5872802734375], [86.35816955566406, 23.793781280517578, 114.81787109375, 74.40621948242188], [362.893310546875, 327.296142578125, 393.0111083984375, 409.9189453125], [282.62188720703125, 274.1402893066406, 310.48291015625, 310.5560607910156], [193.5818634033203, 317.4353332519531, 375.2059326171875, 412.0867614746094]]}