{"categories": [0, 32], "bboxes": [[82.3420639038086, 86.11446380615234, 226.7496337890625, 245.30422973632812], [206.78884887695312, 198.90289306640625, 233.2509765625, 225.65231323242188]]}