{"categories": [0, 29], "bboxes": [[162.91879272460938, 64.94416809082031, 294.451904296875, 327.21221923828125], [270.27508544921875, 227.24908447265625, 303.47503662109375, 281.0873718261719]]}