{"categories": [0, 1, 2, 5, 9, 24, 26], "bboxes": [[467.0452880859375, 239.4080810546875, 554.02392578125, 422.7401123046875], [277.81024169921875, 251.4824676513672, 305.6458740234375, 313.0890808105469], [385.7800598144531, 265.7472839355469, 429.2994689941406, 305.1300354003906], [265.15643310546875, 191.9796142578125, 374.1597900390625, 298.8016357421875], [525.2168579101562, 115.85710144042969, 557.5374145507812, 184.74107360839844], [483.7921142578125, 267.3428039550781, 518.7037353515625, 325.1055603027344], [253.16680908203125, 340.12835693359375, 288.902587890625, 393.337158203125]]}