{"categories": [0, 39, 41, 56, 57, 60, 65, 73], "bboxes": [[124.19625854492188, 11.765106201171875, 227.033203125, 330.9059753417969], [398.1967468261719, 213.06275939941406, 412.5687561035156, 241.2862091064453], [425.8956604003906, 225.1523895263672, 444.2622985839844, 249.80332946777344], [0.75311279296875, 144.40538024902344, 72.43209075927734, 328.20306396484375], [27.487770080566406, 138.06982421875, 251.5245361328125, 307.408447265625], [291.5843200683594, 199.41627502441406, 484.2887878417969, 326.3365478515625], [120.20661926269531, 137.88865661621094, 143.78810119628906, 148.60279846191406], [354.2004089355469, 303.356201171875, 393.3102111816406, 323.2967529296875]]}