{"categories": [0, 3, 67, 73], "bboxes": [[408.3448791503906, 0.81060791015625, 639.0, 479.0], [0.9850587844848633, 187.31251525878906, 28.888160705566406, 234.29383850097656], [246.11441040039062, 181.83984375, 280.5114440917969, 209.5224609375], [77.01436614990234, 311.51513671875, 88.27579498291016, 357.28070068359375]]}