{"categories": [0, 2, 7, 10, 25, 28, 72], "bboxes": [[169.5289306640625, 110.30701446533203, 262.0043029785156, 363.26727294921875], [3.1767196655273438, 45.35670471191406, 99.66287994384766, 263.48333740234375], [0.8118324279785156, 39.11921691894531, 102.96760559082031, 254.63609313964844], [387.3116149902344, 287.7039794921875, 401.4623107910156, 316.71551513671875], [42.1295166015625, 51.52870178222656, 123.576416015625, 132.26370239257812], [90.9949951171875, 131.83782958984375, 125.96144104003906, 202.69729614257812], [237.18507385253906, 115.8087158203125, 386.271240234375, 332.1198425292969]]}