{"categories": [0, 56, 62, 65, 68, 74], "bboxes": [[57.20948791503906, 140.93161010742188, 228.7599639892578, 330.6797180175781], [293.2582092285156, 138.00137329101562, 318.0717468261719, 155.4210205078125], [339.9459533691406, 156.53314208984375, 454.1033020019531, 281.5110168457031], [235.97567749023438, 238.4207763671875, 258.3085632324219, 262.4804992675781], [309.2297058105469, 123.51158142089844, 368.6497497558594, 181.00267028808594], [111.79261779785156, 38.132137298583984, 126.40617370605469, 54.12510299682617]]}