{"categories": [0, 2, 13, 24, 36], "bboxes": [[22.428443908691406, 288.63360595703125, 193.98721313476562, 561.8214721679688], [135.9625244140625, 382.03839111328125, 198.54263305664062, 408.78485107421875], [339.606201171875, 441.3966979980469, 397.48028564453125, 472.8119812011719], [318.0115966796875, 402.6192932128906, 350.2100830078125, 443.1794128417969], [69.8684310913086, 541.2294921875, 119.06490325927734, 599.0736083984375]]}