{"categories": [0, 2, 7, 9, 32, 36], "bboxes": [[306.759033203125, 98.46195220947266, 387.94329833984375, 292.3556823730469], [621.3502807617188, 180.46136474609375, 639.0, 255.91162109375], [413.58148193359375, 170.44949340820312, 491.83160400390625, 215.42510986328125], [474.0594177246094, 65.50838470458984, 485.2538146972656, 99.06909942626953], [257.12713623046875, 234.02523803710938, 280.26123046875, 257.9581298828125], [339.4608459472656, 281.43548583984375, 364.5735778808594, 299.9251708984375]]}