{"categories": [0, 1, 26, 27, 36], "bboxes": [[175.4525146484375, 98.62910461425781, 296.7709655761719, 456.7650146484375], [80.1445083618164, 236.8609161376953, 148.090087890625, 446.80523681640625], [282.2607421875, 166.84144592285156, 300.7578125, 199.9286346435547], [220.90231323242188, 162.20086669921875, 234.5252685546875, 197.65887451171875], [171.35992431640625, 286.5696716308594, 200.941162109375, 420.3529357910156]]}