{"categories": [0, 29, 35], "bboxes": [[265.00030517578125, 57.889007568359375, 469.80450439453125, 321.2549743652344], [156.2236328125, 199.07435607910156, 230.50527954101562, 217.3056182861328], [82.45660400390625, 174.96157836914062, 100.93867492675781, 202.13671875]]}