{"categories": [0, 39, 40, 41, 42, 44, 45, 48, 55, 56, 60], "bboxes": [[381.3902282714844, 29.73914337158203, 499.2312316894531, 183.52691650390625], [535.0210571289062, 360.0294189453125, 588.0407104492188, 430.0], [308.8336181640625, 168.19496154785156, 355.692626953125, 266.62939453125], [373.3356628417969, 178.66847229003906, 414.4825744628906, 222.7075653076172], [546.4140014648438, 272.103759765625, 579.9636840820312, 293.15118408203125], [363.04449462890625, 209.43081665039062, 405.93426513671875, 235.41116333007812], [571.4078369140625, 280.33880615234375, 639.0, 357.20538330078125], [456.7361755371094, 323.28424072265625, 569.57958984375, 389.6656494140625], [499.52276611328125, 257.6020812988281, 549.5947875976562, 305.2908630371094], [499.51385498046875, 139.4014434814453, 626.9247436523438, 198.31483459472656], [69.6846923828125, 177.2415313720703, 625.1074829101562, 430.0]]}