{"categories": [0, 2, 26, 39, 45, 52, 53, 56, 60], "bboxes": [[289.01446533203125, 24.7305908203125, 517.4100341796875, 351.3448181152344], [148.1501922607422, 140.30291748046875, 171.61180114746094, 158.211181640625], [552.1317138671875, 288.4686279296875, 639.0, 412.37115478515625], [73.77653503417969, 266.19482421875, 130.93893432617188, 463.89251708984375], [511.519775390625, 381.22332763671875, 639.0, 473.3201904296875], [553.39111328125, 424.7650146484375, 588.9967041015625, 455.329345703125], [357.5166015625, 331.4156494140625, 527.8085327148438, 388.9525146484375], [252.05374145507812, 296.8551330566406, 303.2689514160156, 326.1431579589844], [13.401580810546875, 318.94873046875, 639.0, 474.59527587890625]]}