{"categories": [0, 35], "bboxes": [[25.6224365234375, 279.68963623046875, 307.07550048828125, 589.7828369140625], [257.42767333984375, 373.3426208496094, 297.4893798828125, 425.8005065917969]]}