{"categories": [0, 57, 62, 65, 73, 75], "bboxes": [[201.1414794921875, 95.69172668457031, 324.90081787109375, 369.93988037109375], [338.4155578613281, 220.24227905273438, 479.4515075683594, 330.6931457519531], [95.69239807128906, 117.24375915527344, 239.9552459716797, 212.25111389160156], [374.61383056640625, 97.86985778808594, 388.22247314453125, 114.74668884277344], [121.5048599243164, 88.2447738647461, 225.97415161132812, 115.5562973022461], [110.08795166015625, 86.65989685058594, 123.34623718261719, 113.68098449707031]]}