{"categories": [0, 1, 2, 26], "bboxes": [[175.30117797851562, 87.26959991455078, 247.4207763671875, 331.535400390625], [259.63446044921875, 150.80233764648438, 275.80462646484375, 196.99481201171875], [0.0, 124.2469482421875, 143.78997802734375, 234.77276611328125], [178.94793701171875, 160.49241638183594, 198.10446166992188, 186.6609344482422]]}