{"categories": [0, 2, 30], "bboxes": [[121.653564453125, 242.52114868164062, 171.34698486328125, 335.0530700683594], [261.0792236328125, 231.01718139648438, 278.5216064453125, 240.021484375], [118.51829528808594, 307.9435119628906, 189.1271514892578, 339.7705383300781]]}