{"categories": [0, 62, 63, 67, 73], "bboxes": [[18.978775024414062, 36.256317138671875, 299.61553955078125, 369.3912048339844], [242.1736297607422, 23.816741943359375, 490.15435791015625, 203.08941650390625], [266.2021484375, 167.22103881835938, 336.68414306640625, 214.49880981445312], [269.7572937011719, 192.52813720703125, 294.0025939941406, 213.761962890625], [251.24142456054688, 243.19491577148438, 390.9974670410156, 314.7461853027344]]}