{"categories": [0, 5, 6, 26, 28, 56, 67], "bboxes": [[129.5412139892578, 183.23101806640625, 207.9355010986328, 411.3577880859375], [210.4934844970703, 0.0, 639.0, 361.14862060546875], [83.11312866210938, 0.0, 639.0, 470.88165283203125], [481.99920654296875, 298.77642822265625, 636.1165161132812, 433.11151123046875], [269.40673828125, 450.6602478027344, 457.88580322265625, 476.3750305175781], [331.45648193359375, 286.70068359375, 465.7303466796875, 358.829345703125], [506.7532043457031, 333.4869079589844, 540.424560546875, 349.8387145996094]]}