{"categories": [0, 27], "bboxes": [[13.87847900390625, 0.0, 350.6934814453125, 327.17071533203125], [86.55828094482422, 177.3020477294922, 199.25323486328125, 334.0]]}