{"categories": [0, 1, 24, 29, 50, 56], "bboxes": [[130.44195556640625, 13.9739990234375, 384.0643310546875, 412.3647155761719], [147.38095092773438, 69.9581298828125, 259.541015625, 149.1168975830078], [519.8121337890625, 92.26778411865234, 573.2327880859375, 145.3191375732422], [94.0096664428711, 59.449546813964844, 156.8629608154297, 107.09168243408203], [294.6519470214844, 166.87425231933594, 333.4167785644531, 205.5868682861328], [514.0492553710938, 92.00372314453125, 582.6869506835938, 179.5306396484375]]}