{"categories": [0, 12], "bboxes": [[383.7178955078125, 10.273269653320312, 625.010009765625, 418.20477294921875], [6.074241638183594, 239.05471801757812, 192.41409301757812, 423.8422546386719]]}