{"categories": [0, 2, 28, 62, 67], "bboxes": [[451.3374328613281, 188.8492889404297, 497.9900817871094, 339.4344482421875], [52.67232131958008, 258.9700927734375, 79.26236724853516, 280.4649658203125], [114.53443908691406, 304.11846923828125, 204.76731872558594, 340.27978515625], [124.21632385253906, 139.83172607421875, 313.96795654296875, 239.87664794921875], [114.00381469726562, 140.33749389648438, 323.8445129394531, 251.2196044921875]]}