{"categories": [0, 35], "bboxes": [[371.0018310546875, 164.80712890625, 427.8333740234375, 383.58502197265625], [296.7508850097656, 253.6648712158203, 326.8160095214844, 277.66729736328125]]}