{"categories": [0, 32], "bboxes": [[5.391410827636719, 53.664459228515625, 103.05558013916016, 301.5340576171875], [258.63043212890625, 268.927734375, 291.58056640625, 296.25042724609375]]}