{"categories": [0, 26, 39, 40, 41, 60], "bboxes": [[170.06112670898438, 0.0, 318.21014404296875, 479.0], [118.71744537353516, 205.73703002929688, 160.66336059570312, 262.52691650390625], [369.36962890625, 72.13960266113281, 399.46588134765625, 177.08120727539062], [535.9983520507812, 292.9021301269531, 552.6535034179688, 333.2238464355469], [525.1744384765625, 175.6328887939453, 557.153564453125, 213.42356872558594], [309.6591491699219, 196.5084228515625, 626.947509765625, 479.0]]}