{"categories": [0, 65], "bboxes": [[3.110565185546875, 7.8905792236328125, 481.7767333984375, 314.94720458984375], [1.0572090148925781, 171.80096435546875, 105.07368469238281, 245.01885986328125]]}