{"categories": [0, 13, 36, 77], "bboxes": [[215.5566864013672, 28.586563110351562, 372.871337890625, 455.34600830078125], [86.80621337890625, 125.92755126953125, 132.73614501953125, 148.08804321289062], [196.5477294921875, 215.15408325195312, 394.7281494140625, 275.95123291015625], [470.4860534667969, 333.6111145019531, 532.318115234375, 413.7996520996094]]}