{"categories": [0, 13, 26, 35, 58], "bboxes": [[238.10321044921875, 68.71458435058594, 362.180908203125, 292.9168701171875], [48.50714111328125, 204.9837646484375, 460.867919921875, 270.7892150878906], [437.52923583984375, 130.8004150390625, 461.7161865234375, 185.4384765625], [307.8816833496094, 193.6658935546875, 328.2778015136719, 217.55609130859375], [335.5726623535156, 178.12318420410156, 454.6687316894531, 259.24212646484375]]}