{"categories": [0, 7, 28, 39, 41, 45, 60, 69, 71], "bboxes": [[285.3447265625, 112.0824203491211, 351.07135009765625, 259.7320556640625], [4.774200439453125, 142.90728759765625, 482.4869079589844, 479.0], [375.1747131347656, 169.91305541992188, 442.8735656738281, 206.41204833984375], [478.74652099609375, 267.3512878417969, 519.1061401367188, 381.7637634277344], [601.4754028320312, 207.7749786376953, 632.0311889648438, 239.36878967285156], [577.8287353515625, 257.32989501953125, 608.5394287109375, 278.0245361328125], [323.25299072265625, 296.5520935058594, 633.0940551757812, 467.1633605957031], [365.09014892578125, 204.14810180664062, 439.82275390625, 278.4060363769531], [197.7887420654297, 247.44703674316406, 380.76824951171875, 311.615966796875]]}