{"categories": [0, 13, 30, 31], "bboxes": [[161.09442138671875, 126.31237030029297, 255.58486938476562, 264.5823974609375], [146.31214904785156, 173.54061889648438, 381.7611083984375, 277.029296875], [302.3396301269531, 265.3394775390625, 354.4671936035156, 291.0089111328125], [113.55380249023438, 253.28964233398438, 260.6222229003906, 277.7181701660156]]}