{"categories": [0, 13], "bboxes": [[297.0549011230469, 155.2227783203125, 370.6341247558594, 342.3790283203125], [196.68971252441406, 238.6087646484375, 526.8270874023438, 352.03863525390625]]}