{"categories": [0, 26, 41, 42, 60, 67, 75], "bboxes": [[428.0712890625, 25.9864501953125, 639.0, 291.1659240722656], [571.2786865234375, 387.057861328125, 615.8668212890625, 475.1690673828125], [241.28802490234375, 345.24237060546875, 305.2371826171875, 436.738037109375], [326.77734375, 299.7484130859375, 372.95306396484375, 351.58551025390625], [85.2813720703125, 277.666015625, 630.1039428710938, 471.832763671875], [143.78102111816406, 413.4924011230469, 239.61000061035156, 479.0], [460.6988220214844, 267.0549011230469, 564.32958984375, 440.4988708496094]]}