{"categories": [0, 10, 20, 22, 26, 34], "bboxes": [[432.4579162597656, 175.28109741210938, 499.0, 313.9041748046875], [1.5832977294921875, 198.30442810058594, 67.79006958007812, 287.56463623046875], [73.16825866699219, 98.54785919189453, 251.54100036621094, 305.06585693359375], [172.69444274902344, 219.44387817382812, 204.51087951660156, 259.8622131347656], [314.605712890625, 186.881591796875, 334.9486083984375, 212.63601684570312], [299.6812438964844, 148.7989044189453, 331.6961975097656, 167.33766174316406]]}