{"categories": [0, 24, 56, 60, 63, 73], "bboxes": [[353.94091796875, 193.0938262939453, 484.1424560546875, 327.7691650390625], [96.34183502197266, 261.11895751953125, 156.0175018310547, 332.8297119140625], [100.2456283569336, 173.7827606201172, 185.84255981445312, 307.47039794921875], [173.2254180908203, 160.83267211914062, 257.67822265625, 277.9609375], [237.39126586914062, 230.2205810546875, 323.9017639160156, 323.9034423828125], [0.2694272994995117, 262.40216064453125, 27.63211441040039, 293.211181640625]]}