{"categories": [0, 37], "bboxes": [[204.209716796875, 55.355918884277344, 297.5448303222656, 292.60662841796875], [265.6422424316406, 183.93466186523438, 490.5580139160156, 245.4454345703125]]}