{"categories": [0, 34, 35], "bboxes": [[280.64111328125, 70.31770324707031, 427.63372802734375, 316.378173828125], [298.4280700683594, 63.95832824707031, 388.3359069824219, 118.53504943847656], [170.13807678222656, 206.98243713378906, 206.48216247558594, 230.1632843017578]]}