{"categories": [0, 2, 26, 27], "bboxes": [[1.9130287170410156, 69.50009155273438, 109.35438537597656, 309.1890563964844], [414.79742431640625, 112.81344604492188, 475.24285888671875, 151.78173828125], [249.04856872558594, 126.62916564941406, 272.0249328613281, 162.9616241455078], [50.02620315551758, 115.502685546875, 67.85169219970703, 181.58746337890625]]}