{"categories": [0, 2, 5, 7, 17], "bboxes": [[525.2057495117188, 271.40118408203125, 602.3627319335938, 399.994140625], [460.20587158203125, 290.2192687988281, 546.1355590820312, 326.6147155761719], [566.2404174804688, 267.1664733886719, 637.2858276367188, 307.1816101074219], [457.5789794921875, 265.98931884765625, 564.84619140625, 317.2171630859375], [234.6820831298828, 223.6102752685547, 489.29364013671875, 410.82086181640625]]}