{"categories": [0, 13, 17, 37], "bboxes": [[143.30308532714844, 143.45774841308594, 208.66139221191406, 295.85406494140625], [118.79562377929688, 235.20132446289062, 351.6203918457031, 294.4407043457031], [116.28880310058594, 115.39493560791016, 168.23109436035156, 159.49081420898438], [268.895751953125, 200.8247528076172, 408.0537109375, 246.7425994873047]]}