{"categories": [0, 26, 30, 36], "bboxes": [[163.45974731445312, 80.63090515136719, 361.7993469238281, 424.143798828125], [86.76934814453125, 132.51869201660156, 121.72077941894531, 200.43797302246094], [336.356689453125, 325.6361389160156, 524.5284423828125, 350.8515930175781], [11.733625411987305, 238.13864135742188, 50.202239990234375, 265.3828430175781]]}