{"categories": [0, 32], "bboxes": [[484.3569641113281, 48.67413330078125, 576.5991821289062, 298.7916259765625], [188.921630859375, 115.91609954833984, 228.6534423828125, 156.0436553955078]]}