{"categories": [0, 30], "bboxes": [[247.2952423095703, 62.67256164550781, 326.7831115722656, 263.5023193359375], [109.05866241455078, 266.92755126953125, 247.27224731445312, 282.3387451171875]]}