{"categories": [0, 16, 30, 33], "bboxes": [[227.35763549804688, 117.32567596435547, 284.3010559082031, 255.5264892578125], [356.2286376953125, 233.8334197998047, 485.6046142578125, 344.36260986328125], [249.01919555664062, 244.1653289794922, 283.9929504394531, 257.661376953125], [51.95973205566406, 89.11398315429688, 91.84494018554688, 128.99549865722656]]}