{"categories": [0, 2, 7, 11, 17, 26], "bboxes": [[144.47085571289062, 201.3502960205078, 209.4266357421875, 302.5902099609375], [354.77545166015625, 268.158447265625, 485.019287109375, 372.982177734375], [1.3252525329589844, 237.79336547851562, 50.621883392333984, 372.7430114746094], [405.4275817871094, 166.13233947753906, 435.4693298339844, 197.7688751220703], [143.611572265625, 256.2798767089844, 196.193359375, 370.3861389160156], [151.76998901367188, 218.05209350585938, 181.1214599609375, 265.4110107421875]]}