{"categories": [0, 20, 26, 35], "bboxes": [[275.277587890625, 106.59954071044922, 347.7215576171875, 236.08676147460938], [151.89268493652344, 193.82611083984375, 397.815673828125, 296.86651611328125], [291.1861572265625, 151.498779296875, 317.68206787109375, 182.46170043945312], [289.21038818359375, 201.64134216308594, 313.63348388671875, 232.38441467285156]]}