{"categories": [0, 32, 34, 35], "bboxes": [[271.16107177734375, 129.50221252441406, 476.65972900390625, 439.1304931640625], [550.643798828125, 227.7958221435547, 568.935791015625, 245.54075622558594], [440.25732421875, 249.07850646972656, 581.6511840820312, 275.774658203125], [203.75277709960938, 311.0337219238281, 240.06179809570312, 364.2817077636719]]}