{"categories": [0, 59, 73], "bboxes": [[7.7152099609375, 14.613784790039062, 261.9720764160156, 379.57269287109375], [6.648468017578125, 242.823974609375, 635.0716552734375, 422.51385498046875], [371.33770751953125, 120.89665222167969, 456.58782958984375, 138.18150329589844]]}