{"categories": [0, 2, 3, 16, 26], "bboxes": [[204.83514404296875, 148.3841094970703, 269.0926208496094, 247.63145446777344], [387.35247802734375, 111.26325988769531, 498.47833251953125, 169.2055206298828], [175.41000366210938, 168.50692749023438, 299.2519836425781, 250.32586669921875], [269.78106689453125, 171.6603240966797, 298.34552001953125, 208.1664581298828], [127.40817260742188, 251.85426330566406, 183.24215698242188, 362.30419921875]]}