{"categories": [0, 7, 13, 25, 26, 35, 56, 58, 60, 73], "bboxes": [[1.1440658569335938, 76.84136962890625, 161.70419311523438, 377.04888916015625], [3.8707427978515625, 27.262569427490234, 96.79144287109375, 119.61669921875], [452.47808837890625, 102.02639770507812, 499.0, 126.57821655273438], [120.25566101074219, 0.9248733520507812, 499.0, 100.29252624511719], [64.46517181396484, 230.30087280273438, 96.89342498779297, 328.8327941894531], [66.35736846923828, 267.950439453125, 97.06099700927734, 329.6500244140625], [395.4342041015625, 142.46298217773438, 496.484619140625, 245.1004638671875], [300.4003601074219, 109.69463348388672, 361.7881774902344, 264.3899230957031], [138.15235900878906, 243.31619262695312, 462.10430908203125, 373.5427551269531], [101.25082397460938, 258.7357482910156, 169.7667236328125, 297.0086975097656]]}