{"categories": [0, 40, 41, 42, 45, 53, 56, 58, 60, 67, 75], "bboxes": [[355.0076904296875, 100.63372802734375, 478.87457275390625, 616.0952758789062], [48.87946319580078, 392.3881530761719, 110.2545394897461, 521.6838989257812], [279.6394958496094, 194.2347412109375, 307.3993835449219, 240.57247924804688], [331.7905578613281, 509.00103759765625, 352.3584899902344, 612.5613403320312], [157.06288146972656, 267.8583984375, 190.38230895996094, 287.56689453125], [236.9427490234375, 413.1697998046875, 405.582763671875, 512.1561279296875], [445.6553649902344, 487.6825256347656, 479.0, 615.1796875], [218.0631103515625, 262.9810791015625, 325.1539306640625, 395.72637939453125], [22.7337646484375, 229.09814453125, 412.5247497558594, 621.5732421875], [305.018798828125, 351.09765625, 339.36846923828125, 370.0281982421875], [235.41639709472656, 327.5390625, 302.5248718261719, 389.47296142578125]]}