{"categories": [0, 25, 30, 31, 33], "bboxes": [[281.622802734375, 179.50192260742188, 433.059326171875, 372.1932067871094], [26.464080810546875, 0.0, 631.8912353515625, 362.1119384765625], [295.1309814453125, 357.0686340332031, 438.37890625, 379.5223693847656], [529.9674682617188, 42.40716552734375, 636.8482055664062, 384.07025146484375], [20.02655029296875, 0.0, 639.0, 359.5179443359375]]}