{"categories": [0, 65, 74], "bboxes": [[145.83164978027344, 86.04299926757812, 307.86322021484375, 371.40826416015625], [265.92706298828125, 360.4724426269531, 305.45220947265625, 374.0], [338.0708312988281, 345.1352844238281, 353.4789123535156, 368.5788879394531]]}