{"categories": [0, 1, 24, 26, 36, 37, 67], "bboxes": [[2.5652618408203125, 132.64271545410156, 200.72994995117188, 629.496337890625], [252.53384399414062, 527.74853515625, 425.0, 639.0], [20.61028289794922, 175.22161865234375, 75.61004638671875, 343.68072509765625], [363.2412109375, 401.44189453125, 425.0, 545.8204345703125], [287.40374755859375, 124.77241516113281, 354.11798095703125, 239.8373260498047], [246.97096252441406, 274.5303649902344, 350.4759521484375, 622.73291015625], [217.75262451171875, 281.8557434082031, 237.2109375, 303.2364196777344]]}