{"categories": [0, 13, 27, 56], "bboxes": [[280.4920654296875, 17.51824951171875, 552.2359619140625, 453.64935302734375], [538.1675415039062, 198.7058868408203, 639.0, 264.5235290527344], [386.9090270996094, 185.66729736328125, 430.8284606933594, 452.457763671875], [539.0921630859375, 273.96240234375, 587.7586669921875, 346.286376953125]]}