{"categories": [0, 30], "bboxes": [[218.0709228515625, 90.65284729003906, 349.0068359375, 362.6583251953125], [375.65936279296875, 383.74420166015625, 530.6806640625, 461.38177490234375]]}