{"categories": [0, 13, 24, 32, 34], "bboxes": [[388.6762390136719, 173.81936645507812, 634.1451416015625, 455.0], [205.9167938232422, 287.087890625, 625.53369140625, 444.17901611328125], [288.433349609375, 287.0820617675781, 397.94189453125, 359.6120300292969], [198.36749267578125, 288.8404235839844, 215.93045043945312, 306.7028503417969], [215.2884979248047, 267.19769287109375, 310.72869873046875, 369.66650390625]]}