{"categories": [0, 3, 38, 43], "bboxes": [[360.4823913574219, 21.366195678710938, 480.2828674316406, 407.287353515625], [587.3486938476562, 269.3536376953125, 638.3516235351562, 383.99798583984375], [123.09085083007812, 238.74737548828125, 158.49819946289062, 388.2225341796875], [380.50726318359375, 153.08082580566406, 436.67913818359375, 180.2930450439453]]}