{"categories": [0, 32, 38], "bboxes": [[72.88821411132812, 92.40687561035156, 344.855224609375, 409.85357666015625], [203.61041259765625, 14.629630088806152, 223.64627075195312, 35.52621078491211], [334.85357666015625, 80.56233215332031, 457.23565673828125, 141.87852478027344]]}