{"categories": [0, 39, 58, 62, 65, 75], "bboxes": [[105.45072937011719, 35.23823547363281, 241.8357696533203, 340.06085205078125], [189.31011962890625, 159.73548889160156, 210.73953247070312, 242.8898468017578], [204.4019012451172, 187.65394592285156, 249.27183532714844, 248.2861785888672], [268.4833984375, 83.1750259399414, 450.8973388671875, 211.21664428710938], [400.33148193359375, 208.26258850097656, 435.24310302734375, 217.8589324951172], [212.59210205078125, 222.76986694335938, 230.9552001953125, 247.45697021484375]]}