{"categories": [0, 3, 24, 56], "bboxes": [[147.8375244140625, 68.877685546875, 211.86911010742188, 232.095947265625], [217.6668701171875, 87.50108337402344, 426.881591796875, 289.19110107421875], [113.5550537109375, 94.47555541992188, 141.1788330078125, 160.7708282470703], [0.0, 258.10162353515625, 43.78455352783203, 328.07720947265625]]}