{"categories": [0, 13, 20, 45], "bboxes": [[209.74185180664062, 144.654541015625, 320.7273254394531, 311.77069091796875], [177.828369140625, 174.28060913085938, 321.58135986328125, 253.99310302734375], [186.76907348632812, 286.4815673828125, 344.4009704589844, 372.08624267578125], [232.7659149169922, 285.6786193847656, 271.0870361328125, 315.7148132324219]]}