{"categories": [0, 6, 26], "bboxes": [[63.81400680541992, 143.07247924804688, 133.68890380859375, 329.23565673828125], [61.10272216796875, 51.593841552734375, 486.54510498046875, 386.3934326171875], [57.10820770263672, 202.84457397460938, 97.30113983154297, 258.65618896484375]]}