{"categories": [0, 29, 35], "bboxes": [[328.581787109375, 311.82220458984375, 424.0, 569.5907592773438], [173.26980590820312, 131.42848205566406, 220.01470947265625, 183.6603240966797], [347.6557922363281, 476.3266296386719, 386.6018981933594, 517.570556640625]]}