{"categories": [0, 17, 41], "bboxes": [[254.60682678222656, 134.90829467773438, 461.4083251953125, 327.4085693359375], [36.55389404296875, 42.64018249511719, 481.20623779296875, 311.28887939453125], [153.27349853515625, 179.6108856201172, 205.20465087890625, 245.67347717285156]]}