{"categories": [0, 26, 40, 41, 43, 45, 56, 60, 67], "bboxes": [[0.0, 0.0, 357.37054443359375, 473.816162109375], [398.6280517578125, 295.8215637207031, 541.9140625, 415.6811828613281], [376.89739990234375, 443.82403564453125, 444.2330322265625, 479.0], [377.4214782714844, 443.9280090332031, 443.9128723144531, 479.0], [533.9517211914062, 439.2259521484375, 584.1489868164062, 479.0], [402.13433837890625, 304.29412841796875, 533.7019653320312, 413.2659912109375], [512.1328735351562, 150.9277801513672, 639.0, 328.00537109375], [220.93626403808594, 375.0639343261719, 613.5689086914062, 476.5321350097656], [331.0734558105469, 194.7865447998047, 410.0603942871094, 251.5651397705078]]}