{"categories": [0, 24, 26, 28], "bboxes": [[235.0093994140625, 47.63838195800781, 389.34918212890625, 452.36175537109375], [547.2010498046875, 177.7272186279297, 575.0589599609375, 223.07472229003906], [319.2696533203125, 222.15232849121094, 353.588623046875, 302.42999267578125], [330.48345947265625, 260.9256896972656, 423.149658203125, 419.9620056152344]]}