{"categories": [0, 1, 2, 3, 24, 28], "bboxes": [[368.6853942871094, 38.7354736328125, 449.1993713378906, 282.4613952636719], [341.16656494140625, 156.18624877929688, 487.05865478515625, 312.2720947265625], [291.30316162109375, 103.01446533203125, 375.1846923828125, 153.25509643554688], [163.9000701904297, 100.43350219726562, 296.29827880859375, 416.4580993652344], [364.5517272949219, 132.2460174560547, 390.6123962402344, 169.8792266845703], [331.9994812011719, 167.95069885253906, 392.0720520019531, 217.25929260253906]]}