{"categories": [0, 59, 61, 71], "bboxes": [[64.76707458496094, 54.68834686279297, 250.34678649902344, 290.491943359375], [367.560302734375, 116.32582092285156, 495.0548095703125, 293.60009765625], [0.0, 50.281639099121094, 163.28021240234375, 268.06939697265625], [0.603759765625, 243.4803924560547, 185.00894165039062, 329.0854797363281]]}