{"categories": [0, 3, 27, 32, 36, 56], "bboxes": [[57.421363830566406, 17.171478271484375, 284.51263427734375, 409.4146423339844], [469.9871826171875, 93.0137939453125, 606.4266357421875, 277.2885437011719], [149.20559692382812, 159.47105407714844, 173.26589965820312, 222.3021697998047], [26.966976165771484, 414.2558898925781, 54.34807205200195, 426.0], [1.60565185546875, 399.2989501953125, 300.0633239746094, 425.37982177734375], [504.29205322265625, 64.72650909423828, 528.0940551757812, 82.14388275146484]]}