{"categories": [0, 11, 24, 25, 26, 28], "bboxes": [[300.1256103515625, 130.22927856445312, 367.946044921875, 311.1107482910156], [120.15669250488281, 59.354801177978516, 159.5449981689453, 115.27835083007812], [327.83856201171875, 162.82127380371094, 364.30230712890625, 215.2034454345703], [297.6846618652344, 111.95635223388672, 390.4046325683594, 145.34146118164062], [143.11126708984375, 153.59625244140625, 168.778076171875, 184.453857421875], [450.4669494628906, 203.51560974121094, 490.0082702636719, 301.9722900390625]]}