{"categories": [0, 2, 39, 45, 56, 71], "bboxes": [[151.1121063232422, 85.18287658691406, 206.26856994628906, 227.1217803955078], [142.02720642089844, 110.2403335571289, 163.8765106201172, 133.63140869140625], [32.307960510253906, 154.1448211669922, 58.85247039794922, 221.6306610107422], [38.11579895019531, 219.517578125, 72.94120788574219, 248.37557983398438], [371.60858154296875, 226.04632568359375, 462.29827880859375, 373.0], [38.04747772216797, 218.68699645996094, 72.97229766845703, 246.7155303955078]]}