{"categories": [0, 24, 26, 28, 62, 65, 73], "bboxes": [[179.91250610351562, 70.18235778808594, 380.1143493652344, 469.08587646484375], [424.39984130859375, 409.50909423828125, 486.43328857421875, 479.0], [423.836181640625, 387.5064697265625, 487.1575927734375, 479.0], [424.9580078125, 408.5673522949219, 485.80670166015625, 477.1564636230469], [16.711952209472656, 227.15603637695312, 203.86624145507812, 411.1246032714844], [405.0071716308594, 223.859375, 452.6830749511719, 260.4827880859375], [5.38722038269043, 396.82012939453125, 62.93717956542969, 422.77581787109375]]}