{"categories": [0, 4, 24, 56], "bboxes": [[347.336669921875, 162.16259765625, 408.06280517578125, 330.0], [14.10546875, 38.62464141845703, 496.851318359375, 219.64227294921875], [382.6778869628906, 231.92282104492188, 432.0581359863281, 322.4350280761719], [317.7698669433594, 221.38729858398438, 347.1294860839844, 258.83514404296875]]}