{"categories": [0, 1, 13, 14, 35, 36], "bboxes": [[55.82044219970703, 101.08570098876953, 117.0793685913086, 258.1287536621094], [298.5251770019531, 112.28678131103516, 325.7828063964844, 131.60255432128906], [266.6683044433594, 108.85595703125, 294.3153381347656, 123.65524291992188], [278.7396240234375, 266.5660400390625, 306.035400390625, 313.18841552734375], [108.35099792480469, 170.1386260986328, 131.6357879638672, 183.7524871826172], [305.1705322265625, 193.6687774658203, 331.7379150390625, 222.5160369873047]]}