{"categories": [0, 14, 24, 30], "bboxes": [[83.42769622802734, 220.79127502441406, 149.29605102539062, 362.57965087890625], [0.14164471626281738, 250.45169067382812, 4.750650405883789, 263.5099792480469], [94.56114959716797, 242.419189453125, 129.00328063964844, 284.5096435546875], [24.549118041992188, 349.8367004394531, 165.8447723388672, 372.2613220214844]]}