{"categories": [0, 2, 7, 11, 24, 25, 35, 36, 62], "bboxes": [[73.7774887084961, 170.36407470703125, 182.85494995117188, 314.81884765625], [248.2441864013672, 172.2184600830078, 287.7206726074219, 187.6633758544922], [339.03411865234375, 161.66587829589844, 483.719970703125, 275.75445556640625], [161.0481719970703, 131.1341094970703, 170.13414001464844, 140.38230895996094], [229.2666473388672, 213.3827362060547, 264.47930908203125, 271.7435302734375], [1.1025238037109375, 153.15921020507812, 78.77143096923828, 203.36761474609375], [57.73674011230469, 302.73638916015625, 114.31179809570312, 332.0], [92.97596740722656, 307.03033447265625, 164.70140075683594, 325.54876708984375], [334.037841796875, 136.0048370361328, 372.96502685546875, 163.7386016845703]]}