{"categories": [0, 13, 32, 38, 56], "bboxes": [[124.94760131835938, 248.56948852539062, 322.2401123046875, 620.6788330078125], [187.3558349609375, 400.845703125, 397.0137939453125, 495.470458984375], [123.30230712890625, 249.99916076660156, 147.37078857421875, 274.2008361816406], [295.2104797363281, 186.9828338623047, 345.9102478027344, 257.0315246582031], [65.63893127441406, 409.5912780761719, 139.5513916015625, 513.5515747070312]]}