{"categories": [0, 2, 14, 26, 67], "bboxes": [[252.98434448242188, 84.59042358398438, 384.0810852050781, 416.5483703613281], [105.61045837402344, 0.0, 395.10302734375, 106.34883880615234], [451.4455871582031, 169.91070556640625, 460.0129699707031, 177.59976196289062], [43.48153305053711, 184.21185302734375, 131.3061065673828, 379.30999755859375], [333.4185485839844, 181.57957458496094, 352.8376770019531, 225.13511657714844]]}