{"categories": [0, 39, 40, 41, 45, 53, 56, 60, 73], "bboxes": [[249.29156494140625, 116.0074691772461, 496.313720703125, 370.7862243652344], [287.9152526855469, 191.1752471923828, 317.8596496582031, 250.45201110839844], [170.1014862060547, 151.14569091796875, 212.1711883544922, 236.76010131835938], [239.7022247314453, 220.12722778320312, 267.0489807128906, 261.9478759765625], [232.72352600097656, 191.51461791992188, 273.5363464355469, 217.22601318359375], [74.29073333740234, 259.4371337890625, 123.22330474853516, 282.939208984375], [61.74730682373047, 163.43865966796875, 89.8832015991211, 214.39907836914062], [12.087631225585938, 205.02703857421875, 323.9447021484375, 367.27899169921875], [166.49465942382812, 242.25482177734375, 264.9790954589844, 327.7066650390625]]}