{"categories": [0, 41, 42, 45, 48, 55, 60], "bboxes": [[40.819580078125, 5.414031982421875, 256.2572021484375, 371.1097717285156], [422.1719665527344, 272.6806335449219, 491.2834167480469, 328.7560729980469], [309.49053955078125, 260.2694396972656, 364.21575927734375, 274.1757507324219], [429.6650085449219, 293.7491149902344, 498.9422912597656, 366.5799255371094], [377.93072509765625, 249.1956024169922, 469.190673828125, 295.7040710449219], [303.95050048828125, 304.04083251953125, 420.1219482421875, 369.71142578125], [195.0433349609375, 245.60960388183594, 497.79052734375, 368.3592834472656]]}