{"categories": [0, 16, 20, 26], "bboxes": [[523.8681640625, 224.53521728515625, 572.3924560546875, 421.84698486328125], [90.9182357788086, 252.15872192382812, 116.8613510131836, 271.1651916503906], [115.34339904785156, 55.75325012207031, 459.46636962890625, 407.74737548828125], [474.1211242675781, 262.5746765136719, 512.4481201171875, 301.5295715332031]]}