{"categories": [0, 7, 11, 25], "bboxes": [[357.3785705566406, 214.12257385253906, 409.4819030761719, 300.11199951171875], [31.14984130859375, 128.04019165039062, 327.6296691894531, 273.3260498046875], [274.3658142089844, 70.34292602539062, 319.1239929199219, 117.16802978515625], [351.314697265625, 154.71990966796875, 412.01617431640625, 226.68814086914062]]}