{"categories": [0, 2, 9, 13, 18, 32, 36, 56], "bboxes": [[255.28976440429688, 91.65451049804688, 321.7350158691406, 227.39947509765625], [517.6234741210938, 140.4602813720703, 540.0452270507812, 157.2332000732422], [364.84796142578125, 127.18462371826172, 370.667724609375, 143.38841247558594], [446.2088317871094, 171.9481658935547, 500.9877014160156, 196.7836151123047], [64.0964584350586, 171.72640991210938, 91.03893280029297, 226.2845458984375], [81.42145538330078, 29.026485443115234, 103.35425567626953, 49.38192367553711], [261.60528564453125, 218.19041442871094, 306.73565673828125, 236.6559600830078], [340.4122009277344, 188.61306762695312, 366.9839172363281, 221.95504760742188]]}