{"categories": [0, 41, 42, 43, 55, 56, 57, 60, 66, 73, 79], "bboxes": [[0.0, 124.81184387207031, 206.24139404296875, 419.7137451171875], [242.9191436767578, 53.303314208984375, 278.8396911621094, 119.01564025878906], [494.358642578125, 24.78589630126953, 529.2169189453125, 112.13408660888672], [191.71658325195312, 167.62228393554688, 277.79052734375, 190.58340454101562], [286.3024597167969, 160.6873779296875, 354.7322692871094, 199.07470703125], [25.26837921142578, 253.3113250732422, 211.45034790039062, 468.45611572265625], [426.4757385253906, 49.67979431152344, 639.0, 456.54644775390625], [153.1234893798828, 69.34083557128906, 514.6296997070312, 430.85638427734375], [283.7894287109375, 193.67190551757812, 365.18109130859375, 213.94796752929688], [273.7418212890625, 158.72598266601562, 367.54852294921875, 205.01275634765625], [360.7007751464844, 42.71352767944336, 373.3457946777344, 70.0416030883789]]}