{"categories": [0, 2, 3, 24, 26, 58], "bboxes": [[351.86529541015625, 41.181846618652344, 481.928955078125, 293.3990783691406], [57.88978576660156, 36.172607421875, 153.94630432128906, 108.20449829101562], [105.12516784667969, 75.78543090820312, 420.003662109375, 283.7657165527344], [442.3545227050781, 89.87832641601562, 491.6782531738281, 180.79180908203125], [429.52398681640625, 79.9832534790039, 490.05914306640625, 177.5975341796875], [103.68804168701172, 74.79035949707031, 161.98013305664062, 107.01513671875]]}