{"categories": [0, 72, 73], "bboxes": [[197.85812377929688, 244.84580993652344, 393.6020202636719, 371.25543212890625], [336.4447937011719, 226.70895385742188, 481.5444641113281, 373.1546325683594], [449.0550842285156, 179.46951293945312, 487.8774719238281, 226.53665161132812]]}