{"categories": [0, 39, 60, 62, 65, 67, 73], "bboxes": [[229.50823974609375, 222.63485717773438, 426.84686279296875, 468.5718688964844], [442.0367431640625, 79.96446990966797, 462.58172607421875, 137.63087463378906], [45.623931884765625, 224.1051483154297, 565.4749755859375, 466.3818359375], [1.5677871704101562, 89.07693481445312, 130.66989135742188, 260.87445068359375], [442.86248779296875, 83.20321655273438, 462.74981689453125, 140.25404357910156], [151.32565307617188, 159.4486846923828, 163.09622192382812, 191.2016143798828], [416.0681457519531, 327.51019287109375, 472.5197448730469, 354.91741943359375]]}