{"categories": [0, 39, 41, 73, 74], "bboxes": [[202.5541229248047, 5.5276641845703125, 639.0, 467.58978271484375], [137.00534057617188, 92.2977523803711, 150.92428588867188, 143.12010192871094], [363.5931396484375, 98.50373077392578, 392.759521484375, 124.57086944580078], [349.645751953125, 353.4822998046875, 414.4791259765625, 365.16168212890625], [92.8515853881836, 211.12527465820312, 146.06784057617188, 266.5977478027344]]}