{"categories": [0, 29, 34], "bboxes": [[370.5813903808594, 112.03003692626953, 456.2165832519531, 294.22021484375], [433.165283203125, 132.53347778320312, 462.946533203125, 153.853271484375], [17.302898406982422, 165.7277374267578, 49.52103042602539, 188.48048400878906]]}