{"categories": [0, 4, 25], "bboxes": [[141.7796173095703, 246.92738342285156, 215.15016174316406, 463.140869140625], [21.96954345703125, 20.816741943359375, 607.1815795898438, 347.25262451171875], [534.7604370117188, 249.01797485351562, 575.5150756835938, 266.1867370605469]]}