{"categories": [0, 2, 13, 35, 58], "bboxes": [[281.7503967285156, 30.398406982421875, 424.6384582519531, 227.33419799804688], [245.1229248046875, 45.1446533203125, 414.6171875, 105.95664978027344], [0.0, 140.3869171142578, 329.391357421875, 371.73095703125], [213.82508850097656, 334.9603271484375, 248.88856506347656, 363.26495361328125], [432.22967529296875, 79.35038757324219, 593.2879028320312, 222.1862335205078]]}