{"categories": [0, 24, 30, 31], "bboxes": [[407.17047119140625, 92.18657684326172, 491.9619140625, 283.8869934082031], [415.9655456542969, 117.99671173095703, 465.2239685058594, 186.36541748046875], [284.8497314453125, 244.4146728515625, 373.49981689453125, 309.87786865234375], [414.0885009765625, 59.282230377197266, 448.5416259765625, 133.8599853515625]]}