{"categories": [0, 41, 56], "bboxes": [[0.0, 78.13204956054688, 200.64251708984375, 479.7922058105469], [220.18133544921875, 322.34619140625, 249.45944213867188, 342.0797119140625], [105.57180786132812, 0.0, 202.75057983398438, 104.60120391845703]]}