{"categories": [0, 20, 26, 56], "bboxes": [[221.1471710205078, 125.23486328125, 286.6970520019531, 324.49847412109375], [304.54754638671875, 93.89652252197266, 440.84234619140625, 227.4200439453125], [78.04536437988281, 300.67138671875, 100.50334167480469, 329.353271484375], [0.42210960388183594, 173.02720642089844, 22.22759437561035, 196.53147888183594]]}