{"categories": [0, 13, 26, 60], "bboxes": [[243.88311767578125, 173.3711395263672, 342.01019287109375, 295.2928466796875], [120.60248565673828, 229.7915496826172, 167.55918884277344, 288.3559265136719], [29.776947021484375, 198.91192626953125, 50.07078552246094, 256.6822814941406], [1.0514965057373047, 212.46121215820312, 39.80016326904297, 259.52130126953125]]}