{"categories": [0, 67], "bboxes": [[401.6097106933594, 17.416763305664062, 632.755859375, 467.58026123046875], [394.1839904785156, 333.6810302734375, 452.7383117675781, 366.65789794921875]]}