{"categories": [0, 24, 25, 33, 59], "bboxes": [[136.0810089111328, 109.29634094238281, 425.64471435546875, 424.10540771484375], [593.6640014648438, 270.7676086425781, 639.0, 316.6176452636719], [10.6832275390625, 2.397491455078125, 320.2117614746094, 221.33343505859375], [265.9803161621094, 172.0067901611328, 604.309814453125, 323.35382080078125], [400.6781005859375, 276.94415283203125, 637.9693603515625, 422.5311279296875]]}