{"categories": [0, 5, 26], "bboxes": [[316.5711975097656, 74.50253295898438, 452.6948547363281, 420.87646484375], [585.6023559570312, 147.57711791992188, 639.0, 223.8331298828125], [323.8790588378906, 220.8842010498047, 416.1701354980469, 305.534912109375]]}