{"categories": [0, 3, 19, 56, 67], "bboxes": [[98.05435180664062, 148.64468383789062, 254.31817626953125, 388.7202453613281], [129.54054260253906, 153.5025634765625, 167.1478729248047, 188.75485229492188], [244.16183471679688, 140.718505859375, 498.6270446777344, 295.87109375], [461.62933349609375, 139.3828887939453, 484.32415771484375, 164.9663848876953], [204.7600860595703, 183.80624389648438, 225.73924255371094, 218.72900390625]]}