{"categories": [0, 40, 41, 45, 56, 58, 60], "bboxes": [[58.38360595703125, 125.26012420654297, 304.77789306640625, 356.8282165527344], [270.043212890625, 183.1103973388672, 289.77435302734375, 207.49583435058594], [263.09918212890625, 129.1331329345703, 294.12139892578125, 166.26084899902344], [307.7408752441406, 203.21896362304688, 360.7682189941406, 229.76226806640625], [336.99371337890625, 212.8167266845703, 499.12060546875, 358.0], [399.33770751953125, 1.4402961730957031, 448.121826171875, 109.04022216796875], [62.76409912109375, 111.96881103515625, 466.3189697265625, 342.217041015625]]}