{"categories": [0, 7, 8, 26, 41, 54, 72], "bboxes": [[67.82987976074219, 34.26933288574219, 218.92210388183594, 369.3702392578125], [149.09591674804688, 21.90850830078125, 466.4790344238281, 374.0], [91.60195922851562, 22.0255126953125, 499.0, 366.6989440917969], [260.3190002441406, 218.4645233154297, 418.2382507324219, 358.29315185546875], [172.06686401367188, 349.50860595703125, 223.26016235351562, 374.0], [181.42678833007812, 312.66082763671875, 264.0015869140625, 361.58013916015625], [164.78062438964844, 13.541091918945312, 417.78216552734375, 348.8858642578125]]}