{"categories": [0, 30, 31], "bboxes": [[291.4618835449219, 101.90660095214844, 434.0910339355469, 172.4426727294922], [232.30174255371094, 48.59833526611328, 312.09417724609375, 297.6216125488281], [62.80698776245117, 263.17706298828125, 101.64424133300781, 305.3785400390625]]}