{"categories": [0, 42, 44, 45, 52, 53, 56, 58, 60, 74], "bboxes": [[9.905509948730469, 62.48872375488281, 257.0311279296875, 358.20733642578125], [299.51904296875, 312.64581298828125, 321.90869140625, 372.61553955078125], [107.9111328125, 279.8834228515625, 190.0955810546875, 294.44366455078125], [380.5634765625, 300.0794982910156, 483.41497802734375, 358.9985046386719], [294.5392150878906, 209.21295166015625, 347.1976013183594, 266.531005859375], [182.06370544433594, 258.82818603515625, 273.83892822265625, 300.5130615234375], [235.0412139892578, 119.81001281738281, 303.5228271484375, 195.33668518066406], [125.57656860351562, 76.910888671875, 175.2169189453125, 120.63410949707031], [63.32476806640625, 256.8152770996094, 493.1943359375, 374.0], [417.9045104980469, 13.314892768859863, 438.3088073730469, 33.81000518798828]]}