{"categories": [0, 1, 24, 25, 26], "bboxes": [[382.32574462890625, 102.11251831054688, 471.1002197265625, 314.0523986816406], [83.13554382324219, 226.79049682617188, 168.69573974609375, 288.7851867675781], [35.594642639160156, 116.18455505371094, 80.47122192382812, 180.21690368652344], [515.6595458984375, 52.75413131713867, 637.2249755859375, 135.5697479248047], [71.2542724609375, 196.7062530517578, 104.64242553710938, 253.6258087158203]]}