{"categories": [0, 24, 27, 39, 56, 67], "bboxes": [[77.71083068847656, 162.62271118164062, 331.10186767578125, 499.0], [164.39990234375, 362.20458984375, 237.31692504882812, 434.1959228515625], [238.61453247070312, 425.3722839355469, 277.6270446777344, 498.5333557128906], [78.50138092041016, 434.631591796875, 122.28314971923828, 499.0], [137.774658203125, 288.46014404296875, 234.88156127929688, 422.80810546875], [181.8507080078125, 81.19204711914062, 210.50244140625, 99.64329528808594]]}