{"categories": [0, 29, 34], "bboxes": [[254.3488311767578, 59.11792755126953, 302.5714111328125, 197.6484375], [220.42417907714844, 264.3433532714844, 289.3605041503906, 277.5193786621094], [66.19505310058594, 148.29116821289062, 155.4525604248047, 173.6917724609375]]}