{"categories": [0, 3, 38, 58], "bboxes": [[54.497520446777344, 149.83465576171875, 293.56591796875, 381.92218017578125], [178.9718780517578, 292.8491516113281, 249.99266052246094, 405.5440368652344], [267.5525817871094, 235.92897033691406, 292.2966003417969, 266.0150146484375], [96.50025939941406, 122.68199157714844, 118.52458190917969, 152.9835662841797]]}