{"categories": [0, 57, 67], "bboxes": [[3.7657928466796875, 51.598541259765625, 393.1796875, 446.03619384765625], [0.0, 41.826873779296875, 639.0, 442.8197021484375], [323.7642517089844, 261.4822692871094, 361.3308410644531, 321.1773986816406]]}