{"categories": [0, 24, 30, 31], "bboxes": [[170.5088348388672, 202.43173217773438, 296.81689453125, 348.8857727050781], [576.2156372070312, 97.24584197998047, 612.5111694335938, 151.5194091796875], [435.29205322265625, 194.42747497558594, 506.13531494140625, 211.3601837158203], [513.131103515625, 228.9186553955078, 635.972412109375, 250.50965881347656]]}