{"categories": [0, 39, 41, 42, 45, 56, 58, 60, 62, 72, 74, 75], "bboxes": [[239.6236572265625, 136.22811889648438, 340.4541015625, 229.1114501953125], [167.06224060058594, 211.84786987304688, 180.67869567871094, 263.98223876953125], [270.9000549316406, 213.93353271484375, 291.5658874511719, 242.08920288085938], [264.4416198730469, 243.91049194335938, 282.8632507324219, 272.4999084472656], [189.30291748046875, 236.05914306640625, 213.02587890625, 257.29937744140625], [83.70032501220703, 201.1080780029297, 113.33002471923828, 250.41673278808594], [113.36038970947266, 59.93292999267578, 198.12716674804688, 118.59636688232422], [43.25703430175781, 208.11502075195312, 348.6395263671875, 360.3553771972656], [247.3494415283203, 25.215808868408203, 333.79119873046875, 89.58760070800781], [404.9241638183594, 32.77488708496094, 499.0, 296.55389404296875], [431.1884460449219, 55.86338806152344, 445.8533630371094, 74.71630859375], [160.39288330078125, 95.11385345458984, 179.5860595703125, 117.44886016845703]]}