{"categories": [0, 32], "bboxes": [[48.649898529052734, 231.2132110595703, 146.030029296875, 464.054443359375], [319.4687805175781, 23.787294387817383, 344.1664733886719, 63.084632873535156]]}