{"categories": [0, 26, 27, 28, 39, 53], "bboxes": [[53.53270721435547, 151.9331817626953, 170.340576171875, 419.51922607421875], [294.86346435546875, 168.4395751953125, 314.258056640625, 187.01705932617188], [244.38291931152344, 188.00668334960938, 255.43885803222656, 227.68368530273438], [126.53793334960938, 365.8392333984375, 189.70907592773438, 418.641357421875], [342.8318786621094, 236.31752014160156, 356.9366760253906, 282.095458984375], [218.87709045410156, 222.18316650390625, 252.54515075683594, 240.67031860351562]]}