{"categories": [0, 1, 3], "bboxes": [[151.9153594970703, 19.401870727539062, 290.70257568359375, 303.9376220703125], [394.9591369628906, 175.5829315185547, 448.0395812988281, 221.38221740722656], [81.52728271484375, 116.6043472290039, 345.10467529296875, 316.62542724609375]]}