{"categories": [0, 13, 24, 28, 58, 63], "bboxes": [[326.60589599609375, 216.04006958007812, 454.36407470703125, 477.3359680175781], [179.52708435058594, 293.63641357421875, 524.2303466796875, 463.6302490234375], [221.80905151367188, 281.0038146972656, 300.8616027832031, 378.6649475097656], [79.98147583007812, 209.10440063476562, 105.4114990234375, 239.96212768554688], [96.2668685913086, 113.76983642578125, 145.0767059326172, 152.33670043945312], [501.31890869140625, 348.830322265625, 634.0126342773438, 397.24676513671875]]}