{"categories": [0, 2, 3, 24, 56, 58, 60], "bboxes": [[312.80804443359375, 124.1119384765625, 353.8824462890625, 314.5392761230469], [22.882530212402344, 157.27777099609375, 277.9815979003906, 308.57672119140625], [461.4979248046875, 173.50509643554688, 594.9847412109375, 369.4273986816406], [8.827377319335938, 395.1868896484375, 82.29370880126953, 425.96746826171875], [5.6426544189453125, 296.4610290527344, 91.04238891601562, 418.2989807128906], [611.7015991210938, 223.94935607910156, 630.9284057617188, 257.3655090332031], [6.531490325927734, 322.89495849609375, 75.854736328125, 410.177001953125]]}