{"categories": [0, 2, 5, 7, 13, 17, 25, 26, 56], "bboxes": [[243.5734100341797, 234.58163452148438, 265.5869140625, 280.4422302246094], [33.472007751464844, 230.7886962890625, 72.90206146240234, 271.334228515625], [289.7967529296875, 219.06846618652344, 330.0, 265.8886413574219], [33.68031692504883, 231.11204528808594, 72.2821044921875, 270.3415222167969], [123.46760559082031, 338.382080078125, 220.8763885498047, 451.12054443359375], [128.5286407470703, 113.34197998046875, 204.0404815673828, 172.94754028320312], [59.32951354980469, 256.3453063964844, 215.56004333496094, 352.8387756347656], [139.65882873535156, 342.87158203125, 184.9748992919922, 383.44677734375], [97.49247741699219, 340.8641357421875, 223.65235900878906, 463.53326416015625]]}