{"categories": [0, 24, 30], "bboxes": [[125.11669921875, 114.9721908569336, 221.6405029296875, 307.10577392578125], [425.0875244140625, 46.131649017333984, 474.7335205078125, 139.0676727294922], [398.22222900390625, 193.57302856445312, 483.34356689453125, 280.1007995605469]]}