{"categories": [0, 2, 7, 12, 13, 32], "bboxes": [[3.203582763671875, 118.09965515136719, 109.30459594726562, 308.6878662109375], [235.72027587890625, 140.87612915039062, 283.742919921875, 162.54031372070312], [148.40476989746094, 135.67047119140625, 197.8735809326172, 161.263916015625], [119.78748321533203, 108.43473052978516, 129.1353759765625, 125.33100128173828], [149.7998504638672, 168.4264678955078, 228.80201721191406, 194.0105438232422], [305.1289367675781, 242.49757385253906, 322.6986999511719, 261.43780517578125]]}