{"categories": [0, 1, 25, 26], "bboxes": [[22.976512908935547, 373.42938232421875, 50.11812210083008, 448.665771484375], [265.7049865722656, 441.2494201660156, 320.6096496582031, 524.4307861328125], [111.92875671386719, 339.7820739746094, 217.1601104736328, 392.9675598144531], [139.3330535888672, 406.0957946777344, 169.26109313964844, 467.1933288574219]]}