{"categories": [0, 24, 34], "bboxes": [[196.0703125, 89.63699340820312, 359.95050048828125, 402.0211486816406], [591.0562133789062, 308.94158935546875, 639.0, 411.52056884765625], [104.44009399414062, 55.189186096191406, 206.09576416015625, 111.84209442138672]]}