{"categories": [0, 26, 28, 39, 41, 56, 60, 63, 66], "bboxes": [[237.8021240234375, 41.62715148925781, 345.22052001953125, 314.90972900390625], [229.11566162109375, 246.56309509277344, 307.072021484375, 330.62530517578125], [231.8040008544922, 251.96861267089844, 306.2004699707031, 330.10052490234375], [228.1852264404297, 153.31707763671875, 245.84950256347656, 209.87335205078125], [259.2068176269531, 168.94166564941406, 278.8183898925781, 194.99122619628906], [21.129493713378906, 214.5793914794922, 203.5364990234375, 330.5602111816406], [182.6306610107422, 168.80075073242188, 297.81573486328125, 233.205810546875], [162.56886291503906, 138.91912841796875, 232.73472595214844, 222.31768798828125], [177.15255737304688, 189.1217803955078, 219.7978515625, 216.7846221923828]]}