{"categories": [0, 13, 24, 26, 32, 38, 39, 58], "bboxes": [[183.69366455078125, 46.53425598144531, 329.0595703125, 327.52435302734375], [44.97691345214844, 175.22781372070312, 328.70623779296875, 313.78265380859375], [15.462379455566406, 25.295440673828125, 137.90032958984375, 150.50662231445312], [132.395751953125, 180.71499633789062, 197.09954833984375, 246.38485717773438], [285.9794006347656, 315.2524719238281, 301.4414367675781, 328.5214538574219], [239.20501708984375, 37.77770233154297, 293.6600341796875, 188.49005126953125], [236.6798858642578, 259.4613952636719, 262.94384765625, 327.0518493652344], [1.538970947265625, 272.583251953125, 67.84139251708984, 331.2994384765625]]}