{"categories": [0, 38], "bboxes": [[19.62651824951172, 89.61442565917969, 69.28113555908203, 225.5670928955078], [291.6667175292969, 283.728515625, 345.3211364746094, 309.98980712890625]]}