{"categories": [0, 2, 5], "bboxes": [[573.5713500976562, 253.2787628173828, 623.8206176757812, 385.79840087890625], [395.3367614746094, 268.0865783691406, 432.3582458496094, 289.9087829589844], [427.8382873535156, 144.88958740234375, 639.0, 344.3722229003906]]}