{"categories": [0, 6, 7, 56], "bboxes": [[6.4248504638671875, 110.78398132324219, 97.97650909423828, 327.9945068359375], [2.2193450927734375, 0.0, 497.68505859375, 338.82574462890625], [0.0, 10.854560852050781, 432.6772155761719, 226.26950073242188], [161.98989868164062, 226.82904052734375, 234.61331176757812, 335.2152099609375]]}