{"categories": [0, 27, 54, 77], "bboxes": [[53.833648681640625, 81.11178588867188, 424.17462158203125, 623.8040771484375], [173.04861450195312, 376.05078125, 281.3157653808594, 509.2900390625], [306.4001770019531, 280.50823974609375, 412.8115539550781, 355.27197265625], [196.71609497070312, 288.2624206542969, 421.5145568847656, 580.4571533203125]]}