{"categories": [0, 25, 38, 56], "bboxes": [[359.05194091796875, 17.855987548828125, 444.5230712890625, 309.81787109375], [476.28253173828125, 14.380226135253906, 499.0, 157.7200927734375], [335.34674072265625, 175.2125701904297, 369.7628173828125, 285.7554931640625], [431.46051025390625, 100.08773803710938, 474.20733642578125, 165.11154174804688]]}