{"categories": [0, 34, 35, 38, 56], "bboxes": [[196.85028076171875, 155.30477905273438, 350.64373779296875, 424.3528747558594], [323.1163635253906, 147.10562133789062, 340.6164855957031, 202.21652221679688], [253.11434936523438, 319.7322082519531, 307.4624938964844, 355.4396057128906], [480.90765380859375, 333.5691223144531, 502.9908447265625, 371.8098449707031], [332.9023742675781, 288.05950927734375, 384.4617004394531, 333.890380859375]]}