{"categories": [0, 40, 41, 42, 43, 44, 45, 56, 57, 60, 65], "bboxes": [[194.13250732421875, 179.7750244140625, 328.58770751953125, 348.30194091796875], [231.9552001953125, 308.404296875, 272.76837158203125, 403.43048095703125], [166.41900634765625, 340.6134948730469, 209.2935791015625, 405.4771423339844], [104.40555572509766, 390.8385009765625, 132.73939514160156, 407.8671875], [65.04202270507812, 379.68621826171875, 99.34410095214844, 411.76165771484375], [187.0517578125, 331.7173767089844, 218.17098999023438, 366.7051696777344], [296.75384521484375, 332.6470642089844, 328.23370361328125, 361.5489807128906], [510.4151306152344, 316.7190856933594, 637.5416259765625, 390.8298034667969], [8.4234619140625, 184.4256591796875, 603.8948364257812, 407.11102294921875], [29.928146362304688, 300.6485290527344, 496.332763671875, 470.7552185058594], [284.040283203125, 376.22113037109375, 370.1085205078125, 414.82904052734375]]}