{"categories": [0, 34, 56], "bboxes": [[84.08432006835938, 84.23722839355469, 291.26983642578125, 327.15594482421875], [2.3189315795898438, 9.906684875488281, 157.52059936523438, 228.39132690429688], [289.8392028808594, 117.8617172241211, 409.0097961425781, 264.19622802734375]]}