{"categories": [0, 26, 41, 42, 43, 45, 54, 55, 60, 61, 62, 67, 68, 69, 71, 72], "bboxes": [[298.7045593261719, 137.85049438476562, 456.7767639160156, 286.5226745605469], [495.1060485839844, 165.14210510253906, 535.824951171875, 196.31044006347656], [574.7275390625, 336.5699768066406, 622.5645751953125, 409.4734802246094], [51.04011917114258, 322.33074951171875, 87.72430419921875, 357.82489013671875], [363.525390625, 267.1114196777344, 404.704345703125, 301.5795593261719], [195.04312133789062, 352.98199462890625, 268.41448974609375, 401.2252197265625], [181.73196411132812, 318.30926513671875, 207.66073608398438, 333.81646728515625], [452.5567932128906, 347.24639892578125, 477.1056213378906, 371.50958251953125], [37.935821533203125, 253.20236206054688, 630.10546875, 471.2779846191406], [66.67522430419922, 187.50823974609375, 160.97323608398438, 388.026611328125], [0.8965225219726562, 168.27464294433594, 41.74177169799805, 236.28761291503906], [470.5763244628906, 364.98199462890625, 530.7388305664062, 390.19671630859375], [8.391624450683594, 97.9222183227539, 125.3930892944336, 151.58175659179688], [193.19155883789062, 95.73930358886719, 310.390625, 200.8927764892578], [174.8691864013672, 399.42462158203125, 474.478515625, 474.88385009765625], [183.0911865234375, 98.77822875976562, 306.244384765625, 237.31878662109375]]}