{"categories": [0, 28, 41, 56, 62], "bboxes": [[317.0639343261719, 138.96112060546875, 365.1761779785156, 266.8146667480469], [401.2831115722656, 313.2105407714844, 499.0, 371.4334411621094], [414.1473693847656, 291.97705078125, 430.1536560058594, 312.79718017578125], [210.27499389648438, 274.75506591796875, 303.6341857910156, 371.6795654296875], [229.05819702148438, 8.658294677734375, 399.4974670410156, 140.69459533691406]]}