{"categories": [0, 13], "bboxes": [[170.95013427734375, 227.79129028320312, 253.38381958007812, 298.9980163574219], [50.924407958984375, 292.1145324707031, 546.5784912109375, 425.1490783691406]]}