{"categories": [0, 32], "bboxes": [[418.14141845703125, 48.50152587890625, 636.0408325195312, 409.9660339355469], [213.42288208007812, 345.14813232421875, 263.8199462890625, 387.36962890625]]}