{"categories": [0, 13, 28, 45, 56], "bboxes": [[110.99624633789062, 180.39100646972656, 453.6784362792969, 272.94879150390625], [317.8416748046875, 119.49072265625, 496.10968017578125, 224.4886474609375], [45.00643539428711, 219.23580932617188, 137.82009887695312, 283.2572326660156], [0.22335243225097656, 201.43588256835938, 27.120424270629883, 277.5595397949219], [26.825271606445312, 130.90097045898438, 59.961585998535156, 173.37530517578125]]}