{"categories": [0, 34, 35], "bboxes": [[292.45611572265625, 154.92124938964844, 430.16448974609375, 369.65826416015625], [462.5733642578125, 306.22509765625, 569.4228515625, 362.5079345703125], [538.9967041015625, 318.1225891113281, 572.9873046875, 343.5038757324219]]}