{"categories": [0, 26, 62, 65, 73, 74], "bboxes": [[353.9759826660156, 193.47604370117188, 475.7671813964844, 477.3863220214844], [361.23052978515625, 370.472412109375, 388.7576904296875, 421.47186279296875], [0.0, 151.11842346191406, 195.30087280273438, 408.34405517578125], [548.8645629882812, 330.1360778808594, 600.8917846679688, 377.0826721191406], [193.15074157714844, 286.91656494140625, 254.9608917236328, 330.73529052734375], [329.5706787109375, 154.8351287841797, 352.28997802734375, 191.63954162597656]]}