{"categories": [0, 1, 46, 50, 62], "bboxes": [[163.3422088623047, 99.48323059082031, 255.08888244628906, 242.33302307128906], [484.5416259765625, 260.69195556640625, 530.7913818359375, 313.05426025390625], [366.0811767578125, 267.6630859375, 591.8081665039062, 422.88702392578125], [544.3374633789062, 350.00830078125, 580.6234741210938, 375.58526611328125], [445.7961730957031, 120.93632507324219, 551.7890014648438, 231.15907287597656]]}