{"categories": [0, 1, 2, 3, 24, 26, 58], "bboxes": [[156.18548583984375, 109.57181549072266, 332.38287353515625, 327.3777770996094], [281.79595947265625, 175.8080291748047, 318.36187744140625, 211.6642608642578], [0.3456268310546875, 129.64385986328125, 146.19692993164062, 316.8406677246094], [446.5788879394531, 183.90792846679688, 498.7446594238281, 239.40362548828125], [321.7029113769531, 235.97886657714844, 357.7979431152344, 264.7635192871094], [104.3353500366211, 163.69680786132812, 135.63824462890625, 242.11141967773438], [343.57061767578125, 153.99176025390625, 384.43865966796875, 226.02890014648438]]}