{"categories": [0, 32], "bboxes": [[345.7931823730469, 142.41909790039062, 449.0397644042969, 362.6623229980469], [441.82977294921875, 331.4025573730469, 474.9769287109375, 363.3357849121094]]}