{"categories": [0, 26, 27, 39, 41, 45, 55, 56, 60, 62, 73], "bboxes": [[0.0, 0.9191436767578125, 287.35272216796875, 425.6544189453125], [299.3997497558594, 256.3679504394531, 379.4555358886719, 305.2474060058594], [85.82630920410156, 135.76039123535156, 103.54385375976562, 251.96250915527344], [451.2757873535156, 226.2359619140625, 474.1329040527344, 278.9770202636719], [359.0799560546875, 276.2166748046875, 393.6734619140625, 329.46728515625], [412.8820495605469, 159.02281188964844, 443.3594665527344, 173.2200469970703], [245.50685119628906, 324.74859619140625, 336.8451232910156, 370.004638671875], [127.93899536132812, 182.62257385253906, 232.45587158203125, 266.0208740234375], [183.40408325195312, 238.40667724609375, 538.850341796875, 422.34661865234375], [578.2517700195312, 71.49139404296875, 601.3079223632812, 115.14469909667969], [175.24560546875, 256.6683044433594, 282.5664367675781, 307.7807922363281]]}