{"categories": [0, 2, 35, 39, 41, 45, 55, 60, 73], "bboxes": [[194.6547393798828, 4.8616180419921875, 431.461669921875, 274.55169677734375], [156.04489135742188, 11.615558624267578, 266.5370788574219, 62.22512435913086], [468.17999267578125, 169.215087890625, 490.24505615234375, 196.8897705078125], [0.10129165649414062, 262.9986877441406, 16.004352569580078, 334.2414855957031], [109.64836883544922, 254.4921875, 124.75350189208984, 284.382568359375], [162.1570281982422, 270.0976867675781, 195.0896759033203, 290.2322692871094], [236.52212524414062, 261.70916748046875, 487.3762512207031, 325.331298828125], [0.232635498046875, 243.7271728515625, 522.583984375, 419.62060546875], [2.5935134887695312, 228.66281127929688, 73.01734161376953, 281.7145690917969]]}