{"categories": [0, 8, 37], "bboxes": [[356.7073974609375, 117.07598114013672, 520.2811889648438, 248.4769287109375], [137.0409698486328, 204.54953002929688, 483.9185791015625, 270.9812316894531], [100.43589782714844, 209.46798706054688, 501.6630859375, 265.39459228515625]]}