{"categories": [0, 38, 56], "bboxes": [[176.26040649414062, 204.8026123046875, 319.8250427246094, 419.29010009765625], [119.05931091308594, 212.37667846679688, 188.3531036376953, 261.1291198730469], [329.220458984375, 73.2860107421875, 388.95660400390625, 143.25306701660156]]}