{"categories": [0, 5, 7, 9, 24, 25, 26, 58, 60], "bboxes": [[77.37744903564453, 246.0076904296875, 141.51974487304688, 443.384033203125], [0.0, 225.05543518066406, 64.65861511230469, 322.392333984375], [2.9298553466796875, 255.27330017089844, 77.45378112792969, 325.6947326660156], [23.152952194213867, 192.9543914794922, 38.652767181396484, 213.57106018066406], [34.48645782470703, 296.3271484375, 60.79481506347656, 333.7757568359375], [260.53509521484375, 250.13511657714844, 386.38861083984375, 368.1494445800781], [80.8702163696289, 275.5040588378906, 126.03449249267578, 351.5295715332031], [389.37884521484375, 386.1531982421875, 435.9296875, 482.73834228515625], [193.1573028564453, 290.1568298339844, 236.0021514892578, 332.3872375488281]]}