{"categories": [0, 5, 7, 30, 31], "bboxes": [[179.12794494628906, 137.97622680664062, 243.5457305908203, 287.32342529296875], [225.476318359375, 70.49336242675781, 257.093505859375, 95.51918029785156], [225.24534606933594, 70.2377700805664, 258.14434814453125, 100.74231719970703], [174.39370727539062, 274.8499450683594, 243.09414672851562, 289.7275085449219], [287.5059814453125, 294.3084716796875, 413.76611328125, 308.9422607421875]]}