{"categories": [0, 39, 41, 42, 44, 45, 56, 60, 65, 67], "bboxes": [[280.99896240234375, 121.8599624633789, 469.69561767578125, 374.0], [197.3293914794922, 276.8828430175781, 226.69822692871094, 372.5139465332031], [130.75140380859375, 257.84832763671875, 153.88525390625, 300.375732421875], [112.81317138671875, 216.6290283203125, 130.0716552734375, 243.82180786132812], [185.17010498046875, 253.29591369628906, 203.80606079101562, 288.0785827636719], [29.604976654052734, 208.46893310546875, 99.38385009765625, 235.37188720703125], [423.89373779296875, 129.64114379882812, 496.2530517578125, 221.01693725585938], [24.952728271484375, 211.33602905273438, 400.4433898925781, 369.6473083496094], [216.93470764160156, 231.4844970703125, 236.12660217285156, 260.83929443359375], [234.46217346191406, 304.08465576171875, 264.758056640625, 327.6865234375]]}