{"categories": [0, 39, 54, 60, 67, 79], "bboxes": [[334.346923828125, 45.44915771484375, 496.39825439453125, 369.1830139160156], [158.52178955078125, 139.6808624267578, 171.09716796875, 178.8230743408203], [231.4438934326172, 130.5373077392578, 260.7928161621094, 158.9014434814453], [18.423828125, 289.6146240234375, 272.1701354980469, 371.93804931640625], [59.616798400878906, 168.19317626953125, 100.3802719116211, 210.00595092773438], [370.6722717285156, 146.38504028320312, 457.2361145019531, 166.75717163085938]]}