{"categories": [0, 24, 56, 58, 75], "bboxes": [[339.56060791015625, 132.66287231445312, 575.9862060546875, 410.4352111816406], [580.0604248046875, 266.78875732421875, 639.0, 495.55377197265625], [516.6171264648438, 291.369873046875, 629.1553344726562, 510.0118408203125], [244.17108154296875, 261.526611328125, 311.82147216796875, 367.014892578125], [245.93162536621094, 322.6422119140625, 303.987548828125, 367.02520751953125]]}