{"categories": [0, 24, 36], "bboxes": [[317.56903076171875, 3.9852752685546875, 473.6212158203125, 313.800537109375], [423.72625732421875, 113.82696533203125, 442.27777099609375, 151.3974609375], [319.4314270019531, 297.7254943847656, 479.8025207519531, 327.1014099121094]]}