{"categories": [0, 24, 29, 56], "bboxes": [[100.32295227050781, 91.74009704589844, 417.66485595703125, 359.89544677734375], [378.4049377441406, 249.06129455566406, 419.0152893066406, 295.5621643066406], [60.98546600341797, 101.44073486328125, 111.80805206298828, 112.49302673339844], [593.2093505859375, 303.24810791015625, 634.45263671875, 359.366455078125]]}