{"categories": [0, 40, 41, 42, 43, 44, 56, 57, 60], "bboxes": [[277.3095397949219, 42.955780029296875, 499.0, 371.8953857421875], [0.0, 243.25186157226562, 64.55337524414062, 372.8894958496094], [50.60700988769531, 163.16429138183594, 90.21601867675781, 215.7500762939453], [160.935302734375, 256.61602783203125, 223.4849853515625, 282.57391357421875], [174.234130859375, 303.60931396484375, 285.22442626953125, 331.18206787109375], [187.0807647705078, 291.1698303222656, 230.8179473876953, 309.9377746582031], [118.59788513183594, 82.2532958984375, 182.2291717529297, 168.7672576904297], [1.032806396484375, 146.56350708007812, 87.78950500488281, 202.47296142578125], [0.0, 199.62799072265625, 282.8245849609375, 366.68743896484375]]}