{"categories": [0, 7, 29], "bboxes": [[136.54937744140625, 129.96896362304688, 217.39532470703125, 271.65435791015625], [84.29107666015625, 170.40086364746094, 161.58770751953125, 201.39598083496094], [235.7218780517578, 60.58412551879883, 261.25030517578125, 69.25364685058594]]}