{"categories": [0, 27], "bboxes": [[0.0, 28.370040893554688, 269.24517822265625, 400.08355712890625], [271.48004150390625, 204.1661376953125, 335.186767578125, 402.80859375]]}