{"categories": [0, 41, 79], "bboxes": [[190.909912109375, 85.62718200683594, 499.0, 367.31671142578125], [333.4852600097656, 217.5347900390625, 363.1358337402344, 255.26345825195312], [158.1465606689453, 190.28271484375, 213.91493225097656, 315.507568359375]]}