{"categories": [0, 35, 36], "bboxes": [[257.2499084472656, 5.671783447265625, 443.3123474121094, 297.66961669921875], [300.38165283203125, 134.6250762939453, 333.184326171875, 158.41575622558594], [272.3813781738281, 279.7373046875, 433.7832336425781, 315.10223388671875]]}