{"categories": [0, 27, 41], "bboxes": [[356.914306640625, 28.75390625, 499.0, 369.0255126953125], [334.17901611328125, 131.96560668945312, 350.79425048828125, 175.58908081054688], [445.9210205078125, 344.62750244140625, 495.22265625, 374.0]]}