{"categories": [0, 2, 9, 36], "bboxes": [[27.52507781982422, 105.90789031982422, 282.8947448730469, 352.07373046875], [112.91976165771484, 51.56839370727539, 143.99322509765625, 72.28395080566406], [309.4797668457031, 0.9380350112915039, 330.0598449707031, 22.580577850341797], [12.475852966308594, 323.1960144042969, 130.08059692382812, 373.7969055175781]]}