{"categories": [0, 2, 3, 13, 39, 41, 42, 45, 60, 67, 73], "bboxes": [[203.80059814453125, 157.1981201171875, 346.20672607421875, 329.4418640136719], [7.474214553833008, 94.92669677734375, 42.34056854248047, 122.21954345703125], [6.604772567749023, 95.11341857910156, 43.27388000488281, 122.61459350585938], [400.0937805175781, 201.1654510498047, 499.0, 329.88092041015625], [238.77474975585938, 138.84400939941406, 249.07479858398438, 170.22752380371094], [133.30596923828125, 177.13473510742188, 159.6463623046875, 219.119140625], [167.53363037109375, 217.02261352539062, 231.1953125, 235.19100952148438], [206.26052856445312, 200.2214813232422, 236.34527587890625, 222.64024353027344], [123.14295959472656, 134.91461181640625, 395.3067626953125, 272.9644775390625], [37.96448516845703, 248.2622833251953, 75.91727447509766, 267.1125793457031], [36.66105651855469, 246.2950897216797, 75.79407501220703, 266.54443359375]]}