{"categories": [0, 39, 40, 41, 43, 45, 56, 60, 66, 73], "bboxes": [[81.63489532470703, 23.750442504882812, 308.021484375, 443.3460693359375], [558.6095581054688, 249.57640075683594, 596.5668334960938, 368.6553649902344], [379.4150390625, 383.7879943847656, 429.64398193359375, 445.0], [545.3869018554688, 219.24661254882812, 564.0730590820312, 243.1109619140625], [291.4220275878906, 351.5520935058594, 363.2696228027344, 374.4527893066406], [583.81591796875, 365.5436096191406, 639.0, 433.8619689941406], [51.217201232910156, 258.4987487792969, 91.3789291381836, 399.3367004394531], [215.79727172851562, 313.3013000488281, 622.4578857421875, 441.2154235839844], [413.07818603515625, 340.22802734375, 558.4478759765625, 401.71270751953125], [416.66424560546875, 399.8018798828125, 593.6774291992188, 443.2734375]]}