{"categories": [0, 34, 35], "bboxes": [[356.80096435546875, 121.55614471435547, 478.4813232421875, 272.6977233886719], [187.49853515625, 312.2015380859375, 317.2939758300781, 397.80084228515625], [163.7675323486328, 375.82269287109375, 199.2952117919922, 413.9024658203125]]}