{"categories": [0, 36], "bboxes": [[99.1904525756836, 59.4881591796875, 293.82708740234375, 365.61968994140625], [181.80117797851562, 343.0626525878906, 300.5660705566406, 374.6532287597656]]}