{"categories": [0, 40, 57, 62, 73], "bboxes": [[31.03380584716797, 97.44992065429688, 272.26641845703125, 479.0], [197.50711059570312, 203.2168426513672, 247.97607421875, 301.7624206542969], [7.443450927734375, 225.83837890625, 639.0, 476.5048828125], [0.0, 37.07237243652344, 137.14422607421875, 226.0672149658203], [1.1109695434570312, 283.1551818847656, 43.433937072753906, 301.7304992675781]]}