{"categories": [0, 27], "bboxes": [[92.37130737304688, 44.60014343261719, 371.2054748535156, 467.3917236328125], [226.510986328125, 178.92562866210938, 293.40411376953125, 213.63784790039062]]}