{"categories": [0, 20], "bboxes": [[124.39306640625, 213.37179565429688, 215.4259033203125, 423.6038513183594], [102.15797424316406, 95.89382934570312, 448.09661865234375, 409.96710205078125]]}