{"categories": [0, 15, 28, 56, 63, 65, 66], "bboxes": [[156.36460876464844, 15.225143432617188, 319.13446044921875, 408.10968017578125], [216.45013427734375, 411.81298828125, 316.057373046875, 568.9307861328125], [361.5740966796875, 280.63720703125, 477.6629638671875, 391.64404296875], [359.7748718261719, 220.4034423828125, 479.0, 392.50299072265625], [318.870849609375, 395.32720947265625, 425.2579345703125, 527.385009765625], [167.07273864746094, 225.16748046875, 182.9778594970703, 244.55722045898438], [334.90380859375, 465.6949768066406, 421.19659423828125, 510.2710266113281]]}