{"categories": [0, 26, 35, 37], "bboxes": [[427.7465515136719, 108.56743621826172, 530.4130859375, 285.079833984375], [458.0733947753906, 143.48265075683594, 524.2560424804688, 236.0692596435547], [481.98114013671875, 199.26954650878906, 514.760009765625, 236.8993682861328], [99.93712615966797, 43.14921569824219, 251.94583129882812, 267.87127685546875]]}