{"categories": [0, 29], "bboxes": [[51.207176208496094, 53.888641357421875, 204.36099243164062, 473.3993225097656], [72.97247314453125, 236.19815063476562, 131.07965087890625, 264.99749755859375]]}