{"categories": [0, 32, 35], "bboxes": [[106.11307525634766, 60.26207733154297, 296.6283264160156, 306.6649169921875], [442.2481689453125, 34.14124298095703, 457.200439453125, 47.61238098144531], [236.18629455566406, 114.01658630371094, 265.5797119140625, 154.02635192871094]]}