{"categories": [0, 30, 33], "bboxes": [[339.707763671875, 38.157264709472656, 415.21771240234375, 248.46072387695312], [277.5948486328125, 217.97879028320312, 472.0419921875, 268.5458984375], [427.21368408203125, 96.38190460205078, 459.8544921875, 124.17334747314453]]}