{"categories": [0, 1, 25, 56], "bboxes": [[305.9487609863281, 93.09947967529297, 378.5754089355469, 238.7947998046875], [152.1825714111328, 152.51011657714844, 252.13014221191406, 249.19383239746094], [598.9241333007812, 138.40548706054688, 620.2211303710938, 151.689697265625], [372.36273193359375, 158.78428649902344, 457.482421875, 223.8149871826172]]}