{"categories": [0, 2, 3, 17, 26, 56, 74], "bboxes": [[289.72637939453125, 45.29725646972656, 464.6171875, 374.0], [0.0, 204.20782470703125, 19.22735595703125, 220.71826171875], [131.27432250976562, 214.22265625, 487.7376403808594, 371.72845458984375], [4.4076385498046875, 258.65277099609375, 371.902099609375, 370.40087890625], [388.8904113769531, 284.9205322265625, 493.3432312011719, 373.9423828125], [118.57260131835938, 242.65109252929688, 209.11184692382812, 313.3492126464844], [336.35089111328125, 246.02232360839844, 348.98065185546875, 257.7104187011719]]}