{"categories": [0, 13, 24, 25, 26, 32, 34, 35, 37, 38, 56], "bboxes": [[30.17290496826172, 8.67840576171875, 166.19259643554688, 341.0849304199219], [267.62469482421875, 172.00477600097656, 340.162353515625, 214.9889373779297], [173.26220703125, 217.3356475830078, 216.75830078125, 253.0673370361328], [3.717334747314453, 63.82780456542969, 61.91056442260742, 253.48960876464844], [222.56982421875, 227.74838256835938, 254.0113525390625, 258.55657958984375], [464.58795166015625, 399.5985412597656, 481.35955810546875, 416.3608703613281], [340.19659423828125, 266.09979248046875, 373.77447509765625, 350.2911376953125], [146.97097778320312, 222.3494873046875, 178.01992797851562, 255.86245727539062], [4.402462005615234, 56.87335205078125, 68.81513977050781, 259.20904541015625], [81.8619613647461, 227.501708984375, 100.7500991821289, 262.0603332519531], [142.151611328125, 170.5078887939453, 176.81674194335938, 211.82041931152344]]}