{"categories": [0, 3, 17, 24, 26], "bboxes": [[449.180908203125, 114.7636489868164, 490.853271484375, 209.49072265625], [320.1387023925781, 131.07774353027344, 415.5438537597656, 275.9613037109375], [72.2666015625, 73.31112670898438, 238.0955810546875, 254.36654663085938], [318.2853088378906, 139.67910766601562, 345.7799987792969, 160.46139526367188], [463.8648376464844, 135.7418670654297, 491.2821960449219, 179.6567840576172]]}