{"categories": [0, 56, 57, 79], "bboxes": [[22.935379028320312, 97.80450439453125, 268.98907470703125, 366.95623779296875], [0.6518688201904297, 100.39812469482422, 40.031089782714844, 196.83441162109375], [10.629684448242188, 10.3056640625, 473.1993408203125, 357.8084716796875], [238.23486328125, 239.41163635253906, 252.12493896484375, 283.1040954589844]]}