{"categories": [0, 1, 17, 58], "bboxes": [[296.5821228027344, 389.3511962890625, 355.4427185058594, 557.4194946289062], [420.5888977050781, 463.9822692871094, 498.1230163574219, 556.3783569335938], [153.98428344726562, 399.23583984375, 302.4015197753906, 553.4892578125], [21.43753433227539, 401.0933837890625, 49.64792251586914, 430.2933349609375]]}