{"categories": [0, 39, 40, 41, 53, 56, 60], "bboxes": [[300.1128845214844, 0.4092559814453125, 499.0, 271.57098388671875], [201.02304077148438, 69.00778198242188, 241.37689208984375, 217.87249755859375], [346.5646057128906, 115.71649932861328, 414.7453918457031, 293.0416564941406], [0.012167930603027344, 199.59939575195312, 19.583003997802734, 298.0], [34.81111145019531, 207.21810913085938, 349.94189453125, 297.0067138671875], [237.142578125, 137.75775146484375, 274.3243103027344, 205.27972412109375], [276.734375, 215.527587890625, 499.0, 296.31768798828125]]}