{"categories": [0, 33], "bboxes": [[8.641971588134766, 182.30892944335938, 117.21328735351562, 407.1076965332031], [334.7921447753906, 169.69570922851562, 355.5656433105469, 199.03567504882812]]}