{"categories": [0, 39, 40, 41, 56, 60, 63, 67, 73], "bboxes": [[0.7468032836914062, 102.04183959960938, 97.76649475097656, 226.2037353515625], [109.64224243164062, 185.07899475097656, 127.64497375488281, 232.2003936767578], [188.8374786376953, 321.2107849121094, 220.25621032714844, 363.6297912597656], [465.3643493652344, 176.66766357421875, 482.0477600097656, 197.80804443359375], [47.10383224487305, 229.63063049316406, 161.34896850585938, 325.46563720703125], [379.08160400390625, 182.58338928222656, 499.0, 298.1456298828125], [0.1296234130859375, 189.53594970703125, 70.94292449951172, 256.4374694824219], [135.4364013671875, 331.3130798339844, 184.95321655273438, 342.6376647949219], [368.9314880371094, 283.960205078125, 483.3091125488281, 338.76983642578125]]}