{"categories": [0, 2, 32, 38], "bboxes": [[22.512733459472656, 170.69532775878906, 134.78091430664062, 487.76495361328125], [3.5083389282226562, 136.7465057373047, 33.13214111328125, 150.52833557128906], [198.04417419433594, 116.85884094238281, 205.6768035888672, 125.20294189453125], [204.73867797851562, 132.177001953125, 222.294677734375, 149.88748168945312]]}