{"categories": [0, 27, 32, 77], "bboxes": [[155.62904357910156, 17.146820068359375, 499.0, 397.0], [47.26515579223633, 304.9779052734375, 115.98097229003906, 391.967529296875], [20.686538696289062, 125.76004028320312, 35.268463134765625, 140.67715454101562], [323.8565368652344, 175.11102294921875, 490.8512268066406, 387.27203369140625]]}