{"categories": [0, 2, 3, 5, 7, 24, 25], "bboxes": [[120.90930938720703, 118.40850830078125, 169.83804321289062, 205.61465454101562], [254.06141662597656, 122.95584106445312, 273.29266357421875, 143.59786987304688], [3.783572196960449, 138.83506774902344, 27.713619232177734, 167.07200622558594], [281.936279296875, 69.95380401611328, 499.0, 210.87384033203125], [142.42962646484375, 107.24835968017578, 188.84634399414062, 148.98544311523438], [332.4599304199219, 156.33837890625, 356.3858337402344, 193.02444458007812], [0.0, 113.98687744140625, 25.098217010498047, 125.22329711914062]]}