{"categories": [0, 25, 32, 34, 41, 65], "bboxes": [[115.22882080078125, 1.6249237060546875, 239.69186401367188, 419.43353271484375], [439.6645202636719, 57.73204040527344, 531.2593994140625, 108.61468505859375], [383.8645324707031, 235.6558380126953, 417.6663513183594, 263.3285827636719], [100.51055908203125, 272.0997009277344, 145.0826873779297, 426.0], [294.5506286621094, 383.931640625, 349.4443054199219, 424.03167724609375], [311.7794189453125, 384.5730895996094, 345.97735595703125, 411.4920349121094]]}