{"categories": [0, 24, 30], "bboxes": [[169.49981689453125, 143.54348754882812, 241.61434936523438, 344.9911804199219], [31.62948226928711, 128.647216796875, 63.05038070678711, 187.13177490234375], [100.27079772949219, 337.21112060546875, 253.43663024902344, 351.13128662109375]]}