{"categories": [0, 1, 2, 3, 7, 25], "bboxes": [[252.61740112304688, 90.6741943359375, 315.8510437011719, 220.75827026367188], [515.1510009765625, 154.47996520996094, 639.0, 333.97265625], [46.379669189453125, 127.31648254394531, 80.31172943115234, 139.73866271972656], [114.092041015625, 189.98260498046875, 284.9613952636719, 355.91943359375], [2.9475555419921875, 90.89389038085938, 121.83663940429688, 143.3531951904297], [593.5443725585938, 87.21546936035156, 639.0, 106.06765747070312]]}