{"categories": [0, 2, 26, 30], "bboxes": [[46.443260192871094, 0.44873046875, 287.45660400390625, 495.51483154296875], [9.929924011230469, 18.64450454711914, 75.14610290527344, 48.00394058227539], [51.86336135864258, 271.70220947265625, 66.77877807617188, 310.6427001953125], [410.4667663574219, 141.57763671875, 451.2821960449219, 151.8013916015625]]}