{"categories": [0, 17, 58], "bboxes": [[61.955039978027344, 213.6901092529297, 160.3243408203125, 575.7688598632812], [205.17800903320312, 164.404296875, 479.5507507324219, 560.4463500976562], [0.14887046813964844, 255.8060302734375, 44.16735076904297, 321.58502197265625]]}