{"categories": [0, 41, 42, 44, 45, 55, 56, 60], "bboxes": [[217.53419494628906, 0.0, 497.70782470703125, 322.748779296875], [147.01084899902344, 193.39735412597656, 170.1405487060547, 224.9574432373047], [173.3703155517578, 166.8428497314453, 198.87989807128906, 257.26324462890625], [314.6219177246094, 215.1743621826172, 333.0679626464844, 305.2504577636719], [229.21310424804688, 286.2032775878906, 414.0738830566406, 330.0], [286.9065856933594, 285.83929443359375, 345.7051086425781, 330.0], [97.7190933227539, 121.63468933105469, 152.40635681152344, 201.5850067138672], [0.0, 197.29367065429688, 429.22900390625, 325.3465270996094]]}