{"categories": [0, 32, 38], "bboxes": [[81.38429260253906, 54.578460693359375, 183.22630310058594, 337.6104736328125], [119.83497619628906, 181.7362823486328, 136.3809356689453, 197.5017852783203], [312.4462585449219, 157.63272094726562, 361.1357727050781, 289.3079833984375]]}