{"categories": [0, 13, 20, 21], "bboxes": [[280.7358703613281, 14.315170288085938, 480.4024963378906, 344.0], [3.9415283203125, 212.02444458007812, 297.1463317871094, 341.9383850097656], [140.2211456298828, 124.83815002441406, 176.5720977783203, 152.5259552001953], [140.3018035888672, 125.1601791381836, 176.52464294433594, 152.6435089111328]]}