{"categories": [0, 2, 16, 36], "bboxes": [[147.5605010986328, 21.140655517578125, 291.15643310546875, 410.37847900390625], [220.13795471191406, 45.67007064819336, 245.5594940185547, 73.57146453857422], [313.92486572265625, 280.1690368652344, 425.39520263671875, 420.6529846191406], [206.55560302734375, 384.0185546875, 286.9174499511719, 423.66864013671875]]}