{"categories": [0, 9, 26, 32, 41, 56, 57, 58, 65, 73, 75], "bboxes": [[207.07180786132812, 38.62995910644531, 346.0383605957031, 368.9144287109375], [464.1676330566406, 103.24031829833984, 488.4992980957031, 136.71823120117188], [31.77066421508789, 296.4622497558594, 63.08956527709961, 324.9888610839844], [294.4988708496094, 183.2907257080078, 309.8147277832031, 198.9082794189453], [144.24111938476562, 205.23446655273438, 156.8624267578125, 229.69406127929688], [194.09347534179688, 261.1383056640625, 234.33596801757812, 338.26483154296875], [0.902618408203125, 213.01144409179688, 206.8282470703125, 367.1697082519531], [173.44065856933594, 129.26416015625, 214.5504608154297, 220.94058227539062], [205.7493896484375, 170.27854919433594, 230.78811645507812, 188.44334411621094], [364.82879638671875, 92.48797607421875, 409.48779296875, 116.47840881347656], [182.59539794921875, 184.3643798828125, 203.09423828125, 220.91876220703125]]}