{"categories": [0, 24, 26, 35], "bboxes": [[157.89186096191406, 109.35798645019531, 289.86932373046875, 280.4588623046875], [399.0032653808594, 254.3280487060547, 422.1377868652344, 282.4444885253906], [420.2372131347656, 201.226318359375, 447.0045471191406, 238.13949584960938], [388.88116455078125, 243.7303466796875, 416.62945556640625, 265.3086242675781]]}