{"categories": [0, 39, 40, 41, 45, 55, 60], "bboxes": [[12.738166809082031, 83.56782531738281, 246.71563720703125, 325.29095458984375], [427.0543212890625, 211.30972290039062, 467.79736328125, 317.8183288574219], [326.3009948730469, 226.85806274414062, 369.4698181152344, 326.3698425292969], [250.11517333984375, 264.860595703125, 285.1502685546875, 300.526123046875], [70.46305084228516, 345.9412841796875, 123.94115447998047, 369.79803466796875], [321.55413818359375, 324.22674560546875, 505.94573974609375, 411.15216064453125], [19.52947998046875, 232.94993591308594, 618.9780883789062, 472.32659912109375]]}