{"categories": [0, 41, 42, 43, 45, 53, 56, 60], "bboxes": [[0.31233978271484375, 65.7186279296875, 175.7613525390625, 372.4884338378906], [280.8739318847656, 186.54833984375, 309.8305358886719, 233.18939208984375], [325.0084533691406, 206.06459045410156, 371.4014587402344, 243.6371612548828], [327.4512023925781, 209.8636932373047, 371.8390808105469, 244.4255828857422], [246.6882781982422, 218.75970458984375, 287.3734436035156, 243.52554321289062], [335.4671630859375, 197.01556396484375, 383.64154052734375, 219.45880126953125], [82.73858642578125, 256.8488464355469, 407.1666259765625, 372.6332092285156], [73.0609130859375, 166.29153442382812, 424.93280029296875, 337.4294128417969]]}