{"categories": [0, 55, 56, 57, 60], "bboxes": [[0.043834686279296875, 126.39114379882812, 86.17308044433594, 401.2980651855469], [408.62109375, 216.67477416992188, 523.0044555664062, 290.87139892578125], [133.5206756591797, 261.04974365234375, 168.38475036621094, 286.40118408203125], [91.89239501953125, 270.56671142578125, 635.6367797851562, 422.22723388671875], [99.44219970703125, 257.7721862792969, 628.3961181640625, 417.0506896972656]]}