{"categories": [0, 29], "bboxes": [[82.47456359863281, 97.00457763671875, 211.99754333496094, 536.9207153320312], [106.10904693603516, 90.0948715209961, 160.8924560546875, 119.89359283447266]]}