{"categories": [0, 27, 39, 40, 41, 45, 54, 55, 56, 58, 60, 75], "bboxes": [[153.58709716796875, 190.382080078125, 445.50665283203125, 448.1759033203125], [87.02037048339844, 213.57505798339844, 127.23291015625, 313.88885498046875], [347.3716735839844, 393.43499755859375, 405.0928649902344, 630.3052368164062], [236.0865020751953, 438.3625793457031, 313.20233154296875, 587.8418579101562], [37.205711364746094, 407.25616455078125, 197.11050415039062, 533.5443115234375], [401.0371398925781, 555.1650390625, 471.5283508300781, 606.487548828125], [45.57665252685547, 541.8382568359375, 194.81002807617188, 617.2449951171875], [44.360145568847656, 545.1453247070312, 192.24502563476562, 623.6229858398438], [147.93447875976562, 319.0523986816406, 191.67697143554688, 385.5774841308594], [398.31866455078125, 461.354248046875, 479.0, 607.763427734375], [14.595382690429688, 403.5340881347656, 472.203125, 636.9642333984375], [347.8165588378906, 399.554443359375, 405.7453918457031, 616.2582397460938]]}