{"categories": [0, 27, 43, 59, 60, 65], "bboxes": [[143.5235137939453, 72.15547180175781, 354.58563232421875, 493.15936279296875], [228.31524658203125, 188.6547088623047, 271.0280456542969, 337.8028564453125], [337.09844970703125, 325.81317138671875, 390.0, 351.7110595703125], [147.67208862304688, 439.85015869140625, 380.6843566894531, 496.8790283203125], [145.55160522460938, 439.48504638671875, 386.8932189941406, 494.66546630859375], [263.7837829589844, 386.61669921875, 327.4723815917969, 416.74786376953125]]}