{"categories": [0, 2, 9, 27], "bboxes": [[35.57030487060547, 17.498245239257812, 222.406494140625, 414.29193115234375], [149.42202758789062, 122.50975036621094, 639.0, 403.76080322265625], [450.48516845703125, 1.544382095336914, 483.47503662109375, 55.31816101074219], [310.11517333984375, 226.7100830078125, 352.81036376953125, 415.71807861328125]]}