{"categories": [0, 5, 9, 25, 32], "bboxes": [[86.73091125488281, 157.7107696533203, 424.0, 639.0], [6.26220703125, 0.0, 384.9954528808594, 270.7011413574219], [413.0133361816406, 79.04019165039062, 424.0, 131.5091552734375], [23.232940673828125, 1.1546859741210938, 336.3380432128906, 223.85751342773438], [59.98595428466797, 535.3804321289062, 96.6287612915039, 574.3484497070312]]}