{"categories": [0, 32], "bboxes": [[151.4100341796875, 96.72059631347656, 354.4173583984375, 457.1063232421875], [58.932945251464844, 388.5516052246094, 120.27698516845703, 448.8298645019531]]}