{"categories": [0, 6, 13, 24, 25, 26, 28], "bboxes": [[108.15267181396484, 76.07122802734375, 252.63546752929688, 424.59442138671875], [304.38165283203125, 0.0, 639.0, 348.786865234375], [338.7432861328125, 191.74667358398438, 634.3470458984375, 401.8754577636719], [511.73822021484375, 124.27584075927734, 571.9517211914062, 207.3116455078125], [27.645217895507812, 31.683929443359375, 261.37286376953125, 210.17269897460938], [375.0371398925781, 156.28765869140625, 466.7970886230469, 278.44781494140625], [301.99932861328125, 291.9582824707031, 338.45159912109375, 401.8216857910156]]}