{"categories": [0, 16, 25, 41], "bboxes": [[531.4374389648438, 27.927276611328125, 639.0, 184.76441955566406], [253.6475067138672, 78.98786163330078, 334.1727600097656, 138.89605712890625], [91.02628326416016, 49.45147705078125, 324.072509765625, 258.0769958496094], [366.4095458984375, 221.20448303222656, 390.34222412109375, 254.1616668701172]]}