{"categories": [0, 39, 53, 56, 73], "bboxes": [[156.514404296875, 222.99298095703125, 268.0400390625, 371.6044921875], [45.50503158569336, 195.7239990234375, 55.33650588989258, 224.16140747070312], [263.1640625, 291.3622741699219, 291.98046875, 309.6195983886719], [42.97268295288086, 308.8178405761719, 91.5306396484375, 373.2151794433594], [0.0, 142.95623779296875, 497.95062255859375, 315.91876220703125]]}