{"categories": [0, 29, 35], "bboxes": [[9.226020812988281, 147.1456298828125, 77.17335510253906, 268.8460693359375], [172.22914123535156, 212.52084350585938, 206.59962463378906, 220.67510986328125], [414.3601379394531, 260.125244140625, 430.1471862792969, 282.4501953125]]}