{"categories": [0, 39, 41, 43, 56, 60, 62, 63, 64, 66, 73, 74], "bboxes": [[4.081398010253906, 77.2271728515625, 150.91195678710938, 314.6574401855469], [261.4325256347656, 120.70103454589844, 273.9817199707031, 154.0254669189453], [294.6581115722656, 152.45506286621094, 324.3876037597656, 199.29417419433594], [190.61854553222656, 153.35543823242188, 211.52073669433594, 194.70370483398438], [368.8306884765625, 137.6277313232422, 398.69012451171875, 226.1710968017578], [29.914199829101562, 170.57595825195312, 442.34552001953125, 363.0090637207031], [120.30729675292969, 44.09019088745117, 220.8339080810547, 124.40760803222656], [254.07839965820312, 168.72019958496094, 389.3453674316406, 257.79638671875], [113.86781311035156, 225.37696838378906, 148.1897735595703, 238.50767517089844], [298.4403076171875, 216.95693969726562, 355.86651611328125, 249.05172729492188], [169.454833984375, 254.13723754882812, 311.4562683105469, 312.1412658691406], [40.10722732543945, 10.480252265930176, 69.41709899902344, 39.96414566040039]]}