{"categories": [0, 5, 13, 24, 26, 28], "bboxes": [[301.3650207519531, 249.75921630859375, 354.3221130371094, 391.97088623046875], [3.844696044921875, 185.15087890625, 566.1097412109375, 357.40948486328125], [555.7940673828125, 263.5591735839844, 616.9080810546875, 286.3792419433594], [301.8455505371094, 271.73785400390625, 338.8415222167969, 326.2730712890625], [550.0936889648438, 297.5885009765625, 567.5507202148438, 330.10113525390625], [221.67115783691406, 349.6373596191406, 247.78785705566406, 382.4206237792969]]}