{"categories": [0, 59, 60, 73, 79], "bboxes": [[2.759307861328125, 2.9218292236328125, 400.98565673828125, 309.250732421875], [41.46307373046875, 152.51416015625, 499.0, 330.7420349121094], [141.85324096679688, 142.55825805664062, 499.0, 331.95294189453125], [177.13491821289062, 244.6002197265625, 477.3006286621094, 327.4495849609375], [195.48226928710938, 249.21527099609375, 316.1724548339844, 304.80828857421875]]}