{"categories": [0, 32], "bboxes": [[272.7504577636719, 197.55174255371094, 333.6156921386719, 301.2874755859375], [249.05503845214844, 165.6682586669922, 256.91241455078125, 174.85194396972656]]}