{"categories": [0, 2, 13, 18, 23, 26, 28, 45, 58], "bboxes": [[454.6884765625, 159.8307647705078, 636.9921875, 458.1829833984375], [0.33783531188964844, 286.01019287109375, 34.43597412109375, 301.50665283203125], [0.0, 290.5587463378906, 448.41510009765625, 529.5699462890625], [400.3420715332031, 265.8403625488281, 446.8912658691406, 311.4501647949219], [218.28359985351562, 174.18258666992188, 251.54776000976562, 309.8056335449219], [489.2377014160156, 294.5234069824219, 570.2940673828125, 348.0163269042969], [452.7821350097656, 373.0322265625, 572.1575317382812, 534.1725463867188], [94.56863403320312, 297.20098876953125, 167.82928466796875, 329.0640869140625], [56.84469985961914, 296.4106140136719, 79.27864074707031, 326.5113220214844]]}