{"categories": [0, 24, 37], "bboxes": [[352.1950378417969, 166.90310668945312, 439.8886413574219, 363.5146789550781], [245.865478515625, 336.27874755859375, 285.08636474609375, 387.46484375], [272.11181640625, 201.25741577148438, 559.7958374023438, 281.6298522949219]]}