{"categories": [0, 39, 56, 57, 60, 65, 73], "bboxes": [[111.32577514648438, 57.425987243652344, 261.3414001464844, 287.5266418457031], [96.75184631347656, 247.21389770507812, 112.85989379882812, 292.0616149902344], [320.1114196777344, 166.1951904296875, 377.6487121582031, 269.7403259277344], [1.1932830810546875, 187.21392822265625, 131.4356689453125, 294.3310241699219], [39.48448944091797, 261.3863220214844, 235.35015869140625, 356.3213195800781], [166.5992431640625, 281.08148193359375, 196.12515258789062, 290.169677734375], [52.14896774291992, 290.4677429199219, 145.050537109375, 322.0684509277344]]}