{"categories": [0, 1, 24], "bboxes": [[280.9055480957031, 104.9237289428711, 377.0285949707031, 327.3392639160156], [315.74029541015625, 203.56832885742188, 386.5400390625, 332.0], [400.4701843261719, 151.59442138671875, 499.0, 326.566162109375]]}