{"categories": [0, 13, 29, 35], "bboxes": [[366.31744384765625, 53.855506896972656, 433.45513916015625, 234.68927001953125], [71.82820129394531, 184.17901611328125, 491.54510498046875, 299.37054443359375], [239.6899871826172, 86.93940734863281, 278.2658996582031, 96.19035339355469], [111.34906768798828, 129.02699279785156, 142.93507385253906, 164.8892364501953]]}