{"categories": [0, 5, 6], "bboxes": [[257.0992431640625, 359.35711669921875, 312.174072265625, 546.25537109375], [4.9806365966796875, 67.52252197265625, 330.49346923828125, 392.07781982421875], [0.0, 52.210540771484375, 328.5794677734375, 383.6268005371094]]}