{"categories": [0, 2, 32], "bboxes": [[96.61724853515625, 75.85000610351562, 399.0647277832031, 543.5556640625], [232.37261962890625, 63.7656135559082, 378.52178955078125, 166.2478485107422], [63.83835983276367, 419.20098876953125, 137.61279296875, 491.9404296875]]}