{"categories": [0, 27, 41, 56, 60, 63], "bboxes": [[0.0, 36.25056457519531, 188.18759155273438, 393.74072265625], [412.0525817871094, 223.7410888671875, 433.1623840332031, 380.6732177734375], [122.74041748046875, 368.6841735839844, 209.79421997070312, 435.4955139160156], [172.4321746826172, 180.05271911621094, 215.9029083251953, 235.48829650878906], [0.0, 370.9439697265625, 499.0, 438.0], [121.8101806640625, 228.39157104492188, 456.00146484375, 428.0144958496094]]}