{"categories": [0, 37], "bboxes": [[95.78062438964844, 233.3502655029297, 128.97625732421875, 310.135986328125], [244.43968200683594, 285.18353271484375, 293.00469970703125, 308.88458251953125]]}