{"categories": [0, 2, 13, 35, 56], "bboxes": [[48.988922119140625, 121.82649993896484, 183.77774047851562, 293.7918395996094], [337.68572998046875, 195.93655395507812, 365.167236328125, 208.33151245117188], [299.5873718261719, 190.69224548339844, 345.4178771972656, 207.45191955566406], [200.3634796142578, 229.12228393554688, 225.22242736816406, 253.00732421875], [429.4207763671875, 92.24893951416016, 460.87200927734375, 106.04447174072266]]}