{"categories": [0, 32], "bboxes": [[438.134765625, 56.15315246582031, 590.9149169921875, 376.678466796875], [407.62188720703125, 332.65985107421875, 454.1602783203125, 376.8271484375]]}