{"categories": [0, 25, 30, 31, 46, 58], "bboxes": [[21.530960083007812, 66.16520690917969, 189.3952178955078, 367.2808837890625], [57.6878662109375, 3.3577499389648438, 204.89334106445312, 147.6807861328125], [415.7192077636719, 1.21087646484375, 484.4818420410156, 363.4943542480469], [162.2503662109375, 0.0, 291.0931396484375, 367.0997619628906], [259.2738342285156, 135.63121032714844, 285.5375671386719, 165.55516052246094], [307.91802978515625, 216.48580932617188, 421.17132568359375, 370.0450744628906]]}