{"categories": [0, 24, 40, 56, 57, 65], "bboxes": [[148.04408264160156, 98.00393676757812, 241.3168487548828, 374.0], [8.161361694335938, 325.5444030761719, 49.38539505004883, 371.8804626464844], [1.004286289215088, 300.8130187988281, 15.646402359008789, 347.9737854003906], [426.9751281738281, 236.34695434570312, 499.0, 371.1177062988281], [75.48104858398438, 226.42776489257812, 355.8234558105469, 370.0077209472656], [295.8600769042969, 195.37796020507812, 320.0159606933594, 234.59378051757812]]}