{"categories": [0, 24, 26, 27, 39, 56, 60, 73, 79], "bboxes": [[205.53892517089844, 77.3571548461914, 485.2039794921875, 328.1480407714844], [151.99456787109375, 287.8274841308594, 246.431884765625, 331.0], [465.9802551269531, 240.47776794433594, 499.0, 331.0], [343.3088073730469, 182.20497131347656, 364.0528259277344, 249.76246643066406], [160.46591186523438, 209.43386840820312, 170.8646240234375, 234.18450927734375], [434.5448303222656, 242.25794982910156, 497.6351623535156, 330.5865783691406], [149.3304443359375, 224.81985473632812, 224.174072265625, 284.0572204589844], [368.5247497558594, 210.87815856933594, 467.6068420410156, 263.79364013671875], [113.29563903808594, 56.1293830871582, 127.52204895019531, 87.09175109863281]]}