{"categories": [0, 29, 36], "bboxes": [[45.6510009765625, 77.28233337402344, 126.11607360839844, 214.6614532470703], [240.89373779296875, 193.49276733398438, 266.28155517578125, 209.12469482421875], [158.6119384765625, 97.495849609375, 184.78805541992188, 107.56535339355469]]}