{"categories": [0, 35], "bboxes": [[185.2288818359375, 49.15435791015625, 372.28729248046875, 490.8004150390625], [115.55476379394531, 157.98184204101562, 155.13291931152344, 220.9344482421875]]}