{"categories": [0, 9, 24, 29, 35], "bboxes": [[195.9737548828125, 91.62336730957031, 351.29986572265625, 329.9217529296875], [332.2662658691406, 142.40916442871094, 347.6023254394531, 171.5103302001953], [149.76531982421875, 173.43753051757812, 187.265625, 239.52816772460938], [332.3983459472656, 251.41830444335938, 357.3904724121094, 258.2185363769531], [205.44094848632812, 187.2473907470703, 251.60116577148438, 234.79054260253906]]}