{"categories": [0, 31, 32, 36], "bboxes": [[195.45748901367188, 114.10874938964844, 353.1669616699219, 348.57135009765625], [522.1759643554688, 223.7944793701172, 585.5089721679688, 248.52464294433594], [583.9110717773438, 224.39700317382812, 598.8683471679688, 240.43902587890625], [270.9241943359375, 324.35333251953125, 359.77435302734375, 356.7547607421875]]}