{"categories": [0, 8, 34, 39, 43], "bboxes": [[22.702255249023438, 63.17094421386719, 219.9377899169922, 220.6357879638672], [33.443359375, 151.47349548339844, 563.520263671875, 410.7886962890625], [5.061698913574219, 6.548011779785156, 251.25042724609375, 181.21041870117188], [1.2542724609375, 191.58033752441406, 84.96123504638672, 297.20709228515625], [457.80133056640625, 160.2093048095703, 638.7985229492188, 342.91015625]]}