{"categories": [0, 29], "bboxes": [[158.66293334960938, 24.981048583984375, 334.4910583496094, 410.07318115234375], [54.64800262451172, 117.90083312988281, 123.76128387451172, 132.1868438720703]]}