{"categories": [0, 13], "bboxes": [[284.3019104003906, 49.53263854980469, 499.1153259277344, 363.67108154296875], [86.48565673828125, 148.70103454589844, 560.1930541992188, 364.36151123046875]]}