{"categories": [0, 13, 32], "bboxes": [[45.63520812988281, 100.96285247802734, 272.84246826171875, 333.90777587890625], [0.057342529296875, 206.96426391601562, 102.88020324707031, 229.65695190429688], [99.57203674316406, 183.90513610839844, 139.2285614013672, 225.37217712402344]]}