{"categories": [0, 24, 26, 38, 56, 67], "bboxes": [[238.536376953125, 27.132675170898438, 528.7719116210938, 417.56976318359375], [50.01106262207031, 130.03155517578125, 178.45602416992188, 329.26666259765625], [234.74368286132812, 145.911865234375, 318.8639221191406, 333.8271789550781], [453.57952880859375, 167.525390625, 531.4985961914062, 331.4450988769531], [45.46567916870117, 234.96095275878906, 68.82200622558594, 290.26153564453125], [375.0416259765625, 249.33206176757812, 398.56768798828125, 268.9797668457031]]}