{"categories": [0, 32, 35], "bboxes": [[172.80206298828125, 56.53265380859375, 408.96942138671875, 410.37811279296875], [167.76052856445312, 242.78504943847656, 179.639404296875, 258.58880615234375], [384.5922546386719, 103.71449279785156, 426.7626037597656, 163.67759704589844]]}