{"categories": [0, 3, 24], "bboxes": [[32.6413459777832, 216.2629852294922, 129.64797973632812, 411.85162353515625], [264.69549560546875, 252.07516479492188, 344.92156982421875, 364.4664611816406], [270.74163818359375, 254.021728515625, 326.344970703125, 292.91424560546875]]}