{"categories": [0, 13, 20], "bboxes": [[65.8072509765625, 151.6294708251953, 116.93894958496094, 252.2537384033203], [28.05316925048828, 200.89474487304688, 55.39433288574219, 233.36444091796875], [128.58126831054688, 111.47595977783203, 396.2740173339844, 317.5539855957031]]}