{"categories": [0, 4, 8, 13], "bboxes": [[353.3473205566406, 300.75604248046875, 402.9927062988281, 476.77496337890625], [3.096893310546875, 217.89051818847656, 343.2330627441406, 565.24462890625], [261.7779541015625, 392.8345947265625, 297.34332275390625, 408.055908203125], [4.7717132568359375, 390.882080078125, 377.6075439453125, 620.6084594726562]]}