{"categories": [0, 18, 56], "bboxes": [[27.54947280883789, 101.57316589355469, 119.40054321289062, 226.49205017089844], [244.05426025390625, 194.619140625, 393.8673095703125, 373.2591552734375], [17.080486297607422, 160.76904296875, 89.05317687988281, 267.26910400390625]]}