{"categories": [0, 3, 25], "bboxes": [[201.03933715820312, 84.27507019042969, 327.5509948730469, 447.84808349609375], [0.16178131103515625, 166.77671813964844, 35.28934097290039, 221.9586944580078], [2.2164974212646484, 129.37594604492188, 42.81964111328125, 147.65200805664062]]}