{"categories": [0], "bboxes": [[242.28672790527344, 46.99286651611328, 310.1339416503906, 275.87322998046875]]}