{"categories": [0, 25, 41, 43, 45, 47, 56, 58, 60], "bboxes": [[66.44448852539062, 79.45770263671875, 363.71038818359375, 636.399658203125], [119.68412780761719, 0.0, 477.0, 57.39502716064453], [297.7596435546875, 327.3960876464844, 372.49884033203125, 452.4741516113281], [308.6649169921875, 488.9579162597656, 396.83770751953125, 524.4723510742188], [365.8910217285156, 369.99700927734375, 477.0, 485.79840087890625], [339.87347412109375, 516.212890625, 386.03826904296875, 558.458984375], [328.1484375, 299.6387023925781, 387.91864013671875, 363.7878112792969], [275.2408752441406, 108.13240051269531, 333.9841003417969, 218.46653747558594], [212.38934326171875, 447.20233154296875, 477.0, 628.0044555664062]]}