{"categories": [0, 8, 16, 57, 59, 65], "bboxes": [[95.72622680664062, 186.4507293701172, 367.102783203125, 420.50054931640625], [135.89056396484375, 5.6749114990234375, 639.0, 252.86167907714844], [277.9242858886719, 216.98287963867188, 325.0635070800781, 247.775634765625], [8.936614990234375, 178.50613403320312, 557.562255859375, 419.0328063964844], [8.743988037109375, 147.91921997070312, 639.0, 417.3544006347656], [236.30967712402344, 25.037044525146484, 322.7021484375, 46.07986831665039]]}