{"categories": [0, 39, 54, 55, 58, 62, 66, 68, 73], "bboxes": [[299.17425537109375, 160.8452606201172, 365.07110595703125, 292.48602294921875], [376.268798828125, 315.7960205078125, 384.75408935546875, 340.00146484375], [154.22842407226562, 246.95394897460938, 172.68338012695312, 259.17303466796875], [306.02496337890625, 316.0979919433594, 344.07421875, 338.3357238769531], [463.30712890625, 250.17259216308594, 494.77581787109375, 287.03704833984375], [43.40871810913086, 242.72933959960938, 126.1507568359375, 341.4802551269531], [80.91290283203125, 348.91986083984375, 127.50469970703125, 373.0], [356.397216796875, 262.9953918457031, 412.681396484375, 298.1249694824219], [68.0478515625, 126.90106964111328, 488.05938720703125, 341.86376953125]]}