{"categories": [0, 2, 7], "bboxes": [[72.31844329833984, 141.10488891601562, 156.65652465820312, 396.6999206542969], [130.34242248535156, 192.3365936279297, 254.6090850830078, 247.30726623535156], [0.4961376190185547, 121.46556854248047, 36.85205841064453, 298.6809387207031]]}