{"categories": [0, 3, 41, 60, 73], "bboxes": [[11.69561767578125, 0.0, 304.101806640625, 357.54901123046875], [114.31694030761719, 100.04991912841797, 429.9593505859375, 318.2870178222656], [137.14552307128906, 147.3632354736328, 162.6774444580078, 177.3686065673828], [423.6098327636719, 150.5139923095703, 504.8888244628906, 264.0375671386719], [503.611572265625, 168.45489501953125, 526.41455078125, 216.45327758789062]]}