{"categories": [0, 32], "bboxes": [[192.43121337890625, 11.431854248046875, 426.0, 570.8883056640625], [0.0, 540.4117431640625, 22.05800437927246, 617.9722900390625]]}