{"categories": [0, 13, 14, 26, 56, 58, 67], "bboxes": [[102.49494934082031, 1.554718017578125, 189.4226531982422, 215.67477416992188], [118.46832275390625, 130.5292510986328, 597.4086303710938, 367.3570556640625], [168.84945678710938, 342.0721130371094, 217.9798583984375, 381.2766418457031], [187.9464111328125, 42.98204040527344, 233.33676147460938, 105.82923889160156], [408.5018005371094, 98.99964904785156, 575.770751953125, 346.09564208984375], [551.7320556640625, 222.8824920654297, 639.0, 303.0130615234375], [441.2248840332031, 112.15617370605469, 455.6004333496094, 129.26113891601562]]}