{"categories": [0, 13, 24, 41], "bboxes": [[159.67901611328125, 63.12132263183594, 403.48828125, 468.47515869140625], [31.68255615234375, 199.84097290039062, 639.0, 448.2669372558594], [422.35736083984375, 144.46377563476562, 553.4482421875, 276.99066162109375], [292.6507568359375, 306.39715576171875, 322.50897216796875, 342.33343505859375]]}