{"categories": [0, 24, 30], "bboxes": [[97.66743469238281, 168.18563842773438, 204.02415466308594, 316.6813049316406], [391.99951171875, 55.886375427246094, 539.5557250976562, 255.0758056640625], [284.3201904296875, 46.25048828125, 350.79681396484375, 417.0]]}