{"categories": [0, 39, 41, 60, 71, 79], "bboxes": [[6.2357330322265625, 89.4973373413086, 235.73870849609375, 326.8019104003906], [387.30377197265625, 158.878173828125, 406.17510986328125, 228.31365966796875], [247.28919982910156, 275.30609130859375, 303.8731689453125, 330.0], [249.64076232910156, 212.58151245117188, 445.85247802734375, 323.8794250488281], [258.6484375, 221.38319396972656, 393.0606689453125, 326.8311462402344], [82.8718490600586, 219.30056762695312, 129.6046142578125, 281.2077331542969]]}