{"categories": [0, 27, 75], "bboxes": [[38.938053131103516, 55.891937255859375, 147.9331817626953, 329.5509338378906], [215.5564422607422, 153.09426879882812, 232.33421325683594, 183.86114501953125], [202.9969024658203, 0.0, 234.30662536621094, 33.49713897705078]]}