{"categories": [0, 37, 45, 53, 58, 60], "bboxes": [[46.56891632080078, 3.528472900390625, 219.85675048828125, 213.2854766845703], [485.575439453125, 235.8197021484375, 498.913330078125, 259.3962707519531], [169.1432342529297, 226.73428344726562, 282.6889343261719, 263.6612854003906], [143.03375244140625, 261.62640380859375, 401.21038818359375, 370.67083740234375], [0.0, 63.90916442871094, 61.01494598388672, 202.87611389160156], [7.73797607421875, 199.78955078125, 494.4438171386719, 372.42730712890625]]}