{"categories": [0, 13, 32, 38], "bboxes": [[43.661285400390625, 25.586715698242188, 262.505126953125, 489.8599853515625], [4.3302154541015625, 183.94029235839844, 120.83050537109375, 205.3681182861328], [339.4665832519531, 98.02812957763672, 363.1436462402344, 124.0758285522461], [221.88058471679688, 40.03554916381836, 408.2826843261719, 141.6816864013672]]}