{"categories": [0, 2, 24, 30, 31, 56, 62], "bboxes": [[112.18406677246094, 68.05142211914062, 223.42347717285156, 299.2950744628906], [313.2050476074219, 0.24040985107421875, 349.0092468261719, 20.52395248413086], [341.5860900878906, 127.81593322753906, 418.1051330566406, 199.95115661621094], [290.03326416015625, 296.129638671875, 425.5955810546875, 335.39361572265625], [91.71666717529297, 268.0014953613281, 251.182861328125, 303.9934387207031], [226.9974365234375, 96.4981460571289, 258.98260498046875, 123.46179962158203], [199.2620086669922, 118.03176879882812, 279.5079345703125, 204.4075927734375]]}