{"categories": [0, 2, 5, 7, 9, 24, 25, 26], "bboxes": [[362.6758728027344, 45.82124328613281, 497.6873474121094, 310.0816650390625], [179.1561737060547, 115.99297332763672, 228.32981872558594, 152.08309936523438], [2.533935546875, 5.635986328125, 189.8741455078125, 234.1654052734375], [336.1974792480469, 118.35919952392578, 370.2011413574219, 148.45523071289062], [199.5222625732422, 74.85894012451172, 211.6726837158203, 93.62357330322266], [248.26095581054688, 127.94242858886719, 278.5604553222656, 163.7919158935547], [220.6529541015625, 88.85289001464844, 291.8797607421875, 113.28115844726562], [23.77309799194336, 113.83624267578125, 128.277099609375, 268.6922607421875]]}