{"categories": [0, 33, 34], "bboxes": [[59.93352508544922, 53.52545166015625, 194.15313720703125, 328.290771484375], [219.2553253173828, 58.18201446533203, 224.0353240966797, 63.12858581542969], [61.34157180786133, 116.74311828613281, 176.4624481201172, 189.31468200683594]]}