{"categories": [0, 26, 55, 56, 57, 77], "bboxes": [[86.88545227050781, 84.7972412109375, 252.2383575439453, 403.9164123535156], [97.56105041503906, 325.2017517089844, 117.04483032226562, 362.0841979980469], [187.7620849609375, 465.0675048828125, 229.28390502929688, 497.57080078125], [345.3180847167969, 429.4169006347656, 384.0, 499.0], [211.08477783203125, 425.4464416503906, 347.26654052734375, 498.0797424316406], [117.25765991210938, 150.0875244140625, 210.48370361328125, 230.2200927734375]]}