{"categories": [0, 25], "bboxes": [[106.45023345947266, 126.05504608154297, 261.71197509765625, 330.695068359375], [57.7451171875, 5.462760925292969, 328.9664611816406, 146.86334228515625]]}