{"categories": [0, 8, 30], "bboxes": [[31.060115814208984, 178.07174682617188, 156.43841552734375, 432.5683898925781], [320.05963134765625, 224.28614807128906, 374.0, 275.60638427734375], [9.997505187988281, 403.39312744140625, 202.30206298828125, 463.2928466796875]]}