{"categories": [0, 39, 41, 45, 54, 56, 60], "bboxes": [[144.49127197265625, 37.868133544921875, 269.67926025390625, 324.7110290527344], [185.4738006591797, 279.8377990722656, 230.8286590576172, 378.9731140136719], [374.8487854003906, 243.3296356201172, 400.8268737792969, 279.6289978027344], [50.017120361328125, 404.89324951171875, 105.89942932128906, 448.67742919921875], [30.15191650390625, 572.2617797851562, 106.44375610351562, 638.0402221679688], [59.48805236816406, 159.9747314453125, 146.24444580078125, 309.9061279296875], [0.0, 277.839111328125, 450.5245361328125, 639.0]]}