{"categories": [0, 3, 24, 28, 67], "bboxes": [[189.23060607910156, 114.11005401611328, 233.84461975097656, 218.59735107421875], [392.08050537109375, 117.54883575439453, 413.11083984375, 142.8773193359375], [303.5552673339844, 139.54908752441406, 320.6791687011719, 169.8788604736328], [255.70240783691406, 179.28509521484375, 271.676025390625, 197.44613647460938], [466.4154052734375, 91.76811218261719, 484.21734619140625, 120.95404052734375]]}