{"categories": [0, 3, 24, 28], "bboxes": [[41.0787353515625, 18.27142333984375, 198.4492950439453, 492.0685729980469], [238.16700744628906, 159.78892517089844, 612.8629760742188, 551.9334106445312], [60.76283264160156, 79.66339874267578, 173.747314453125, 282.409423828125], [9.956525802612305, 166.63609313964844, 62.415916442871094, 212.9744110107422]]}