{"categories": [0, 26, 29, 38, 39], "bboxes": [[36.83556365966797, 53.39872741699219, 105.63043975830078, 306.80950927734375], [404.8530578613281, 152.4665985107422, 434.7154235839844, 200.16514587402344], [128.83741760253906, 130.05865478515625, 163.2045135498047, 161.70169067382812], [314.0183410644531, 200.29742431640625, 328.4226989746094, 261.74530029296875], [39.80614471435547, 181.3547821044922, 58.203712463378906, 224.2314910888672]]}