{"categories": [0, 26, 39, 41, 43, 45, 54, 56, 60, 74], "bboxes": [[153.35134887695312, 146.20645141601562, 319.3976745605469, 422.6517028808594], [147.1575927734375, 208.87741088867188, 244.878173828125, 414.4519348144531], [349.9905090332031, 312.0579833984375, 382.2765197753906, 404.7757568359375], [431.30743408203125, 8.69497299194336, 552.10986328125, 124.46607971191406], [411.7586364746094, 28.14711570739746, 443.1706848144531, 85.27290344238281], [456.36993408203125, 313.8012390136719, 560.40234375, 385.5963439941406], [392.71600341796875, 120.39689636230469, 489.94305419921875, 213.41355895996094], [158.83836364746094, 187.6336669921875, 191.4240264892578, 244.53680419921875], [272.8602294921875, 304.4477233886719, 580.089111328125, 424.4687194824219], [24.33871078491211, 84.27490234375, 67.57919311523438, 123.48388671875]]}