{"categories": [0, 24, 32, 34, 35], "bboxes": [[250.27011108398438, 85.19844055175781, 361.1387634277344, 353.562744140625], [50.040443420410156, 295.79998779296875, 115.9046859741211, 373.71429443359375], [172.84559631347656, 119.57695770263672, 183.3451385498047, 131.0914764404297], [266.6040344238281, 63.05027389526367, 345.6816101074219, 143.21908569335938], [390.5755615234375, 64.6070785522461, 412.34735107421875, 77.51097869873047]]}