{"categories": [0, 1, 5, 25, 56], "bboxes": [[304.9796142578125, 195.7980499267578, 374.0, 491.85125732421875], [277.2801818847656, 270.5390625, 298.3605041503906, 297.7440185546875], [174.08155822753906, 210.31094360351562, 276.154052734375, 311.9275817871094], [0.0, 217.22354125976562, 64.58251190185547, 244.38336181640625], [45.16405487060547, 288.3548889160156, 68.9850082397461, 322.6028747558594]]}