{"categories": [0, 30, 65], "bboxes": [[53.82904815673828, 131.05789184570312, 218.79034423828125, 374.0], [352.38232421875, 359.9586486816406, 494.0806884765625, 373.5442199707031], [271.2550964355469, 360.7588195800781, 287.7248229980469, 373.4275207519531]]}