{"categories": [0, 32], "bboxes": [[76.5325698852539, 67.9488525390625, 332.340576171875, 409.1351318359375], [388.21124267578125, 313.7662353515625, 443.3973388671875, 369.15032958984375]]}