{"categories": [0, 13, 24, 26, 27, 56], "bboxes": [[341.079833984375, 87.94467163085938, 487.076904296875, 320.4427185058594], [132.5048828125, 146.81549072265625, 489.45880126953125, 312.3055725097656], [19.44456672668457, 46.098228454589844, 69.62725067138672, 115.64339447021484], [328.67498779296875, 211.3758087158203, 388.2064208984375, 243.8951873779297], [190.0828399658203, 145.3505096435547, 204.6510467529297, 160.93223571777344], [125.85366821289062, 152.48098754882812, 300.03924560546875, 320.009033203125]]}