{"categories": [0, 29, 34, 56], "bboxes": [[266.6138000488281, 98.79859924316406, 348.5290222167969, 260.028564453125], [60.12629699707031, 125.65074157714844, 102.43681335449219, 139.95628356933594], [1.8261423110961914, 204.02682495117188, 21.654003143310547, 247.5601806640625], [112.0167007446289, 209.1096954345703, 164.48135375976562, 252.77708435058594]]}