{"categories": [0, 13, 39, 56, 63, 67, 73], "bboxes": [[204.5356903076172, 9.126907348632812, 386.23931884765625, 316.19000244140625], [32.95166015625, 103.46920776367188, 382.5378112792969, 294.3117370605469], [355.9399108886719, 273.69366455078125, 370.7241516113281, 313.1373291015625], [469.8011779785156, 161.2093505859375, 499.0, 201.8182373046875], [14.197669982910156, 69.68931579589844, 106.20475006103516, 190.4202423095703], [270.1697998046875, 138.09054565429688, 285.97412109375, 180.53662109375], [378.06939697265625, 117.05596923828125, 465.0745849609375, 148.94442749023438]]}