{"categories": [0, 29, 35, 56], "bboxes": [[33.90899658203125, 53.89930725097656, 387.347900390625, 240.3870086669922], [355.3017883300781, 205.11822509765625, 425.3995056152344, 239.16888427734375], [18.14830207824707, 48.717315673828125, 65.83705139160156, 93.41241455078125], [116.13568115234375, 7.17120361328125, 195.59988403320312, 93.02114868164062]]}