{"categories": [0, 25], "bboxes": [[75.4370346069336, 19.804519653320312, 306.1285705566406, 474.2591552734375], [424.7370910644531, 239.16293334960938, 496.9117126464844, 371.4163513183594]]}