{"categories": [0, 38], "bboxes": [[442.84075927734375, 44.46815490722656, 579.3377075195312, 353.4805908203125], [169.81234741210938, 261.29364013671875, 224.15911865234375, 395.02032470703125]]}