{"categories": [0, 27], "bboxes": [[0.0, 14.134017944335938, 359.44439697265625, 393.38897705078125], [157.19847106933594, 89.17182922363281, 173.76548767089844, 132.93463134765625]]}