{"categories": [0, 27], "bboxes": [[218.38697814941406, 0.0, 499.0, 328.81707763671875], [119.76062774658203, 224.0348663330078, 178.5518798828125, 318.11492919921875]]}