{"categories": [0, 39, 56, 57, 65, 68, 72], "bboxes": [[143.29776000976562, 113.45423889160156, 310.3786315917969, 370.31512451171875], [349.958740234375, 288.654296875, 362.219970703125, 327.291015625], [259.22747802734375, 305.1940612792969, 291.6390380859375, 356.6001281738281], [35.5362548828125, 205.18121337890625, 326.1866149902344, 361.3236083984375], [258.1019592285156, 154.83270263671875, 311.7875061035156, 181.6531982421875], [368.569580078125, 184.83633422851562, 432.63641357421875, 223.74374389648438], [350.3843994140625, 226.66912841796875, 434.98126220703125, 296.50531005859375]]}