{"categories": [0, 13, 26, 32, 35, 56], "bboxes": [[292.43145751953125, 21.633956909179688, 349.0887451171875, 210.45184326171875], [146.46212768554688, 2.378201961517334, 221.27703857421875, 16.977739334106445], [293.7709045410156, 99.23369598388672, 305.1752624511719, 133.61032104492188], [162.51547241210938, 277.54205322265625, 176.88327026367188, 297.68585205078125], [337.23175048828125, 114.21331024169922, 348.63482666015625, 137.35113525390625], [326.8975830078125, 6.884814262390137, 355.1815185546875, 17.595813751220703]]}