{"categories": [0, 13, 29], "bboxes": [[226.01637268066406, 18.496734619140625, 355.920654296875, 432.839599609375], [122.40225219726562, 86.5119857788086, 184.18264770507812, 136.25479125976562], [335.4477844238281, 35.49948501586914, 378.4607849121094, 69.98182678222656]]}