{"categories": [0, 34], "bboxes": [[379.6680908203125, 104.44003295898438, 553.5787353515625, 362.6333312988281], [396.5517883300781, 62.121456146240234, 445.5617980957031, 139.76882934570312]]}