{"categories": [0, 24, 34, 35], "bboxes": [[164.92872619628906, 85.63899230957031, 265.18359375, 257.99285888671875], [316.52581787109375, 192.7919158935547, 352.2889404296875, 227.2596893310547], [146.9457244873047, 82.08810424804688, 170.80979919433594, 150.91624450683594], [287.4891662597656, 209.8489532470703, 304.0198059082031, 235.68409729003906]]}