{"categories": [0, 2, 34, 35], "bboxes": [[239.64297485351562, 149.28012084960938, 300.8645324707031, 313.2605285644531], [192.84356689453125, 199.13182067871094, 222.12905883789062, 209.6819610595703], [132.2943572998047, 127.01148986816406, 195.68568420410156, 288.55322265625], [253.0106201171875, 188.11471557617188, 276.74456787109375, 211.94989013671875]]}