{"categories": [0, 27], "bboxes": [[375.17572021484375, 97.14300537109375, 597.7374267578125, 635.1912231445312], [329.87969970703125, 280.4103698730469, 357.42767333984375, 400.4786071777344]]}