{"categories": [0, 9, 25], "bboxes": [[98.88238525390625, 55.10724639892578, 160.32742309570312, 270.7037353515625], [170.1494903564453, 40.61404800415039, 186.72901916503906, 64.12987518310547], [48.53105545043945, 9.865781784057617, 168.47918701171875, 49.832298278808594]]}