{"categories": [0, 8, 13, 24, 26, 62], "bboxes": [[316.01348876953125, 160.435546875, 369.06939697265625, 271.4770202636719], [24.162689208984375, 0.0, 417.7103271484375, 330.0], [167.40476989746094, 240.31109619140625, 195.4215545654297, 271.59344482421875], [58.07999038696289, 147.1835479736328, 84.93022155761719, 200.0691375732422], [5.1114606857299805, 149.8648681640625, 33.88609313964844, 187.24484252929688], [205.59326171875, 156.42916870117188, 226.0972900390625, 272.8924255371094]]}