{"categories": [0, 2, 5, 7, 9, 26], "bboxes": [[239.9320068359375, 163.93896484375, 352.3262939453125, 449.007080078125], [136.8738555908203, 177.3128204345703, 187.65696716308594, 205.22462463378906], [183.42930603027344, 39.5277099609375, 418.486083984375, 267.79144287109375], [185.82687377929688, 36.143707275390625, 422.3141784667969, 273.727783203125], [429.94696044921875, 110.85502624511719, 440.53179931640625, 128.12310791015625], [267.8793029785156, 274.0123291015625, 311.6955261230469, 319.94549560546875]]}