{"categories": [0, 35, 38, 56], "bboxes": [[155.05648803710938, 54.75773620605469, 428.2152404785156, 423.55133056640625], [0.0, 282.3467712402344, 36.82712173461914, 339.0179138183594], [9.686012268066406, 97.90808868408203, 180.91412353515625, 141.89300537109375], [162.55055236816406, 37.857627868652344, 187.6682891845703, 54.10911560058594]]}