{"categories": [0, 39, 55, 56, 57, 60], "bboxes": [[134.15139770507812, 58.11476135253906, 321.7393798828125, 193.96755981445312], [186.82858276367188, 97.72317504882812, 215.85244750976562, 151.13250732421875], [203.52276611328125, 184.7657928466797, 368.037109375, 253.64158630371094], [402.7016296386719, 2.7861328125, 499.0, 322.29022216796875], [105.47895812988281, 94.15612030029297, 481.53729248046875, 307.8334655761719], [91.11845397949219, 187.83697509765625, 457.94189453125, 324.2955322265625]]}