{"categories": [0, 41, 60, 63], "bboxes": [[235.66415405273438, 32.85406494140625, 394.8619689941406, 575.8854370117188], [46.75080871582031, 282.828125, 79.66435241699219, 329.4693603515625], [13.112930297851562, 309.00537109375, 243.4049835205078, 629.2676391601562], [76.26255798339844, 264.513427734375, 233.27378845214844, 344.78924560546875]]}