{"categories": [0, 13, 41, 44, 58, 60, 63, 66, 67, 73], "bboxes": [[0.0, 33.81932067871094, 227.2688751220703, 322.5037841796875], [29.089035034179688, 195.16061401367188, 494.48345947265625, 329.1520080566406], [415.91522216796875, 154.715576171875, 441.70361328125, 194.04122924804688], [440.63641357421875, 171.81195068359375, 465.230224609375, 190.90167236328125], [6.0849151611328125, 4.8645172119140625, 132.5379638671875, 148.98333740234375], [69.78498840332031, 133.2310791015625, 485.58056640625, 320.7825927734375], [262.8235778808594, 114.67752075195312, 387.9856262207031, 187.49801635742188], [146.546875, 174.2245330810547, 175.4359130859375, 188.8524627685547], [226.4036865234375, 163.7687530517578, 267.9698791503906, 186.5261688232422], [48.67389678955078, 290.2122802734375, 226.678466796875, 327.22796630859375]]}