{"categories": [0, 34, 35], "bboxes": [[205.78466796875, 71.29740142822266, 318.09564208984375, 252.2825927734375], [310.52996826171875, 30.43177032470703, 355.4327392578125, 80.85371398925781], [147.11227416992188, 207.160400390625, 171.0535888671875, 229.6392822265625]]}