{"categories": [0, 8, 36], "bboxes": [[140.5898895263672, 227.2217559814453, 240.25880432128906, 381.48016357421875], [8.290283203125, 247.7185516357422, 403.8903503417969, 583.5452880859375], [205.6573944091797, 325.8824157714844, 240.14012145996094, 416.5988464355469]]}