{"categories": [0, 2, 16, 26], "bboxes": [[196.15982055664062, 57.24440002441406, 326.6211242675781, 260.63909912109375], [55.032920837402344, 229.8497772216797, 125.47649383544922, 259.5829772949219], [108.59432983398438, 140.9818572998047, 244.60150146484375, 263.5708312988281], [271.55426025390625, 157.7991485595703, 327.13201904296875, 257.4052734375]]}