{"categories": [0, 41, 57, 60, 77], "bboxes": [[123.10713958740234, 48.80647277832031, 282.2798767089844, 372.9462890625], [206.59205627441406, 243.6532745361328, 233.8627471923828, 287.8512878417969], [27.839065551757812, 115.3500747680664, 497.00506591796875, 361.3951110839844], [2.1081275939941406, 295.9782409667969, 124.61566162109375, 371.3424987792969], [0.19699478149414062, 191.767333984375, 113.89704895019531, 317.9314880371094]]}