{"categories": [0, 34, 35], "bboxes": [[70.75770568847656, 9.34381103515625, 347.50030517578125, 306.0872802734375], [282.0668640136719, 184.843505859375, 324.8703918457031, 197.35992431640625], [90.99642944335938, 69.3909683227539, 121.36624145507812, 104.33707427978516]]}