{"categories": [0, 34, 35, 36], "bboxes": [[164.0525665283203, 127.78489685058594, 271.340087890625, 429.9677734375], [137.04151916503906, 157.2657012939453, 219.86476135253906, 422.095458984375], [120.38967895507812, 142.4132537841797, 162.47183227539062, 203.1157684326172], [92.18730926513672, 487.24530029296875, 154.04641723632812, 520.4935913085938]]}