{"categories": [0, 37, 50], "bboxes": [[136.0783233642578, 126.69845581054688, 200.6610870361328, 275.74737548828125], [33.44264221191406, 139.98590087890625, 265.09210205078125, 232.25003051757812], [334.5422668457031, 84.61433410644531, 398.1226501464844, 165.6380157470703]]}