{"categories": [0, 18, 34, 56], "bboxes": [[301.70697021484375, 0.0, 490.70989990234375, 365.40570068359375], [67.1921615600586, 166.9550323486328, 212.97222900390625, 337.79376220703125], [291.8914489746094, 186.37998962402344, 340.0787658691406, 219.8802032470703], [286.83154296875, 116.39888000488281, 339.71917724609375, 221.25547790527344]]}