{"categories": [0, 1, 35, 36], "bboxes": [[287.8011474609375, 30.42828369140625, 546.0877075195312, 417.5954284667969], [105.47824096679688, 247.1012420654297, 229.66653442382812, 447.75433349609375], [100.35948181152344, 263.7806701660156, 137.46128845214844, 289.5419006347656], [289.13128662109375, 354.839599609375, 547.9617309570312, 469.19537353515625]]}