{"categories": [0, 2, 5, 7, 9, 24], "bboxes": [[16.718839645385742, 289.021484375, 54.525360107421875, 410.990234375], [259.72894287109375, 291.9454345703125, 276.19427490234375, 304.92694091796875], [238.1259002685547, 278.02655029296875, 256.3334045410156, 306.3150634765625], [237.30056762695312, 279.97735595703125, 255.97354125976562, 307.2410888671875], [82.99005889892578, 335.8467102050781, 95.30445098876953, 365.6190490722656], [264.044677734375, 311.91558837890625, 288.31683349609375, 346.20599365234375]]}