{"categories": [0, 1, 13, 24, 26, 36, 39, 41, 58, 60], "bboxes": [[100.8056411743164, 47.315528869628906, 278.14764404296875, 282.7974548339844], [340.8232727050781, 42.57643127441406, 395.3224792480469, 112.50599670410156], [273.07476806640625, 227.673583984375, 368.84912109375, 310.1373291015625], [4.8026275634765625, 0.0, 52.24858093261719, 59.719444274902344], [0.0, 44.423484802246094, 20.80896759033203, 74.66728973388672], [129.02780151367188, 241.3873291015625, 183.32598876953125, 293.46875], [436.77301025390625, 221.65362548828125, 459.94049072265625, 315.86199951171875], [269.40673828125, 282.6783142089844, 283.337158203125, 296.9339904785156], [298.58978271484375, 272.2295837402344, 319.3387451171875, 309.3392639160156], [277.2682800292969, 230.2281494140625, 369.9651794433594, 307.2813720703125]]}