{"categories": [0, 35, 56], "bboxes": [[47.10765075683594, 139.95834350585938, 171.56097412109375, 252.74090576171875], [150.10055541992188, 166.87081909179688, 170.26071166992188, 186.64791870117188], [252.15847778320312, 119.36536407470703, 271.9640808105469, 144.43382263183594]]}