{"categories": [0, 35, 56], "bboxes": [[255.43255615234375, 110.90715026855469, 310.472900390625, 235.9004364013672], [287.8512878417969, 174.22840881347656, 304.9586486816406, 194.69749450683594], [91.17945861816406, 62.96242904663086, 107.85137939453125, 92.56985473632812]]}