{"categories": [0, 1, 27, 57, 73], "bboxes": [[309.23309326171875, 69.95880126953125, 442.80596923828125, 370.80401611328125], [16.965492248535156, 209.79159545898438, 183.75994873046875, 351.6698303222656], [163.5370330810547, 161.30906677246094, 174.31016540527344, 189.02879333496094], [162.89926147460938, 167.69403076171875, 392.6061706542969, 344.6375732421875], [26.0863094329834, 53.23457336425781, 78.79698944091797, 83.57206726074219]]}