{"categories": [0, 24, 56], "bboxes": [[225.71859741210938, 122.68395233154297, 303.1656188964844, 271.0339660644531], [299.5289001464844, 190.6864776611328, 360.8239440917969, 224.7559356689453], [4.549375534057617, 130.47589111328125, 24.416635513305664, 144.47787475585938]]}