{"categories": [0, 27, 58, 75], "bboxes": [[146.29319763183594, 0.0, 465.05804443359375, 326.0], [286.32781982421875, 111.66744232177734, 316.74761962890625, 185.23709106445312], [45.15867233276367, 9.035400390625, 152.0026092529297, 95.83648681640625], [65.3399429321289, 58.09520721435547, 119.6126480102539, 93.54169464111328]]}