{"categories": [0, 40, 57, 65], "bboxes": [[175.45468139648438, 68.76522827148438, 419.9483337402344, 329.4169006347656], [410.2453918457031, 22.856334686279297, 423.1095886230469, 45.00002670288086], [0.0519866943359375, 153.91387939453125, 255.404052734375, 327.73516845703125], [196.81947326660156, 250.84596252441406, 217.35240173339844, 276.0325927734375]]}