{"categories": [0, 34, 38], "bboxes": [[349.3905029296875, 27.202407836914062, 626.0634765625, 454.9471435546875], [555.7615356445312, 225.34376525878906, 598.7278442382812, 259.26104736328125], [147.28448486328125, 222.1753387451172, 252.71051025390625, 292.30963134765625]]}