{"categories": [0, 33, 59], "bboxes": [[419.469970703125, 12.824188232421875, 604.2632446289062, 359.8787536621094], [43.776580810546875, 27.297256469726562, 305.9365234375, 177.85281372070312], [32.559844970703125, 141.22927856445312, 601.703125, 439.0978088378906]]}