{"categories": [0, 32, 38], "bboxes": [[355.298583984375, 202.6427001953125, 422.40374755859375, 330.05047607421875], [200.82415771484375, 304.0888366699219, 208.212646484375, 311.5118103027344], [175.4560089111328, 182.55313110351562, 198.18214416503906, 215.3070068359375]]}