{"categories": [0, 5, 39, 42, 54, 56, 60, 64, 73], "bboxes": [[39.80480194091797, 94.41850280761719, 244.64111328125, 369.70404052734375], [7.64434814453125, 0.0, 499.0, 256.25958251953125], [193.3538360595703, 284.4868469238281, 229.0106658935547, 367.8939514160156], [173.96694946289062, 349.02685546875, 195.5552978515625, 374.0], [235.57949829101562, 287.7071838378906, 273.23583984375, 316.7629699707031], [0.0, 192.2850341796875, 60.473941802978516, 373.76300048828125], [128.3042755126953, 203.48211669921875, 494.61279296875, 370.36846923828125], [332.1253967285156, 293.4778137207031, 357.6471862792969, 312.1527404785156], [272.4739990234375, 221.42408752441406, 378.13616943359375, 282.70001220703125]]}