{"categories": [0, 25, 39], "bboxes": [[371.2711486816406, 208.8868865966797, 435.3874816894531, 378.59820556640625], [251.06109619140625, 210.97897338867188, 365.61468505859375, 252.89706420898438], [274.4865417480469, 290.9512939453125, 300.5910339355469, 316.99237060546875]]}