{"categories": [0, 5, 7, 31], "bboxes": [[383.09521484375, 279.9227600097656, 549.1353149414062, 530.6636962890625], [356.1280517578125, 246.69705200195312, 453.91168212890625, 300.8481750488281], [353.4477233886719, 247.97332763671875, 455.5547790527344, 302.12969970703125], [524.1777954101562, 477.1461181640625, 583.4959106445312, 520.2460327148438]]}