{"categories": [0, 26, 39, 41, 43, 44, 45, 60, 68, 71, 72], "bboxes": [[74.69033813476562, 16.439132690429688, 365.55633544921875, 328.3221435546875], [433.45355224609375, 218.86892700195312, 473.12554931640625, 313.8033752441406], [365.5411682128906, 288.1434020996094, 383.4913024902344, 330.1394348144531], [0.0, 279.77655029296875, 21.322261810302734, 332.0], [336.9877624511719, 85.33441162109375, 352.4599304199219, 175.58572387695312], [87.186279296875, 95.98698425292969, 142.76058959960938, 128.77366638183594], [57.98744583129883, 111.00975799560547, 146.12635803222656, 164.66433715820312], [471.16009521484375, 225.09030151367188, 499.0, 269.0934753417969], [32.5399169921875, 154.92816162109375, 130.1565704345703, 281.2004699707031], [0.9276885986328125, 88.98223876953125, 150.80665588378906, 122.93698120117188], [14.74462890625, 124.77996063232422, 122.90640258789062, 277.73175048828125]]}