{"categories": [0, 37, 56], "bboxes": [[232.04165649414062, 93.8945541381836, 317.0945739746094, 269.9672546386719], [34.74665832519531, 158.77487182617188, 232.0409698486328, 247.1707763671875], [404.871826171875, 190.3878173828125, 498.2882080078125, 298.4195251464844]]}