{"categories": [0, 2, 26, 34, 67], "bboxes": [[0.8902435302734375, 86.01527404785156, 269.95404052734375, 421.0877685546875], [135.77027893066406, 134.96429443359375, 249.5202178955078, 178.499267578125], [396.5763854980469, 215.64077758789062, 444.9432678222656, 337.3091735839844], [542.7978515625, 133.15753173828125, 612.256591796875, 192.89801025390625], [130.97216796875, 161.0686492919922, 173.97039794921875, 188.7543487548828]]}