{"categories": [0, 2, 7, 24, 25, 26, 35, 36], "bboxes": [[163.94699096679688, 73.16987609863281, 220.79901123046875, 300.23968505859375], [311.4184265136719, 13.607940673828125, 498.3235778808594, 111.56739044189453], [5.002265930175781, 0.12069320678710938, 168.25103759765625, 87.17254638671875], [357.1499938964844, 103.39677429199219, 395.6533508300781, 162.90968322753906], [148.48977661132812, 30.208812713623047, 295.87493896484375, 94.10258483886719], [397.7370300292969, 99.40670776367188, 425.6126403808594, 164.583740234375], [481.5897216796875, 141.91944885253906, 499.0, 164.5026092529297], [402.13323974609375, 229.2952423095703, 435.11883544921875, 275.51226806640625]]}