{"categories": [0, 24, 28, 56, 60, 62, 63, 65, 67, 72], "bboxes": [[371.4474182128906, 33.67189025878906, 493.0261535644531, 360.36114501953125], [239.1853485107422, 138.041259765625, 273.51348876953125, 173.5872802734375], [129.05569458007812, 176.9888916015625, 183.60467529296875, 201.70162963867188], [217.57980346679688, 137.67848205566406, 256.9190979003906, 168.9379425048828], [67.02642822265625, 123.2356185913086, 159.1607208251953, 185.0961151123047], [84.34146118164062, 94.64838409423828, 118.28195190429688, 122.20349884033203], [55.01361083984375, 195.32763671875, 116.4298095703125, 212.49594116210938], [241.5353240966797, 236.31016540527344, 263.3714294433594, 264.09771728515625], [0.21519184112548828, 238.07862854003906, 23.61022186279297, 291.2563781738281], [139.50167846679688, 69.82220458984375, 200.24420166015625, 128.0499267578125]]}