{"categories": [0, 41, 56, 57, 67], "bboxes": [[347.8486633300781, 117.30284881591797, 495.8681335449219, 366.4666748046875], [279.73394775390625, 286.7314758300781, 297.629638671875, 315.5845642089844], [318.7131652832031, 217.7830810546875, 400.9067077636719, 360.4097900390625], [0.0, 6.749214172363281, 297.7421875, 219.49533081054688], [131.8238067626953, 195.4266815185547, 157.1988983154297, 239.72459411621094]]}