{"categories": [0, 26, 63, 66], "bboxes": [[164.44200134277344, 21.949050903320312, 496.6278076171875, 428.349365234375], [288.57891845703125, 187.78787231445312, 415.60626220703125, 391.6308288574219], [20.565765380859375, 381.2018737792969, 390.4876708984375, 458.5560607910156], [67.33158874511719, 400.8641662597656, 339.80108642578125, 457.8382263183594]]}