{"categories": [0, 3, 24, 32, 38, 56, 74], "bboxes": [[46.73149871826172, 272.833984375, 206.4415283203125, 637.12890625], [255.16444396972656, 204.19590759277344, 314.3818359375, 268.31787109375], [195.92733764648438, 217.9207305908203, 273.5071105957031, 318.24713134765625], [119.17864227294922, 462.57000732421875, 157.1536102294922, 490.489990234375], [136.03466796875, 587.2548828125, 180.87384033203125, 639.0], [236.38629150390625, 196.16232299804688, 268.9823303222656, 221.30136108398438], [97.21184539794922, 181.4734649658203, 107.1764907836914, 195.0732879638672]]}