{"categories": [0, 1, 2, 7, 9, 17, 24], "bboxes": [[0.0, 205.6672821044922, 32.62100601196289, 313.5064697265625], [385.524169921875, 237.55076599121094, 406.375732421875, 263.6940612792969], [595.218017578125, 197.74032592773438, 638.38916015625, 237.11846923828125], [595.86181640625, 195.5787811279297, 638.4625244140625, 237.08033752441406], [151.651123046875, 79.18632507324219, 178.63534545898438, 131.4820556640625], [144.04580688476562, 198.86083984375, 339.2348937988281, 365.7269287109375], [53.44638442993164, 212.97372436523438, 75.25967407226562, 256.3677978515625]]}