{"categories": [0, 2, 7, 13, 24, 36, 60], "bboxes": [[235.6551513671875, 108.47312927246094, 383.568359375, 335.0068359375], [410.98028564453125, 41.78231430053711, 493.5654296875, 88.58309936523438], [235.98239135742188, 22.133106231689453, 486.2060852050781, 90.92796325683594], [1.2658157348632812, 138.13534545898438, 147.84326171875, 255.26412963867188], [458.3650207519531, 154.50901794433594, 532.6314697265625, 253.42726135253906], [399.7257995605469, 354.5716857910156, 485.0827941894531, 380.6437072753906], [2.7334976196289062, 145.28814697265625, 119.12770080566406, 203.6859130859375]]}