{"categories": [0, 25, 56], "bboxes": [[106.3019027709961, 77.346923828125, 334.6119079589844, 625.4727172851562], [68.7020263671875, 15.496612548828125, 306.3117370605469, 287.0460510253906], [45.14358901977539, 229.58212280273438, 110.60031127929688, 324.1424865722656]]}