{"categories": [0, 17, 24, 25], "bboxes": [[471.75335693359375, 158.03369140625, 528.1996459960938, 270.7080078125], [18.083354949951172, 130.21739196777344, 50.22060775756836, 158.3535614013672], [306.1604919433594, 165.87948608398438, 338.4682312011719, 227.36004638671875], [309.4862060546875, 114.84528350830078, 430.49029541015625, 165.7860107421875]]}