{"categories": [0, 1, 3, 17, 28], "bboxes": [[51.239776611328125, 90.66072082519531, 95.61625671386719, 243.5421600341797], [401.7975158691406, 127.65203857421875, 479.7145080566406, 284.53033447265625], [264.50384521484375, 107.84483337402344, 397.5167236328125, 291.8701171875], [114.18209838867188, 36.46647644042969, 279.5063171386719, 327.84625244140625], [271.699462890625, 132.61097717285156, 340.5745849609375, 188.57176208496094]]}