{"categories": [0, 1, 7, 13, 26, 56], "bboxes": [[328.9072265625, 185.2720489501953, 446.014892578125, 574.2984008789062], [99.12467956542969, 298.7216796875, 219.8926544189453, 630.19677734375], [117.423828125, 161.95387268066406, 495.54168701171875, 596.1394653320312], [194.158447265625, 362.00982666015625, 429.1539306640625, 559.5783081054688], [356.9332275390625, 353.52056884765625, 438.99786376953125, 392.0389404296875], [63.31425476074219, 110.90178680419922, 102.18873596191406, 141.26258850097656]]}