{"categories": [0, 37], "bboxes": [[212.2598114013672, 120.1644058227539, 252.1827850341797, 190.19088745117188], [176.1330108642578, 185.8170166015625, 246.0088653564453, 199.64337158203125]]}