{"categories": [0, 2, 7, 29], "bboxes": [[37.78863525390625, 107.33921813964844, 166.2955322265625, 464.51336669921875], [186.62306213378906, 119.62770080566406, 618.050537109375, 409.473388671875], [184.6175994873047, 82.40272521972656, 638.2310791015625, 430.1544189453125], [135.67364501953125, 307.08367919921875, 158.2459716796875, 344.24591064453125]]}