{"categories": [0, 28, 31, 36], "bboxes": [[61.13850021362305, 143.97181701660156, 141.55799865722656, 373.65802001953125], [91.80819702148438, 313.24725341796875, 176.62457275390625, 350.9537353515625], [20.718833923339844, 347.0922546386719, 211.67913818359375, 376.3917541503906], [173.83636474609375, 244.5300750732422, 254.91476440429688, 292.2799377441406]]}