{"categories": [0, 2, 5, 9, 24, 26, 56, 74], "bboxes": [[221.564453125, 271.6738586425781, 308.02081298828125, 496.3689880371094], [250.3724365234375, 286.4873962402344, 332.0, 343.0307922363281], [147.5111846923828, 270.0749816894531, 167.48048400878906, 305.2290954589844], [216.29795837402344, 253.67684936523438, 222.4486846923828, 269.6497497558594], [77.33932495117188, 286.03533935546875, 101.54925537109375, 318.6944580078125], [74.5894775390625, 288.02264404296875, 98.3763427734375, 322.45501708984375], [23.923511505126953, 298.19305419921875, 39.28312301635742, 326.48638916015625], [106.10728454589844, 89.55625915527344, 126.07374572753906, 123.33682250976562]]}