{"categories": [0, 27, 40, 41], "bboxes": [[213.3511199951172, 58.76618957519531, 499.0, 371.2716064453125], [108.1185531616211, 205.0843505859375, 169.45278930664062, 368.926513671875], [353.7114562988281, 241.49020385742188, 399.4311218261719, 345.6338195800781], [144.8397216796875, 329.6468505859375, 192.65280151367188, 374.0]]}