{"categories": [0, 35], "bboxes": [[363.33026123046875, 0.0, 570.159423828125, 273.0702209472656], [301.3129577636719, 273.0706481933594, 366.7754821777344, 341.0569763183594]]}