{"categories": [0, 2, 29], "bboxes": [[40.56855010986328, 72.241943359375, 148.263671875, 208.37545776367188], [172.97543334960938, 110.41365051269531, 202.12872314453125, 126.73295593261719], [213.85574340820312, 100.66947937011719, 235.85760498046875, 106.19209289550781]]}