{"categories": [0, 27, 34, 62, 65], "bboxes": [[311.20733642578125, 149.8204345703125, 452.650390625, 372.433837890625], [389.2330627441406, 212.94461059570312, 412.2231140136719, 258.76416015625], [173.4187774658203, 137.9631805419922, 260.0119934082031, 262.06903076171875], [0.0, 14.89981460571289, 69.86627197265625, 136.08889770507812], [274.553466796875, 210.50033569335938, 291.5946044921875, 240.38619995117188]]}