{"categories": [0, 32, 35], "bboxes": [[144.66192626953125, 168.50828552246094, 273.76806640625, 430.0228271484375], [123.30974578857422, 174.1299285888672, 135.83642578125, 185.2364044189453], [246.16844177246094, 245.3175506591797, 278.1376647949219, 273.076416015625]]}