{"categories": [0, 24, 31, 36, 57], "bboxes": [[205.81362915039062, 69.12905883789062, 433.1782531738281, 342.7172546386719], [127.24446105957031, 249.41908264160156, 157.04185485839844, 304.498046875], [141.12945556640625, 309.46331787109375, 508.20379638671875, 387.0472412109375], [140.5154571533203, 307.405029296875, 500.2294921875, 385.903076171875], [121.87191009521484, 123.67906188964844, 315.779052734375, 324.37652587890625]]}