{"categories": [0, 65], "bboxes": [[26.12218475341797, 129.28701782226562, 245.03396606445312, 398.8435363769531], [191.35000610351562, 334.3951721191406, 261.81134033203125, 364.6469421386719]]}