{"categories": [0, 24, 38], "bboxes": [[131.84194946289062, 52.82447814941406, 409.9031066894531, 406.90985107421875], [398.78546142578125, 47.95966339111328, 438.73028564453125, 108.77437591552734], [399.906005859375, 276.14703369140625, 497.94287109375, 346.29949951171875]]}