{"categories": [0, 39, 56, 60, 62, 66, 69], "bboxes": [[185.82139587402344, 37.77680969238281, 343.27947998046875, 348.14227294921875], [578.4390258789062, 320.2117919921875, 637.9931030273438, 359.0], [344.42303466796875, 278.833984375, 375.8150634765625, 340.1448974609375], [0.0, 262.0677185058594, 20.430158615112305, 358.8647766113281], [24.54302978515625, 17.523162841796875, 315.8740234375, 219.7806854248047], [152.77955627441406, 210.520263671875, 226.0474090576172, 231.92166137695312], [32.12310791015625, 205.609130859375, 233.70440673828125, 357.7783203125]]}