{"categories": [0, 8, 33], "bboxes": [[78.41996002197266, 448.3538818359375, 125.69722747802734, 588.138916015625], [59.10758590698242, 440.4826354980469, 117.19328308105469, 477.9166564941406], [464.76226806640625, 196.68731689453125, 563.7755737304688, 250.12075805664062]]}