{"categories": [0, 2, 5, 6, 7, 26, 28], "bboxes": [[244.9281005859375, 175.5012664794922, 290.713623046875, 302.7386779785156], [17.074649810791016, 215.7535858154297, 36.240821838378906, 234.80738830566406], [69.72547912597656, 39.53154754638672, 499.0, 293.3507385253906], [24.232498168945312, 114.11604309082031, 477.26568603515625, 297.47723388671875], [0.0, 198.31765747070312, 18.327098846435547, 244.66372680664062], [420.60076904296875, 207.4464874267578, 459.8603515625, 263.9773254394531], [207.870361328125, 281.857666015625, 252.962646484375, 313.78033447265625]]}