{"categories": [0, 41, 45, 56, 60], "bboxes": [[257.4314880371094, 40.25115966796875, 495.2284240722656, 329.0489807128906], [0.3897705078125, 250.63038635253906, 38.15009689331055, 330.72186279296875], [73.93600463867188, 311.1965637207031, 127.4869384765625, 332.0], [52.11968994140625, 146.8997802734375, 80.90354919433594, 223.90689086914062], [6.963104248046875, 206.76612854003906, 282.6025085449219, 330.36309814453125]]}