{"categories": [0, 30], "bboxes": [[252.17056274414062, 41.019287109375, 432.0994567871094, 306.1028747558594], [218.28628540039062, 294.7449645996094, 495.9862976074219, 315.4988708496094]]}