{"categories": [0, 16, 30], "bboxes": [[59.228336334228516, 123.3721694946289, 146.87405395507812, 264.8670349121094], [201.80905151367188, 185.0516815185547, 332.5758972167969, 260.3320007324219], [326.1568603515625, 246.70303344726562, 397.3726806640625, 259.9222106933594]]}