{"categories": [0, 32, 38, 56], "bboxes": [[112.0006103515625, 94.29336547851562, 252.41864013671875, 397.89190673828125], [36.27462387084961, 146.61346435546875, 49.48476028442383, 160.19198608398438], [52.270660400390625, 103.38018798828125, 129.4368896484375, 163.36386108398438], [183.84352111816406, 7.148033142089844, 233.9573211669922, 72.63111114501953]]}