{"categories": [0, 24, 26, 27, 39, 40, 41], "bboxes": [[0.0, 40.20103454589844, 232.6643524169922, 330.81317138671875], [458.4023132324219, 276.010498046875, 499.0, 330.250244140625], [5.6584930419921875, 166.55873107910156, 100.55338287353516, 323.47467041015625], [276.67578125, 167.12181091308594, 303.46722412109375, 211.66493225097656], [241.23464965820312, 183.26193237304688, 400.0751647949219, 278.6700744628906], [198.60897827148438, 219.1796417236328, 244.49554443359375, 317.2843322753906], [201.3372802734375, 221.59059143066406, 242.33468627929688, 288.07745361328125]]}