{"categories": [0, 33, 36], "bboxes": [[116.51313781738281, 179.77664184570312, 221.31248474121094, 318.77581787109375], [0.0, 133.0658721923828, 205.7447967529297, 268.00775146484375], [145.7501678466797, 306.8031311035156, 208.3792266845703, 318.5137634277344]]}