{"categories": [0, 17], "bboxes": [[38.32317352294922, 59.8802490234375, 124.0475845336914, 242.11300659179688], [181.95553588867188, 187.12026977539062, 430.2525939941406, 375.4664001464844]]}