{"categories": [0, 3], "bboxes": [[152.48548889160156, 52.275306701660156, 224.50270080566406, 252.55706787109375], [207.01058959960938, 141.1846923828125, 415.5569763183594, 342.21185302734375]]}