{"categories": [0, 56, 57, 65], "bboxes": [[17.14112091064453, 0.3655242919921875, 254.29034423828125, 474.18133544921875], [0.0, 361.3031005859375, 87.2103042602539, 476.55731201171875], [255.09402465820312, 323.31219482421875, 562.1522216796875, 477.8013916015625], [249.08685302734375, 262.4601135253906, 313.18450927734375, 298.3608703613281]]}