{"categories": [0, 29], "bboxes": [[226.34490966796875, 60.81261444091797, 375.77264404296875, 285.2151184082031], [209.81817626953125, 105.51406860351562, 241.7662353515625, 132.51597595214844]]}