{"categories": [0, 1, 2, 3, 8, 56, 67], "bboxes": [[197.91485595703125, 47.27323913574219, 636.9531860351562, 467.17315673828125], [297.48345947265625, 182.3606719970703, 329.28564453125, 198.28355407714844], [272.71319580078125, 158.9396514892578, 297.1259765625, 176.48497009277344], [93.14962768554688, 136.3896942138672, 132.032958984375, 193.4090118408203], [357.54248046875, 167.22235107421875, 410.52484130859375, 191.656005859375], [325.2193908691406, 163.42750549316406, 357.8950500488281, 201.94309997558594], [141.20175170898438, 265.06341552734375, 225.69512939453125, 377.39947509765625]]}