{"categories": [0, 41, 53, 60, 73], "bboxes": [[0.5046234130859375, 134.3286590576172, 265.2490234375, 632.892822265625], [153.85812377929688, 326.3433837890625, 178.54827880859375, 354.9818115234375], [131.6361846923828, 501.049560546875, 198.2171173095703, 537.2962646484375], [87.23448181152344, 342.445068359375, 423.063232421875, 625.8853759765625], [290.9447021484375, 298.384033203125, 400.9564208984375, 532.158447265625]]}