{"categories": [0, 26, 58], "bboxes": [[212.36685180664062, 227.7430877685547, 392.4434509277344, 371.99578857421875], [51.9609489440918, 300.7471008300781, 81.77571105957031, 342.9642639160156], [426.45068359375, 143.58221435546875, 445.3580322265625, 169.42660522460938]]}