{"categories": [0, 13, 24, 32], "bboxes": [[67.17020416259766, 80.9687271118164, 244.1939697265625, 276.2630615234375], [297.90020751953125, 95.97554016113281, 413.2535400390625, 165.7794647216797], [387.48260498046875, 119.19808197021484, 439.81927490234375, 169.76303100585938], [428.4458312988281, 220.20599365234375, 461.7232360839844, 252.48635864257812]]}