{"categories": [0, 24, 30], "bboxes": [[181.00491333007812, 16.674667358398438, 408.7052307128906, 363.62451171875], [257.7218322753906, 74.55508422851562, 358.9787292480469, 198.94125366210938], [417.5840759277344, 361.8671569824219, 483.4817810058594, 385.2838439941406]]}