{"categories": [0, 56, 65, 67, 72], "bboxes": [[254.87860107421875, 10.505294799804688, 498.85736083984375, 371.51446533203125], [313.37310791015625, 149.6651153564453, 354.220458984375, 208.1718292236328], [170.9104461669922, 191.81326293945312, 204.17295837402344, 240.53897094726562], [255.0007781982422, 200.49996948242188, 278.06640625, 222.46136474609375], [0.0, 4.311408996582031, 87.80964660644531, 255.31314086914062]]}