{"categories": [0, 2, 25, 26, 56, 67], "bboxes": [[348.43890380859375, 271.2510681152344, 427.9395751953125, 467.3243103027344], [5.9577484130859375, 241.49801635742188, 85.81739807128906, 316.0957946777344], [277.0899353027344, 193.45111083984375, 438.1415710449219, 284.14288330078125], [312.36907958984375, 288.0433044433594, 358.20782470703125, 375.4045715332031], [587.0114135742188, 311.90283203125, 639.0, 428.1859130859375], [7.354894638061523, 327.13653564453125, 34.71734619140625, 375.42364501953125]]}