{"categories": [0, 41, 52, 53, 62, 67], "bboxes": [[308.4427185058594, 85.30204772949219, 498.6010437011719, 372.1375732421875], [299.8954772949219, 191.048095703125, 367.9331359863281, 306.1836242675781], [43.355987548828125, 144.91647338867188, 144.4036102294922, 186.54629516601562], [43.25400924682617, 146.5395965576172, 144.70787048339844, 186.0589141845703], [225.6076202392578, 92.2583236694336, 243.9468231201172, 118.26546478271484], [255.7286376953125, 155.5706787109375, 306.176025390625, 240.94094848632812]]}