{"categories": [0, 27, 55, 60, 63], "bboxes": [[341.0703430175781, 37.10243225097656, 583.545166015625, 362.2625732421875], [478.5393981933594, 154.43084716796875, 498.1773376464844, 219.214111328125], [0.0, 305.59234619140625, 639.0, 421.54949951171875], [0.0, 270.5478820800781, 639.0, 426.0], [566.9082641601562, 184.01654052734375, 608.0807495117188, 216.47857666015625]]}