{"categories": [0, 16, 39, 40, 41, 44, 45, 56, 58, 60, 69], "bboxes": [[304.37109375, 117.91107940673828, 358.4154052734375, 247.77935791015625], [383.0868835449219, 251.07403564453125, 489.7765808105469, 338.00079345703125], [177.9242401123047, 164.53201293945312, 194.2978057861328, 208.79788208007812], [143.94790649414062, 188.4595947265625, 159.81661987304688, 221.82928466796875], [189.04930114746094, 170.66188049316406, 206.29383850097656, 205.82200622558594], [573.8576049804688, 221.37527465820312, 614.5296020507812, 235.95721435546875], [551.8758544921875, 194.4339141845703, 579.22998046875, 214.7552032470703], [52.72711181640625, 232.08445739746094, 187.6327362060547, 363.96087646484375], [356.0885009765625, 94.70020294189453, 383.7135009765625, 158.93795776367188], [48.28871154785156, 179.74978637695312, 261.07318115234375, 340.3041076660156], [515.2045288085938, 219.66094970703125, 639.0, 423.54180908203125]]}