{"categories": [0, 56, 57], "bboxes": [[335.1460266113281, 9.54351806640625, 499.0, 369.2732238769531], [2.6540470123291016, 273.1074523925781, 55.633827209472656, 374.0], [0.0, 240.4473876953125, 383.005126953125, 373.5740966796875]]}