{"categories": [0, 13], "bboxes": [[123.7748031616211, 166.19119262695312, 232.91073608398438, 323.7120361328125], [0.0, 177.43429565429688, 499.0, 319.1026306152344]]}