{"categories": [0, 1, 2, 24, 28, 32, 38, 56], "bboxes": [[104.53219604492188, 136.0820770263672, 220.10824584960938, 432.5660400390625], [101.94400787353516, 112.87210083007812, 112.52323150634766, 126.25679016113281], [123.5203628540039, 116.20784759521484, 136.3894500732422, 125.50141143798828], [60.458587646484375, 308.1521301269531, 79.91654968261719, 320.4764099121094], [271.97576904296875, 192.36830139160156, 303.25640869140625, 207.9495086669922], [76.23826599121094, 10.651016235351562, 86.13243103027344, 19.98350715637207], [210.4507598876953, 293.3495178222656, 232.23240661621094, 330.9026794433594], [19.409244537353516, 278.7932434082031, 59.80282211303711, 316.9059143066406]]}