{"categories": [0, 32, 35], "bboxes": [[182.50918579101562, 32.21830749511719, 437.7458801269531, 351.7003173828125], [110.89398193359375, 100.445556640625, 130.86561584472656, 118.47416687011719], [211.5709686279297, 308.3661193847656, 258.53118896484375, 361.8577575683594]]}