{"categories": [0, 34, 35, 41], "bboxes": [[272.18231201171875, 200.19444274902344, 395.10760498046875, 359.34112548828125], [365.86126708984375, 193.9792022705078, 374.9857177734375, 234.2537384033203], [415.0835266113281, 265.30328369140625, 431.1082458496094, 289.017578125], [213.46173095703125, 342.401123046875, 227.47872924804688, 367.616455078125]]}