{"categories": [0, 8, 13, 24], "bboxes": [[321.53009033203125, 143.5084991455078, 372.81396484375, 299.3287353515625], [111.65569305419922, 204.90127563476562, 270.119384765625, 328.2793884277344], [362.60498046875, 215.86410522460938, 393.66436767578125, 275.2655944824219], [443.25592041015625, 170.86656188964844, 472.07696533203125, 209.4667510986328]]}