{"categories": [0, 9, 38], "bboxes": [[119.12750244140625, 104.03707885742188, 282.0450134277344, 357.5018615722656], [341.892578125, 79.72938537597656, 352.37860107421875, 108.627685546875], [108.15830993652344, 210.08126831054688, 157.25767517089844, 264.1281433105469]]}