{"categories": [0, 3, 7, 24, 33], "bboxes": [[352.76611328125, 106.84429931640625, 405.00714111328125, 213.96987915039062], [134.53807067871094, 87.7750244140625, 379.7882080078125, 309.0106201171875], [77.60931396484375, 154.541015625, 117.38243103027344, 183.13424682617188], [179.22715759277344, 106.79702758789062, 231.0426483154297, 186.98379516601562], [96.44868469238281, 21.378971099853516, 160.60939025878906, 140.91281127929688]]}