{"categories": [0, 6, 24, 26, 28], "bboxes": [[525.6881103515625, 228.93118286132812, 596.96044921875, 446.8761291503906], [14.738555908203125, 115.29283142089844, 630.7061767578125, 366.00909423828125], [513.3375244140625, 302.0091552734375, 544.2288818359375, 354.334228515625], [442.39678955078125, 250.6465301513672, 488.8306884765625, 303.7311706542969], [206.4952850341797, 307.79315185546875, 252.8273162841797, 360.428466796875]]}