{"categories": [0, 1, 2, 5, 7], "bboxes": [[337.9349060058594, 202.41549682617188, 388.2272644042969, 361.9549255371094], [449.0339660644531, 252.92222595214844, 503.8126525878906, 359.693115234375], [0.004862785339355469, 224.84469604492188, 28.4820556640625, 273.093505859375], [117.25700378417969, 161.4634246826172, 200.8551788330078, 230.3627166748047], [183.85397338867188, 170.1943359375, 210.1495361328125, 208.14193725585938]]}