{"categories": [0, 26, 41, 45, 60, 63, 65, 66, 67, 73], "bboxes": [[349.8827209472656, 38.62037658691406, 499.0, 304.56243896484375], [285.5723876953125, 287.7093200683594, 368.7371826171875, 324.7376403808594], [222.6902618408203, 249.51004028320312, 265.4942321777344, 337.3341369628906], [172.1239013671875, 262.67974853515625, 228.26779174804688, 311.93701171875], [8.4149169921875, 199.39767456054688, 484.0540466308594, 345.1692199707031], [218.710693359375, 156.14657592773438, 349.2791748046875, 244.86431884765625], [357.26959228515625, 249.83392333984375, 380.417724609375, 259.9168701171875], [140.6918487548828, 189.17926025390625, 197.7340545654297, 206.38687133789062], [373.0661315917969, 310.1293640136719, 429.3410339355469, 342.8102722167969], [4.778327941894531, 264.7061767578125, 168.56741333007812, 323.0572509765625]]}