{"categories": [0, 4, 26, 35], "bboxes": [[39.61235427856445, 66.68978881835938, 111.70750427246094, 250.180419921875], [247.37789916992188, 305.4609069824219, 363.5694274902344, 349.9295349121094], [256.1601257324219, 217.61700439453125, 286.0745544433594, 256.2785949707031], [112.30269622802734, 244.60330200195312, 132.92205810546875, 264.3904113769531]]}