{"categories": [0], "bboxes": [[241.35308837890625, 152.87001037597656, 323.29754638671875, 240.3549346923828]]}