{"categories": [0, 57, 58, 60, 62, 65, 73], "bboxes": [[237.90817260742188, 74.03895568847656, 304.6624450683594, 275.24224853515625], [12.079551696777344, 111.7354507446289, 260.15081787109375, 283.1198425292969], [574.3583984375, 254.0789794921875, 639.0, 368.43756103515625], [302.03594970703125, 183.32028198242188, 458.33404541015625, 271.2097473144531], [443.4378356933594, 213.09939575195312, 624.808837890625, 469.9462585449219], [318.91595458984375, 193.28372192382812, 342.28057861328125, 206.23831176757812], [344.59222412109375, 191.99566650390625, 385.89141845703125, 216.87966918945312]]}