{"categories": [0, 56, 62, 74], "bboxes": [[331.67047119140625, 112.01237487792969, 402.44183349609375, 266.11077880859375], [165.37786865234375, 273.5091552734375, 267.87359619140625, 369.49359130859375], [175.46908569335938, 73.94573211669922, 339.5121154785156, 201.47421264648438], [266.85247802734375, 194.09185791015625, 304.4705810546875, 210.45556640625]]}