{"categories": [0, 36, 45, 65], "bboxes": [[44.078819274902344, 41.93840026855469, 187.00790405273438, 498.30914306640625], [80.4952392578125, 1.5704536437988281, 124.48574829101562, 54.43103790283203], [126.93562316894531, 29.918899536132812, 188.4427947998047, 47.18444061279297], [260.80072021484375, 199.5049285888672, 324.295166015625, 238.7513885498047]]}