{"categories": [0, 56, 60, 62, 63, 65, 72, 73], "bboxes": [[261.0836486816406, 131.92884826660156, 363.8479919433594, 461.2376708984375], [606.1829833984375, 296.6078186035156, 638.393798828125, 398.4716491699219], [347.2433776855469, 225.9641876220703, 442.7820129394531, 336.86236572265625], [181.90887451171875, 302.45770263671875, 265.5402526855469, 377.33331298828125], [179.97259521484375, 304.3148498535156, 269.74066162109375, 378.6202087402344], [343.2300720214844, 171.96961975097656, 358.8645935058594, 191.71412658691406], [109.10887145996094, 201.26211547851562, 182.0286407470703, 266.83294677734375], [384.3133239746094, 233.4998016357422, 444.5187072753906, 252.7756805419922]]}