{"categories": [0, 56, 67], "bboxes": [[279.07525634765625, 245.23983764648438, 595.45458984375, 675.8328857421875], [648.517822265625, 639.198974609375, 824.214111328125, 681.5374755859375], [591.9445190429688, 320.08770751953125, 611.3904418945312, 363.53179931640625]]}