{"categories": [0, 26, 27, 34, 56], "bboxes": [[617.5886840820312, 236.48269653320312, 955.6116333007812, 581.622802734375], [53.030250549316406, 458.9820251464844, 158.619873046875, 664.4951782226562], [353.9306640625, 253.21517944335938, 377.08233642578125, 289.1620788574219], [628.3131103515625, 251.05299377441406, 722.1123046875, 323.1262512207031], [501.47967529296875, 586.2642211914062, 690.3446655273438, 676.1054077148438]]}