{"categories": [0, 26, 34, 57, 60, 79], "bboxes": [[445.9036865234375, 236.39468383789062, 616.1640625, 606.7198486328125], [513.0940551757812, 361.65948486328125, 607.0667114257812, 567.4384765625], [282.92230224609375, 311.21429443359375, 419.66375732421875, 387.93865966796875], [363.41998291015625, 625.205322265625, 816.3285522460938, 676.142578125], [393.3797302246094, 619.623046875, 806.3912353515625, 676.5238037109375], [400.2420959472656, 218.6182403564453, 450.6940002441406, 241.1913299560547]]}