{"categories": [0, 24, 26, 27, 56, 73], "bboxes": [[86.02560424804688, 332.4446105957031, 293.79656982421875, 990.740234375], [99.58462524414062, 434.639892578125, 216.49099731445312, 635.63134765625], [162.89596557617188, 461.318115234375, 273.0516052246094, 796.514404296875], [315.488525390625, 530.4512939453125, 384.65155029296875, 858.992431640625], [447.1807556152344, 811.701416015625, 680.0533447265625, 1013.2132568359375], [518.7177734375, 728.0018310546875, 534.107666015625, 784.341552734375]]}