{"categories": [0, 32], "bboxes": [[63.51776123046875, 78.50906372070312, 434.4725341796875, 970.8321533203125], [229.4102783203125, 815.6875610351562, 394.39013671875, 988.4141235351562]]}