{"categories": [0, 26, 27, 28, 56], "bboxes": [[235.60333251953125, 358.3795166015625, 454.13433837890625, 914.718017578125], [267.0624694824219, 585.6052856445312, 347.8060607910156, 732.8847045898438], [311.4486389160156, 460.4742126464844, 359.4925231933594, 486.0093688964844], [38.46245574951172, 721.5364990234375, 260.2055358886719, 990.788330078125], [217.20806884765625, 899.5867919921875, 375.634521484375, 1023.0]]}