{"categories": [0, 29, 39, 60, 65, 67, 73], "bboxes": [[555.5340576171875, 31.349578857421875, 870.395751953125, 746.709228515625], [434.5751953125, 111.15702819824219, 594.76513671875, 277.6341552734375], [590.7539672851562, 397.072021484375, 619.3897094726562, 520.9111328125], [813.2696533203125, 475.7773742675781, 1023.0, 754.2421875], [796.7346801757812, 309.92529296875, 885.5228881835938, 352.8568115234375], [238.67144775390625, 148.24972534179688, 296.96173095703125, 234.799560546875], [5.893585205078125, 190.99615478515625, 145.39012145996094, 245.18240356445312]]}