{"categories": [0, 26, 56, 60, 72], "bboxes": [[192.45272827148438, 119.10379028320312, 490.5119934082031, 669.2685546875], [606.0663452148438, 314.57659912109375, 685.1782836914062, 438.5028076171875], [888.44482421875, 492.4781799316406, 999.429931640625, 520.8146362304688], [857.3571166992188, 514.4883422851562, 1021.2306518554688, 676.7721557617188], [620.9401245117188, 210.15789794921875, 753.9129028320312, 398.20428466796875]]}