{"categories": [0, 27, 39, 41, 60], "bboxes": [[0.0, 124.1873779296875, 454.2894287109375, 669.3177490234375], [173.9928741455078, 305.9870910644531, 229.8048858642578, 396.9172668457031], [630.1594848632812, 295.155029296875, 665.6793823242188, 397.7001953125], [537.9636840820312, 339.1732177734375, 571.1276245117188, 393.26458740234375], [191.930908203125, 277.3907470703125, 990.6668701171875, 670.889404296875]]}