{"categories": [0, 8, 37, 56], "bboxes": [[211.13079833984375, 183.56643676757812, 582.4005126953125, 417.0147399902344], [32.051361083984375, 307.83758544921875, 977.0693359375, 594.3676147460938], [0.0, 163.3378448486328, 69.8026351928711, 249.9393768310547], [392.1214294433594, 17.473773956298828, 500.1173400878906, 134.04275512695312]]}