{"categories": [0, 2, 32, 39, 46, 47, 56, 57, 73], "bboxes": [[432.6578674316406, 10.47576904296875, 1011.815673828125, 798.0482177734375], [135.70950317382812, 533.8867797851562, 250.57449340820312, 594.8831176757812], [65.60455322265625, 544.917724609375, 122.44113159179688, 601.0096435546875], [108.38116455078125, 61.84230422973633, 128.68125915527344, 121.2991943359375], [0.0, 675.7564086914062, 54.545494079589844, 736.9675903320312], [378.2197570800781, 660.4923706054688, 465.0232238769531, 726.4454956054688], [898.8274536132812, 215.9355010986328, 1023.0, 517.0501708984375], [847.4472045898438, 140.99050903320312, 1023.0, 487.0168762207031], [88.39066314697266, 230.3273468017578, 186.33636474609375, 252.4546661376953]]}