{"categories": [0, 26, 72], "bboxes": [[14.25469970703125, 84.83676147460938, 351.8083190917969, 475.4204406738281], [575.45166015625, 216.496337890625, 696.4814453125, 476.07122802734375], [1.3959770202636719, 231.78643798828125, 76.27021789550781, 445.12677001953125]]}