{"categories": [0, 27], "bboxes": [[192.87783813476562, 82.86093139648438, 720.9771728515625, 748.2508544921875], [834.7544555664062, 216.17991638183594, 885.7153930664062, 282.88824462890625]]}