{"categories": [0, 32, 38, 47], "bboxes": [[693.4666748046875, 89.12124633789062, 1019.4149169921875, 586.0888671875], [238.1033935546875, 313.75762939453125, 257.323486328125, 334.4598388671875], [77.44624328613281, 286.9855651855469, 177.53334045410156, 452.1703186035156], [607.301513671875, 275.586669921875, 752.5687255859375, 394.8525390625]]}