{"categories": [0, 50], "bboxes": [[0.0, 68.4520263671875, 693.5732421875, 983.309326171875], [0.0, 954.976806640625, 98.82670593261719, 1019.750244140625]]}