{"categories": [0, 27, 73], "bboxes": [[466.0489501953125, 273.7257385253906, 627.71875, 676.0595703125], [538.9578857421875, 366.74481201171875, 559.8154296875, 448.0447998046875], [385.1781005859375, 566.2061157226562, 507.56219482421875, 634.1912231445312]]}