{"categories": [0, 26, 27, 45, 55, 56, 60, 62, 73], "bboxes": [[639.669189453125, 106.674560546875, 892.8555908203125, 673.192626953125], [272.9441833496094, 382.9129943847656, 484.1537780761719, 529.299072265625], [677.1198120117188, 316.192138671875, 717.8894653320312, 453.08203125], [876.0621337890625, 434.6300354003906, 932.1121826171875, 486.7915954589844], [61.15513610839844, 420.3660583496094, 553.273193359375, 644.767822265625], [904.9887084960938, 421.4776611328125, 997.3264770507812, 567.0078735351562], [14.453582763671875, 469.00115966796875, 730.6524658203125, 671.8316040039062], [923.4385375976562, 143.15443420410156, 1015.9617309570312, 219.54322814941406], [62.340789794921875, 461.9632873535156, 571.5364990234375, 652.0121459960938]]}