{"categories": [0, 39, 41, 67, 73], "bboxes": [[257.0810241699219, 177.59185791015625, 393.7326965332031, 538.64794921875], [624.94873046875, 761.9201049804688, 657.587158203125, 855.8628540039062], [462.6822509765625, 255.4960479736328, 480.8770751953125, 287.7071533203125], [96.24090576171875, 754.2003173828125, 138.10562133789062, 776.822509765625], [81.9913330078125, 244.11068725585938, 752.3162231445312, 548.089111328125]]}