{"categories": [0, 72], "bboxes": [[255.7721405029297, 79.69573974609375, 318.7530517578125, 211.45285034179688], [0.0, 8.888961791992188, 36.82197570800781, 197.61854553222656]]}