{"categories": [0, 26, 28, 56, 60, 73], "bboxes": [[706.6014404296875, 132.28355407714844, 967.119384765625, 480.23681640625], [392.4090881347656, 290.8492431640625, 443.6734924316406, 327.92352294921875], [46.856285095214844, 569.247802734375, 302.05596923828125, 674.0745849609375], [623.6327514648438, 245.83119201660156, 1014.3303833007812, 662.0919799804688], [513.6573486328125, 316.2906799316406, 688.6802978515625, 496.9841003417969], [190.0501708984375, 344.1031799316406, 260.52593994140625, 387.8662414550781]]}