{"categories": [0, 55, 56, 60, 73], "bboxes": [[58.89491271972656, 327.26593017578125, 412.19525146484375, 751.7932739257812], [491.9683837890625, 528.7572631835938, 610.19384765625, 606.9103393554688], [645.7254028320312, 253.17337036132812, 793.6332397460938, 523.827880859375], [131.03872680664062, 410.146728515625, 952.4404296875, 974.7532958984375], [778.2359008789062, 291.8447570800781, 999.6459350585938, 534.3619995117188]]}