{"categories": [0, 40, 41], "bboxes": [[257.5758056640625, 181.32257080078125, 681.0364379882812, 1017.2577514648438], [228.0343017578125, 887.5870971679688, 354.89703369140625, 1021.2754516601562], [229.27767944335938, 888.874755859375, 353.7362976074219, 1019.5128173828125]]}