{"categories": [0, 13, 41, 56, 60], "bboxes": [[560.531982421875, 184.82907104492188, 995.727783203125, 746.518798828125], [11.762969970703125, 300.82855224609375, 679.85400390625, 640.2808837890625], [784.9251098632812, 369.5540771484375, 819.5530395507812, 429.93426513671875], [720.6663208007812, 552.88330078125, 1023.0, 806.4183349609375], [806.2979125976562, 537.121337890625, 1015.4572143554688, 575.05908203125]]}