{"categories": [0, 7, 27, 62, 65, 72], "bboxes": [[32.678985595703125, 202.48609924316406, 242.41323852539062, 660.2299194335938], [533.4666748046875, 10.478607177734375, 1023.0, 682.0], [175.67129516601562, 310.3125, 200.4561767578125, 386.7862548828125], [554.4681396484375, 0.0, 1023.0, 621.078369140625], [224.8546142578125, 366.6749267578125, 268.7545471191406, 444.01422119140625], [86.30450439453125, 237.23513793945312, 168.4440155029297, 365.2369689941406]]}