{"categories": [0, 27], "bboxes": [[0.0, 1.905548095703125, 412.21661376953125, 1001.92822265625], [156.632568359375, 319.0769348144531, 264.8917541503906, 562.6148681640625]]}