{"categories": [0, 76], "bboxes": [[19.248519897460938, 40.237266540527344, 217.79412841796875, 234.68386840820312], [492.2583312988281, 312.7893981933594, 626.4515991210938, 429.8055725097656]]}