{"categories": [0, 56, 58, 60, 65, 67], "bboxes": [[237.08522033691406, 43.01342010498047, 432.63970947265625, 254.01589965820312], [543.2250366210938, 112.4006118774414, 637.3522338867188, 224.86834716796875], [430.1582336425781, 39.11323547363281, 477.8890075683594, 97.03764343261719], [0.0, 224.12265014648438, 743.0, 335.9394836425781], [104.03060913085938, 261.5700988769531, 143.4134063720703, 271.5184631347656], [103.28364562988281, 261.00311279296875, 144.56358337402344, 272.863525390625]]}