{"categories": [0, 14, 27, 56, 65], "bboxes": [[486.68585205078125, 11.20623779296875, 873.1947631835938, 675.2994384765625], [198.86326599121094, 38.22310256958008, 219.8684844970703, 84.75685119628906], [630.4934692382812, 197.102783203125, 697.7647094726562, 316.24993896484375], [0.0, 244.56869506835938, 138.8538818359375, 641.2215576171875], [579.08984375, 329.66552734375, 626.391357421875, 364.67730712890625]]}