{"categories": [0, 26], "bboxes": [[75.70974731445312, 179.658935546875, 370.9543762207031, 495.93353271484375], [21.56365203857422, 447.0551452636719, 49.28163146972656, 499.0]]}