{"categories": [0, 36, 56], "bboxes": [[232.73886108398438, 431.6664733886719, 435.2837829589844, 667.2607421875], [259.3341064453125, 599.4994506835938, 392.11328125, 693.0322875976562], [421.7389221191406, 499.16583251953125, 441.7290344238281, 541.7722778320312]]}