{"categories": [0, 1, 9, 79], "bboxes": [[72.20391845703125, 53.7413330078125, 722.2289428710938, 674.7903442382812], [9.747650146484375, 59.405364990234375, 428.9093322753906, 586.8558349609375], [308.5638732910156, 65.19761657714844, 374.9797058105469, 117.95234680175781], [519.29296875, 210.24111938476562, 571.01513671875, 371.7528991699219]]}