{"categories": [0], "bboxes": [[9.980438232421875, 20.78106689453125, 632.8779296875, 670.4168701171875]]}