{"categories": [0, 27, 60, 73, 74], "bboxes": [[467.88336181640625, 170.87583923339844, 702.5429077148438, 453.33935546875], [707.5899047851562, 336.1075439453125, 765.7122192382812, 437.87823486328125], [322.4609069824219, 424.0872802734375, 1006.2225341796875, 655.8255615234375], [7.349609375, 325.35833740234375, 439.75323486328125, 664.7512817382812], [473.486083984375, 613.7625732421875, 672.4593505859375, 677.5621337890625]]}