{"categories": [0, 25, 28, 56, 60, 73, 76], "bboxes": [[499.43035888671875, 217.9290313720703, 651.6891479492188, 480.24481201171875], [807.2451782226562, 71.75249481201172, 839.0020141601562, 263.4945983886719], [810.9005737304688, 255.6659393310547, 864.2742309570312, 307.03253173828125], [376.1841735839844, 299.62774658203125, 448.5993957519531, 377.69061279296875], [105.40653991699219, 355.5515441894531, 173.13035583496094, 419.6042175292969], [636.0673217773438, 468.09893798828125, 698.3432006835938, 491.2764892578125], [834.0345458984375, 69.51702880859375, 862.3414306640625, 166.53482055664062]]}