{"categories": [0, 7, 38, 39], "bboxes": [[569.3690795898438, 25.104736328125, 799.7062377929688, 653.7371215820312], [298.37713623046875, 79.33853912353516, 439.85809326171875, 192.67330932617188], [548.7323608398438, 349.01019287109375, 603.4247436523438, 401.2357177734375], [672.8764038085938, 472.3324279785156, 708.1564331054688, 539.00341796875]]}