{"categories": [0, 27, 33, 43, 56, 60, 72], "bboxes": [[566.754638671875, 532.3948364257812, 763.0732421875, 962.2732543945312], [362.3985290527344, 451.2399597167969, 399.3031311035156, 524.6770629882812], [22.177913665771484, 137.94744873046875, 34.53786849975586, 152.62533569335938], [199.1278076171875, 774.9791259765625, 304.0987854003906, 795.4344482421875], [554.1251831054688, 760.9480590820312, 718.2213745117188, 1014.9675903320312], [158.5067596435547, 750.06982421875, 417.702880859375, 1020.5174560546875], [262.8882141113281, 534.2782592773438, 467.8373107910156, 869.9132690429688]]}