{"categories": [0, 24, 26, 27, 56, 61, 62], "bboxes": [[365.47442626953125, 280.13861083984375, 500.73297119140625, 677.068115234375], [761.7083129882812, 475.9264221191406, 807.9537963867188, 522.3399658203125], [972.5618896484375, 479.2581481933594, 1008.658203125, 575.6505126953125], [441.29840087890625, 367.2315368652344, 465.3670654296875, 446.7374572753906], [972.598388671875, 409.3638000488281, 1013.687255859375, 440.5791320800781], [480.05450439453125, 662.5562744140625, 603.5929565429688, 682.0], [0.0, 165.5052490234375, 121.02127075195312, 365.42767333984375]]}