{"categories": [0, 26, 41, 56], "bboxes": [[105.589111328125, 148.1817626953125, 380.46514892578125, 673.7997436523438], [90.17619323730469, 613.5897827148438, 168.34852600097656, 677.1404418945312], [912.6170043945312, 521.843017578125, 934.7622680664062, 548.5975341796875], [891.208984375, 625.513427734375, 951.706787109375, 669.464599609375]]}