{"categories": [0, 60, 65], "bboxes": [[687.56689453125, 112.32443237304688, 986.501220703125, 670.9765625], [0.5536270141601562, 430.66400146484375, 104.6144027709961, 642.9248657226562], [245.264404296875, 426.4642639160156, 282.26422119140625, 451.8124084472656]]}