{"categories": [0, 39, 41, 42, 44], "bboxes": [[466.26678466796875, 83.86917114257812, 869.5044555664062, 644.134033203125], [542.7245483398438, 567.0333862304688, 602.7620239257812, 646.0], [214.27304077148438, 604.3695678710938, 307.0830383300781, 645.0763549804688], [402.6249694824219, 546.6502075195312, 482.0263977050781, 635.8806762695312], [403.75640869140625, 546.4176025390625, 482.15655517578125, 635.0693359375]]}