{"categories": [0, 39, 41, 56, 57, 58, 60, 63, 67, 75], "bboxes": [[325.8945007324219, 222.9673614501953, 536.3597412109375, 526.5115966796875], [716.06494140625, 278.0745544433594, 835.9058837890625, 630.97265625], [374.8532409667969, 500.5849304199219, 420.7342834472656, 559.7947387695312], [0.0, 456.92584228515625, 130.81207275390625, 669.7289428710938], [241.16555786132812, 211.71263122558594, 994.4097900390625, 565.9269409179688], [158.73731994628906, 266.83258056640625, 226.37144470214844, 361.4425048828125], [67.86825561523438, 454.449951171875, 1020.7923583984375, 678.4193115234375], [651.692626953125, 254.74794006347656, 983.127197265625, 540.7432250976562], [706.1893920898438, 648.8152465820312, 836.6567993164062, 684.0], [287.434814453125, 281.20758056640625, 336.5390625, 324.2593994140625]]}