{"categories": [0, 58], "bboxes": [[41.95988464355469, 41.79913330078125, 358.15740966796875, 1003.3865356445312], [0.0, 599.7748413085938, 229.866943359375, 807.7528686523438]]}