{"categories": [0, 13, 56], "bboxes": [[124.81599426269531, 284.0136413574219, 569.231689453125, 997.1396484375], [0.0, 538.320068359375, 95.2392349243164, 696.583740234375], [558.1935424804688, 455.2852783203125, 658.3274536132812, 577.2894287109375]]}