{"categories": [0, 56, 59], "bboxes": [[387.3651123046875, 247.6410369873047, 606.5635986328125, 494.53179931640625], [659.6904296875, 397.14703369140625, 681.6527099609375, 485.94195556640625], [133.01751708984375, 433.4579772949219, 1013.5029907226562, 655.3611450195312]]}