{"categories": [0, 39, 40, 41, 43, 60], "bboxes": [[609.2527465820312, 18.157135009765625, 1018.8933715820312, 748.056640625], [178.70761108398438, 528.3145141601562, 260.1490478515625, 765.0], [94.91166687011719, 604.4300537109375, 161.51600646972656, 751.7105712890625], [254.8668975830078, 676.1683349609375, 302.4659729003906, 754.3663330078125], [473.5123596191406, 705.58642578125, 555.7858276367188, 760.5755615234375], [24.973541259765625, 621.7586669921875, 798.1702880859375, 757.857666015625]]}