{"categories": [0], "bboxes": [[430.3675537109375, 163.85845947265625, 725.907958984375, 682.0]]}