{"categories": [0, 1, 13, 27, 56], "bboxes": [[814.72314453125, 173.52056884765625, 1023.0, 669.7579345703125], [377.91046142578125, 325.7872314453125, 524.2697143554688, 514.8529663085938], [182.06712341308594, 412.15093994140625, 561.8368530273438, 677.4537963867188], [675.9490356445312, 345.1394958496094, 719.4352416992188, 463.8319396972656], [205.24765014648438, 452.5574035644531, 569.5804443359375, 678.7410888671875]]}