{"categories": [0, 62], "bboxes": [[541.6572265625, 0.42138671875, 1023.0, 672.967529296875], [679.9186401367188, 238.25119018554688, 716.2875366210938, 295.8718566894531]]}