{"categories": [0, 5, 39], "bboxes": [[231.02114868164062, 472.1088562011719, 442.4597473144531, 908.2896728515625], [0.0, 0.0, 682.0, 1023.0], [552.4500122070312, 657.7383422851562, 566.3069458007812, 701.2821655273438]]}