{"categories": [0], "bboxes": [[680.5213012695312, 290.3231506347656, 823.5148315429688, 418.9219665527344]]}