{"categories": [0, 60, 68], "bboxes": [[551.9443359375, 0.0, 1023.0, 660.7041625976562], [253.92770385742188, 528.4861450195312, 916.82861328125, 682.0], [27.569190979003906, 303.0526123046875, 274.8541564941406, 487.2813720703125]]}