{"categories": [0, 26], "bboxes": [[536.048095703125, 203.29002380371094, 676.568359375, 639.3787841796875], [546.1804809570312, 474.5138244628906, 569.8821411132812, 525.4569702148438]]}