{"categories": [0, 15, 36, 43, 45, 54, 55, 56], "bboxes": [[237.316162109375, 543.3421020507812, 468.5546875, 1023.0], [236.83995056152344, 544.9931030273438, 280.88037109375, 595.7340698242188], [118.38389587402344, 926.5477294921875, 228.50975036621094, 983.029541015625], [208.77651977539062, 705.14697265625, 256.2912902832031, 902.4813232421875], [625.3757934570312, 893.5999755859375, 682.0, 936.6556396484375], [4.664207458496094, 126.74945068359375, 138.3021240234375, 323.9607238769531], [241.18927001953125, 175.58975219726562, 395.95208740234375, 369.1173400878906], [7.42889404296875, 626.2619018554688, 203.99697875976562, 904.8903198242188]]}