{"categories": [0, 2, 27, 58], "bboxes": [[343.16534423828125, 90.12911987304688, 782.1502075195312, 759.9332275390625], [912.8590698242188, 126.4781723022461, 942.9199829101562, 142.12818908691406], [376.5305480957031, 237.4096221923828, 415.7219543457031, 367.90435791015625], [11.131134033203125, 116.08474731445312, 312.9623107910156, 767.0]]}