{"categories": [0, 39, 65], "bboxes": [[643.316650390625, 38.268218994140625, 1013.98828125, 668.3028564453125], [479.456787109375, 242.848388671875, 538.5715942382812, 412.04486083984375], [93.16109466552734, 396.1231689453125, 125.8150863647461, 421.58660888671875]]}