{"categories": [0], "bboxes": [[604.1434936523438, 71.94119262695312, 1023.0, 673.8123779296875]]}