{"categories": [0, 56, 65], "bboxes": [[631.4434814453125, 11.806243896484375, 850.975830078125, 669.359375], [35.04183578491211, 166.8734130859375, 110.10020446777344, 267.5892333984375], [451.008544921875, 394.93670654296875, 482.1414794921875, 428.04595947265625]]}