{"categories": [0, 27, 60, 65], "bboxes": [[50.92768859863281, 7.6213226318359375, 494.55926513671875, 336.427978515625], [49.558929443359375, 0.0, 69.58351135253906, 119.03185272216797], [384.9630432128906, 133.924072265625, 499.0, 175.9842529296875], [38.74608612060547, 116.82393646240234, 74.8424301147461, 160.63262939453125]]}