{"categories": [0, 24, 26, 28, 41, 63, 64, 67], "bboxes": [[643.098388671875, 50.907989501953125, 1023.0, 670.787109375], [327.99774169921875, 408.2471923828125, 666.8519897460938, 666.72705078125], [343.6849060058594, 436.3154296875, 635.83935546875, 666.931884765625], [635.5188598632812, 517.3576049804688, 731.0186157226562, 641.1785278320312], [141.4494171142578, 590.4140014648438, 172.20249938964844, 630.1155395507812], [258.9306335449219, 512.68994140625, 374.5873107910156, 629.1217041015625], [183.9873046875, 621.0852661132812, 224.51727294921875, 652.7499389648438], [588.9905395507812, 235.42832946777344, 615.1629028320312, 292.9825134277344]]}