{"categories": [0, 41, 57], "bboxes": [[152.0687713623047, 362.47662353515625, 495.17510986328125, 684.0], [515.8975219726562, 524.4779052734375, 549.2224731445312, 565.89111328125], [173.2830810546875, 312.5667724609375, 972.0235595703125, 677.1448974609375]]}