{"categories": [0, 39, 41, 56, 60, 67, 73], "bboxes": [[340.0342712402344, 70.80014038085938, 982.13134765625, 667.3433837890625], [82.95799255371094, 367.6358337402344, 152.06517028808594, 572.3678588867188], [369.8500061035156, 276.5375671386719, 399.4076843261719, 318.4689025878906], [932.0550537109375, 309.99188232421875, 1023.0, 676.068359375], [0.0, 248.11004638671875, 707.9367065429688, 666.5640869140625], [549.4579467773438, 433.3900451660156, 589.8214721679688, 459.3486022949219], [315.67822265625, 507.2923278808594, 606.8536987304688, 615.71484375]]}