{"categories": [0, 8, 13, 24, 26, 27, 29, 39, 41, 56, 58, 66], "bboxes": [[572.3673095703125, 94.32492065429688, 1019.852783203125, 722.35693359375], [0.0, 298.162841796875, 941.7725830078125, 739.9625244140625], [460.2354736328125, 138.99758911132812, 723.822509765625, 409.0852966308594], [2.2551116943359375, 284.0219421386719, 189.43313598632812, 434.4574279785156], [1.954376220703125, 281.22998046875, 189.4625244140625, 433.4217529296875], [324.9384765625, 474.5959777832031, 403.8350830078125, 524.2261352539062], [26.177581787109375, 738.9041748046875, 275.0595703125, 766.7222900390625], [579.7673950195312, 322.156982421875, 724.9403686523438, 406.754638671875], [404.48260498046875, 507.2407531738281, 576.9688720703125, 688.3115234375], [478.28179931640625, 135.45362854003906, 704.8710327148438, 400.86810302734375], [484.9505920410156, 104.8194580078125, 532.6835327148438, 162.50836181640625], [41.380462646484375, 573.794189453125, 792.194091796875, 763.769775390625]]}