{"categories": [0, 24, 26], "bboxes": [[529.3717041015625, 95.32496643066406, 676.564697265625, 413.03814697265625], [765.2810668945312, 166.11207580566406, 799.0, 241.81898498535156], [88.73060607910156, 220.34947204589844, 155.67733764648438, 289.5007629394531]]}