{"categories": [0, 26, 43, 56], "bboxes": [[183.77938842773438, 73.688720703125, 527.5390625, 671.5243530273438], [707.0850219726562, 339.775634765625, 765.1724243164062, 662.4591064453125], [18.4808349609375, 302.5538024902344, 693.5121459960938, 350.8270568847656], [419.2623596191406, 439.17266845703125, 532.4117431640625, 669.8128051757812]]}