{"categories": [0, 39, 45, 56, 57], "bboxes": [[202.01406860351562, 214.45233154296875, 365.5293884277344, 535.9055786132812], [582.4673461914062, 470.8998107910156, 611.4830932617188, 549.9417114257812], [460.08245849609375, 545.8121948242188, 523.5560913085938, 578.8579711914062], [661.98046875, 599.1565551757812, 919.2681884765625, 763.2870483398438], [425.10845947265625, 569.4290771484375, 855.0895385742188, 757.18603515625]]}