{"categories": [0, 27, 56, 62, 73], "bboxes": [[409.1014404296875, 242.36257934570312, 626.471435546875, 678.046630859375], [341.0863952636719, 217.23379516601562, 385.0183410644531, 432.0902404785156], [791.6680908203125, 6.304450988769531, 958.439697265625, 138.54315185546875], [322.7623291015625, 82.693115234375, 1013.2537841796875, 651.9434204101562], [152.108642578125, 450.2124938964844, 307.7582092285156, 611.960693359375]]}