{"categories": [0, 2, 56, 57], "bboxes": [[0.0, 115.53994750976562, 533.9695434570312, 754.909912109375], [19.109161376953125, 165.06997680664062, 188.02630615234375, 242.65060424804688], [88.38577270507812, 255.81500244140625, 264.9466247558594, 404.9974365234375], [833.4761962890625, 312.34979248046875, 1019.0416259765625, 765.5403442382812]]}