{"categories": [0, 24], "bboxes": [[106.65692138671875, 170.93502807617188, 256.8355407714844, 598.94384765625], [137.1436004638672, 228.3768768310547, 238.1124725341797, 385.01275634765625]]}