{"categories": [0, 27, 39, 40, 41, 60, 65], "bboxes": [[137.27001953125, 45.54823303222656, 447.07342529296875, 477.38714599609375], [235.89764404296875, 225.02247619628906, 415.69659423828125, 454.0213623046875], [60.34740447998047, 353.92718505859375, 92.62506866455078, 475.27557373046875], [583.81982421875, 64.56201171875, 670.89990234375, 177.53451538085938], [21.01525115966797, 402.37078857421875, 47.01194763183594, 447.15582275390625], [1.1214523315429688, 399.24114990234375, 152.51956176757812, 476.998291015625], [670.1476440429688, 128.611083984375, 690.3041381835938, 145.98019409179688]]}