{"categories": [0], "bboxes": [[210.37623596191406, 411.06158447265625, 675.3966674804688, 1014.7942504882812]]}