{"categories": [0, 2, 26], "bboxes": [[736.202880859375, 129.92913818359375, 913.531494140625, 669.2098388671875], [26.740234375, 263.8478088378906, 470.4845275878906, 510.6166076660156], [763.6913452148438, 254.1457061767578, 912.2322387695312, 437.3443603515625]]}