{"categories": [0, 13, 25, 26, 56, 58, 60], "bboxes": [[525.7937622070312, 151.32958984375, 662.7760620117188, 658.60302734375], [784.1935424804688, 350.7949523925781, 997.3544311523438, 533.0391845703125], [286.6446228027344, 90.80481719970703, 458.2689514160156, 138.11843872070312], [788.976806640625, 327.8788757324219, 827.7562255859375, 386.2012023925781], [661.9212646484375, 283.4085998535156, 718.2607421875, 353.8055114746094], [609.7571411132812, 221.00694274902344, 659.1929321289062, 333.6032409667969], [19.47222137451172, 358.5130615234375, 207.39022827148438, 397.93414306640625]]}