{"categories": [0, 16, 26], "bboxes": [[0.0, 0.0, 432.93133544921875, 444.25946044921875], [482.5329284667969, 317.01904296875, 568.9827880859375, 411.64764404296875], [585.0963745117188, 376.42236328125, 609.1720581054688, 449.0]]}