{"categories": [0, 26, 27, 56, 60, 63, 74], "bboxes": [[0.0, 8.042236328125, 413.7775573730469, 668.9404296875], [939.53759765625, 334.0350646972656, 988.460693359375, 406.4663391113281], [176.254638671875, 256.46685791015625, 287.5151672363281, 506.37017822265625], [666.0878295898438, 355.6973876953125, 806.3712768554688, 542.546875], [915.0108032226562, 378.83209228515625, 1023.0, 597.0084228515625], [767.1707153320312, 575.1544189453125, 1008.1144409179688, 675.392333984375], [692.7979736328125, 76.95790100097656, 718.0184326171875, 118.54450988769531]]}