{"categories": [0, 29], "bboxes": [[29.183685302734375, 15.416748046875, 738.7398681640625, 1023.0], [214.44996643066406, 564.0869140625, 651.2461547851562, 1002.1683349609375]]}