{"categories": [0, 38], "bboxes": [[99.45988464355469, 27.610443115234375, 280.48614501953125, 564.0517578125], [146.06539916992188, 134.47972106933594, 246.98855590820312, 276.69805908203125]]}