{"categories": [0, 45, 58, 63, 75, 79], "bboxes": [[7.55908203125, 224.9117431640625, 660.7003173828125, 1017.1697998046875], [303.8985595703125, 839.6427001953125, 663.608154296875, 1012.0562744140625], [280.2120361328125, 572.6047973632812, 691.9071044921875, 1006.2489624023438], [563.7471313476562, 460.505615234375, 779.7057495117188, 642.87158203125], [298.05206298828125, 835.43896484375, 665.156982421875, 1012.2857666015625], [351.2606201171875, 477.4980163574219, 417.2945556640625, 517.8189086914062]]}