{"categories": [0, 39, 41, 68], "bboxes": [[173.59185791015625, 219.1326141357422, 486.752197265625, 677.7908325195312], [823.3858032226562, 360.9988098144531, 851.8724975585938, 425.0533752441406], [957.4654541015625, 323.2607727050781, 1002.0516357421875, 390.6461486816406], [833.1758422851562, 145.53475952148438, 988.8654174804688, 270.3860778808594]]}