{"categories": [0, 24, 26, 28, 56, 60], "bboxes": [[442.4565734863281, 281.8522644042969, 660.9907836914062, 589.0943603515625], [835.004638671875, 318.8052978515625, 890.4759521484375, 406.34881591796875], [783.7849731445312, 370.8581848144531, 839.1021118164062, 467.6324157714844], [604.2391967773438, 317.13494873046875, 651.7723999023438, 358.61602783203125], [9.199234008789062, 453.9591064453125, 282.73748779296875, 674.8424072265625], [262.5066833496094, 387.47589111328125, 502.3443298339844, 628.2813720703125]]}