{"categories": [0, 56, 58, 63, 75], "bboxes": [[124.50862121582031, 38.956268310546875, 569.3182983398438, 657.95947265625], [68.76163482666016, 330.57257080078125, 270.3399658203125, 669.3927001953125], [0.0, 55.387420654296875, 265.9820556640625, 627.26318359375], [769.457275390625, 338.0103759765625, 1023.0, 663.7577514648438], [21.677356719970703, 378.7818298339844, 113.04270935058594, 669.5745849609375]]}