{"categories": [0], "bboxes": [[218.72569274902344, 80.71194458007812, 652.374755859375, 1020.1275634765625]]}