{"categories": [0, 27], "bboxes": [[22.908004760742188, 108.26473999023438, 275.27276611328125, 970.9349365234375], [402.4886779785156, 213.9723663330078, 471.1372985839844, 538.5191040039062]]}