{"categories": [0, 25, 27], "bboxes": [[0.0, 145.15240478515625, 399.4039306640625, 676.8843994140625], [730.3666381835938, 40.74188232421875, 1016.6106567382812, 624.5003662109375], [588.2423706054688, 355.56561279296875, 649.8158569335938, 647.5457153320312]]}