{"categories": [0, 24, 26, 41, 56, 60, 74], "bboxes": [[426.2846374511719, 167.28280639648438, 892.8704833984375, 756.02685546875], [796.6552124023438, 553.3027954101562, 1023.0, 763.6369018554688], [794.5171508789062, 556.636474609375, 1023.0, 762.616455078125], [297.26904296875, 532.9143676757812, 374.569580078125, 618.9473266601562], [209.90264892578125, 395.0186462402344, 270.2585144042969, 450.4530334472656], [873.1492919921875, 422.47149658203125, 1023.0, 598.6082763671875], [723.5337524414062, 649.2647705078125, 745.5416870117188, 675.623291015625]]}