{"categories": [0, 13, 27, 56], "bboxes": [[644.4342651367188, 97.90029907226562, 816.7395629882812, 616.49560546875], [12.674118041992188, 313.9536437988281, 513.6514892578125, 601.5361328125], [845.0980224609375, 197.47073364257812, 874.157470703125, 250.45248413085938], [959.7344970703125, 550.84814453125, 1023.0, 647.3779296875]]}