{"categories": [0, 24, 50, 76], "bboxes": [[45.99969482421875, 23.39605712890625, 817.967041015625, 653.3892822265625], [14.96978759765625, 94.5269775390625, 332.6961364746094, 612.5469360351562], [762.9100341796875, 392.17041015625, 1015.3602294921875, 669.9884033203125], [482.2013244628906, 22.01220703125, 969.904541015625, 350.8401184082031]]}