{"categories": [0, 26, 56, 64], "bboxes": [[390.749755859375, 106.6370849609375, 491.35272216796875, 473.3037109375], [723.5951538085938, 447.34405517578125, 819.2947387695312, 509.10797119140625], [728.1268920898438, 235.30599975585938, 793.1643676757812, 327.7071228027344], [727.7587890625, 326.717529296875, 781.93017578125, 398.80029296875]]}