{"categories": [0, 59, 79], "bboxes": [[568.722900390625, 111.06546020507812, 907.199462890625, 625.11865234375], [55.717987060546875, 0.0, 996.1832275390625, 709.0289306640625], [657.31103515625, 384.73553466796875, 742.2452392578125, 468.33197021484375]]}