{"categories": [0, 60, 62, 64, 67, 73], "bboxes": [[131.21316528320312, 45.336700439453125, 339.7376708984375, 668.0849609375], [671.0194091796875, 384.68572998046875, 1023.0, 663.0474243164062], [911.6617431640625, 282.0008544921875, 1021.9716796875, 408.322265625], [861.3460693359375, 440.29278564453125, 890.92724609375, 465.626708984375], [882.7733764648438, 408.77435302734375, 936.8994750976562, 433.76495361328125], [703.8204345703125, 381.7081298828125, 885.60888671875, 448.44439697265625]]}