{"categories": [0], "bboxes": [[457.5976257324219, 44.14057922363281, 632.504638671875, 421.93658447265625]]}