{"categories": [0, 26, 28, 45, 56, 73], "bboxes": [[27.045547485351562, 238.71099853515625, 358.684326171875, 636.0061645507812], [889.634033203125, 349.82135009765625, 940.6807861328125, 537.0528564453125], [637.5860595703125, 220.158447265625, 837.252685546875, 397.01336669921875], [1.0870609283447266, 388.26080322265625, 43.52044677734375, 443.96795654296875], [0.9680671691894531, 280.32305908203125, 92.39488220214844, 453.02008056640625], [411.05145263671875, 275.78594970703125, 467.7935791015625, 302.56451416015625]]}