{"categories": [0, 67], "bboxes": [[0.0, 144.85775756835938, 256.1075439453125, 801.47314453125], [369.8834228515625, 426.55413818359375, 627.47998046875, 762.6967163085938]]}