{"categories": [0, 41, 56, 57, 60, 65, 73], "bboxes": [[36.48414611816406, 156.2054443359375, 518.879150390625, 763.103515625], [756.2352905273438, 417.197509765625, 807.7307739257812, 513.457763671875], [0.0, 586.253173828125, 436.29949951171875, 762.0654296875], [400.06640625, 301.45794677734375, 1023.0, 754.9285278320312], [312.7171936035156, 363.7537536621094, 492.3650207519531, 492.8923034667969], [906.4037475585938, 647.8807373046875, 989.7334594726562, 708.1146240234375], [437.962646484375, 152.44915771484375, 535.1759643554688, 279.0373229980469]]}