{"categories": [0, 27, 41, 45, 56, 60, 62, 67, 73], "bboxes": [[219.23992919921875, 143.10728454589844, 434.6693115234375, 585.5330810546875], [365.4300231933594, 232.883056640625, 429.4157409667969, 320.90386962890625], [459.7195129394531, 494.4975280761719, 513.5762939453125, 565.9656982421875], [595.265869140625, 495.1979675292969, 636.4541015625, 526.76513671875], [0.679779052734375, 538.8969116210938, 177.75498962402344, 675.3318481445312], [203.7723388671875, 461.8497619628906, 776.8230590820312, 665.7938232421875], [140.1361846923828, 45.4643440246582, 253.56053161621094, 115.97137451171875], [305.0724182128906, 453.4790954589844, 351.4685974121094, 473.4330749511719], [357.1548767089844, 500.880859375, 457.9817810058594, 539.290283203125]]}