{"categories": [0, 27, 41, 56, 58, 60, 62, 73], "bboxes": [[821.8818359375, 194.8313751220703, 1023.0, 615.6129760742188], [142.1033935546875, 316.880615234375, 206.58673095703125, 432.50469970703125], [354.718017578125, 491.9331359863281, 388.45916748046875, 536.3802490234375], [23.900482177734375, 314.56781005859375, 311.7978515625, 650.6651000976562], [593.9444580078125, 395.1885986328125, 789.389404296875, 566.8899536132812], [356.8723449707031, 472.6487121582031, 970.425048828125, 671.06298828125], [507.6780090332031, 240.14984130859375, 552.8458251953125, 291.56805419921875], [777.4099731445312, 601.77490234375, 897.0170288085938, 670.24755859375]]}