{"categories": [0, 19, 26, 39, 41, 56], "bboxes": [[200.48471069335938, 8.31298828125, 656.37744140625, 667.257568359375], [717.6311645507812, 94.17587280273438, 849.7723999023438, 229.38836669921875], [642.5025634765625, 209.794921875, 781.2030029296875, 413.64874267578125], [165.93890380859375, 370.4140625, 222.83355712890625, 490.98480224609375], [160.93087768554688, 430.3285827636719, 206.81796264648438, 492.8229064941406], [189.98532104492188, 151.386474609375, 305.287353515625, 325.29638671875]]}