{"categories": [0, 27, 41, 57, 65], "bboxes": [[90.9927978515625, 243.07980346679688, 641.7510986328125, 1005.02734375], [346.5338134765625, 471.96356201171875, 499.43292236328125, 692.4845581054688], [0.5005779266357422, 903.8262329101562, 44.71453857421875, 1021.3261108398438], [105.02932739257812, 486.85430908203125, 682.0, 1020.1015014648438], [238.45680236816406, 687.14013671875, 312.4297790527344, 716.5169677734375]]}