{"categories": [0, 27, 41, 56, 60, 63, 66, 67, 73], "bboxes": [[332.5782470703125, 280.0068359375, 847.4923095703125, 751.7371826171875], [277.7553405761719, 230.53619384765625, 309.4374084472656, 270.29876708984375], [278.8138427734375, 534.5628051757812, 331.19635009765625, 608.7282104492188], [726.8948974609375, 311.5471496582031, 842.5797119140625, 546.3524169921875], [0.0, 459.8343200683594, 498.5292663574219, 756.642578125], [541.9385986328125, 205.42929077148438, 724.5057373046875, 382.1885070800781], [550.0977172851562, 311.57489013671875, 697.9191284179688, 371.51739501953125], [684.3995361328125, 349.9162902832031, 759.2471923828125, 388.6763610839844], [508.9361572265625, 279.54901123046875, 593.437255859375, 340.93310546875]]}