{"categories": [0], "bboxes": [[256.96270751953125, 74.93783569335938, 454.0, 491.8769226074219]]}