{"categories": [0, 1, 24, 26, 56, 60], "bboxes": [[434.1689147949219, 77.09066772460938, 580.2443237304688, 555.330810546875], [4.352594375610352, 284.9906311035156, 62.718414306640625, 410.1762390136719], [964.854736328125, 189.78103637695312, 1018.9776611328125, 280.5223693847656], [962.3614501953125, 167.05902099609375, 1018.846435546875, 278.332275390625], [173.7352294921875, 399.1166076660156, 200.36199951171875, 453.9075012207031], [58.396484375, 281.6634826660156, 204.57379150390625, 523.2356567382812]]}