{"categories": [0], "bboxes": [[542.3499755859375, 254.25770568847656, 659.30615234375, 588.0389404296875]]}