{"categories": [0, 41], "bboxes": [[33.709014892578125, 1.01763916015625, 480.5802917480469, 333.0], [22.139123916625977, 314.2029113769531, 78.0409927368164, 333.0]]}