{"categories": [0, 72], "bboxes": [[58.618988037109375, 84.52926635742188, 415.04241943359375, 1012.6693115234375], [1.3411140441894531, 405.79486083984375, 83.75489807128906, 794.2319946289062]]}