{"categories": [0, 41, 58, 63, 75], "bboxes": [[664.0192260742188, 165.8156280517578, 897.4141235351562, 673.7171630859375], [635.7002563476562, 437.08148193359375, 679.2844848632812, 506.61676025390625], [119.55474853515625, 0.0, 389.98486328125, 166.50933837890625], [880.8974609375, 327.3197021484375, 1022.4822998046875, 666.9134521484375], [272.5090026855469, 77.62612915039062, 300.7298278808594, 159.28176879882812]]}