{"categories": [0, 2, 25, 26, 28, 56, 60], "bboxes": [[320.3133544921875, 203.8871612548828, 519.583984375, 446.57373046875], [689.5820922851562, 87.42965698242188, 763.8973999023438, 128.9554901123047], [315.1358337402344, 2.125425338745117, 481.0904235839844, 51.1983642578125], [106.90255737304688, 226.86636352539062, 187.03448486328125, 333.8264465332031], [491.6726379394531, 377.8525085449219, 602.84423828125, 448.2745056152344], [624.3811645507812, 294.8216552734375, 799.0, 448.80426025390625], [695.3215942382812, 147.341552734375, 776.1099243164062, 206.5361328125]]}