{"categories": [0, 2, 7, 19, 33], "bboxes": [[36.500301361083984, 369.3529052734375, 106.62153625488281, 589.3602294921875], [942.1336669921875, 507.642822265625, 1004.636474609375, 534.3638916015625], [853.0358276367188, 500.9468994140625, 953.3074340820312, 534.6851806640625], [840.3206176757812, 507.43634033203125, 882.4677124023438, 534.4330444335938], [405.215576171875, 32.313995361328125, 761.949951171875, 559.58740234375]]}