{"categories": [0, 41, 45, 57, 60, 62, 65, 69, 73], "bboxes": [[92.65498352050781, 320.31951904296875, 421.7459716796875, 699.43017578125], [122.10957336425781, 672.919921875, 197.5373992919922, 765.4683837890625], [672.8101806640625, 728.4782104492188, 785.5, 764.9043579101562], [0.7445755004882812, 593.9110107421875, 142.26800537109375, 759.82470703125], [138.74822998046875, 633.4119873046875, 892.3511352539062, 762.9423828125], [109.33063507080078, 189.0426025390625, 360.86492919921875, 375.0736083984375], [349.4935302734375, 654.5657348632812, 448.5382080078125, 734.9071655273438], [104.1427993774414, 402.3598937988281, 235.58328247070312, 578.3182373046875], [248.48886108398438, 670.7260131835938, 476.9734191894531, 763.3435668945312]]}