{"categories": [0, 27], "bboxes": [[30.985382080078125, 243.8791961669922, 455.1561584472656, 674.2062377929688], [690.7093505859375, 376.9830322265625, 792.190185546875, 676.00390625]]}