{"categories": [0, 26, 41, 58, 65, 67], "bboxes": [[503.1749267578125, 119.37197875976562, 794.912353515625, 676.597900390625], [134.850830078125, 432.4824523925781, 387.869873046875, 678.7987060546875], [729.4244384765625, 567.5455322265625, 794.8243408203125, 660.2664794921875], [5.075984954833984, 195.6905517578125, 93.30833435058594, 369.136962890625], [79.45860290527344, 472.3832092285156, 103.99191284179688, 502.7257995605469], [255.46771240234375, 237.2890167236328, 300.9090576171875, 286.0563049316406]]}