{"categories": [0, 25, 56, 62, 73, 79], "bboxes": [[746.3790283203125, 220.62051391601562, 841.2747802734375, 435.7270202636719], [169.88897705078125, 168.94866943359375, 208.47247314453125, 413.62249755859375], [84.95469665527344, 604.3423461914062, 378.46575927734375, 674.2846069335938], [705.616455078125, 366.29571533203125, 765.877685546875, 428.8671875], [83.38764953613281, 390.27703857421875, 210.1999969482422, 421.400390625], [590.3173828125, 280.6652526855469, 606.357666015625, 309.2059020996094]]}