{"categories": [0, 56, 73], "bboxes": [[112.60061645507812, 4.1141357421875, 1017.665283203125, 761.3247680664062], [0.0, 484.409423828125, 161.59820556640625, 761.005615234375], [109.2559814453125, 4.262002944946289, 233.9307861328125, 54.737457275390625]]}