{"categories": [0, 16, 26, 27, 39, 45, 56, 60, 62, 73], "bboxes": [[151.2609100341797, 162.4390411376953, 591.7392578125, 653.8926391601562], [428.2083435058594, 570.5546875, 670.1405029296875, 682.562255859375], [692.8597412109375, 295.5639953613281, 811.5828857421875, 541.9568481445312], [605.3486328125, 253.73158264160156, 632.48486328125, 361.1800842285156], [442.5538024902344, 277.7541198730469, 460.8733825683594, 321.5428161621094], [171.18026733398438, 642.6272583007812, 353.0890808105469, 683.2898559570312], [93.52066040039062, 392.2081298828125, 167.68533325195312, 668.02490234375], [341.063720703125, 314.4398498535156, 542.1404418945312, 393.7958068847656], [0.0, 181.3746337890625, 139.00164794921875, 337.01678466796875], [97.10497283935547, 343.3432312011719, 185.94662475585938, 381.4300231933594]]}