{"categories": [0, 13, 26, 74], "bboxes": [[0.0, 213.31997680664062, 96.75776672363281, 503.8200988769531], [8.7039794921875, 518.06787109375, 1023.0, 673.52978515625], [862.130126953125, 359.4937438964844, 914.3204345703125, 439.6877136230469], [769.642578125, 190.73658752441406, 805.0794677734375, 234.7445831298828]]}