{"categories": [0, 1, 2, 26, 41, 58, 60, 67, 73, 75], "bboxes": [[624.6090087890625, 0.0, 1021.7298583984375, 670.280029296875], [15.932769775390625, 339.486083984375, 291.06439208984375, 681.084716796875], [492.5838928222656, 277.7412414550781, 632.6397705078125, 343.2597351074219], [974.3710327148438, 471.15386962890625, 1023.0, 541.860595703125], [230.2504119873047, 565.8055419921875, 355.5103454589844, 680.1058349609375], [211.55194091796875, 303.9260559082031, 322.61090087890625, 518.8278198242188], [376.34552001953125, 626.9735107421875, 678.4097290039062, 679.9285888671875], [737.9951782226562, 552.7420043945312, 762.3941040039062, 586.8226928710938], [391.40228271484375, 634.8587646484375, 675.3801879882812, 681.1446533203125], [240.57373046875, 421.95037841796875, 314.97515869140625, 521.2268676757812]]}