{"categories": [0, 8, 13, 35, 56], "bboxes": [[5.14208984375, 47.077362060546875, 870.7079467773438, 742.049560546875], [534.4562377929688, 0.0, 571.6682739257812, 13.236186027526855], [342.140380859375, 280.39385986328125, 1000.4764404296875, 767.0], [171.03897094726562, 635.9990844726562, 327.3628234863281, 763.2650756835938], [442.5495300292969, 227.5922393798828, 732.38916015625, 517.7892456054688]]}