{"categories": [0], "bboxes": [[81.43130493164062, 16.29150390625, 649.94775390625, 758.0]]}