{"categories": [0, 27, 56, 58, 60], "bboxes": [[154.836181640625, 25.57611083984375, 472.4876708984375, 673.2573852539062], [307.0096435546875, 258.3518981933594, 350.07940673828125, 306.8399963378906], [890.1095581054688, 577.4526977539062, 1020.6771850585938, 677.9746704101562], [428.2799987792969, 413.88238525390625, 728.93212890625, 669.1714477539062], [308.7547607421875, 517.7789306640625, 965.2325439453125, 672.0958251953125]]}