{"categories": [0, 26, 56, 60], "bboxes": [[0.0, 169.0725860595703, 80.5673599243164, 536.9144287109375], [277.24334716796875, 551.992431640625, 331.66558837890625, 671.315673828125], [776.2335205078125, 432.11236572265625, 929.6219482421875, 554.340087890625], [681.6238403320312, 538.9771118164062, 1023.0, 677.7719116210938]]}