{"categories": [0, 1, 13, 56], "bboxes": [[1.5948715209960938, 368.22900390625, 253.0631103515625, 547.5194702148438], [357.0358581542969, 0.6539592742919922, 412.3877258300781, 52.47515869140625], [420.2298278808594, 0.6303119659423828, 536.5079345703125, 44.573265075683594], [17.48734474182129, 2.1836376190185547, 67.50210571289062, 64.97636413574219]]}