{"categories": [0, 26], "bboxes": [[270.882568359375, 153.07586669921875, 658.8078002929688, 1008.3392944335938], [602.5664672851562, 693.4808349609375, 682.0, 847.296142578125]]}