{"categories": [0, 67, 79], "bboxes": [[507.8019104003906, 164.166015625, 984.7607421875, 679.672119140625], [413.8469543457031, 189.50550842285156, 446.3048400878906, 212.8912811279297], [922.2339477539062, 350.5356750488281, 1009.1898803710938, 499.0283508300781]]}