{"categories": [0, 62, 64, 69, 72], "bboxes": [[200.74032592773438, 135.79425048828125, 634.9371337890625, 671.3822631835938], [814.9118041992188, 195.7276153564453, 986.7243041992188, 468.27886962890625], [705.416259765625, 582.0250244140625, 775.82666015625, 616.8614501953125], [826.6524658203125, 488.1875915527344, 1023.0, 678.4522705078125], [650.7759399414062, 392.9690856933594, 810.4916381835938, 591.4627685546875]]}