{"categories": [0], "bboxes": [[431.2037658691406, 55.41056823730469, 515.9542236328125, 363.2900390625]]}