{"categories": [0, 58], "bboxes": [[4.137176513671875, 191.4512481689453, 481.8992004394531, 622.3073120117188], [109.24522399902344, 99.5921401977539, 326.458984375, 264.42083740234375]]}