{"categories": [0, 27, 40, 41, 60, 73], "bboxes": [[351.2340087890625, 194.8079071044922, 604.944580078125, 680.0984497070312], [434.5765380859375, 340.50213623046875, 484.2958984375, 518.8518676757812], [418.4826354980469, 394.5584716796875, 447.6849670410156, 464.26129150390625], [807.0037231445312, 477.73309326171875, 837.2350463867188, 512.4614868164062], [670.515869140625, 485.69427490234375, 1009.6964111328125, 677.5820922851562], [698.5450439453125, 474.5494689941406, 845.6827392578125, 518.9068603515625]]}