{"categories": [0, 26, 57, 59], "bboxes": [[15.426544189453125, 118.83941650390625, 320.3073425292969, 463.456787109375], [0.5251197814941406, 304.54132080078125, 114.535888671875, 484.87152099609375], [0.0, 252.83596801757812, 510.550537109375, 516.279296875], [0.52838134765625, 195.11050415039062, 520.5797729492188, 512.8983154296875]]}