{"categories": [0], "bboxes": [[277.92138671875, 128.3375244140625, 844.1148681640625, 677.9395141601562]]}