{"categories": [0, 27], "bboxes": [[312.0401916503906, 176.47837829589844, 832.56005859375, 680.0], [536.944091796875, 444.3763122558594, 622.6959228515625, 676.0455322265625]]}