{"categories": [0, 24, 26, 27], "bboxes": [[410.425537109375, 161.14324951171875, 641.0712890625, 640.6522216796875], [635.0616455078125, 320.5345153808594, 723.637451171875, 468.3447570800781], [637.2763061523438, 404.174072265625, 682.1959838867188, 465.4127197265625], [264.9068603515625, 292.21832275390625, 326.40533447265625, 565.5337524414062]]}