{"categories": [0, 31, 37, 56], "bboxes": [[41.74055862426758, 0.5087471008300781, 103.68667602539062, 100.83168029785156], [276.0391540527344, 394.73138427734375, 343.8041687011719, 476.10400390625], [903.6310424804688, 247.2117919921875, 1018.5519409179688, 292.8016357421875], [508.369384765625, 0.0, 647.0528564453125, 104.31466674804688]]}