{"categories": [0, 15, 16, 39, 56, 57, 73, 75], "bboxes": [[159.2711181640625, 121.04833984375, 387.0224609375, 458.44854736328125], [0.0, 265.5406188964844, 107.36404418945312, 376.9652404785156], [0.0, 265.68829345703125, 103.52391052246094, 386.35211181640625], [162.5629119873047, 0.0, 188.7344207763672, 45.165138244628906], [167.5611572265625, 274.4368591308594, 448.614990234375, 512.15576171875], [8.8538818359375, 373.7481689453125, 415.7398681640625, 514.0], [108.49520111083984, 0.0, 148.50006103515625, 43.60603332519531], [162.2103271484375, 0.4740715026855469, 188.75909423828125, 44.36749267578125]]}