{"categories": [0, 56, 60], "bboxes": [[482.4461669921875, 607.6549682617188, 611.905029296875, 890.7394409179688], [0.5141983032226562, 618.830078125, 162.71771240234375, 976.996337890625], [564.9628295898438, 259.95172119140625, 669.2046508789062, 402.898681640625]]}