{"categories": [0, 67], "bboxes": [[13.201286315917969, 107.92919921875, 152.7027587890625, 464.28448486328125], [277.50543212890625, 126.96896362304688, 300.5692138671875, 177.11062622070312]]}