{"categories": [0, 2, 3, 14, 24, 25, 26, 28, 56], "bboxes": [[436.1648254394531, 189.9599151611328, 641.5311279296875, 669.0612182617188], [884.357666015625, 232.60325622558594, 925.3458251953125, 251.7017364501953], [918.9179077148438, 321.6545715332031, 963.9990844726562, 371.3476867675781], [343.2140197753906, 392.2433776855469, 375.2331848144531, 410.9101257324219], [0.0, 432.5492248535156, 156.62100219726562, 542.4326782226562], [617.6370849609375, 285.81024169921875, 650.6229248046875, 304.94580078125], [251.8654022216797, 498.6957702636719, 338.0576477050781, 654.6236572265625], [909.0509033203125, 471.5452880859375, 990.2708740234375, 627.0479736328125], [922.3515014648438, 330.566162109375, 960.7501831054688, 368.46514892578125]]}