{"categories": [0, 3, 39, 41], "bboxes": [[624.4196166992188, 370.0905456542969, 916.3215942382812, 936.9970703125], [3.2108612060546875, 669.6835327148438, 174.31861877441406, 961.0161743164062], [390.556640625, 487.168212890625, 445.94244384765625, 616.3056640625], [195.97134399414062, 393.55865478515625, 259.3133239746094, 457.234130859375]]}