{"categories": [0, 13, 26, 41, 55, 56, 60], "bboxes": [[118.38227844238281, 108.37802124023438, 513.7014770507812, 673.781005859375], [302.1210021972656, 226.42300415039062, 1004.8280029296875, 669.8680419921875], [241.38388061523438, 50.23988342285156, 297.3225402832031, 130.2675018310547], [586.8494873046875, 394.3047180175781, 617.841064453125, 423.2536315917969], [1.9957733154296875, 494.091552734375, 158.84043884277344, 615.76904296875], [367.2315673828125, 6.08673095703125, 686.6448974609375, 271.9917907714844], [0.0, 162.3291473388672, 290.81378173828125, 637.7219848632812]]}