{"categories": [0, 27, 56, 58, 60, 73], "bboxes": [[577.031005859375, 195.34483337402344, 1020.6361083984375, 663.6875610351562], [102.18513488769531, 297.09967041015625, 128.61160278320312, 372.48809814453125], [492.71478271484375, 314.3519592285156, 569.8555297851562, 358.2201843261719], [400.1653747558594, 323.92120361328125, 451.2236633300781, 382.12445068359375], [332.1004638671875, 337.80731201171875, 698.5689697265625, 639.252197265625], [376.6938171386719, 430.59405517578125, 582.5611572265625, 525.1425170898438]]}