{"categories": [0, 26, 27, 28, 40, 56], "bboxes": [[498.15655517578125, 106.76715087890625, 692.7391967773438, 667.5067138671875], [634.868408203125, 443.6770324707031, 687.3621826171875, 551.4915771484375], [591.9573364257812, 194.07772827148438, 612.2313842773438, 256.2650146484375], [167.5996551513672, 576.8426513671875, 231.00645446777344, 679.9783935546875], [465.34912109375, 41.49302673339844, 529.6475830078125, 171.07228088378906], [717.9251098632812, 405.7890625, 765.9028930664062, 612.158447265625]]}