{"categories": [0, 27, 45, 56, 60, 74], "bboxes": [[636.46630859375, 170.47811889648438, 893.4683837890625, 677.868408203125], [295.0613098144531, 317.3494567871094, 322.8240051269531, 450.0675964355469], [384.6744384765625, 393.6680908203125, 579.77978515625, 539.7395629882812], [0.0, 573.9993896484375, 94.92539978027344, 676.6490478515625], [104.1469955444336, 590.9246826171875, 227.34963989257812, 677.527587890625], [466.40716552734375, 0.0, 621.5480346679688, 94.48250579833984]]}