{"categories": [0, 28, 39, 56, 73], "bboxes": [[256.93853759765625, 298.2403564453125, 569.2232055664062, 673.5411376953125], [541.9298095703125, 555.5616455078125, 611.0135498046875, 677.6500244140625], [865.2000122070312, 266.31781005859375, 880.1404418945312, 319.87646484375], [625.173095703125, 433.36712646484375, 810.8924560546875, 599.5127563476562], [382.9021911621094, 199.55450439453125, 539.651123046875, 314.5579833984375]]}