{"categories": [0, 40, 41, 45, 56, 57, 58, 60, 73], "bboxes": [[665.4795532226562, 281.90411376953125, 1023.0, 755.3682250976562], [725.647705078125, 680.6470336914062, 774.315185546875, 765.4092407226562], [528.7308349609375, 648.199951171875, 574.699462890625, 746.6622314453125], [580.241943359375, 723.2288818359375, 677.8353271484375, 764.4002685546875], [403.06646728515625, 463.6114807128906, 488.82843017578125, 703.8034057617188], [354.1870422363281, 446.4532470703125, 1015.5628662109375, 740.9085693359375], [242.40008544921875, 109.3585205078125, 509.47412109375, 500.23297119140625], [396.04107666015625, 707.5755004882812, 728.8765258789062, 764.5368041992188], [40.774452209472656, 117.1847915649414, 221.26486206054688, 322.0020751953125]]}