{"categories": [0, 24, 26, 28], "bboxes": [[846.952392578125, 83.99371337890625, 984.12744140625, 330.3823547363281], [133.70681762695312, 154.60630798339844, 172.29623413085938, 239.8638458251953], [316.0908508300781, 198.0467987060547, 387.6984558105469, 301.4019470214844], [670.9085083007812, 276.57000732421875, 728.2951049804688, 328.3365478515625]]}