{"categories": [0, 3, 27, 28, 39, 43, 56, 60, 62, 63, 73], "bboxes": [[605.8471069335938, 43.46142578125, 979.4146118164062, 664.1388549804688], [380.7072448730469, 421.8984069824219, 636.6025390625, 670.3140869140625], [729.748779296875, 231.78912353515625, 768.4835205078125, 355.19189453125], [30.46501922607422, 369.311279296875, 130.47332763671875, 418.97100830078125], [976.6757202148438, 157.21841430664062, 998.5238647460938, 230.80084228515625], [923.3817138671875, 150.97674560546875, 953.654052734375, 238.81353759765625], [984.0447387695312, 415.9446105957031, 1023.0, 501.1550598144531], [38.796356201171875, 606.8118896484375, 393.5370788574219, 678.2161865234375], [376.3893127441406, 256.24920654296875, 416.6589050292969, 293.5238037109375], [15.118179321289062, 596.0291137695312, 172.01548767089844, 680.9190063476562], [167.99002075195312, 615.3624267578125, 400.3147888183594, 682.0]]}