{"categories": [0, 43, 60], "bboxes": [[9.242889404296875, 20.622055053710938, 508.1162414550781, 514.7559204101562], [49.8975830078125, 517.7664184570312, 369.2108459472656, 751.2940063476562], [9.9625244140625, 299.3475036621094, 868.3942260742188, 720.38427734375]]}