{"categories": [0, 62], "bboxes": [[882.9957885742188, 355.3655090332031, 979.1747436523438, 479.1145324707031], [107.1990966796875, 27.185699462890625, 1008.5045166015625, 644.9691162109375]]}