{"categories": [0, 26, 27, 32, 67], "bboxes": [[682.5833129882812, 147.6122589111328, 870.5653686523438, 597.9022827148438], [123.9500503540039, 289.98974609375, 179.09738159179688, 374.52447509765625], [750.4130859375, 241.5364990234375, 768.8448486328125, 324.5548095703125], [818.8487548828125, 519.9052734375, 880.777587890625, 583.4720458984375], [251.56826782226562, 160.49319458007812, 268.5166320800781, 188.64450073242188]]}