{"categories": [0, 26, 28, 34, 36], "bboxes": [[163.50424194335938, 61.05206298828125, 353.8090515136719, 686.0524291992188], [617.7279052734375, 364.2298278808594, 772.3697509765625, 488.5212707519531], [344.4704284667969, 551.8938598632812, 436.9138488769531, 633.6835327148438], [499.1754150390625, 254.97467041015625, 676.735107421875, 384.570068359375], [235.3800048828125, 646.6704711914062, 303.5855712890625, 699.3645629882812]]}