{"categories": [0, 56], "bboxes": [[194.9334716796875, 160.99327087402344, 394.0091552734375, 586.9606323242188], [75.24077606201172, 412.3292236328125, 129.480712890625, 516.811767578125]]}