{"categories": [0, 2, 7, 8, 25], "bboxes": [[502.6587829589844, 353.7906188964844, 571.1296997070312, 444.5886535644531], [62.96015167236328, 360.8703308105469, 104.6623306274414, 390.9314270019531], [8.03106689453125, 316.8326416015625, 934.8463745117188, 654.7227783203125], [233.47195434570312, 0.0, 785.96923828125, 511.44549560546875], [247.89810180664062, 379.7449645996094, 388.8754577636719, 465.8249816894531]]}