{"categories": [0], "bboxes": [[113.68070983886719, 350.09405517578125, 303.14178466796875, 1002.8320922851562]]}