{"categories": [0, 59], "bboxes": [[489.5680847167969, 34.629608154296875, 730.1893920898438, 671.227294921875], [0.0, 456.8192138671875, 354.2204284667969, 672.364990234375]]}