{"categories": [0, 26, 39, 56, 78], "bboxes": [[0.0, 26.246902465820312, 221.43148803710938, 451.95159912109375], [65.99491882324219, 176.64913940429688, 153.15618896484375, 315.6494445800781], [49.494712829589844, 115.52372741699219, 81.70475006103516, 200.00636291503906], [56.746002197265625, 196.10260009765625, 325.12127685546875, 489.2484130859375], [52.114036560058594, 112.1081771850586, 81.86748504638672, 186.56640625]]}