{"categories": [0], "bboxes": [[489.4255065917969, 137.61529541015625, 1023.0, 671.775390625]]}