{"categories": [0, 1, 2, 7, 25, 33, 76], "bboxes": [[32.61431884765625, 141.4427947998047, 160.99559020996094, 552.0099487304688], [143.47996520996094, 447.14990234375, 361.73077392578125, 878.604248046875], [591.520263671875, 343.7015380859375, 651.5291748046875, 364.70086669921875], [643.3129272460938, 331.87860107421875, 683.1693725585938, 360.4627685546875], [154.28370666503906, 587.6907958984375, 292.799072265625, 896.5826416015625], [448.09368896484375, 5.8514556884765625, 525.4683227539062, 270.98736572265625], [240.364013671875, 386.1685791015625, 351.993896484375, 742.9501953125]]}