{"categories": [0, 9, 24, 26, 36], "bboxes": [[801.9612426757812, 191.09336853027344, 935.4472045898438, 642.933349609375], [317.1413879394531, 57.851341247558594, 353.3974914550781, 137.31875610351562], [101.1751708984375, 231.77365112304688, 174.95681762695312, 343.4023132324219], [10.123428344726562, 327.05596923828125, 158.54031372070312, 521.2418823242188], [353.24713134765625, 397.3943176269531, 430.01019287109375, 430.0685729980469]]}