{"categories": [0, 28, 43, 56, 67, 73], "bboxes": [[0.0, 83.6251220703125, 429.1863708496094, 639.5767822265625], [436.8945007324219, 361.5791320800781, 838.9429931640625, 676.41357421875], [880.5919799804688, 166.2652587890625, 967.8383178710938, 200.71356201171875], [861.3336181640625, 374.74578857421875, 1023.0, 679.4166870117188], [299.6771545410156, 322.7548522949219, 377.7774353027344, 397.0166320800781], [165.05874633789062, 176.0575714111328, 309.9062194824219, 328.06298828125]]}