{"categories": [0, 6, 39, 52, 55, 56, 58, 60, 75], "bboxes": [[423.90985107421875, 245.85528564453125, 576.74365234375, 591.0068359375], [2.6556396484375, 4.50689697265625, 1023.0, 594.279296875], [59.852787017822266, 315.6581115722656, 73.15341186523438, 368.3990783691406], [290.3031311035156, 584.4435424804688, 812.045654296875, 659.4017944335938], [312.7074279785156, 364.3779296875, 363.7604675292969, 426.27679443359375], [715.6805419921875, 454.00067138671875, 837.8172607421875, 603.9829711914062], [801.726318359375, 407.83221435546875, 983.4688720703125, 657.1873168945312], [264.19976806640625, 433.8699035644531, 417.17095947265625, 577.8685913085938], [852.0469360351562, 525.265869140625, 936.6233520507812, 652.21337890625]]}