{"categories": [0, 24, 26, 27, 28, 72], "bboxes": [[250.46234130859375, 112.294189453125, 488.450927734375, 649.5599975585938], [894.0120849609375, 436.08038330078125, 1022.1783447265625, 589.0785522460938], [475.5517883300781, 187.19235229492188, 534.11083984375, 356.6125793457031], [659.4196166992188, 245.7073974609375, 699.9730834960938, 376.36614990234375], [976.34228515625, 473.4092712402344, 1023.0, 610.644287109375], [808.8263549804688, 7.39276123046875, 1023.0, 482.928466796875]]}