{"categories": [0, 26], "bboxes": [[463.14727783203125, 180.19204711914062, 656.2792358398438, 679.432861328125], [871.7952270507812, 235.55291748046875, 1016.3320922851562, 535.5997924804688]]}