{"categories": [0, 2, 12, 26, 32, 39, 58, 59, 79], "bboxes": [[529.3124389648438, 195.71426391601562, 903.1450805664062, 709.6407470703125], [277.1759033203125, 138.51150512695312, 390.44415283203125, 204.0469970703125], [454.8424377441406, 146.40084838867188, 487.5352478027344, 200.43753051757812], [212.27398681640625, 612.4315185546875, 433.23004150390625, 762.890869140625], [261.73419189453125, 553.5538330078125, 348.0477294921875, 648.6597900390625], [422.81585693359375, 667.2785034179688, 520.4895629882812, 758.5105590820312], [665.15771484375, 0.0, 1021.9075927734375, 306.53265380859375], [9.12762451171875, 347.7552490234375, 1023.0, 749.13720703125], [688.7745971679688, 327.5429382324219, 733.6784057617188, 358.7466735839844]]}