{"categories": [0, 27, 56, 60, 63, 65, 67, 73], "bboxes": [[421.3402099609375, 229.2621612548828, 618.4176025390625, 395.2562255859375], [240.62416076660156, 334.16656494140625, 278.28143310546875, 401.24981689453125], [855.9006958007812, 452.54541015625, 1022.7327270507812, 672.470703125], [37.51629638671875, 375.441650390625, 706.2099609375, 663.287841796875], [312.4014892578125, 389.0198059082031, 409.79852294921875, 422.9061584472656], [460.8759765625, 524.1170654296875, 507.006591796875, 545.2598876953125], [428.9659118652344, 534.5021362304688, 475.1033630371094, 560.0696411132812], [364.74090576171875, 459.9197082519531, 429.94281005859375, 566.52734375]]}