{"categories": [0, 2, 39, 56, 60, 73, 74], "bboxes": [[15.288101196289062, 67.91085815429688, 432.88922119140625, 745.55517578125], [0.0, 201.9844970703125, 85.23225402832031, 260.6548767089844], [878.0269165039062, 166.21566772460938, 934.2260131835938, 347.6020812988281], [798.304931640625, 623.6699829101562, 1023.0, 762.3313598632812], [0.0, 702.1075439453125, 289.3658142089844, 762.7747802734375], [2.8932113647460938, 338.9883728027344, 90.54261016845703, 408.7585144042969], [711.2254638671875, 538.83251953125, 733.7586669921875, 565.089111328125]]}