{"categories": [0, 33, 56, 65], "bboxes": [[538.9974365234375, 277.6825866699219, 825.205810546875, 964.5859375], [662.0974731445312, 207.9130859375, 929.0, 318.12811279296875], [65.28021240234375, 537.1092529296875, 342.7425231933594, 922.4620361328125], [349.7312927246094, 843.1022338867188, 421.6213684082031, 940.1099243164062]]}