{"categories": [0, 27, 58], "bboxes": [[8.474853515625, 0.0, 569.6130981445312, 671.8480834960938], [245.89581298828125, 371.6202697753906, 491.7303466796875, 488.7785339355469], [8.072212219238281, 6.196624755859375, 189.91616821289062, 152.0104522705078]]}