{"categories": [0, 41, 67, 69], "bboxes": [[261.8357238769531, 127.25772094726562, 460.0820007324219, 676.718505859375], [584.6160888671875, 337.6435852050781, 617.4779052734375, 377.1484680175781], [670.3438110351562, 430.4013977050781, 702.6561889648438, 454.4969787597656], [391.88677978515625, 537.7742919921875, 787.6380004882812, 667.8597412109375]]}