{"categories": [0, 26], "bboxes": [[207.00425720214844, 188.38201904296875, 317.57373046875, 512.4169311523438], [146.07965087890625, 329.0409240722656, 196.61676025390625, 415.4847717285156]]}