{"categories": [0, 9, 26, 39, 55, 56, 58, 77], "bboxes": [[336.2327880859375, 285.3601989746094, 430.19317626953125, 522.0322265625], [887.2681884765625, 99.76077270507812, 901.5792236328125, 124.84306335449219], [363.5267028808594, 361.58868408203125, 414.6943054199219, 462.13189697265625], [377.7045593261719, 84.99027252197266, 406.8718566894531, 161.34359741210938], [561.6585083007812, 332.3055725097656, 865.7374877929688, 492.4696960449219], [223.65243530273438, 612.8621215820312, 594.9013671875, 714.9996948242188], [150.9833984375, 253.06271362304688, 295.1383361816406, 403.3813781738281], [742.430908203125, 587.882080078125, 837.728515625, 715.529052734375]]}