{"categories": [0, 27], "bboxes": [[707.9214477539062, 72.63320922851562, 913.4558715820312, 626.602783203125], [813.6365966796875, 194.47146606445312, 833.995361328125, 239.22659301757812]]}