{"categories": [0, 25, 26, 28], "bboxes": [[2.803924560546875, 135.34486389160156, 206.0054931640625, 408.673583984375], [42.281463623046875, 31.537841796875, 667.6414794921875, 387.2912292480469], [1.3989105224609375, 331.96343994140625, 88.28288269042969, 414.619873046875], [0.0, 337.5509033203125, 88.99732971191406, 413.93316650390625]]}