{"categories": [0, 28, 41, 62, 66, 67], "bboxes": [[370.53656005859375, 93.87600708007812, 1023.0, 667.5526123046875], [435.9929504394531, 309.1670837402344, 507.7811584472656, 363.2219543457031], [399.5387878417969, 354.8942565917969, 428.6595764160156, 414.0939636230469], [24.009414672851562, 133.37429809570312, 378.31988525390625, 561.2069091796875], [378.9895935058594, 492.5501403808594, 530.778076171875, 644.14892578125], [266.94537353515625, 452.234375, 349.37249755859375, 499.31243896484375]]}