{"categories": [0, 2, 13, 26, 28, 36], "bboxes": [[168.280029296875, 175.91969299316406, 410.96136474609375, 618.8673706054688], [312.8502197265625, 690.4517211914062, 578.02587890625, 944.2911987304688], [371.65753173828125, 392.02972412109375, 767.0, 620.9324951171875], [213.32826232910156, 279.65966796875, 379.30511474609375, 534.720703125], [305.5019226074219, 696.4090576171875, 581.90478515625, 940.359375], [197.09576416015625, 498.8575744628906, 294.7037353515625, 654.2019653320312]]}