{"categories": [0, 28, 39, 41, 55, 56, 60], "bboxes": [[328.04412841796875, 135.641845703125, 499.0, 328.7115173339844], [118.30362701416016, 82.47816467285156, 160.41201782226562, 113.46086120605469], [199.9182891845703, 151.8231201171875, 227.28343200683594, 204.69906616210938], [222.4285888671875, 220.2357940673828, 260.1316833496094, 285.78692626953125], [188.82296752929688, 225.95729064941406, 227.32357788085938, 265.46099853515625], [173.1988525390625, 54.77204895019531, 209.45016479492188, 72.29084014892578], [100.87557983398438, 193.39503479003906, 394.91961669921875, 320.5099182128906]]}