{"categories": [0, 2, 3, 7, 13, 24, 29, 32, 39, 56, 79], "bboxes": [[641.4761962890625, 548.3067016601562, 1014.013916015625, 840.3776245117188], [837.2933349609375, 321.3779296875, 886.5103759765625, 339.722900390625], [593.0094604492188, 908.8486328125, 755.7631225585938, 1022.56005859375], [670.8245849609375, 305.7121276855469, 744.53515625, 332.5086364746094], [3.4833984375, 350.6454772949219, 125.04637145996094, 400.7236022949219], [876.4439086914062, 847.4593505859375, 980.1427612304688, 933.826171875], [0.0, 490.3467102050781, 67.40057373046875, 520.407958984375], [793.6513061523438, 835.4603881835938, 858.1185913085938, 893.9868774414062], [390.38592529296875, 783.8331909179688, 445.32110595703125, 838.5680541992188], [0.0, 630.2186279296875, 100.92062377929688, 946.603759765625], [430.9573669433594, 900.739013671875, 504.3142395019531, 967.8765869140625]]}