{"categories": [0, 36, 41, 56, 60, 76], "bboxes": [[160.02066040039062, 134.023193359375, 822.9647216796875, 673.0740966796875], [679.5796508789062, 432.045166015625, 984.0014038085938, 591.5214233398438], [512.1871948242188, 352.584716796875, 608.4680786132812, 530.0657958984375], [841.7930908203125, 163.96205139160156, 1023.0, 435.73626708984375], [561.7024536132812, 430.3512878417969, 1023.0, 678.0081787109375], [874.2425537109375, 246.47264099121094, 930.0396728515625, 327.64031982421875]]}