{"categories": [0, 27, 56, 60, 65, 67, 73], "bboxes": [[95.27851867675781, 345.12640380859375, 450.249755859375, 672.51513671875], [376.1173095703125, 230.24061584472656, 398.301025390625, 284.91998291015625], [621.8128662109375, 184.81448364257812, 725.3804931640625, 216.76019287109375], [261.3268737792969, 237.44337463378906, 874.372802734375, 647.0787963867188], [522.331298828125, 422.53118896484375, 567.84716796875, 451.290283203125], [645.6404418945312, 284.84619140625, 687.9314575195312, 305.2723388671875], [294.66241455078125, 401.1257629394531, 388.7691650390625, 481.4914245605469]]}