{"categories": [0, 32, 34, 35], "bboxes": [[814.8599853515625, 210.58621215820312, 994.8857421875, 742.435791015625], [362.37554931640625, 163.7289276123047, 456.6226806640625, 253.1414337158203], [771.3533935546875, 312.50738525390625, 827.8548583984375, 477.3897705078125], [215.95680236816406, 545.7808837890625, 273.04052734375, 596.9700927734375]]}