{"categories": [0, 26, 37, 56], "bboxes": [[868.0601806640625, 14.907684326171875, 1023.0, 500.4872741699219], [555.3132934570312, 255.73898315429688, 628.7813110351562, 311.4945983886719], [135.63072204589844, 453.430908203125, 453.97650146484375, 508.2744140625], [0.0, 307.7829895019531, 35.42503356933594, 413.2857971191406]]}