{"categories": [0, 27, 39, 62, 72, 73], "bboxes": [[256.0657958984375, 107.10122680664062, 542.721435546875, 670.8671875], [702.0180053710938, 282.6376953125, 740.9848022460938, 373.8660888671875], [523.9156494140625, 268.69696044921875, 539.94677734375, 322.0057373046875], [588.1074829101562, 78.00025939941406, 946.2463989257812, 380.47357177734375], [715.680419921875, 106.14193725585938, 1013.3277587890625, 641.669921875], [531.79833984375, 276.2912902832031, 616.9095458984375, 346.0483703613281]]}