{"categories": [0, 28, 56, 58], "bboxes": [[122.59608459472656, 524.9979248046875, 479.6888427734375, 1016.4119873046875], [54.18302536010742, 649.0994262695312, 167.36399841308594, 769.6149291992188], [2.1084365844726562, 408.6680603027344, 139.75473022460938, 943.4359130859375], [414.4390869140625, 83.15553283691406, 499.12103271484375, 191.63319396972656]]}