{"categories": [0, 26, 58, 67], "bboxes": [[371.03399658203125, 222.92796325683594, 559.5701293945312, 677.908203125], [664.9706420898438, 390.6553955078125, 713.9147338867188, 503.44329833984375], [1.8287200927734375, 199.27610778808594, 86.1694107055664, 546.6004638671875], [682.7154541015625, 325.950439453125, 702.1646728515625, 367.47161865234375]]}