{"categories": [0, 41, 56], "bboxes": [[76.77822875976562, 157.51058959960938, 347.1470642089844, 1013.858154296875], [572.8506469726562, 729.669921875, 619.3987426757812, 816.0517578125], [630.5556640625, 517.123779296875, 682.0, 724.7508544921875]]}