{"categories": [0, 2, 7, 8, 26], "bboxes": [[456.6698913574219, 585.350830078125, 634.0740966796875, 1015.0478515625], [599.8652954101562, 647.0667114257812, 628.2982788085938, 664.9415893554688], [598.9735107421875, 645.3706665039062, 628.754150390625, 666.2306518554688], [0.0, 0.0, 500.05419921875, 894.2994384765625], [510.31011962890625, 672.2938842773438, 618.6629028320312, 828.9893188476562]]}