{"categories": [0, 3, 33, 36], "bboxes": [[121.5819091796875, 241.55630493164062, 338.47265625, 548.6903076171875], [698.7986450195312, 388.437255859375, 956.3796997070312, 578.6174926757812], [280.1286926269531, 270.2960510253906, 360.1102600097656, 392.6626281738281], [360.1482849121094, 563.4606323242188, 409.0461730957031, 620.9900512695312]]}