{"categories": [0], "bboxes": [[863.220458984375, 231.54905700683594, 1003.9132080078125, 623.381591796875]]}