{"categories": [0, 26], "bboxes": [[415.96209716796875, 223.6390380859375, 537.0711669921875, 666.8065185546875], [810.835205078125, 432.8410949707031, 886.7777099609375, 498.4051208496094]]}