{"categories": [0, 13, 56], "bboxes": [[627.497802734375, 91.78729248046875, 921.9349365234375, 663.1040649414062], [557.3687744140625, 364.92291259765625, 1023.0, 651.4107055664062], [597.902587890625, 421.95697021484375, 683.018798828125, 633.1204223632812]]}