{"categories": [0, 41, 56, 60, 62, 72], "bboxes": [[0.0, 361.5972595214844, 481.0732421875, 1010.503173828125], [290.92327880859375, 526.4559936523438, 337.93115234375, 604.6188354492188], [483.3232727050781, 639.9554443359375, 680.3580322265625, 1009.5860595703125], [244.0376739501953, 367.5907287597656, 558.2313842773438, 566.9508666992188], [411.5990905761719, 267.52764892578125, 453.2105407714844, 308.4012451171875], [224.7501983642578, 184.020263671875, 333.3497009277344, 274.9754638671875]]}