{"categories": [0, 56, 57, 60, 63, 73], "bboxes": [[90.65315246582031, 431.5075378417969, 325.32977294921875, 618.5426025390625], [936.0875854492188, 450.6036376953125, 1018.5403442382812, 539.8932495117188], [147.31198120117188, 518.1236572265625, 918.3709716796875, 763.46875], [132.63612365722656, 538.3889770507812, 616.3052368164062, 740.2276000976562], [274.8998718261719, 571.6203002929688, 459.5310363769531, 705.3195190429688], [26.16366958618164, 545.2142944335938, 101.85116577148438, 571.9544067382812]]}