{"categories": [0, 26, 28, 56], "bboxes": [[0.0, 40.0384521484375, 359.3115234375, 672.6503295898438], [580.3855590820312, 472.0184326171875, 739.9232788085938, 562.3787841796875], [443.93060302734375, 318.9533386230469, 469.144775390625, 388.2810974121094], [512.4932861328125, 404.60577392578125, 785.8482666015625, 664.2024536132812]]}