{"categories": [0, 44, 56, 58, 60, 71, 75], "bboxes": [[182.1473388671875, 221.7344970703125, 453.58349609375, 865.04248046875], [480.25714111328125, 523.2603759765625, 513.2377319335938, 679.5546875], [51.987022399902344, 257.8038635253906, 142.6689453125, 516.7152099609375], [334.65240478515625, 7.908050537109375, 537.0706787109375, 334.23455810546875], [426.292236328125, 571.76416015625, 682.0, 1023.0], [448.96954345703125, 568.1976318359375, 682.0, 684.4383544921875], [598.24365234375, 598.8629150390625, 632.622314453125, 679.0859375]]}