{"categories": [0, 27, 56], "bboxes": [[543.2367553710938, 293.84478759765625, 786.8963012695312, 675.343017578125], [118.71063232421875, 371.35028076171875, 139.08584594726562, 414.8470458984375], [305.42364501953125, 459.5582275390625, 448.343994140625, 669.964111328125]]}