{"categories": [0, 13, 41, 58, 71, 74], "bboxes": [[321.31182861328125, 169.49365234375, 757.0344848632812, 677.1452026367188], [30.93072509765625, 327.1951904296875, 977.5986328125, 655.959716796875], [855.7744750976562, 245.5142822265625, 894.1344604492188, 310.0528564453125], [50.20888137817383, 372.3249206542969, 167.6802978515625, 645.23486328125], [959.0702514648438, 297.00115966796875, 1023.0, 317.3194580078125], [596.6166381835938, 572.258056640625, 624.1672973632812, 602.6680908203125]]}