{"categories": [0, 39, 41, 44, 45, 56, 60], "bboxes": [[92.2867431640625, 248.13516235351562, 278.9591369628906, 456.6999816894531], [596.3374633789062, 305.0420837402344, 622.1072387695312, 376.2821960449219], [276.3326721191406, 399.4967956542969, 302.1293029785156, 441.5492248535156], [195.44834899902344, 417.5775451660156, 241.91407775878906, 466.1618957519531], [194.8544921875, 430.51788330078125, 348.908935546875, 479.0], [47.08133316040039, 387.6956787109375, 105.08723449707031, 455.08148193359375], [50.98590087890625, 401.9705505371094, 576.6509399414062, 474.7001647949219]]}