{"categories": [0, 27, 40, 41, 58], "bboxes": [[3.36865234375, 0.0, 548.756103515625, 673.0267333984375], [345.4967041015625, 397.6986389160156, 458.88824462890625, 654.379150390625], [955.3152465820312, 363.9759521484375, 1018.5073852539062, 620.0869750976562], [847.5625610351562, 433.1499938964844, 884.1550903320312, 488.0138854980469], [667.4428100585938, 104.66236877441406, 852.7216186523438, 281.1092529296875]]}