{"categories": [0, 2, 5, 7, 24, 33], "bboxes": [[235.49969482421875, 421.66412353515625, 309.10546875, 637.4900512695312], [178.51622009277344, 462.6269226074219, 249.7316436767578, 496.0962829589844], [790.9916381835938, 456.91400146484375, 871.9984741210938, 480.6849365234375], [703.1978149414062, 460.6913757324219, 727.3815307617188, 481.2477722167969], [252.5504913330078, 454.92950439453125, 299.0225524902344, 521.9148559570312], [465.3781433105469, 548.377685546875, 577.962890625, 665.392578125]]}