{"categories": [0, 41], "bboxes": [[7.168243408203125, 134.18942260742188, 520.0096435546875, 672.823974609375], [881.8701171875, 437.4576416015625, 962.677978515625, 551.9971313476562]]}