{"categories": [0, 24, 36, 39, 56], "bboxes": [[426.3511962890625, 156.78587341308594, 536.4015502929688, 661.6935424804688], [87.53123474121094, 228.3873291015625, 185.82435607910156, 389.31097412109375], [160.0671844482422, 627.5304565429688, 478.20037841796875, 676.7634887695312], [229.31617736816406, 385.47625732421875, 264.2104797363281, 488.2471923828125], [122.52041625976562, 392.5431213378906, 157.06069946289062, 519.503173828125]]}