{"categories": [0, 6, 33, 38, 62, 68], "bboxes": [[407.51904296875, 267.6189270019531, 612.9396362304688, 673.677978515625], [97.15945434570312, 71.75765991210938, 1023.0, 682.0], [305.66064453125, 337.79833984375, 416.56890869140625, 494.30206298828125], [396.263916015625, 371.16473388671875, 457.68408203125, 604.3328857421875], [101.93136596679688, 138.87252807617188, 1010.20849609375, 682.0], [719.6724243164062, 307.47674560546875, 860.7649536132812, 423.24615478515625]]}