{"categories": [0, 39, 41, 60], "bboxes": [[2.689605712890625, 148.009033203125, 527.4490966796875, 671.89111328125], [925.962158203125, 538.8013916015625, 1015.0950927734375, 677.3836669921875], [647.0175170898438, 523.0911865234375, 711.2310180664062, 649.0264892578125], [416.9330749511719, 472.6722412109375, 972.54736328125, 667.724365234375]]}