{"categories": [0, 1, 27, 56], "bboxes": [[769.1433715820312, 101.01223754882812, 1023.0, 675.46240234375], [244.94505310058594, 426.49853515625, 580.4815673828125, 650.821533203125], [572.0, 315.23394775390625, 655.7891845703125, 664.8888549804688], [113.13638305664062, 595.5765991210938, 392.7571716308594, 673.3707885742188]]}