{"categories": [0, 7, 26, 28, 62, 72, 73], "bboxes": [[788.7357788085938, 439.9781494140625, 1013.2907104492188, 672.50146484375], [18.9207763671875, 70.22708129882812, 941.094482421875, 646.176513671875], [612.7056884765625, 274.6602783203125, 656.534423828125, 348.31951904296875], [254.992919921875, 347.9681701660156, 304.19305419921875, 417.7438049316406], [560.76806640625, 100.30863189697266, 674.7061767578125, 165.76348876953125], [925.1566162109375, 269.382080078125, 1020.1595458984375, 442.83966064453125], [771.9854125976562, 475.63787841796875, 872.2272338867188, 550.5119018554688]]}