{"categories": [0, 27, 56, 60, 65, 67, 73], "bboxes": [[705.26220703125, 102.73745727539062, 856.505615234375, 361.75701904296875], [352.04046630859375, 167.68133544921875, 372.71319580078125, 224.97113037109375], [547.8702392578125, 328.20135498046875, 923.1236572265625, 666.1608276367188], [141.41909790039062, 202.50784301757812, 827.4141845703125, 624.643310546875], [504.17742919921875, 358.29248046875, 550.3853149414062, 384.65509033203125], [623.6785888671875, 226.36717224121094, 663.81884765625, 243.16087341308594], [360.2203674316406, 289.67291259765625, 521.0472412109375, 405.6724853515625]]}