{"categories": [0], "bboxes": [[473.59832763671875, 274.3224182128906, 565.9415893554688, 479.8298034667969]]}