{"categories": [0, 43], "bboxes": [[163.8561553955078, 75.77499389648438, 439.5130615234375, 667.0076904296875], [818.0223388671875, 317.2225646972656, 868.5003662109375, 423.6826477050781]]}