{"categories": [0, 39, 41, 45, 56, 58, 60, 73], "bboxes": [[447.5151062011719, 249.43724060058594, 684.1637573242188, 545.5924072265625], [162.50518798828125, 392.6136169433594, 235.00613403320312, 609.9151000976562], [842.5853271484375, 539.85302734375, 929.87548828125, 684.0], [259.48138427734375, 527.4238891601562, 637.723876953125, 675.0344848632812], [207.0009765625, 373.7196044921875, 299.5370788574219, 576.9066772460938], [64.7615966796875, 263.42852783203125, 118.84843444824219, 304.36083984375], [37.8841552734375, 493.0621032714844, 1007.454345703125, 682.1246337890625], [4.252693176269531, 524.8880004882812, 120.7490463256836, 613.2067260742188]]}