{"categories": [0, 73], "bboxes": [[90.67900848388672, 145.287841796875, 329.8148498535156, 670.2083740234375], [673.892578125, 183.50230407714844, 864.8544921875, 319.18731689453125]]}