{"categories": [0], "bboxes": [[71.54397583007812, 115.66387939453125, 323.0691833496094, 990.8082885742188]]}