{"categories": [0, 8, 14, 62], "bboxes": [[624.5801391601562, 551.8561401367188, 705.2035522460938, 679.3380737304688], [251.45620727539062, 502.0989990234375, 616.5438232421875, 676.2027587890625], [337.73681640625, 75.56654357910156, 845.033203125, 333.78668212890625], [611.3572998046875, 259.787353515625, 720.3487548828125, 367.55047607421875]]}