{"categories": [0, 67], "bboxes": [[2.300262451171875, 58.816192626953125, 469.2257385253906, 667.107421875], [347.1183776855469, 434.81048583984375, 516.98046875, 574.5721435546875]]}