{"categories": [0, 25, 57], "bboxes": [[852.8539428710938, 356.15728759765625, 1022.1067504882812, 759.1473999023438], [124.53936767578125, 17.781158447265625, 1000.5944213867188, 681.1783447265625], [230.6314697265625, 21.808013916015625, 961.282470703125, 673.7906494140625]]}