{"categories": [0, 39, 45, 60, 74], "bboxes": [[407.52593994140625, 137.61843872070312, 1018.1924438476562, 739.302978515625], [656.5650024414062, 451.20458984375, 829.7299194335938, 763.0780029296875], [946.4720458984375, 636.2109375, 1023.0, 727.021484375], [843.1144409179688, 637.8110961914062, 1020.9400024414062, 764.7053833007812], [379.503173828125, 2.8870716094970703, 530.9302368164062, 53.44963836669922]]}