{"categories": [0, 26, 39, 56, 60, 74], "bboxes": [[759.3148193359375, 269.08465576171875, 873.07763671875, 415.99432373046875], [160.21070861816406, 406.5669250488281, 193.52647399902344, 494.0484924316406], [505.8344421386719, 185.801025390625, 519.2382202148438, 214.13632202148438], [632.64794921875, 453.3960266113281, 796.6788330078125, 672.5020141601562], [457.0053405761719, 423.29443359375, 645.1328125, 595.7166748046875], [872.8438720703125, 211.83401489257812, 910.17333984375, 258.4197998046875]]}