{"categories": [0, 26, 56, 58, 60, 67], "bboxes": [[827.1818237304688, 353.9667663574219, 1011.6799926757812, 670.17041015625], [75.41030883789062, 380.20855712890625, 114.65675354003906, 419.35235595703125], [145.8347625732422, 433.51434326171875, 247.6990203857422, 566.1646728515625], [11.944219589233398, 378.79095458984375, 59.13013458251953, 419.4266357421875], [1.1962013244628906, 395.4161682128906, 122.44819641113281, 546.8903198242188], [658.0429077148438, 455.6875305175781, 701.5961303710938, 506.7021179199219]]}