{"categories": [0, 2, 13, 41, 45, 56, 67], "bboxes": [[321.88653564453125, 276.02618408203125, 835.9869995117188, 767.0], [878.158447265625, 640.2053833007812, 948.015380859375, 734.1415405273438], [554.7202758789062, 155.34716796875, 690.6314086914062, 208.79864501953125], [909.96533203125, 588.0949096679688, 959.9691162109375, 631.8316040039062], [903.5443725585938, 619.3878784179688, 983.8621215820312, 658.3914184570312], [661.069091796875, 340.637939453125, 860.3121337890625, 617.2464599609375], [882.4220581054688, 684.8323974609375, 947.1994018554688, 750.5706787109375]]}