{"categories": [0, 74], "bboxes": [[73.34231567382812, 47.671112060546875, 574.843017578125, 1016.2606201171875], [2.7878503799438477, 736.463134765625, 33.63060760498047, 774.855712890625]]}