{"categories": [0], "bboxes": [[133.65066528320312, 257.2763977050781, 231.2998046875, 525.4925537109375]]}