{"categories": [0, 27, 58, 67], "bboxes": [[127.62556457519531, 56.277374267578125, 529.6384887695312, 989.0703125], [328.4576416015625, 295.95172119140625, 380.8583984375, 639.9561767578125], [907.3212280273438, 824.0896606445312, 1020.9336547851562, 997.1912231445312], [396.8894348144531, 523.8156127929688, 467.0616149902344, 638.6138305664062]]}