{"categories": [0, 39, 40, 45, 55, 56, 60, 72], "bboxes": [[133.60552978515625, 196.90687561035156, 349.0521545410156, 419.4007568359375], [575.764404296875, 351.44195556640625, 601.5908203125, 411.21844482421875], [461.0117492675781, 240.88336181640625, 479.4888610839844, 275.740234375], [3.7031478881835938, 352.16058349609375, 186.62725830078125, 480.94573974609375], [526.4940795898438, 425.20196533203125, 636.1050415039062, 493.5611572265625], [894.689208984375, 363.86541748046875, 1010.946533203125, 495.85736083984375], [72.212890625, 390.8887939453125, 954.44677734375, 669.5687255859375], [640.5769653320312, 89.33135986328125, 820.0383911132812, 370.5760498046875]]}