{"categories": [0], "bboxes": [[77.55892181396484, 85.023193359375, 286.5904541015625, 617.6089477539062]]}