{"categories": [0, 26, 51, 53, 76], "bboxes": [[0.7109298706054688, 21.018173217773438, 193.99600219726562, 388.0797119140625], [3.5703468322753906, 327.62823486328125, 62.424015045166016, 403.71405029296875], [183.35525512695312, 248.59205627441406, 201.81378173828125, 272.44622802734375], [120.96719360351562, 131.8099365234375, 287.4084777832031, 288.7574768066406], [198.8069305419922, 249.39602661132812, 285.97515869140625, 349.2435607910156]]}