{"categories": [0, 26], "bboxes": [[243.8616485595703, 78.51603698730469, 456.940673828125, 327.81207275390625], [222.60276794433594, 173.37527465820312, 291.8499755859375, 238.01358032226562]]}