{"categories": [0, 26, 39, 41, 42, 56, 60, 65, 67], "bboxes": [[359.395751953125, 200.5447998046875, 467.65203857421875, 299.1837158203125], [206.66323852539062, 385.87017822265625, 339.4737854003906, 461.5015869140625], [287.645263671875, 310.2892150878906, 307.96185302734375, 375.7424011230469], [653.6192016601562, 486.9305114746094, 693.6076049804688, 538.5357055664062], [664.7349853515625, 460.4801330566406, 700.934326171875, 491.6436462402344], [844.9668579101562, 478.24884033203125, 1016.4867553710938, 647.8724975585938], [84.80767822265625, 266.9393310546875, 957.6575317382812, 662.2726440429688], [2.7257461547851562, 642.5487670898438, 117.92269897460938, 679.0], [620.5664672851562, 383.75885009765625, 656.9638061523438, 403.986572265625]]}