{"categories": [0, 56, 57, 60, 63, 67], "bboxes": [[101.75190734863281, 103.29910278320312, 498.5867919921875, 607.7716064453125], [0.6477127075195312, 313.13458251953125, 150.12136840820312, 662.5255737304688], [21.5709228515625, 254.421630859375, 942.3531494140625, 657.2700805664062], [32.631134033203125, 544.2256469726562, 988.276611328125, 681.0213012695312], [449.63525390625, 389.30279541015625, 688.6048583984375, 550.0643920898438], [412.9329528808594, 620.8766479492188, 547.618408203125, 673.8145141601562]]}