{"categories": [0, 26], "bboxes": [[160.9672088623047, 493.5229187011719, 298.1092529296875, 940.609619140625], [18.868623733520508, 717.4263305664062, 78.06349182128906, 786.0807495117188]]}