{"categories": [0, 13, 26, 56], "bboxes": [[457.2480163574219, 66.26542663574219, 566.2138671875, 433.728515625], [15.37322998046875, 241.5501708984375, 148.85006713867188, 342.42413330078125], [688.4210205078125, 100.42242431640625, 782.991455078125, 223.36572265625], [86.75934600830078, 72.87562561035156, 147.19850158691406, 197.2798309326172]]}