{"categories": [0, 27, 39, 40, 41, 60], "bboxes": [[2.27197265625, 294.6839599609375, 360.5714416503906, 673.833984375], [735.3536376953125, 452.65472412109375, 801.45068359375, 496.357666015625], [554.9488525390625, 466.0108642578125, 607.6483154296875, 675.44775390625], [661.7587890625, 502.46820068359375, 740.92333984375, 650.7811889648438], [672.7376708984375, 491.0196533203125, 734.1519775390625, 632.6585693359375], [241.42440795898438, 491.3687438964844, 798.6781005859375, 680.184326171875]]}