{"categories": [0, 56, 57], "bboxes": [[23.06072998046875, 98.05708312988281, 311.51171875, 492.6336669921875], [406.6427001953125, 35.257354736328125, 499.0, 152.45266723632812], [8.104293823242188, 47.17362976074219, 476.30999755859375, 447.685302734375]]}