{"categories": [0, 26, 41, 55, 60, 65, 75], "bboxes": [[250.43563842773438, 41.08014678955078, 319.0, 211.20877075195312], [52.36140060424805, 118.68157196044922, 65.47665405273438, 166.7069091796875], [212.83641052246094, 180.16485595703125, 226.7456512451172, 202.92840576171875], [81.26438903808594, 135.3744354248047, 126.8743896484375, 185.2405242919922], [10.748779296875, 148.982177734375, 256.1011962890625, 210.2205810546875], [142.12942504882812, 91.44345092773438, 150.01168823242188, 104.48318481445312], [198.1002197265625, 141.88458251953125, 215.00015258789062, 206.90020751953125]]}