{"categories": [0, 27, 58, 79], "bboxes": [[363.26959228515625, 127.40505981445312, 503.58056640625, 664.36572265625], [774.5304565429688, 257.4487609863281, 802.5878295898438, 291.9154968261719], [717.867431640625, 54.67112731933594, 780.777587890625, 112.04573059082031], [622.7777099609375, 210.61888122558594, 712.7939453125, 356.4547119140625]]}