{"categories": [0], "bboxes": [[864.935791015625, 169.53591918945312, 999.8228759765625, 573.49365234375]]}