{"categories": [0, 56, 57, 60, 72], "bboxes": [[308.0595397949219, 180.88619995117188, 550.026611328125, 980.3167724609375], [28.48969268798828, 437.226318359375, 153.30099487304688, 602.1319580078125], [47.67115020751953, 407.93084716796875, 136.12100219726562, 452.9937744140625], [155.94593811035156, 474.1076965332031, 216.0397186279297, 518.1744384765625], [505.3913879394531, 266.4843444824219, 675.8463134765625, 537.659423828125]]}