{"categories": [0, 39, 72], "bboxes": [[243.806884765625, 113.36788940429688, 697.8140869140625, 670.3931884765625], [276.8197326660156, 177.7798614501953, 304.5858459472656, 236.56263732910156], [461.8095703125, 82.52349853515625, 807.649169921875, 655.4093627929688]]}