{"categories": [0, 26, 27, 73], "bboxes": [[501.90740966796875, 46.157470703125, 1020.2625122070312, 674.1256103515625], [344.51422119140625, 443.5453796386719, 522.3073120117188, 664.1505126953125], [751.0996704101562, 322.927978515625, 813.5291137695312, 405.150390625], [0.0, 452.918701171875, 32.062828063964844, 489.07769775390625]]}