{"categories": [0, 27, 39, 40, 56, 60, 65], "bboxes": [[201.59193420410156, 72.89486694335938, 468.6925048828125, 682.0], [459.32928466796875, 314.7147216796875, 515.6663818359375, 454.7646484375], [224.38829040527344, 556.36083984375, 258.9105224609375, 655.5919189453125], [43.77637481689453, 443.39599609375, 109.4122543334961, 548.0208129882812], [878.114990234375, 396.9573974609375, 1019.630126953125, 638.2181396484375], [867.9337158203125, 473.1073303222656, 1017.087890625, 640.8250122070312], [626.6286010742188, 123.38719177246094, 671.0684204101562, 199.63172912597656]]}