{"categories": [0, 24, 58], "bboxes": [[18.505556106567383, 399.0085754394531, 79.54084777832031, 566.7499389648438], [148.37969970703125, 450.48175048828125, 173.12356567382812, 476.84075927734375], [191.4287109375, 512.40576171875, 245.59103393554688, 578.5390625]]}