{"categories": [0, 25, 27], "bboxes": [[559.313232421875, 147.61984252929688, 1018.95068359375, 670.0950927734375], [27.437088012695312, 16.0865478515625, 327.854248046875, 646.4378662109375], [796.6639404296875, 402.99365234375, 845.084716796875, 673.448486328125]]}