{"categories": [0, 37, 73], "bboxes": [[27.383712768554688, 64.32135009765625, 304.45062255859375, 857.464599609375], [250.23431396484375, 0.0, 440.77288818359375, 354.63397216796875], [303.521484375, 322.03961181640625, 426.24285888671875, 426.3975830078125]]}