{"categories": [0, 27, 29], "bboxes": [[25.146957397460938, 102.00396728515625, 234.8106231689453, 358.4214782714844], [84.42568969726562, 165.64862060546875, 142.41578674316406, 359.0], [245.63246154785156, 88.92890930175781, 261.62030029296875, 110.88084411621094]]}