{"categories": [0, 41, 56, 60, 67, 73, 79], "bboxes": [[109.39178466796875, 82.37924194335938, 773.2345581054688, 719.4515380859375], [774.4752807617188, 540.8338623046875, 863.5812377929688, 715.7486572265625], [722.8272094726562, 463.10028076171875, 1019.2957153320312, 687.1137084960938], [1.822509765625, 616.00830078125, 1005.585205078125, 759.3275146484375], [108.91220092773438, 498.53924560546875, 216.78433227539062, 595.5820922851562], [202.52566528320312, 630.012451171875, 609.6990966796875, 708.493896484375], [115.28340148925781, 498.6927490234375, 218.66343688964844, 595.5648193359375]]}