{"categories": [0], "bboxes": [[21.086578369140625, 36.75148010253906, 623.3592529296875, 513.7642211914062]]}