{"categories": [0, 26, 27, 58, 67], "bboxes": [[606.4662475585938, 186.81448364257812, 961.3545532226562, 892.027587890625], [62.92144775390625, 564.7247924804688, 367.5399169921875, 858.3671264648438], [194.54043579101562, 305.0661926269531, 402.9053039550781, 497.7759094238281], [894.3955078125, 432.2502746582031, 1022.66748046875, 883.7227783203125], [827.1887817382812, 420.0777893066406, 865.9661254882812, 457.4153137207031]]}