{"categories": [0, 15, 17, 41, 43, 62], "bboxes": [[436.6566162109375, 155.44424438476562, 741.3321533203125, 675.120361328125], [288.0272216796875, 315.4192199707031, 541.9545288085938, 589.5958251953125], [832.4595336914062, 311.2950439453125, 893.5287475585938, 467.65655517578125], [793.4817504882812, 414.99188232421875, 848.9010620117188, 501.257080078125], [970.177490234375, 207.8708953857422, 1014.3043212890625, 487.1041259765625], [724.537353515625, 73.41875457763672, 960.0743408203125, 261.53424072265625]]}