{"categories": [0, 13, 39, 45, 56, 69, 73], "bboxes": [[21.51483154296875, 224.4266357421875, 529.9545288085938, 1023.0], [16.977783203125, 562.7440185546875, 626.6424560546875, 1002.850341796875], [71.52608489990234, 202.03741455078125, 106.29293060302734, 291.1065673828125], [54.18186950683594, 319.0276794433594, 133.8899383544922, 356.3390197753906], [223.36065673828125, 171.66314697265625, 333.0401611328125, 240.27090454101562], [0.0, 331.1131591796875, 223.9617462158203, 723.7672119140625], [178.7323455810547, 1.0568294525146484, 205.18678283691406, 43.64454650878906]]}