{"categories": [0, 37, 73, 74], "bboxes": [[689.27490234375, 99.10153198242188, 1018.697998046875, 676.2421875], [441.12744140625, 0.0, 685.964111328125, 402.51416015625], [486.035888671875, 389.4593505859375, 681.4429931640625, 506.24200439453125], [714.4855346679688, 562.8070068359375, 737.4779663085938, 585.2142333984375]]}