{"categories": [0, 43, 56], "bboxes": [[0.0, 97.99752807617188, 462.0096740722656, 614.069580078125], [0.3150596618652344, 502.2785339355469, 86.26788330078125, 614.1096801757812], [537.0256958007812, 383.092041015625, 712.5086059570312, 601.7677612304688]]}