{"categories": [0, 40, 41, 42, 43, 44, 47, 56, 58, 60, 73, 74], "bboxes": [[687.8794555664062, 151.59280395507812, 1019.1317749023438, 760.3426513671875], [301.2307434082031, 525.3663940429688, 377.5972595214844, 692.6098022460938], [421.29608154296875, 502.84759521484375, 511.41748046875, 651.3705444335938], [577.8372192382812, 599.4863891601562, 645.2568969726562, 665.6868286132812], [157.21533203125, 686.6763916015625, 306.0811462402344, 711.182861328125], [576.982177734375, 599.5899658203125, 651.959228515625, 666.81689453125], [862.6888427734375, 76.32312774658203, 916.2144775390625, 118.5210952758789], [599.0140991210938, 235.88516235351562, 711.7936401367188, 435.9258117675781], [237.71014404296875, 14.877384185791016, 293.57574462890625, 127.64472961425781], [75.93365478515625, 384.88653564453125, 769.0755615234375, 745.9646606445312], [263.66864013671875, 717.29833984375, 513.0462036132812, 766.686279296875], [809.4558715820312, 664.3875122070312, 829.5015258789062, 687.4153442382812]]}