{"categories": [0, 27, 63, 73], "bboxes": [[57.945762634277344, 285.65814208984375, 250.77163696289062, 677.7514038085938], [702.444580078125, 418.3316650390625, 722.4315185546875, 492.93585205078125], [631.5078125, 517.0183715820312, 744.7159423828125, 585.5886840820312], [633.3585205078125, 515.6749267578125, 743.5943603515625, 585.4517822265625]]}