{"categories": [0, 7, 9, 33], "bboxes": [[114.76960754394531, 389.51263427734375, 180.9922332763672, 571.2748413085938], [393.95556640625, 332.58404541015625, 776.054931640625, 543.4996948242188], [29.280445098876953, 354.193359375, 39.94462203979492, 369.26312255859375], [505.0674133300781, 0.0, 929.556640625, 633.41796875]]}