{"categories": [0, 2, 7, 8], "bboxes": [[113.6922836303711, 272.89727783203125, 285.821533203125, 674.1959838867188], [964.9196166992188, 340.1058044433594, 1022.4442749023438, 384.6547546386719], [2.2257537841796875, 287.6833190917969, 134.33152770996094, 502.7202453613281], [59.2935791015625, 69.05490112304688, 808.5390014648438, 673.91259765625]]}