{"categories": [0, 26, 56], "bboxes": [[602.4973754882812, 148.82359313964844, 778.9115600585938, 656.4906005859375], [967.35595703125, 360.6878662109375, 1023.0, 451.71099853515625], [129.95602416992188, 423.5967102050781, 157.83505249023438, 504.4240417480469]]}