{"categories": [0, 2, 3, 56], "bboxes": [[252.38568115234375, 369.75323486328125, 691.8242797851562, 672.5774536132812], [31.858524322509766, 294.1147766113281, 88.78671264648438, 311.4516906738281], [705.4814453125, 542.2144775390625, 1023.0, 671.6348876953125], [909.6231689453125, 485.0669250488281, 1007.2744140625, 575.9286499023438]]}