{"categories": [0, 2, 7, 26, 27], "bboxes": [[324.6243591308594, 297.27862548828125, 439.6556701660156, 665.1827392578125], [90.78622436523438, 273.47808837890625, 194.03012084960938, 357.4940185546875], [153.78004455566406, 217.62725830078125, 344.228515625, 418.48468017578125], [524.3212280273438, 452.72613525390625, 620.2586059570312, 679.0], [485.506591796875, 382.6844177246094, 507.2264404296875, 484.3324890136719]]}