{"categories": [0, 26, 58, 67, 73], "bboxes": [[173.56869506835938, 112.86213684082031, 321.3795471191406, 494.6715087890625], [50.634925842285156, 188.07928466796875, 98.00951385498047, 297.74591064453125], [202.804443359375, 67.71914672851562, 278.4945373535156, 151.43826293945312], [138.79995727539062, 164.353515625, 148.84652709960938, 181.74661254882812], [209.26101684570312, 237.84678649902344, 276.5823059082031, 313.1424865722656]]}