{"categories": [0, 27, 39, 40, 41, 60, 63, 65, 73], "bboxes": [[432.0881652832031, 54.617828369140625, 1017.5255126953125, 668.4432373046875], [722.0181274414062, 249.21163940429688, 776.4026489257812, 471.6029968261719], [169.43533325195312, 525.095703125, 238.3173828125, 683.529541015625], [88.48078918457031, 587.919189453125, 153.69296264648438, 684.0], [237.79837036132812, 653.209716796875, 275.3023986816406, 684.0], [4.2498779296875, 532.4881591796875, 695.038818359375, 683.8863525390625], [569.6810913085938, 391.6973571777344, 815.9224243164062, 575.431640625], [315.94140625, 472.345458984375, 525.2762451171875, 555.16455078125], [516.3095703125, 386.994873046875, 815.3502197265625, 573.2266845703125]]}