{"categories": [0, 35, 56], "bboxes": [[193.4503631591797, 69.02850341796875, 475.82867431640625, 905.1381225585938], [572.603271484375, 685.7296752929688, 620.4210205078125, 770.4169311523438], [66.02713775634766, 350.719482421875, 169.91134643554688, 411.37310791015625]]}