{"categories": [0, 26, 27, 76], "bboxes": [[28.986602783203125, 3.710296630859375, 199.34454345703125, 399.6043701171875], [416.7710876464844, 357.82098388671875, 480.8647155761719, 404.0], [188.24560546875, 127.29993438720703, 232.51943969726562, 379.3155212402344], [410.10736083984375, 230.91546630859375, 475.39599609375, 370.79132080078125]]}