{"categories": [0, 3, 56, 60, 76], "bboxes": [[452.963623046875, 168.8660430908203, 794.0859375, 678.5584106445312], [504.8233947753906, 440.3575744628906, 718.2761840820312, 679.1544799804688], [74.46672058105469, 557.511962890625, 162.2029571533203, 679.0347900390625], [5.7977752685546875, 465.89520263671875, 220.85653686523438, 657.4185180664062], [195.28314208984375, 305.973876953125, 463.2685546875, 653.4483642578125]]}