{"categories": [0, 13, 26, 32, 43, 65, 79], "bboxes": [[347.8988952636719, 207.4307098388672, 521.0810546875, 542.2034301757812], [7.602020263671875, 362.2107849121094, 1000.3724365234375, 655.9259033203125], [547.3757934570312, 308.0748291015625, 622.8873901367188, 534.6508178710938], [357.74261474609375, 381.0890197753906, 428.25482177734375, 452.6645812988281], [454.6725769042969, 371.6991271972656, 560.095703125, 398.1585998535156], [62.496055603027344, 0.0, 137.3897705078125, 119.12841796875], [26.597618103027344, 13.7421875, 144.133544921875, 636.626220703125]]}