{"categories": [0], "bboxes": [[311.09234619140625, 173.3426513671875, 674.0297241210938, 1011.4588623046875]]}