{"categories": [0, 39, 41, 55, 56, 60, 73], "bboxes": [[405.7088623046875, 167.93051147460938, 597.938232421875, 528.8955078125], [48.536712646484375, 183.21290588378906, 80.43598937988281, 260.2253112792969], [15.723807334899902, 207.69688415527344, 47.31263732910156, 244.45176696777344], [401.7396240234375, 479.5975036621094, 496.6519775390625, 556.1686401367188], [0.23936843872070312, 444.59527587890625, 112.21809387207031, 683.0], [143.31756591796875, 443.14605712890625, 608.6792602539062, 664.4021606445312], [232.3946533203125, 517.7229614257812, 439.511474609375, 596.6295776367188]]}