{"categories": [0, 25, 39, 56, 59, 77], "bboxes": [[528.8461303710938, 156.03549194335938, 986.5729370117188, 757.70263671875], [602.2822265625, 121.12968444824219, 1023.0, 480.845458984375], [790.9556884765625, 67.8243179321289, 869.3314208984375, 152.76394653320312], [614.9232177734375, 131.63816833496094, 1023.0, 504.6390380859375], [0.0, 408.21197509765625, 840.025390625, 750.9414672851562], [880.3655395507812, 422.59490966796875, 1021.9717407226562, 745.2872924804688]]}