{"categories": [0, 20, 24, 25, 37, 56, 57], "bboxes": [[478.47967529296875, 134.60772705078125, 818.0473022460938, 758.7235717773438], [738.1268310546875, 237.31329345703125, 976.7738037109375, 360.02685546875], [21.527626037597656, 631.2872924804688, 145.02606201171875, 766.3484497070312], [40.610260009765625, 254.74490356445312, 677.65380859375, 509.2159118652344], [74.56124877929688, 243.3765869140625, 996.9639892578125, 484.1046142578125], [738.3348999023438, 208.8968048095703, 822.0311889648438, 259.1326904296875], [9.775646209716797, 395.8417663574219, 132.75424194335938, 670.7874755859375]]}