{"categories": [0, 27, 60, 73], "bboxes": [[487.0707092285156, 38.287872314453125, 1023.0, 673.15673828125], [640.0891723632812, 363.7467041015625, 763.3838500976562, 638.93408203125], [57.03485107421875, 583.1952514648438, 829.5005493164062, 678.6610717773438], [159.27944946289062, 223.39529418945312, 331.08673095703125, 612.94091796875]]}