{"categories": [0, 32, 47, 56, 65, 76], "bboxes": [[0.0, 42.265899658203125, 381.10980224609375, 751.661865234375], [429.8552551269531, 703.496337890625, 452.6095886230469, 722.828369140625], [281.9985046386719, 544.4528198242188, 537.5095825195312, 793.8931274414062], [523.1297607421875, 424.5239562988281, 589.8065185546875, 616.5307006835938], [84.61824798583984, 528.7826538085938, 264.44012451171875, 573.0410766601562], [351.00128173828125, 390.9305419921875, 575.3449096679688, 478.2021484375]]}