{"categories": [0, 39, 40, 41, 56, 60], "bboxes": [[0.0, 124.52328491210938, 390.18048095703125, 764.0802001953125], [593.7758178710938, 267.3843078613281, 638.9276733398438, 459.3870544433594], [657.1896362304688, 341.80926513671875, 703.5896606445312, 442.98870849609375], [688.20654296875, 439.3949279785156, 739.7203369140625, 520.560791015625], [878.9242553710938, 712.1023559570312, 1023.0, 765.8624877929688], [269.7943420410156, 386.08953857421875, 833.4581298828125, 762.5795288085938]]}