{"categories": [0, 4, 55, 56, 58, 60, 71], "bboxes": [[156.0355987548828, 166.35052490234375, 243.7080841064453, 341.369384765625], [646.6990966796875, 0.0, 1023.0, 416.76324462890625], [96.310791015625, 299.987060546875, 410.43975830078125, 475.34521484375], [338.8217468261719, 201.83299255371094, 392.2131652832031, 306.6319580078125], [497.8809509277344, 195.9774932861328, 557.9762573242188, 261.55413818359375], [95.50477600097656, 316.6529541015625, 471.9847412109375, 492.1363525390625], [232.6829833984375, 167.69915771484375, 287.570556640625, 190.10467529296875]]}