{"categories": [0, 26, 27, 41, 57, 65], "bboxes": [[181.57485961914062, 156.15359497070312, 693.1702880859375, 745.978759765625], [161.51197814941406, 527.606201171875, 349.2086181640625, 685.050048828125], [362.17529296875, 441.91021728515625, 445.21234130859375, 655.3467407226562], [940.027099609375, 599.8357543945312, 988.155517578125, 683.6981811523438], [0.0, 396.1595458984375, 960.6336669921875, 754.612060546875], [414.9755554199219, 426.97723388671875, 439.0032043457031, 464.77197265625]]}