{"categories": [0, 39, 40], "bboxes": [[1.2655105590820312, 81.41217041015625, 213.18194580078125, 474.65911865234375], [177.13302612304688, 404.4726867675781, 205.38482666015625, 462.7092590332031], [323.8841552734375, 332.67437744140625, 355.8533935546875, 429.03533935546875]]}