{"categories": [0, 39, 40, 41, 56, 60, 73], "bboxes": [[282.62445068359375, 259.26458740234375, 567.4459838867188, 674.9796142578125], [611.8146362304688, 359.2712707519531, 638.0530395507812, 449.2019348144531], [253.06753540039062, 305.923828125, 273.2151184082031, 337.2252197265625], [648.311279296875, 423.0789794921875, 681.6234130859375, 458.37384033203125], [8.661605834960938, 397.62359619140625, 168.12448120117188, 655.2040405273438], [440.6339111328125, 315.451416015625, 817.384521484375, 626.7885131835938], [488.5064697265625, 395.6152648925781, 544.085693359375, 424.3802185058594]]}