{"categories": [0, 1, 34, 36, 38, 56], "bboxes": [[855.3297119140625, 198.5019073486328, 951.4998779296875, 450.5899658203125], [246.551025390625, 0.0, 367.3060302734375, 47.48387145996094], [68.39449310302734, 12.612922668457031, 147.9676513671875, 92.03067779541016], [142.54249572753906, 314.1708679199219, 246.71958923339844, 352.3519592285156], [906.4564819335938, 255.87762451171875, 957.1708374023438, 321.22314453125], [397.6007385253906, 217.20510864257812, 515.5816650390625, 390.2562561035156]]}