{"categories": [0, 32], "bboxes": [[743.6610107421875, 116.14112854003906, 955.0252685546875, 540.2315063476562], [562.6283569335938, 492.3430480957031, 648.0917358398438, 576.1787109375]]}