{"categories": [0, 2, 24, 26, 73], "bboxes": [[77.26510620117188, 138.2999267578125, 420.2215270996094, 755.89111328125], [599.4740600585938, 241.9342041015625, 646.3429565429688, 278.4796142578125], [20.414024353027344, 417.3643493652344, 118.01374053955078, 590.5513305664062], [21.218666076660156, 379.636474609375, 119.6174087524414, 595.17333984375], [506.8218994140625, 473.8894348144531, 619.6005859375, 508.0369567871094]]}