{"categories": [0, 24, 26, 27, 28, 34, 41, 56, 58, 75], "bboxes": [[607.7035522460938, 65.332275390625, 743.1871948242188, 496.4251708984375], [162.74757385253906, 413.06097412109375, 261.21136474609375, 508.4305419921875], [607.90380859375, 211.357666015625, 649.748779296875, 298.4257507324219], [691.0850830078125, 140.7841796875, 716.351318359375, 307.4923095703125], [815.278076171875, 497.2012023925781, 1005.059326171875, 599.1423950195312], [48.68042755126953, 71.64657592773438, 203.4422607421875, 216.72357177734375], [417.87969970703125, 348.7095642089844, 440.55596923828125, 388.0326232910156], [914.3914794921875, 307.10650634765625, 1023.0, 499.451416015625], [369.92010498046875, 267.64990234375, 451.20245361328125, 388.6126708984375], [380.0770568847656, 336.551513671875, 416.0954284667969, 387.111328125]]}