{"categories": [0, 26, 27, 39, 40, 41, 58, 75], "bboxes": [[517.0531616210938, 55.5076904296875, 970.1538696289062, 672.0845947265625], [72.50312042236328, 375.4037780761719, 212.6890869140625, 678.04248046875], [594.9722290039062, 282.6153869628906, 687.3518676757812, 366.6484069824219], [310.5241394042969, 633.6800537109375, 350.3500671386719, 683.0], [175.109375, 638.5164794921875, 245.3060302734375, 681.00146484375], [172.91717529296875, 638.9759521484375, 248.4443359375, 681.24658203125], [0.0, 438.74420166015625, 86.25959777832031, 661.9556274414062], [6.45655632019043, 495.6112365722656, 67.21123504638672, 610.0231323242188]]}