{"categories": [0, 13, 35, 37, 56], "bboxes": [[613.0789184570312, 174.69317626953125, 669.8294067382812, 338.42120361328125], [124.14964294433594, 300.5050354003906, 209.31272888183594, 351.5721740722656], [758.46435546875, 360.4075927734375, 808.8380126953125, 394.8896484375], [336.4049072265625, 524.6511840820312, 693.7918701171875, 575.5358276367188], [19.07170867919922, 235.4456024169922, 145.69830322265625, 383.9730224609375]]}