{"categories": [0, 32], "bboxes": [[157.52261352539062, 43.763671875, 555.3109130859375, 558.0135498046875], [614.5843505859375, 493.4769287109375, 666.93310546875, 556.747314453125]]}