{"categories": [0, 24, 62], "bboxes": [[379.59991455078125, 353.8199462890625, 510.85601806640625, 618.2500610351562], [482.2750549316406, 404.53631591796875, 529.1552734375, 494.26446533203125], [79.83303833007812, 0.0, 1001.991455078125, 531.4198608398438]]}