{"categories": [0, 25, 27, 58, 73], "bboxes": [[130.83631896972656, 160.79542541503906, 296.825927734375, 551.1846923828125], [918.5820922851562, 480.32659912109375, 1020.8251342773438, 665.0090942382812], [433.0967712402344, 224.69473266601562, 459.3825378417969, 311.8238220214844], [3.0158767700195312, 518.4688720703125, 103.3372573852539, 670.746826171875], [209.5390167236328, 339.111572265625, 286.2056579589844, 404.0767822265625]]}