{"categories": [0, 13, 16, 32, 56], "bboxes": [[70.6002197265625, 0.0, 366.90203857421875, 400.72235107421875], [0.045501708984375, 126.62226867675781, 789.9945068359375, 386.7320556640625], [12.040035247802734, 221.0855712890625, 88.82821655273438, 308.94952392578125], [34.765525817871094, 22.21694564819336, 55.379127502441406, 40.08341598510742], [369.4210205078125, 245.7818145751953, 603.0489501953125, 401.55792236328125]]}