{"categories": [0], "bboxes": [[708.787353515625, 33.59002685546875, 1007.547119140625, 671.4237060546875]]}