{"categories": [0, 2, 26, 58, 67], "bboxes": [[484.6799011230469, 42.298736572265625, 681.54248046875, 639.2139892578125], [736.47412109375, 137.37435913085938, 863.77099609375, 187.0162353515625], [441.9998474121094, 229.0373077392578, 505.8535461425781, 378.90643310546875], [820.2738037109375, 165.478515625, 989.1251220703125, 267.2147216796875], [482.0261535644531, 188.78758239746094, 505.0748596191406, 207.4247283935547]]}