{"categories": [0, 40, 41, 56, 58], "bboxes": [[191.1173858642578, 41.0947265625, 250.52073669433594, 171.78370666503906], [78.58572387695312, 180.36595153808594, 94.33499145507812, 212.0], [92.18946075439453, 179.26895141601562, 104.2769546508789, 204.477294921875], [161.3151397705078, 159.6947021484375, 239.37205505371094, 212.0], [18.413339614868164, 147.81455993652344, 64.0575942993164, 206.94996643066406]]}