{"categories": [0, 41, 62], "bboxes": [[372.3572082519531, 197.4850616455078, 713.4114990234375, 674.4021606445312], [34.68268585205078, 494.6350402832031, 74.25169372558594, 529.4334716796875], [0.0, 337.1135559082031, 100.35261535644531, 505.8784484863281]]}