{"categories": [0, 62], "bboxes": [[508.8719177246094, 84.138427734375, 1023.0, 616.737548828125], [549.8795776367188, 241.08583068847656, 649.0105590820312, 359.9691162109375]]}