{"categories": [0, 56, 60, 72], "bboxes": [[77.38701629638672, 108.04046630859375, 238.91168212890625, 671.13623046875], [742.9530029296875, 361.0821533203125, 983.8936767578125, 638.6289672851562], [467.9601135253906, 553.54248046875, 1007.71337890625, 677.9283447265625], [653.8729858398438, 5.0017852783203125, 1014.3324584960938, 457.13629150390625]]}