{"categories": [0, 39, 56, 58], "bboxes": [[400.3916931152344, 147.3809051513672, 545.710693359375, 568.576416015625], [594.7472534179688, 533.4066772460938, 613.5827026367188, 574.4464721679688], [151.91030883789062, 399.19927978515625, 210.16885375976562, 454.22967529296875], [288.9317626953125, 102.55757904052734, 331.20294189453125, 161.87612915039062]]}