{"categories": [0, 13, 24, 39], "bboxes": [[555.8519897460938, 287.9170837402344, 776.7747192382812, 930.08349609375], [54.322235107421875, 598.739013671875, 1023.0, 929.4190673828125], [399.8533935546875, 459.9662780761719, 444.05078125, 600.8220825195312], [582.134765625, 547.2001342773438, 614.8541259765625, 601.8445434570312]]}