{"categories": [0, 2, 24, 26, 42], "bboxes": [[0.0, 3.50762939453125, 307.0964660644531, 591.2467041015625], [265.0157470703125, 194.05523681640625, 458.92523193359375, 294.9354553222656], [305.5511474609375, 216.53494262695312, 366.18865966796875, 340.9541320800781], [305.2122802734375, 217.20863342285156, 358.77520751953125, 340.3044738769531], [645.3809814453125, 521.9300537109375, 687.7005615234375, 599.0]]}