{"categories": [0, 39], "bboxes": [[257.04412841796875, 339.97802734375, 522.6865234375, 1005.2568359375], [234.67779541015625, 677.4956665039062, 377.45184326171875, 763.1559448242188]]}