{"categories": [0, 27, 60], "bboxes": [[118.04563903808594, 93.56707763671875, 607.0166015625, 673.9761962890625], [409.6961669921875, 364.32232666015625, 493.42718505859375, 634.6561279296875], [412.4644775390625, 551.1283569335938, 1010.2593994140625, 671.6864624023438]]}