{"categories": [0, 26, 56], "bboxes": [[131.963623046875, 115.65509033203125, 458.03533935546875, 760.9050903320312], [448.2125244140625, 468.7349853515625, 573.932861328125, 633.853515625], [366.2118225097656, 575.23388671875, 613.2093505859375, 758.928955078125]]}