{"categories": [0, 32], "bboxes": [[693.9901123046875, 144.5790557861328, 865.4273681640625, 587.6395874023438], [108.79145812988281, 575.09765625, 197.9631805419922, 646.027587890625]]}