{"categories": [0, 2, 56], "bboxes": [[132.18734741210938, 86.65008544921875, 476.2428283691406, 555.6232299804688], [16.440673828125, 8.934814453125, 884.3084716796875, 682.0], [785.7006225585938, 214.6339569091797, 839.0115356445312, 346.0318603515625]]}