{"categories": [0, 2, 5, 7, 26, 74], "bboxes": [[148.67193603515625, 540.117431640625, 270.2233581542969, 902.2540283203125], [452.0567321777344, 614.7815551757812, 605.949951171875, 821.2185668945312], [558.3341674804688, 490.33856201171875, 684.0, 996.2767944335938], [476.15948486328125, 530.57421875, 542.9718017578125, 602.795166015625], [408.8812561035156, 707.1597900390625, 442.4034729003906, 753.227294921875], [633.3800048828125, 190.43963623046875, 659.7857666015625, 253.31988525390625]]}