{"categories": [0, 13, 34, 39, 56, 60, 73, 77], "bboxes": [[673.6124267578125, 277.63543701171875, 1011.7470703125, 675.1290283203125], [79.78854370117188, 479.138427734375, 435.1297302246094, 607.7554931640625], [175.60235595703125, 348.6496887207031, 398.86944580078125, 375.2010192871094], [165.46832275390625, 67.79815673828125, 184.34222412109375, 125.46836853027344], [99.08589935302734, 465.4266052246094, 285.3714294433594, 641.7738037109375], [0.0, 346.4093322753906, 127.4041748046875, 567.1947631835938], [0.0, 343.3858642578125, 83.39632415771484, 375.86053466796875], [0.0, 373.791015625, 54.191932678222656, 463.5699462890625]]}