{"categories": [0], "bboxes": [[3.5319366455078125, 172.39425659179688, 171.62315368652344, 496.5807800292969]]}