{"categories": [0, 2, 13, 27], "bboxes": [[469.3988037109375, 280.7884521484375, 860.6427001953125, 677.304443359375], [145.70855712890625, 606.5680541992188, 189.99203491210938, 650.3982543945312], [71.67093658447266, 610.0634155273438, 135.55592346191406, 653.2175903320312], [556.243408203125, 548.208984375, 596.218017578125, 666.9677734375]]}