{"categories": [0, 16], "bboxes": [[332.3414306640625, 187.22097778320312, 528.377685546875, 514.3524169921875], [683.7020874023438, 325.5873107910156, 758.3789672851562, 430.2876892089844]]}