{"categories": [0, 27], "bboxes": [[142.7672576904297, 54.088043212890625, 588.5391845703125, 681.0587158203125], [298.25604248046875, 286.201171875, 397.48028564453125, 483.83990478515625]]}