{"categories": [0, 9, 51, 56, 79], "bboxes": [[650.1563720703125, 137.63705444335938, 893.7899169921875, 410.6360168457031], [81.80587768554688, 298.08856201171875, 100.22413635253906, 366.12591552734375], [132.900146484375, 346.4925842285156, 289.08154296875, 490.9872741699219], [324.518798828125, 221.30528259277344, 483.7606201171875, 650.5911254882812], [860.1947631835938, 183.01271057128906, 993.7691040039062, 315.7161865234375]]}