{"categories": [0, 27, 62], "bboxes": [[410.25177001953125, 167.3404998779297, 624.7576293945312, 677.0119018554688], [863.4993286132812, 263.18975830078125, 909.7107543945312, 380.28033447265625], [4.843048095703125, 0.0, 883.22607421875, 632.4471435546875]]}