{"categories": [0, 13, 56], "bboxes": [[225.57061767578125, 337.19610595703125, 563.5452270507812, 762.0227661132812], [186.80665588378906, 202.82972717285156, 262.4190979003906, 229.3757781982422], [71.33859252929688, 511.27374267578125, 192.86810302734375, 767.0]]}