{"categories": [0, 39, 40, 41, 60], "bboxes": [[0.0, 140.81829833984375, 217.15069580078125, 671.2534790039062], [802.8482666015625, 513.0360107421875, 861.98291015625, 673.380859375], [628.1367797851562, 544.0379638671875, 686.8805541992188, 634.6007080078125], [758.2655029296875, 535.4150390625, 811.43994140625, 645.8253173828125], [296.89666748046875, 445.60479736328125, 936.5944213867188, 671.3407592773438]]}