{"categories": [0, 27], "bboxes": [[704.4984130859375, 84.39651489257812, 910.72705078125, 800.7490234375], [343.04412841796875, 239.0437469482422, 379.28759765625, 316.450927734375]]}