{"categories": [0, 39, 79], "bboxes": [[216.00436401367188, 10.174072265625, 635.455322265625, 667.2229614257812], [102.01747131347656, 254.082275390625, 124.5982666015625, 311.5213623046875], [41.77599334716797, 281.509033203125, 174.87380981445312, 321.2098388671875]]}