{"categories": [0, 26], "bboxes": [[557.9761352539062, 154.58126831054688, 674.2269897460938, 659.66650390625], [758.1473388671875, 262.82879638671875, 884.51025390625, 466.94708251953125]]}