{"categories": [0, 2, 56], "bboxes": [[499.3760681152344, 183.3346710205078, 645.177001953125, 575.0013427734375], [934.4254760742188, 373.27606201171875, 1012.9279174804688, 398.990478515625], [614.1254272460938, 359.6990966796875, 720.4397583007812, 480.737548828125]]}