{"categories": [0, 26, 28, 56, 63, 66], "bboxes": [[940.634033203125, 264.5185241699219, 1023.0, 482.7854309082031], [21.189361572265625, 170.7882080078125, 72.49740600585938, 274.714111328125], [6.455085754394531, 347.47381591796875, 175.70639038085938, 453.52813720703125], [467.2156677246094, 404.51202392578125, 684.457275390625, 536.253173828125], [179.37100219726562, 393.8548583984375, 407.0299377441406, 496.86785888671875], [188.60040283203125, 399.2655334472656, 389.00579833984375, 485.2879333496094]]}