{"categories": [0], "bboxes": [[193.43927001953125, 355.920654296875, 518.7078857421875, 935.826171875]]}