{"categories": [0, 7, 13, 14], "bboxes": [[263.3325500488281, 217.1957550048828, 436.9457092285156, 720.8875732421875], [802.4229736328125, 22.401275634765625, 1023.0, 550.5919189453125], [306.9720764160156, 553.4950561523438, 1011.8577880859375, 709.6690063476562], [165.47882080078125, 173.62258911132812, 186.5157470703125, 186.86325073242188]]}