{"categories": [0, 56, 67], "bboxes": [[485.5471496582031, 308.47161865234375, 751.562744140625, 974.2844848632812], [708.5438232421875, 491.9468994140625, 825.392578125, 963.5802001953125], [252.7440948486328, 608.4794921875, 283.0855712890625, 635.64599609375]]}