{"categories": [0, 62, 65, 67, 72], "bboxes": [[127.2969741821289, 26.021133422851562, 307.56695556640625, 205.74241638183594], [88.44435119628906, 0.0, 319.0, 56.2957763671875], [193.266357421875, 96.25853729248047, 206.5516357421875, 135.072509765625], [207.9898681640625, 71.46424102783203, 225.18460083007812, 95.92447662353516], [0.0, 6.417106628417969, 49.839027404785156, 212.0]]}