{"categories": [0, 2, 9, 56], "bboxes": [[0.0, 183.36181640625, 489.86187744140625, 878.0032958984375], [1.2093353271484375, 16.04515838623047, 152.5292510986328, 208.03924560546875], [629.4680786132812, 374.0520324707031, 641.6830444335938, 388.6581115722656], [733.6724853515625, 557.1829223632812, 767.0, 626.6044311523438]]}