{"categories": [0, 2, 7, 9, 25], "bboxes": [[365.1688537597656, 464.7069396972656, 446.5276184082031, 626.401611328125], [485.4385681152344, 442.8739318847656, 1022.8028564453125, 681.217041015625], [0.0, 180.13861083984375, 375.7350769042969, 684.0], [129.90765380859375, 188.76937866210938, 204.95175170898438, 275.0311584472656], [353.6992492675781, 356.3836975097656, 472.3681945800781, 407.3505554199219]]}