{"categories": [0, 26], "bboxes": [[42.536170959472656, 73.71383666992188, 250.4056396484375, 597.001220703125], [561.2870483398438, 370.8305969238281, 641.7791137695312, 477.0790100097656]]}