{"categories": [0, 27, 56, 58], "bboxes": [[345.59716796875, 59.63134765625, 1023.0, 741.813232421875], [270.6850280761719, 522.6907348632812, 397.2651672363281, 752.0353393554688], [267.76043701171875, 694.9613647460938, 492.52325439453125, 763.0902709960938], [903.3507690429688, 17.176849365234375, 1022.8143920898438, 550.967041015625]]}