{"categories": [0], "bboxes": [[0.0, 11.140167236328125, 112.784423828125, 319.3106994628906]]}