{"categories": [0, 16], "bboxes": [[431.09063720703125, 180.29759216308594, 646.4912719726562, 669.8734130859375], [0.0, 463.6261901855469, 220.80775451660156, 654.4498901367188]]}