{"categories": [0, 2, 7, 19, 27, 41, 56, 67], "bboxes": [[112.81942749023438, 32.688995361328125, 742.7637939453125, 743.695068359375], [75.10487365722656, 473.4586181640625, 123.92337036132812, 502.902099609375], [780.116943359375, 8.276344299316406, 1004.1015625, 225.87112426757812], [19.25455665588379, 483.74896240234375, 57.12977600097656, 534.5531616210938], [595.01220703125, 350.928955078125, 633.5364990234375, 470.21075439453125], [512.2579345703125, 523.4057006835938, 577.8023681640625, 609.8213500976562], [794.6795043945312, 465.3861083984375, 1002.8724975585938, 741.692138671875], [514.2257690429688, 527.3015747070312, 572.0343627929688, 561.0704956054688]]}