{"categories": [0, 27, 73], "bboxes": [[548.5527954101562, 31.16339111328125, 932.7863159179688, 667.9082641601562], [437.65948486328125, 280.8099365234375, 476.296875, 446.48907470703125], [550.803955078125, 166.6497039794922, 608.067626953125, 268.0926513671875]]}