{"categories": [0, 78, 79], "bboxes": [[98.53511047363281, 124.6890869140625, 552.9505615234375, 670.2584838867188], [102.3890609741211, 292.1829528808594, 293.9382629394531, 466.9641418457031], [113.05237579345703, 299.8179016113281, 294.55389404296875, 455.5975036621094]]}