{"categories": [0, 26, 61, 72], "bboxes": [[467.7635498046875, 84.12376403808594, 617.850830078125, 569.3654174804688], [894.3324584960938, 178.175048828125, 990.6792602539062, 354.285888671875], [20.761383056640625, 138.24758911132812, 385.0317077636719, 654.793701171875], [29.251449584960938, 10.498931884765625, 483.41949462890625, 650.24365234375]]}