{"categories": [0, 2, 56], "bboxes": [[0.0, 136.67617797851562, 262.1621398925781, 760.58447265625], [670.1531982421875, 248.7667236328125, 968.0133056640625, 365.09722900390625], [1.003173828125, 224.795654296875, 79.36457824707031, 336.53411865234375]]}