{"categories": [0, 26, 43, 60, 62, 65, 73], "bboxes": [[408.8441162109375, 86.49113464355469, 532.8616943359375, 251.26222229003906], [0.0, 528.9774780273438, 150.912109375, 677.8202514648438], [348.0213317871094, 276.5071105957031, 373.2707824707031, 329.6591491699219], [157.65103149414062, 275.48974609375, 864.2177734375, 667.0980224609375], [559.6263427734375, 63.607887268066406, 722.8544921875, 169.99404907226562], [288.64752197265625, 345.72802734375, 400.00958251953125, 372.85028076171875], [564.0755615234375, 527.324462890625, 821.214599609375, 639.86865234375]]}