{"categories": [0, 8], "bboxes": [[119.4586181640625, 447.0303955078125, 239.93081665039062, 794.1102294921875], [507.60028076171875, 513.3412475585938, 557.8640747070312, 546.3294067382812]]}