{"categories": [0, 27], "bboxes": [[619.3082275390625, 145.4135284423828, 809.6024169921875, 590.1160278320312], [523.5955810546875, 231.07882690429688, 545.297119140625, 294.2512512207031]]}