{"categories": [0, 27, 72], "bboxes": [[638.2687377929688, 249.9709930419922, 874.3284301757812, 674.2431640625], [465.1995544433594, 295.7941589355469, 491.3966979980469, 388.8027038574219], [934.5494384765625, 141.93463134765625, 1023.0, 649.8826293945312]]}