{"categories": [0, 26, 27, 28], "bboxes": [[128.59689331054688, 98.74575805664062, 322.9059753417969, 636.2354736328125], [295.0794677734375, 492.102783203125, 334.7869873046875, 573.5701904296875], [676.31103515625, 179.65548706054688, 697.0831298828125, 256.2126770019531], [210.84765625, 499.27459716796875, 321.859130859375, 596.7529907226562]]}