{"categories": [0, 39, 41, 44, 45, 56, 57, 58, 60, 73], "bboxes": [[345.76593017578125, 106.994140625, 843.2874145507812, 553.8700561523438], [228.8213348388672, 51.57463073730469, 279.93438720703125, 166.15187072753906], [779.212890625, 591.7252807617188, 1010.052001953125, 763.1781616210938], [457.2032165527344, 550.4720458984375, 585.5894775390625, 636.629150390625], [431.7696533203125, 541.1256103515625, 617.373779296875, 668.0223388671875], [0.0, 254.1875457763672, 199.19921875, 575.2716674804688], [0.0, 159.64634704589844, 487.9766540527344, 528.648681640625], [894.082763671875, 429.8758239746094, 1023.0, 690.0880126953125], [0.0, 514.6019897460938, 949.2669677734375, 755.3989868164062], [596.8876342773438, 0.0, 645.6812133789062, 48.428932189941406]]}