{"categories": [0, 27], "bboxes": [[201.78834533691406, 4.3629302978515625, 493.98931884765625, 353.44976806640625], [262.9210510253906, 198.92388916015625, 286.8417663574219, 285.3255920410156]]}