{"categories": [0, 7, 8, 36], "bboxes": [[198.97804260253906, 305.1009216308594, 300.7508239746094, 441.0304870605469], [146.58929443359375, 555.5360717773438, 676.8720703125, 861.9896850585938], [105.44366455078125, 0.0, 622.2391357421875, 875.8261108398438], [654.3551025390625, 873.972412109375, 680.48095703125, 991.68115234375]]}