{"categories": [0], "bboxes": [[327.59796142578125, 409.4643249511719, 815.6975708007812, 935.584716796875]]}