{"categories": [0, 13], "bboxes": [[652.0062255859375, 278.9420471191406, 865.2081298828125, 752.1475830078125], [304.9033508300781, 227.25306701660156, 379.1617736816406, 260.0397033691406]]}