{"categories": [0, 24, 25, 26, 27, 56, 58], "bboxes": [[49.83881378173828, 81.15020751953125, 281.11627197265625, 664.9393920898438], [73.58181762695312, 164.71240234375, 185.539794921875, 344.8938903808594], [822.8026733398438, 79.79785919189453, 858.9304809570312, 277.4949035644531], [2.7093544006347656, 393.43621826171875, 97.16542053222656, 620.6848754882812], [184.9501495361328, 186.21316528320312, 203.68943786621094, 250.11892700195312], [408.8977966308594, 296.54034423828125, 583.7272338867188, 589.7805786132812], [872.8756103515625, 238.13525390625, 916.975830078125, 318.5474853515625]]}