{"categories": [0, 13, 27, 60, 62, 74], "bboxes": [[243.74795532226562, 328.94659423828125, 516.8583984375, 660.4816284179688], [263.20391845703125, 456.3674621582031, 921.0216674804688, 681.0], [668.2655029296875, 394.017578125, 706.9736328125, 464.1639404296875], [265.4784240722656, 454.9222717285156, 925.0203857421875, 669.9927978515625], [0.0612030029296875, 463.6322021484375, 121.29150390625, 639.0758056640625], [725.6233520507812, 6.334611892700195, 755.0134887695312, 45.96519470214844]]}