{"categories": [0, 41, 56, 60, 63], "bboxes": [[200.03640747070312, 126.58709716796875, 385.7798767089844, 639.2494506835938], [392.2974548339844, 531.921142578125, 425.8322448730469, 575.8140869140625], [474.0721435546875, 459.0193176269531, 633.6611328125, 633.0241088867188], [373.17132568359375, 537.0659790039062, 494.654296875, 606.4174194335938], [606.1293334960938, 539.5272827148438, 826.3263549804688, 624.8159790039062]]}