{"categories": [0, 27, 43, 58], "bboxes": [[80.5042953491211, 321.45965576171875, 267.2503356933594, 673.1392211914062], [541.0992431640625, 396.570068359375, 565.052490234375, 463.61279296875], [608.8675537109375, 501.2862243652344, 721.96044921875, 600.0733642578125], [830.8898315429688, 402.6778564453125, 881.1369018554688, 452.178466796875]]}