{"categories": [0, 41, 74], "bboxes": [[0.0, 71.49221801757812, 329.7710266113281, 674.30712890625], [601.0704345703125, 483.43829345703125, 698.63623046875, 615.5339965820312], [273.9228820800781, 444.2145080566406, 303.2016296386719, 480.8741149902344]]}