{"categories": [0, 32], "bboxes": [[286.7201843261719, 9.6119384765625, 506.1895446777344, 611.6632080078125], [123.82450866699219, 503.22967529296875, 205.3003692626953, 584.8225708007812]]}