{"categories": [0], "bboxes": [[362.1140441894531, 233.16744995117188, 481.2283630371094, 635.71923828125]]}