{"categories": [0, 27, 39, 40, 41, 56, 58, 60], "bboxes": [[8.34088134765625, 267.8216857910156, 246.67625427246094, 675.9267578125], [588.341064453125, 311.8027648925781, 633.9874267578125, 342.1072692871094], [812.425048828125, 472.359130859375, 845.6856689453125, 553.08544921875], [863.7543334960938, 503.19586181640625, 903.0820922851562, 600.4671020507812], [346.5491027832031, 487.065185546875, 398.1223449707031, 584.4124755859375], [987.6726684570312, 496.7444152832031, 1023.0, 678.4609985351562], [830.4011840820312, 434.15399169921875, 872.4502563476562, 555.4185791015625], [755.46923828125, 498.1883544921875, 937.8935546875, 630.738037109375]]}