{"categories": [0, 41, 53, 60, 67, 73], "bboxes": [[195.2047119140625, 119.69168853759766, 349.0784912109375, 329.90252685546875], [259.276123046875, 692.5008544921875, 364.32171630859375, 789.9056396484375], [413.1687927246094, 539.598388671875, 475.5707702636719, 579.751708984375], [102.496337890625, 235.28878784179688, 716.935546875, 998.0498046875], [671.9271850585938, 488.9205017089844, 729.2128295898438, 529.1172485351562], [283.19793701171875, 610.3241577148438, 430.85076904296875, 777.7109985351562]]}