{"categories": [0, 73], "bboxes": [[105.28942108154297, 310.7760314941406, 336.8275146484375, 958.9761962890625], [336.026611328125, 830.408935546875, 554.2710571289062, 926.0040283203125]]}