{"categories": [0, 27, 62], "bboxes": [[869.14892578125, 429.2720031738281, 1023.0, 680.0], [786.113525390625, 513.9099731445312, 810.8232421875, 596.6956176757812], [25.1890869140625, 152.5625, 990.0303344726562, 680.0]]}