{"categories": [0, 43, 56], "bboxes": [[535.4535522460938, 162.23062133789062, 885.3451538085938, 674.39697265625], [222.93402099609375, 355.3875427246094, 297.00701904296875, 475.9695739746094], [932.259521484375, 478.3403625488281, 1022.5115966796875, 675.3438720703125]]}