{"categories": [0, 26, 27, 56, 60, 62, 73], "bboxes": [[332.6234130859375, 89.99044799804688, 564.1197509765625, 636.28076171875], [147.07049560546875, 492.9038391113281, 209.4117431640625, 565.713134765625], [468.7846374511719, 226.88475036621094, 497.2705383300781, 360.7664794921875], [133.73696899414062, 228.0961456298828, 262.7486877441406, 411.97735595703125], [238.3486328125, 337.953857421875, 369.47320556640625, 623.970458984375], [263.3691101074219, 12.800918579101562, 907.5472412109375, 389.18359375], [65.0447998046875, 189.99740600585938, 150.62179565429688, 281.58856201171875]]}