{"categories": [0, 74], "bboxes": [[39.974456787109375, 124.65484619140625, 303.25604248046875, 763.7569580078125], [639.1868286132812, 635.5534057617188, 666.5552368164062, 664.6547241210938]]}