{"categories": [0, 2, 13, 56, 62], "bboxes": [[397.4981384277344, 196.75039672851562, 509.4580993652344, 591.013916015625], [0.16117477416992188, 385.249755859375, 78.92083740234375, 622.5697631835938], [921.172607421875, 367.6938171386719, 1019.37158203125, 537.6986083984375], [923.283447265625, 368.3505859375, 1016.634033203125, 543.50048828125], [697.8192749023438, 165.79150390625, 878.8323364257812, 351.314697265625]]}