{"categories": [0, 41, 45, 56, 57, 60, 65, 73], "bboxes": [[434.42022705078125, 224.64602661132812, 820.9534301757812, 766.716796875], [948.4864501953125, 396.87841796875, 999.257568359375, 465.24652099609375], [927.5791015625, 329.3359375, 987.14111328125, 362.179443359375], [0.0, 663.6372680664062, 257.4030456542969, 765.9298706054688], [0.0, 658.040771484375, 248.18109130859375, 763.0867919921875], [781.072998046875, 360.7557373046875, 1022.164306640625, 707.5648193359375], [353.03167724609375, 387.4342041015625, 417.4197998046875, 466.4771728515625], [381.2021484375, 0.0, 474.45501708984375, 26.29779052734375]]}