{"categories": [0, 26, 27, 39, 41, 60, 63, 64, 66, 73], "bboxes": [[0.0, 187.2206573486328, 190.81942749023438, 683.2308349609375], [2.0383834838867188, 394.0859375, 157.71563720703125, 568.29296875], [547.5648803710938, 108.37313842773438, 589.7175903320312, 348.7125244140625], [276.3391418457031, 365.1932373046875, 319.4009094238281, 434.9296875], [190.9268798828125, 531.109130859375, 256.86846923828125, 590.36962890625], [146.64859008789062, 503.4696350097656, 375.4411926269531, 670.955078125], [4.940498352050781, 424.504638671875, 155.93060302734375, 573.559814453125], [239.34686279296875, 525.1210327148438, 301.7020263671875, 556.9362182617188], [230.2364959716797, 438.4549255371094, 309.154052734375, 491.5724182128906], [8.976325988769531, 420.181884765625, 153.49273681640625, 575.451904296875]]}