{"categories": [0, 27, 60, 62], "bboxes": [[359.577392578125, 150.789306640625, 624.4473876953125, 647.1580200195312], [472.9890441894531, 372.62530517578125, 513.7131958007812, 477.31854248046875], [3.153656005859375, 637.1937255859375, 710.385986328125, 679.29345703125], [2.1341552734375, 215.65379333496094, 335.4226379394531, 466.80950927734375]]}