{"categories": [0, 8, 13, 25, 29, 39, 56, 58], "bboxes": [[460.14044189453125, 453.8299560546875, 592.8334350585938, 674.8565673828125], [120.33685302734375, 321.6890869140625, 1003.9810180664062, 659.94775390625], [767.166748046875, 272.938720703125, 1015.5477294921875, 469.22259521484375], [794.109130859375, 287.33642578125, 854.1595458984375, 461.63861083984375], [776.5202026367188, 281.5927429199219, 808.5451049804688, 311.8796081542969], [708.3296508789062, 384.2927551269531, 831.7509155273438, 623.4232177734375], [841.0355224609375, 273.7820739746094, 1019.42919921875, 463.1679382324219], [394.5545959472656, 294.64996337890625, 480.9263000488281, 383.9840087890625]]}