{"categories": [0, 27, 37, 58, 69], "bboxes": [[74.30409240722656, 64.68994140625, 418.928466796875, 718.8424072265625], [507.70062255859375, 236.9818878173828, 557.0953979492188, 520.3176879882812], [668.85791015625, 6.0121002197265625, 738.3035888671875, 385.6195068359375], [563.3062744140625, 132.11758422851562, 631.711181640625, 236.73257446289062], [945.7950439453125, 368.5231628417969, 1021.915771484375, 536.1630249023438]]}