{"categories": [0, 26, 28, 71, 73], "bboxes": [[854.552001953125, 236.73980712890625, 987.933837890625, 665.1812744140625], [228.6999053955078, 464.15972900390625, 305.8614501953125, 532.0903930664062], [65.34877014160156, 550.928955078125, 411.751953125, 669.775390625], [975.444091796875, 497.948974609375, 1023.0, 543.364990234375], [168.4722900390625, 527.1506958007812, 265.9228210449219, 564.9113159179688]]}