{"categories": [0, 39, 56, 57], "bboxes": [[760.4922485351562, 127.544677734375, 985.9299926757812, 755.8549194335938], [694.6607666015625, 83.62052917480469, 723.4439697265625, 164.57769775390625], [4.087360382080078, 391.37158203125, 108.0235595703125, 748.973876953125], [211.26373291015625, 400.92724609375, 952.7295532226562, 744.0396728515625]]}