{"categories": [0, 27, 56, 60, 65, 73], "bboxes": [[355.54388427734375, 162.1065673828125, 545.8716430664062, 356.35272216796875], [287.3123474121094, 292.42254638671875, 317.2288513183594, 378.1395263671875], [37.803558349609375, 543.4644165039062, 459.9747619628906, 675.2120971679688], [330.7779541015625, 268.82220458984375, 774.0379638671875, 569.5247802734375], [557.218994140625, 399.80194091796875, 614.5091552734375, 418.0552978515625], [409.4234313964844, 433.8140869140625, 509.5638122558594, 502.56268310546875]]}