{"categories": [0, 27, 39, 56, 60, 69, 73], "bboxes": [[47.1494140625, 97.71513366699219, 444.2983703613281, 572.383544921875], [205.7959747314453, 317.1339111328125, 276.6209411621094, 476.46453857421875], [616.2493896484375, 371.89947509765625, 668.78955078125, 537.3731689453125], [368.6692199707031, 125.38207244873047, 421.5293273925781, 166.93780517578125], [51.386566162109375, 297.39678955078125, 839.9378662109375, 664.2863159179688], [2.1966171264648438, 151.9214324951172, 132.00424194335938, 588.3540649414062], [94.65432739257812, 559.3314208984375, 211.13787841796875, 638.083251953125]]}