{"categories": [0, 26, 39, 56, 60, 75], "bboxes": [[310.6099548339844, 135.69369506835938, 519.8477172851562, 674.4302978515625], [656.3255615234375, 32.940345764160156, 786.6099853515625, 160.099853515625], [158.32691955566406, 146.79942321777344, 183.05857849121094, 178.30958557128906], [403.84527587890625, 15.894088745117188, 462.98480224609375, 118.15119934082031], [206.2472686767578, 118.56336975097656, 563.3001098632812, 302.41851806640625], [173.90512084960938, 24.68164825439453, 247.02011108398438, 162.17788696289062]]}