{"categories": [0, 60, 63], "bboxes": [[36.393463134765625, 41.1494140625, 668.2744140625, 666.1798706054688], [772.9078979492188, 266.853759765625, 909.0728149414062, 314.4906005859375], [276.6090087890625, 564.3805541992188, 518.8148193359375, 675.1937866210938]]}