{"categories": [0, 2, 7, 13, 27, 56, 60], "bboxes": [[863.9232177734375, 120.58755493164062, 997.1473388671875, 489.2104187011719], [836.757568359375, 169.42323303222656, 893.3492431640625, 211.2974090576172], [0.0, 322.8683166503906, 47.581947326660156, 370.2605895996094], [109.90316772460938, 357.3389892578125, 193.27133178710938, 398.9840087890625], [438.0155029296875, 186.325927734375, 458.10760498046875, 279.85888671875], [259.4546203613281, 183.48435974121094, 285.9911804199219, 225.27281188964844], [0.0, 399.0693054199219, 424.7287902832031, 659.948974609375]]}