{"categories": [0, 32, 35], "bboxes": [[176.84164428710938, 27.113616943359375, 678.81689453125, 670.6044921875], [34.083717346191406, 573.6041870117188, 125.37415313720703, 661.2778930664062], [904.0413818359375, 396.4516296386719, 995.3397216796875, 475.3296203613281]]}