{"categories": [0], "bboxes": [[618.1303100585938, 110.30001831054688, 1022.3685913085938, 747.5594482421875]]}