{"categories": [0, 41], "bboxes": [[20.536659240722656, 80.66847229003906, 186.116455078125, 581.854248046875], [236.2888641357422, 270.638671875, 260.7786865234375, 329.4666748046875]]}