{"categories": [0, 9, 56, 60, 63, 66, 73], "bboxes": [[576.466064453125, 342.7698974609375, 859.5545654296875, 677.3508911132812], [56.4855842590332, 99.40864562988281, 116.13525390625, 191.1161346435547], [939.9408569335938, 457.2262878417969, 967.2576293945312, 506.4553527832031], [831.6419067382812, 503.1488952636719, 1020.6795043945312, 584.7763061523438], [478.5010986328125, 433.498291015625, 624.1708984375, 559.8772583007812], [498.6195373535156, 515.4285888671875, 599.381591796875, 551.7340087890625], [371.1700439453125, 205.35366821289062, 390.96807861328125, 264.1788635253906]]}