{"categories": [0, 27], "bboxes": [[72.66358947753906, 207.62908935546875, 251.3335418701172, 679.7865600585938], [374.5229187011719, 258.38018798828125, 401.1277770996094, 339.71160888671875]]}