{"categories": [0], "bboxes": [[285.4561462402344, 83.56414794921875, 750.1915283203125, 651.76123046875]]}