{"categories": [0, 40, 56, 57, 58, 65, 73, 74, 79], "bboxes": [[201.8551025390625, 138.59178161621094, 337.1190185546875, 572.0326538085938], [455.8643493652344, 231.34292602539062, 472.5851135253906, 269.02203369140625], [0.0, 357.3651428222656, 171.21734619140625, 575.0], [0.0, 362.13446044921875, 168.77267456054688, 575.0], [719.78076171875, 373.3790283203125, 794.545654296875, 444.07965087890625], [603.505615234375, 535.0380249023438, 671.028076171875, 575.0], [802.744873046875, 415.7877197265625, 843.7880859375, 449.18865966796875], [153.06793212890625, 45.15144729614258, 227.58782958984375, 115.3143310546875], [712.8215942382812, 501.01068115234375, 737.0005493164062, 565.3937377929688]]}