{"categories": [0, 27, 34, 56, 60, 79], "bboxes": [[440.354736328125, 164.6884765625, 618.1348876953125, 679.6224365234375], [324.47705078125, 219.5952606201172, 379.9844970703125, 375.1658935546875], [917.7867431640625, 273.9471740722656, 1023.0, 352.3928527832031], [677.7449951171875, 384.16058349609375, 1023.0, 677.3628540039062], [682.8601684570312, 376.20855712890625, 1023.0, 677.8359985351562], [850.4810180664062, 271.7055358886719, 909.3906860351562, 373.3180847167969]]}