{"categories": [0, 26, 27], "bboxes": [[36.21430969238281, 24.91497802734375, 291.624755859375, 499.0], [90.2463150024414, 383.6279296875, 195.05691528320312, 497.4114990234375], [189.34194946289062, 397.40667724609375, 213.1712646484375, 445.3887939453125]]}