{"categories": [0, 3, 27, 56, 67], "bboxes": [[520.5152587890625, 132.93218994140625, 679.873291015625, 675.2698974609375], [0.0, 487.1478271484375, 410.99365234375, 670.3419189453125], [380.9377136230469, 233.72682189941406, 406.5328674316406, 278.637451171875], [5.093109130859375, 528.9237060546875, 301.540771484375, 679.0413818359375], [399.7780456542969, 205.88070678710938, 437.3586120605469, 251.31744384765625]]}