{"categories": [0], "bboxes": [[276.8383483886719, 145.3103485107422, 406.2984313964844, 464.52069091796875]]}