{"categories": [0], "bboxes": [[9.038711547851562, 337.2750549316406, 377.92767333984375, 1022.1004638671875]]}