{"categories": [0, 26, 41, 43, 56, 57, 60, 67, 73], "bboxes": [[479.60906982421875, 27.386688232421875, 963.9024047851562, 584.4161376953125], [452.62261962890625, 513.8322143554688, 610.3323364257812, 666.1307983398438], [959.7811889648438, 398.384521484375, 1022.0044555664062, 524.9214477539062], [399.9468078613281, 613.6359252929688, 446.5944519042969, 679.0], [0.0, 323.13726806640625, 180.02069091796875, 649.3270263671875], [2.3493194580078125, 331.60028076171875, 161.3783721923828, 634.9741821289062], [87.72616577148438, 423.6229248046875, 1023.0, 674.041748046875], [560.1988525390625, 495.53106689453125, 652.163818359375, 556.1234741210938], [756.8069458007812, 532.8029174804688, 1019.6199340820312, 677.6932983398438]]}