{"categories": [0, 24], "bboxes": [[447.6618957519531, 365.6103515625, 661.568603515625, 981.951171875], [470.53369140625, 439.862548828125, 573.6767578125, 557.4281005859375]]}