{"categories": [0, 24], "bboxes": [[238.93154907226562, 332.0273742675781, 292.0868225097656, 481.5811462402344], [304.1867980957031, 359.542724609375, 332.0, 413.07537841796875]]}