{"categories": [0], "bboxes": [[374.7472229003906, 43.703643798828125, 592.9213256835938, 630.5289306640625]]}