{"categories": [0], "bboxes": [[250.5088348388672, 60.542938232421875, 716.5552978515625, 676.8890380859375]]}