{"categories": [0, 39, 40, 41, 43, 45, 56, 60], "bboxes": [[387.2818603515625, 286.1158447265625, 580.6535034179688, 503.1798095703125], [384.5202941894531, 406.8492431640625, 444.9441833496094, 651.938720703125], [789.4843139648438, 513.6832885742188, 860.9077758789062, 660.0722045898438], [581.1863403320312, 451.9281005859375, 619.7871704101562, 513.4478149414062], [858.3738403320312, 529.0234985351562, 946.6464233398438, 563.8477172851562], [428.8858642578125, 503.7986755371094, 535.9942626953125, 603.8158569335938], [866.4520874023438, 391.55230712890625, 977.6002807617188, 512.8063354492188], [37.59112548828125, 420.7449951171875, 1023.0, 670.9808349609375]]}