{"categories": [0, 65], "bboxes": [[720.091552734375, 131.032958984375, 945.925048828125, 676.2076416015625], [93.29566192626953, 366.1376647949219, 151.04632568359375, 381.1520080566406]]}