{"categories": [0, 27], "bboxes": [[222.85443115234375, 27.2425537109375, 767.0, 1003.1917724609375], [406.034912109375, 552.5429077148438, 564.0552368164062, 972.7179565429688]]}