{"categories": [0, 24, 27, 28, 65], "bboxes": [[402.1512145996094, 224.54812622070312, 677.3385009765625, 921.7777099609375], [6.524574279785156, 682.050048828125, 194.23031616210938, 931.9078369140625], [202.19557189941406, 366.2445983886719, 273.98809814453125, 577.5792236328125], [697.4749145507812, 664.040283203125, 918.4260864257812, 842.31640625], [312.2578125, 621.491455078125, 356.555419921875, 653.683837890625]]}