{"categories": [0, 2], "bboxes": [[0.0, 99.28671264648438, 562.4454345703125, 672.9234619140625], [494.12646484375, 364.495361328125, 755.076904296875, 532.1680908203125]]}