{"categories": [0, 45, 56, 60, 73], "bboxes": [[655.4271240234375, 212.04559326171875, 738.024658203125, 312.39056396484375], [610.486572265625, 309.9953918457031, 670.55517578125, 330.1948547363281], [0.0476226806640625, 400.376220703125, 272.182373046875, 670.1932373046875], [126.60968017578125, 309.5068359375, 830.7432250976562, 666.535400390625], [526.8983764648438, 425.68408203125, 661.0075073242188, 460.56585693359375]]}