{"categories": [0, 24, 56], "bboxes": [[712.3392333984375, 88.72293090820312, 1023.0, 671.8692626953125], [278.674072265625, 274.32708740234375, 310.45068359375, 330.7703857421875], [1.3112030029296875, 454.5806579589844, 73.97370910644531, 673.6502075195312]]}