{"categories": [0, 27, 78], "bboxes": [[3.0833740234375, 5.96600341796875, 709.0131225585938, 690.0], [350.60784912109375, 327.2276611328125, 428.6527099609375, 684.6778564453125], [436.12969970703125, 509.10430908203125, 660.8073120117188, 601.0643920898438]]}