{"categories": [0, 26], "bboxes": [[71.07779693603516, 97.98068237304688, 249.97998046875, 640.2021484375], [77.70072937011719, 373.528564453125, 138.03257751464844, 488.43316650390625]]}