{"categories": [0, 28, 39, 56, 73], "bboxes": [[375.4747314453125, 254.24525451660156, 490.83453369140625, 674.229248046875], [55.168701171875, 549.98388671875, 412.8373107910156, 652.8660888671875], [239.5933074951172, 466.3394470214844, 290.76898193359375, 525.9680786132812], [951.3198852539062, 521.7899169921875, 1023.0, 677.2020263671875], [164.3175811767578, 553.4994506835938, 263.48638916015625, 596.9641723632812]]}