{"categories": [0, 27], "bboxes": [[0.0, 21.334747314453125, 580.0880126953125, 672.497802734375], [705.254638671875, 363.29412841796875, 740.513427734375, 523.8751220703125]]}