{"categories": [0, 39, 41, 45, 60, 73, 74], "bboxes": [[555.4437255859375, 30.6519775390625, 1023.0, 738.4197998046875], [315.3302307128906, 635.6253662109375, 362.4032897949219, 759.3453369140625], [220.28512573242188, 523.2323608398438, 409.9743347167969, 763.2899780273438], [381.977294921875, 691.3793334960938, 617.0809326171875, 764.2974243164062], [45.4334716796875, 456.55511474609375, 716.896484375, 761.3530883789062], [603.3706665039062, 387.9940185546875, 780.9699096679688, 610.9965209960938], [666.0525512695312, 592.9896850585938, 753.9151000976562, 627.0473022460938]]}