{"categories": [0, 13, 27, 40, 41, 56, 60], "bboxes": [[469.4934387207031, 121.9432373046875, 729.58056640625, 388.3398742675781], [38.3121337890625, 356.00006103515625, 1005.6666259765625, 672.0143432617188], [245.33338928222656, 220.75534057617188, 288.5381164550781, 347.5133361816406], [987.7128295898438, 333.7005920410156, 1023.0, 405.1600036621094], [181.76345825195312, 280.05621337890625, 225.14041137695312, 356.8939208984375], [0.0, 192.95602416992188, 68.78739929199219, 349.3423767089844], [21.136749267578125, 373.76678466796875, 1010.54638671875, 670.6897583007812]]}