{"categories": [0, 34], "bboxes": [[196.1411895751953, 306.7275390625, 439.12542724609375, 885.0040283203125], [66.32807159423828, 450.8418273925781, 117.87564849853516, 558.254150390625]]}