{"categories": [0, 18, 26, 37], "bboxes": [[305.369140625, 386.68218994140625, 379.6209716796875, 648.0975952148438], [967.2897338867188, 435.2068786621094, 991.8179321289062, 444.5904846191406], [692.173095703125, 421.8874206542969, 740.02783203125, 519.4325561523438], [648.0466918945312, 512.4157104492188, 692.9439086914062, 633.8720092773438]]}