{"categories": [0, 39, 62, 63, 64, 66, 72], "bboxes": [[611.5319213867188, 73.363525390625, 938.4218139648438, 671.9284057617188], [593.03369140625, 267.20318603515625, 635.0811767578125, 423.7686767578125], [0.0, 316.7906799316406, 153.1374969482422, 624.328857421875], [0.0, 316.230224609375, 284.01678466796875, 670.6656494140625], [226.70201110839844, 630.3692626953125, 334.8651123046875, 677.4483642578125], [68.92537689208984, 541.5994873046875, 274.2808532714844, 671.7391357421875], [39.308624267578125, 83.44854736328125, 364.8481140136719, 476.53228759765625]]}