{"categories": [0, 39, 58, 60, 75], "bboxes": [[118.133544921875, 130.47543334960938, 541.9240112304688, 1015.6195068359375], [554.005615234375, 424.7789306640625, 577.35546875, 498.90618896484375], [664.7738037109375, 342.27276611328125, 767.0, 503.22393798828125], [467.22296142578125, 439.337158203125, 691.0507202148438, 829.0181884765625], [611.9122924804688, 430.0999755859375, 652.9678344726562, 500.23919677734375]]}