{"categories": [0, 26, 59], "bboxes": [[167.2074432373047, 30.147506713867188, 482.96728515625, 328.1456298828125], [111.92729187011719, 200.55807495117188, 284.96929931640625, 330.1267395019531], [8.043670654296875, 171.7437744140625, 429.7810363769531, 330.4130554199219]]}