{"categories": [0, 28, 56, 58, 60], "bboxes": [[849.079345703125, 168.68667602539062, 979.4544677734375, 305.7086486816406], [287.150146484375, 344.1931457519531, 335.60015869140625, 402.1039733886719], [15.269775390625, 568.504150390625, 107.25448608398438, 676.477294921875], [473.5283203125, 481.903564453125, 579.051513671875, 613.0880126953125], [0.0, 439.1865539550781, 48.385276794433594, 480.1044006347656]]}