{"categories": [0, 26, 28], "bboxes": [[18.29375457763672, 29.920944213867188, 209.86367797851562, 307.43414306640625], [721.9369506835938, 346.34234619140625, 919.0896606445312, 482.1038818359375], [371.8905029296875, 286.2802734375, 494.778564453125, 406.59814453125]]}