{"categories": [0, 17, 41, 56, 60, 74], "bboxes": [[207.07797241210938, 355.17144775390625, 312.0208435058594, 654.8015747070312], [372.9270935058594, 67.8055191040039, 442.8258361816406, 125.57428741455078], [403.86669921875, 619.410888671875, 437.710693359375, 664.8306884765625], [767.7988891601562, 543.6814575195312, 813.3322143554688, 605.2273559570312], [95.59461975097656, 638.1787719726562, 560.065673828125, 680.0951538085938], [943.5416870117188, 385.7562561035156, 1023.0, 503.3110656738281]]}