{"categories": [0, 24, 39, 67, 73], "bboxes": [[117.32041931152344, 256.7496337890625, 436.79144287109375, 812.0810546875], [542.5924072265625, 634.0143432617188, 645.4117431640625, 838.0796508789062], [438.9176940917969, 652.3011474609375, 465.0448913574219, 704.417236328125], [141.78054809570312, 303.02227783203125, 208.05691528320312, 332.85791015625], [332.53985595703125, 673.6068115234375, 406.83367919921875, 710.2506103515625]]}