{"categories": [0, 56, 58], "bboxes": [[115.28717041015625, 86.4632568359375, 280.0448913574219, 472.83953857421875], [253.6973419189453, 355.16888427734375, 317.0377197265625, 465.693359375], [480.69244384765625, 30.202978134155273, 587.1176147460938, 70.0479736328125]]}