{"categories": [0, 16, 58], "bboxes": [[283.812744140625, 68.22381591796875, 363.50244140625, 275.84881591796875], [151.48135375976562, 303.9412536621094, 198.17031860351562, 333.0], [15.758935928344727, 173.55221557617188, 52.67097473144531, 235.1671142578125]]}