{"categories": [0], "bboxes": [[164.1611328125, 91.08880615234375, 320.7980041503906, 577.4449462890625]]}