{"categories": [0, 27, 73, 74, 77], "bboxes": [[214.32540893554688, 36.579010009765625, 676.3243408203125, 673.6348876953125], [536.560791015625, 323.78814697265625, 597.77587890625, 522.4396362304688], [270.3250732421875, 295.41839599609375, 345.8975830078125, 374.5648193359375], [801.7921142578125, 650.3228149414062, 835.8521728515625, 678.1880493164062], [586.3806762695312, 525.443115234375, 718.1724243164062, 679.7347412109375]]}