{"categories": [0, 2, 5, 13, 26, 60, 73], "bboxes": [[837.5667724609375, 147.7052459716797, 1009.8890380859375, 633.3082275390625], [989.8030395507812, 275.3774108886719, 1023.0, 350.9361267089844], [285.58624267578125, 177.37557983398438, 791.7153930664062, 341.9508361816406], [3.7426605224609375, 321.012939453125, 117.81462860107422, 388.8958740234375], [237.71597290039062, 298.97576904296875, 285.4830627441406, 379.64044189453125], [3.7115554809570312, 311.6650695800781, 115.73518371582031, 390.3168029785156], [388.3011474609375, 545.4033203125, 452.1446533203125, 574.56298828125]]}