{"categories": [0, 27], "bboxes": [[240.70816040039062, 311.91033935546875, 425.0971984863281, 554.3738403320312], [461.36126708984375, 246.51889038085938, 548.2096557617188, 619.6092529296875]]}