{"categories": [0, 40, 56, 62], "bboxes": [[555.11865234375, 30.086898803710938, 715.3203125, 361.38238525390625], [417.42364501953125, 256.21405029296875, 438.52593994140625, 311.80145263671875], [66.71139526367188, 65.33834075927734, 107.19242858886719, 116.19310760498047], [0.16936874389648438, 4.66595458984375, 68.40438842773438, 139.5998077392578]]}