{"categories": [0, 26, 27, 39], "bboxes": [[0.0, 7.197723388671875, 461.699462890625, 679.92578125], [842.0494995117188, 443.3770751953125, 979.9508666992188, 600.6141357421875], [622.3759155273438, 307.9014892578125, 674.5045776367188, 414.0562744140625], [866.9742431640625, 408.22589111328125, 897.248779296875, 473.31396484375]]}