{"categories": [0, 27, 39, 59, 62, 73], "bboxes": [[266.1220703125, 116.26388549804688, 757.3090209960938, 671.314697265625], [450.4827575683594, 352.5805358886719, 483.9525451660156, 451.9353332519531], [436.3389587402344, 63.13800048828125, 496.0978088378906, 135.36654663085938], [244.04330444335938, 478.541748046875, 866.878662109375, 675.764404296875], [251.49795532226562, 1.08154296875, 572.0115966796875, 207.46408081054688], [222.2749786376953, 428.1392822265625, 275.296630859375, 530.5914306640625]]}