{"categories": [0, 40], "bboxes": [[219.89393615722656, 180.35665893554688, 494.1707763671875, 894.173583984375], [646.2429809570312, 440.13519287109375, 673.5570678710938, 499.28668212890625]]}