{"categories": [0, 36, 56], "bboxes": [[76.83436584472656, 34.63706970214844, 343.838623046875, 499.0], [73.21429443359375, 0.0, 227.55758666992188, 334.260986328125], [236.42599487304688, 421.0787658691406, 351.0, 496.1849670410156]]}