{"categories": [0, 26, 27, 39, 41, 73], "bboxes": [[9.849563598632812, 7.16925048828125, 387.36138916015625, 899.2099609375], [930.4564208984375, 331.2567138671875, 1018.6219482421875, 845.369873046875], [580.6622924804688, 268.4698791503906, 630.3550415039062, 508.8066711425781], [372.123046875, 515.42236328125, 394.3623046875, 591.600830078125], [974.8604125976562, 874.27197265625, 1023.0, 916.881103515625], [505.2913818359375, 647.9574584960938, 755.4859619140625, 865.4321899414062]]}