{"categories": [0, 27, 40, 41, 45, 73, 75], "bboxes": [[742.992431640625, 111.46151733398438, 992.16552734375, 373.0903015136719], [249.35679626464844, 196.22044372558594, 335.82916259765625, 590.7230224609375], [609.3837280273438, 311.4505615234375, 635.6381225585938, 369.4898681640625], [634.4463500976562, 316.73577880859375, 660.1663208007812, 370.2142333984375], [701.4268188476562, 337.3040771484375, 776.9856567382812, 369.7093505859375], [812.7396850585938, 273.2280578613281, 949.9644165039062, 371.5282897949219], [659.601318359375, 15.498367309570312, 746.6044921875, 333.5369873046875]]}