{"categories": [0, 54], "bboxes": [[457.931640625, 203.1075439453125, 795.31005859375, 693.9736938476562], [161.0641326904297, 453.95770263671875, 234.0543670654297, 530.7840576171875]]}