{"categories": [0, 2, 24], "bboxes": [[399.63720703125, 76.87467956542969, 599.9293823242188, 511.43218994140625], [304.0026550292969, 192.74623107910156, 433.0858459472656, 311.22845458984375], [15.93954849243164, 452.5533142089844, 141.93783569335938, 558.2728271484375]]}