{"categories": [0, 1, 41, 57], "bboxes": [[491.1163024902344, 105.062744140625, 736.292724609375, 673.6259155273438], [826.2608032226562, 539.0609130859375, 980.9697875976562, 678.674560546875], [837.6201782226562, 492.1605224609375, 869.3887329101562, 526.7666015625], [5.769134521484375, 511.0585021972656, 568.2100830078125, 676.1282958984375]]}