{"categories": [0, 41, 58], "bboxes": [[156.99957275390625, 32.54710388183594, 333.0, 497.4647216796875], [61.16417694091797, 252.341796875, 245.67037963867188, 480.1893310546875], [0.20164108276367188, 67.07089233398438, 50.155738830566406, 230.54562377929688]]}