{"categories": [0, 56], "bboxes": [[13.661491394042969, 378.3641357421875, 216.78369140625, 672.32275390625], [300.465087890625, 629.506591796875, 407.59588623046875, 675.44775390625]]}