{"categories": [0, 27, 56, 60, 62, 65, 76], "bboxes": [[39.806732177734375, 16.3109130859375, 573.135986328125, 653.8335571289062], [264.3354187011719, 272.5301208496094, 324.0528869628906, 488.1302185058594], [1.675680160522461, 470.26300048828125, 56.467201232910156, 682.0], [91.52188110351562, 484.79461669921875, 888.535400390625, 672.5579223632812], [409.1584777832031, 1.5921630859375, 994.4083251953125, 250.8458709716797], [484.2458190917969, 498.20989990234375, 550.6920166015625, 561.4616088867188], [644.9677124023438, 423.5865478515625, 809.5482788085938, 657.416259765625]]}