{"categories": [0, 32], "bboxes": [[294.36474609375, 42.440216064453125, 699.1319580078125, 751.986572265625], [282.70037841796875, 205.27272033691406, 331.26959228515625, 262.82159423828125]]}