{"categories": [0, 41, 57, 59], "bboxes": [[99.25956726074219, 123.48275756835938, 540.4081420898438, 678.08740234375], [214.4478759765625, 288.8165283203125, 257.17791748046875, 365.03167724609375], [0.0, 376.428466796875, 695.83544921875, 673.366943359375], [31.8134765625, 330.51165771484375, 1023.0, 666.2383422851562]]}