{"categories": [0, 8, 29], "bboxes": [[505.59588623046875, 354.8163146972656, 618.5217895507812, 658.997314453125], [711.5195922851562, 168.76268005371094, 760.3041381835938, 184.1446075439453], [233.1883087158203, 527.064697265625, 305.575439453125, 575.8067626953125]]}