{"categories": [0, 27], "bboxes": [[0.0, 198.945556640625, 467.387939453125, 676.3856201171875], [264.6035461425781, 459.6312561035156, 379.7703552246094, 542.2957763671875]]}