{"categories": [0], "bboxes": [[390.2998046875, 200.57928466796875, 849.2340087890625, 760.9994506835938]]}