{"categories": [0, 1, 16, 41, 67], "bboxes": [[285.3893737792969, 66.52195739746094, 793.3984375, 424.68182373046875], [778.917236328125, 486.3479919433594, 945.6951904296875, 678.2985229492188], [23.215126037597656, 497.09259033203125, 226.49862670898438, 674.1444702148438], [521.3629150390625, 341.7456359863281, 620.8248291015625, 427.4870910644531], [513.1851196289062, 168.1117706298828, 548.1592407226562, 236.8158416748047]]}