{"categories": [0, 27, 41, 56, 60, 65, 67, 73, 74], "bboxes": [[566.0509643554688, 141.89059448242188, 950.7330932617188, 642.980712890625], [291.83856201171875, 309.013671875, 358.954833984375, 493.98175048828125], [599.0283813476562, 520.7222900390625, 640.7759399414062, 575.67626953125], [772.7468872070312, 386.59307861328125, 1023.0, 677.6553344726562], [153.20181274414062, 519.5009765625, 1022.4715576171875, 674.024658203125], [318.64398193359375, 291.6288757324219, 361.96502685546875, 347.9336242675781], [754.3292846679688, 626.5325317382812, 856.1469116210938, 650.1355590820312], [270.5769348144531, 487.10186767578125, 330.2582702636719, 517.5399169921875], [667.3070678710938, 302.3478088378906, 692.0510864257812, 331.0978698730469]]}