{"categories": [0, 27, 39, 40, 41, 44, 45, 54, 60], "bboxes": [[13.390449523925781, 288.18902587890625, 266.4721984863281, 569.6239013671875], [525.1382446289062, 227.42544555664062, 558.1395874023438, 343.8929138183594], [161.1146240234375, 500.41448974609375, 191.52090454101562, 539.0701293945312], [264.5040283203125, 453.25067138671875, 322.11297607421875, 578.4846801757812], [639.1671752929688, 558.1264038085938, 696.7089233398438, 605.3892211914062], [262.87933349609375, 531.3574829101562, 308.09527587890625, 584.8969116210938], [318.742431640625, 565.4244995117188, 425.55609130859375, 632.7886352539062], [518.0548095703125, 502.3382873535156, 563.052734375, 532.4761962890625], [6.9315185546875, 483.17010498046875, 922.8736572265625, 676.2825317382812]]}