{"categories": [0, 13, 56, 60, 73], "bboxes": [[297.7669677734375, 304.0579833984375, 414.513427734375, 623.8868408203125], [146.8936004638672, 433.9677429199219, 500.9703369140625, 621.4627075195312], [546.83544921875, 318.1396789550781, 736.2958984375, 637.373779296875], [545.5484008789062, 407.85809326171875, 748.4688110351562, 651.2968139648438], [634.5901489257812, 431.32354736328125, 685.8473510742188, 447.19073486328125]]}