{"categories": [0, 27, 56, 58, 60], "bboxes": [[329.09832763671875, 193.87017822265625, 579.7264404296875, 542.4053955078125], [200.798583984375, 345.32781982421875, 230.30374145507812, 437.3328857421875], [3.1726722717285156, 433.2422180175781, 75.39918518066406, 512.2723999023438], [422.44647216796875, 403.37994384765625, 578.84765625, 547.5868530273438], [16.62799072265625, 447.19281005859375, 681.0, 1001.3696899414062]]}