{"categories": [0, 27, 65, 75, 76], "bboxes": [[0.0, 6.4097747802734375, 175.17617797851562, 370.3436279296875], [264.67559814453125, 96.91123962402344, 304.654052734375, 317.72674560546875], [48.871368408203125, 109.98355865478516, 66.77313995361328, 132.9729461669922], [454.2445983886719, 170.84840393066406, 496.2189025878906, 270.258544921875], [36.890777587890625, 163.7657012939453, 96.76409912109375, 303.710205078125]]}