{"categories": [0, 58, 74], "bboxes": [[479.7820129394531, 367.5575866699219, 673.935302734375, 1004.5677490234375], [581.7275390625, 437.892822265625, 670.1527099609375, 566.3748779296875], [212.3173370361328, 383.7975769042969, 231.82020568847656, 430.8284606933594]]}