{"categories": [0, 26, 41, 59, 73], "bboxes": [[576.45947265625, 74.62069702148438, 871.4993896484375, 531.779541015625], [234.8111114501953, 169.4937744140625, 433.45465087890625, 274.2705993652344], [59.59497833251953, 303.0898742675781, 97.78229522705078, 340.3785095214844], [78.81072998046875, 144.63937377929688, 944.1311645507812, 646.1966552734375], [93.23023986816406, 238.71177673339844, 178.78929138183594, 318.10333251953125]]}