{"categories": [0, 5, 7, 37], "bboxes": [[397.88897705078125, 85.13265991210938, 681.8973999023438, 805.0364990234375], [60.48686218261719, 54.12406921386719, 290.339111328125, 233.54710388183594], [35.5030517578125, 39.204345703125, 448.386474609375, 551.0747680664062], [186.2434539794922, 400.2638854980469, 586.3480834960938, 610.3993530273438]]}