{"categories": [0, 27, 62], "bboxes": [[34.82476806640625, 5.399261474609375, 796.4873046875, 662.9736328125], [507.29547119140625, 393.7442626953125, 581.2719116210938, 536.0650634765625], [931.6380615234375, 337.1743469238281, 1022.4937744140625, 583.9674072265625]]}