{"categories": [0, 27, 67], "bboxes": [[278.9864501953125, 85.17047119140625, 442.68585205078125, 637.9476928710938], [499.7922668457031, 219.64474487304688, 537.9679565429688, 344.7724914550781], [301.6136169433594, 541.7500610351562, 419.7334289550781, 586.9950561523438]]}