{"categories": [0, 56, 57, 58, 60], "bboxes": [[715.89501953125, 194.42987060546875, 1009.0985107421875, 433.5595703125], [179.73233032226562, 525.8110961914062, 305.6723937988281, 677.6190795898438], [459.35772705078125, 268.7498779296875, 546.0358276367188, 333.012451171875], [582.3853149414062, 232.88467407226562, 614.1299438476562, 293.7596130371094], [217.73202514648438, 330.90460205078125, 997.047607421875, 669.8787231445312]]}