{"categories": [0], "bboxes": [[535.3078002929688, 361.3352966308594, 851.6036987304688, 945.3763427734375]]}