{"categories": [0, 2, 58], "bboxes": [[484.72503662109375, 35.066253662109375, 861.0756225585938, 1011.1204833984375], [0.3768424987792969, 335.66455078125, 20.649799346923828, 395.9625244140625], [5.579643249511719, 770.2310180664062, 249.83682250976562, 1006.9365844726562]]}