{"categories": [0, 56, 61, 62], "bboxes": [[524.2861328125, 198.17520141601562, 665.8564453125, 636.7266845703125], [242.8100128173828, 411.63623046875, 417.830322265625, 564.7838745117188], [192.21022033691406, 375.61212158203125, 261.19342041015625, 524.6533813476562], [735.8319702148438, 17.63610076904297, 771.2529907226562, 124.93689727783203]]}