{"categories": [0, 26, 34, 35, 56, 63, 78], "bboxes": [[156.47210693359375, 211.2476806640625, 281.0212097167969, 470.22100830078125], [172.1156463623047, 296.35516357421875, 234.1424102783203, 352.95416259765625], [651.3383178710938, 229.44570922851562, 677.1482543945312, 323.1061096191406], [247.23146057128906, 267.1332092285156, 289.0010986328125, 300.9160461425781], [937.1104125976562, 327.1147155761719, 1022.3491821289062, 453.7530822753906], [56.69853591918945, 247.22332763671875, 166.4942169189453, 288.9609375], [954.0800170898438, 35.9521369934082, 1023.0, 113.78897094726562]]}