{"categories": [0, 43, 59, 78], "bboxes": [[0.76727294921875, 77.97857666015625, 552.935791015625, 678.0567626953125], [567.931640625, 350.43975830078125, 709.3033447265625, 451.1280517578125], [0.0, 402.19244384765625, 698.374267578125, 674.0291137695312], [415.79083251953125, 392.3585510253906, 652.8751831054688, 522.8016357421875]]}