{"categories": [0, 2, 7, 26, 27], "bboxes": [[262.41546630859375, 155.25885009765625, 416.01873779296875, 617.3170166015625], [109.14164733886719, 227.3269500732422, 242.80104064941406, 320.49578857421875], [3.40582275390625, 213.01864624023438, 138.89193725585938, 357.5415344238281], [739.8968505859375, 399.1664733886719, 775.466064453125, 503.8493347167969], [516.0237426757812, 253.30755615234375, 547.8067016601562, 406.2501220703125]]}