{"categories": [0, 32], "bboxes": [[129.44891357421875, 63.60943603515625, 788.9939575195312, 834.86474609375], [202.08253479003906, 670.53076171875, 306.45135498046875, 774.43505859375]]}