{"categories": [0, 24, 41, 56], "bboxes": [[242.1558074951172, 182.0320587158203, 529.7859497070312, 656.6729736328125], [221.29400634765625, 372.1715393066406, 292.03564453125, 489.8274841308594], [73.17994689941406, 478.5001220703125, 100.99688720703125, 519.851318359375], [668.0675048828125, 386.6531066894531, 922.5643310546875, 651.7032470703125]]}