{"categories": [0, 24], "bboxes": [[455.6544494628906, 140.955078125, 696.5296020507812, 759.02392578125], [771.3736572265625, 193.16261291503906, 914.932373046875, 432.34454345703125]]}