{"categories": [0], "bboxes": [[34.3663330078125, 155.15875244140625, 761.8513793945312, 987.6390991210938]]}