{"categories": [0, 29], "bboxes": [[278.390869140625, 222.30516052246094, 507.10064697265625, 680.0003662109375], [305.0010681152344, 69.07701873779297, 384.0243225097656, 90.60970306396484]]}