{"categories": [0, 26, 56, 58, 60, 75], "bboxes": [[786.4957275390625, 192.1530303955078, 919.789794921875, 674.7084350585938], [606.4449462890625, 249.10433959960938, 702.20849609375, 428.6520080566406], [76.15636444091797, 560.408203125, 298.1510925292969, 669.8031005859375], [375.9230651855469, 334.7530822753906, 496.0124816894531, 461.5459289550781], [379.6042785644531, 408.2718505859375, 536.2589111328125, 655.4296875], [410.2580871582031, 414.3077392578125, 450.9920959472656, 459.939208984375]]}