{"categories": [0, 41], "bboxes": [[0.08728790283203125, 0.0, 181.14401245117188, 658.6182861328125], [432.29974365234375, 574.1060791015625, 457.83538818359375, 611.3719482421875]]}