{"categories": [0, 25, 26, 27, 56, 67], "bboxes": [[326.9888916015625, 88.24813842773438, 695.7992553710938, 677.4044189453125], [334.30267333984375, 0.0, 988.5256958007812, 429.7557678222656], [449.5081481933594, 265.626220703125, 683.9365234375, 633.2742919921875], [469.61083984375, 255.18206787109375, 519.0388793945312, 402.4822998046875], [238.32000732421875, 516.41845703125, 408.5386962890625, 673.0767822265625], [404.2144775390625, 340.86248779296875, 453.9886474609375, 422.85552978515625]]}