{"categories": [0, 28, 39, 45, 56, 57, 60, 63, 64, 66, 73], "bboxes": [[771.73046875, 30.592544555664062, 1003.0555419921875, 538.1212768554688], [920.8109741210938, 284.92303466796875, 1023.0, 504.20513916015625], [599.7422485351562, 469.6388854980469, 639.7705688476562, 575.5321655273438], [559.728271484375, 520.1502075195312, 599.2169189453125, 549.5499877929688], [398.45684814453125, 237.30575561523438, 466.55340576171875, 309.4200134277344], [379.65380859375, 232.18338012695312, 706.42919921875, 335.1448059082031], [110.41128540039062, 337.1205139160156, 740.93603515625, 659.95947265625], [188.35479736328125, 591.481689453125, 438.15130615234375, 678.967529296875], [344.2413330078125, 577.9175415039062, 432.45867919921875, 632.1422729492188], [338.29693603515625, 512.603759765625, 500.17132568359375, 563.490966796875], [268.7879638671875, 351.9244079589844, 378.565185546875, 394.7526550292969]]}