{"categories": [0], "bboxes": [[307.7378234863281, 149.25411987304688, 675.8988037109375, 1016.2208251953125]]}