{"categories": [0, 25, 26, 27], "bboxes": [[5.684356689453125, 349.0312194824219, 523.09130859375, 1003.8294677734375], [101.38275146484375, 4.889129638671875, 661.5732421875, 638.94677734375], [491.95867919921875, 565.5997924804688, 596.1373901367188, 807.0291137695312], [569.642822265625, 662.4540405273438, 644.7783203125, 981.1117553710938]]}