{"categories": [0, 27, 53, 56, 58], "bboxes": [[291.7464599609375, 185.26345825195312, 521.468017578125, 857.2890625], [418.666015625, 301.8772888183594, 441.6416015625, 385.0204162597656], [95.46853637695312, 520.545166015625, 193.63800048828125, 603.387939453125], [541.9806518554688, 368.6970520019531, 594.7466430664062, 517.1115112304688], [177.664794921875, 107.29571533203125, 250.2730712890625, 210.03936767578125]]}