{"categories": [0, 28, 42, 43, 56, 79], "bboxes": [[395.80035400390625, 242.75796508789062, 521.1344604492188, 349.9338073730469], [55.20613098144531, 536.0095825195312, 527.9153442382812, 962.0888061523438], [150.25762939453125, 250.92886352539062, 270.2875671386719, 358.8824768066406], [1.6896438598632812, 293.1968994140625, 95.81893157958984, 577.3324584960938], [458.6095275878906, 590.160400390625, 683.3125, 989.4888916015625], [145.66163635253906, 247.8201904296875, 239.55003356933594, 323.0146484375]]}