{"categories": [0, 25, 27, 37, 60], "bboxes": [[672.4421997070312, 179.50608825683594, 851.2388305664062, 678.651123046875], [402.399169921875, 0.0, 534.034912109375, 624.5760498046875], [66.70762634277344, 6.3566741943359375, 157.78256225585938, 297.1494140625], [622.309814453125, 13.885513305664062, 723.071044921875, 401.6942138671875], [699.0269165039062, 597.7769775390625, 1011.4483032226562, 678.218505859375]]}