{"categories": [0, 79], "bboxes": [[218.91664123535156, 484.8591613769531, 632.7196044921875, 1020.1727294921875], [319.5224914550781, 603.8839721679688, 392.6820983886719, 694.3943481445312]]}