{"categories": [0, 2, 5, 7, 33, 39], "bboxes": [[387.8016357421875, 195.65814208984375, 494.45745849609375, 535.444580078125], [309.3852844238281, 121.35762023925781, 500.3399353027344, 206.3430633544922], [491.1141052246094, 85.81976318359375, 582.9751586914062, 124.99696350097656], [144.169921875, 105.08296203613281, 249.61300659179688, 212.61231994628906], [49.14289855957031, 382.96051025390625, 262.51263427734375, 680.3338012695312], [242.0784454345703, 594.0752563476562, 280.31463623046875, 626.6802368164062]]}