{"categories": [0, 7, 27, 37, 39, 62], "bboxes": [[310.16851806640625, 216.00912475585938, 427.77410888671875, 605.5098876953125], [458.3453063964844, 187.03213500976562, 629.500732421875, 306.13714599609375], [697.1151733398438, 313.92327880859375, 747.2402954101562, 447.0919189453125], [529.2180786132812, 472.22967529296875, 619.4921264648438, 578.0259399414062], [956.1707153320312, 501.916015625, 980.4841918945312, 562.5699462890625], [846.208984375, 160.04977416992188, 1019.343017578125, 312.53692626953125]]}