{"categories": [0, 35], "bboxes": [[271.43548583984375, 225.0855712890625, 444.41668701171875, 650.63525390625], [826.3222045898438, 499.0251770019531, 896.9083862304688, 599.7299194335938]]}