{"categories": [0, 27], "bboxes": [[0.0, 20.636627197265625, 607.6923828125, 856.4517822265625], [380.75299072265625, 405.1619567871094, 426.18463134765625, 583.4561157226562]]}