{"categories": [0, 13, 43, 56, 58, 60, 65, 73, 74], "bboxes": [[231.82058715820312, 290.5015869140625, 387.9790344238281, 428.338134765625], [334.38104248046875, 339.7489318847656, 699.7576293945312, 423.9866027832031], [655.1659545898438, 432.4000549316406, 705.4855346679688, 474.5420837402344], [194.91482543945312, 376.343994140625, 228.00347900390625, 421.5887451171875], [372.5469970703125, 402.49920654296875, 641.1380615234375, 498.49847412109375], [32.732879638671875, 403.58624267578125, 986.0052490234375, 673.2617797851562], [39.68037414550781, 394.0146484375, 95.44676208496094, 414.057373046875], [691.2733764648438, 402.44793701171875, 836.2166137695312, 447.5445556640625], [820.9354248046875, 57.585533142089844, 874.2073974609375, 114.54378509521484]]}