{"categories": [0, 27, 65], "bboxes": [[236.93612670898438, 134.2747802734375, 587.7613525390625, 680.6412353515625], [746.3074951171875, 179.63571166992188, 774.48388671875, 242.68951416015625], [800.3126220703125, 296.7948303222656, 821.9522705078125, 327.9285583496094]]}