{"categories": [0, 25, 39, 43, 45, 56, 58, 60, 67, 75], "bboxes": [[100.28321075439453, 331.91351318359375, 318.70721435546875, 675.885986328125], [45.186431884765625, 0.0, 1002.1966552734375, 570.208984375], [340.1080627441406, 423.7942810058594, 365.1491394042969, 477.9809265136719], [990.10400390625, 466.94879150390625, 1022.34130859375, 523.0586547851562], [900.3164672851562, 464.621337890625, 952.2825317382812, 490.0723876953125], [60.831024169921875, 464.6101379394531, 230.14498901367188, 679.7935791015625], [34.63959884643555, 315.5383605957031, 145.41062927246094, 438.5533142089844], [234.70816040039062, 403.81884765625, 435.8168029785156, 647.314697265625], [329.8736572265625, 490.5197448730469, 372.98199462890625, 522.7155151367188], [17.99925994873047, 384.2698669433594, 53.620872497558594, 420.0757751464844]]}