{"categories": [0, 24, 39, 41, 42, 43, 56, 58, 60, 73], "bboxes": [[669.5694580078125, 268.19207763671875, 1001.9105224609375, 568.4370727539062], [0.0, 255.54736328125, 99.19216918945312, 562.8370361328125], [714.6087646484375, 0.0, 732.923828125, 40.074989318847656], [341.4159240722656, 610.2743530273438, 487.5115661621094, 763.0816040039062], [864.9209594726562, 545.9745483398438, 959.9314575195312, 601.4083862304688], [861.2423095703125, 549.6630249023438, 945.197509765625, 607.3561401367188], [85.41465759277344, 334.68096923828125, 178.98536682128906, 706.9376831054688], [867.0242309570312, 0.7294940948486328, 904.0029907226562, 53.08119201660156], [121.99392700195312, 529.4598999023438, 992.118408203125, 758.0264282226562], [303.9913635253906, 470.46502685546875, 658.669921875, 568.2894897460938]]}