{"categories": [0, 27], "bboxes": [[10.832626342773438, 41.862884521484375, 297.83642578125, 970.57958984375], [175.62109375, 211.7674102783203, 209.86117553710938, 464.89501953125]]}