{"categories": [0, 27, 40, 41, 43, 56, 62, 63, 75], "bboxes": [[198.0360870361328, 230.10177612304688, 647.0032348632812, 675.405029296875], [498.7510070800781, 414.00665283203125, 530.5208740234375, 453.47900390625], [613.4111938476562, 503.3010559082031, 659.8707885742188, 669.8341064453125], [627.009521484375, 503.8093566894531, 749.0413818359375, 679.1249389648438], [66.79568481445312, 476.4792175292969, 136.9756317138672, 679.6963500976562], [136.72610473632812, 488.9706726074219, 237.36367797851562, 679.3025512695312], [67.80636596679688, 322.8255615234375, 342.7082824707031, 503.79144287109375], [68.33198547363281, 316.0577697753906, 341.95770263671875, 488.3043518066406], [629.6832275390625, 509.47119140625, 753.5162353515625, 684.0]]}