{"categories": [0, 13, 41, 56, 60, 73], "bboxes": [[368.9423522949219, 215.07958984375, 699.893798828125, 507.38165283203125], [50.382171630859375, 489.28466796875, 985.5819091796875, 676.10400390625], [933.2210693359375, 411.31829833984375, 978.659423828125, 492.04400634765625], [317.0599060058594, 353.8199462890625, 389.5501403808594, 501.323486328125], [0.0, 495.40155029296875, 1023.0, 677.0009155273438], [837.2110595703125, 388.7276306152344, 895.68603515625, 508.0455627441406]]}