{"categories": [0, 27], "bboxes": [[50.64793395996094, 194.0973358154297, 238.5735321044922, 677.485595703125], [132.90603637695312, 291.7066345214844, 153.51687622070312, 338.9993591308594]]}