{"categories": [0, 27, 56, 60, 65, 67, 73], "bboxes": [[241.260009765625, 43.11450958251953, 472.78656005859375, 257.75372314453125], [330.127685546875, 137.09275817871094, 351.77655029296875, 196.71250915527344], [547.087890625, 312.357666015625, 914.91259765625, 660.7945556640625], [130.63412475585938, 160.97036743164062, 801.3424072265625, 604.4503173828125], [487.1838073730469, 324.5352783203125, 534.8140869140625, 352.17376708984375], [604.133056640625, 191.76971435546875, 645.0386962890625, 212.8739013671875], [339.258056640625, 252.64846801757812, 513.0603637695312, 374.9723205566406]]}