{"categories": [0, 26], "bboxes": [[439.561767578125, 300.08184814453125, 547.6685180664062, 601.56298828125], [177.64657592773438, 366.8944091796875, 213.36441040039062, 432.60858154296875]]}