{"categories": [0, 24, 39, 41, 56, 60, 71, 73], "bboxes": [[398.62457275390625, 165.90655517578125, 684.6422729492188, 625.0916137695312], [694.1245727539062, 422.6825256347656, 814.4893188476562, 578.7937622070312], [102.82146453857422, 524.5513305664062, 144.50244140625, 643.7263793945312], [643.5067749023438, 606.292236328125, 682.0980834960938, 639.8533935546875], [804.02490234375, 588.0844116210938, 868.2445068359375, 632.0014038085938], [42.995025634765625, 550.3282470703125, 1023.0, 673.4482421875], [260.954833984375, 636.7590942382812, 997.3941650390625, 675.4793090820312], [496.6281433105469, 406.0809631347656, 622.1717529296875, 535.215087890625]]}