{"categories": [0, 13], "bboxes": [[336.82904052734375, 487.66265869140625, 494.7548828125, 923.0609741210938], [94.11859130859375, 744.5694580078125, 584.6441040039062, 918.556884765625]]}