{"categories": [0, 60], "bboxes": [[0.0, 54.366302490234375, 506.6240234375, 663.526611328125], [122.46304321289062, 474.8538818359375, 1021.87890625, 680.3458251953125]]}