{"categories": [0, 24, 26, 39, 40, 41, 42, 43, 44, 56, 58, 60], "bboxes": [[3.695831298828125, 46.88427734375, 490.04302978515625, 670.0009155273438], [23.642532348632812, 6.269134521484375, 214.1929931640625, 206.69754028320312], [880.0056762695312, 364.842529296875, 992.8002319335938, 502.96240234375], [5.507343292236328, 498.5503234863281, 99.12179565429688, 680.6348876953125], [962.0018310546875, 452.760498046875, 1023.0, 587.8206787109375], [850.2708129882812, 567.9900512695312, 956.9445190429688, 680.9246215820312], [913.6814575195312, 510.22198486328125, 958.7955932617188, 567.1665649414062], [261.24639892578125, 617.5294189453125, 292.06201171875, 682.0], [261.057373046875, 618.1434936523438, 290.58050537109375, 682.0], [878.1192626953125, 341.1387939453125, 945.1181640625, 411.7747802734375], [675.4305419921875, 120.6805648803711, 803.0302734375, 265.3387451171875], [294.4754943847656, 476.16729736328125, 1017.273681640625, 676.4296264648438]]}