{"categories": [0, 28, 39, 40, 56, 57, 63, 76], "bboxes": [[0.0, 125.88604736328125, 322.25653076171875, 656.548095703125], [2.6233062744140625, 449.3056945800781, 293.42254638671875, 676.00244140625], [544.1914672851562, 130.8113250732422, 586.3880004882812, 277.7435302734375], [0.0, 202.73828125, 42.21531677246094, 302.9093017578125], [780.6880493164062, 340.4029846191406, 935.0272827148438, 681.9927978515625], [437.94952392578125, 599.6802978515625, 838.1022338867188, 677.4268798828125], [10.583419799804688, 474.544677734375, 308.093017578125, 666.9520263671875], [416.14312744140625, 311.7308349609375, 478.458740234375, 662.980712890625]]}