{"categories": [0, 24], "bboxes": [[6.0944061279296875, 88.31533813476562, 338.36181640625, 1012.432861328125], [403.5321350097656, 271.241455078125, 526.6101684570312, 542.8009033203125]]}