{"categories": [0, 27], "bboxes": [[49.4522705078125, 140.65676879882812, 436.5033874511719, 666.109375], [118.8303451538086, 422.13885498046875, 221.18063354492188, 579.5318603515625]]}