{"categories": [0, 32, 56], "bboxes": [[62.814727783203125, 53.368072509765625, 907.885986328125, 902.17919921875], [441.1500244140625, 783.635986328125, 564.2047729492188, 902.7308349609375], [113.64496612548828, 268.79345703125, 185.67422485351562, 326.811279296875]]}