{"categories": [0, 67], "bboxes": [[0.0, 145.02914428710938, 355.76043701171875, 679.5390625], [644.4052734375, 362.3825378417969, 686.993408203125, 408.5824890136719]]}