{"categories": [0, 26, 56], "bboxes": [[459.0321044921875, 214.82093811035156, 649.8624267578125, 679.1205444335938], [5.569786071777344, 362.85699462890625, 97.38813018798828, 644.25244140625], [855.5595703125, 312.4095764160156, 901.7342529296875, 454.7536315917969]]}