{"categories": [0, 9, 27, 40, 73], "bboxes": [[732.7338256835938, 147.55458068847656, 936.5413208007812, 589.0245361328125], [960.98291015625, 119.95706939697266, 994.7559814453125, 172.2061004638672], [813.7081909179688, 247.94247436523438, 835.5315551757812, 326.0918273925781], [255.82546997070312, 364.83843994140625, 274.7381286621094, 400.78265380859375], [175.95753479003906, 400.06646728515625, 307.66925048828125, 484.621826171875]]}