{"categories": [0, 24, 26, 28, 39], "bboxes": [[816.8092651367188, 151.80624389648438, 1019.2658081054688, 669.0003662109375], [148.79373168945312, 571.181884765625, 267.6158752441406, 681.4530029296875], [199.16009521484375, 294.52545166015625, 264.5930480957031, 477.40057373046875], [0.19884490966796875, 464.3044738769531, 134.04959106445312, 674.4049072265625], [117.78982543945312, 470.3887023925781, 151.1634521484375, 557.175048828125]]}