{"categories": [0, 39, 41, 48, 56, 72], "bboxes": [[539.9683837890625, 82.87301635742188, 901.6063232421875, 679.265380859375], [191.73495483398438, 196.6149139404297, 215.41268920898438, 256.7475280761719], [126.67649841308594, 133.0401153564453, 145.6719207763672, 161.02528381347656], [702.0574340820312, 451.8013000488281, 756.3638305664062, 535.9526977539062], [713.7278442382812, 599.66357421875, 781.0316772460938, 679.909912109375], [359.91033935546875, 13.0809326171875, 730.3025512695312, 639.519775390625]]}