{"categories": [0, 8, 39, 56], "bboxes": [[13.231727600097656, 139.2601776123047, 152.03823852539062, 404.8609619140625], [122.61114501953125, 17.993911743164062, 709.0, 403.06732177734375], [423.9856262207031, 213.56182861328125, 445.2617492675781, 265.3672790527344], [3.9264259338378906, 340.07666015625, 117.55900573730469, 407.79791259765625]]}