{"categories": [0, 39, 40, 41, 74], "bboxes": [[0.07977294921875, 166.37257385253906, 446.10296630859375, 673.465576171875], [992.555908203125, 370.6122131347656, 1023.0, 679.9720458984375], [311.8323059082031, 102.08187866210938, 370.0171203613281, 179.35256958007812], [741.31640625, 597.3968505859375, 838.8375244140625, 683.169677734375], [204.1744384765625, 5.995307922363281, 241.63748168945312, 145.52978515625]]}