{"categories": [0], "bboxes": [[319.9281005859375, 252.772216796875, 702.076416015625, 1012.0439453125]]}