{"categories": [0, 5, 9, 26, 39, 58, 73], "bboxes": [[776.6510620117188, 374.8204345703125, 922.4474487304688, 753.5382080078125], [32.027191162109375, 0.0, 968.5076904296875, 741.94677734375], [529.1083374023438, 324.13336181640625, 559.1697387695312, 358.60498046875], [249.96685791015625, 486.923095703125, 352.59075927734375, 695.820068359375], [717.3612670898438, 507.1492919921875, 741.3434448242188, 588.462158203125], [799.6841430664062, 153.57069396972656, 994.1633911132812, 481.6702880859375], [508.97021484375, 550.5940551757812, 677.44580078125, 592.7534790039062]]}