{"categories": [0, 40, 56, 67, 74], "bboxes": [[271.56005859375, 138.0567626953125, 382.43426513671875, 476.95037841796875], [563.8881225585938, 315.8504943847656, 594.4057006835938, 382.0906677246094], [213.7744903564453, 259.4917297363281, 264.1740417480469, 336.3530578613281], [58.30337905883789, 238.90554809570312, 81.70425415039062, 259.6036071777344], [48.34784698486328, 40.103660583496094, 109.65470123291016, 96.2234878540039]]}