{"categories": [0, 56, 57, 60], "bboxes": [[190.77581787109375, 144.34146118164062, 837.4336547851562, 666.747314453125], [95.17276000976562, 284.7852783203125, 352.65362548828125, 650.1351318359375], [193.42327880859375, 253.66268920898438, 1006.8790893554688, 682.0], [99.25782775878906, 219.737060546875, 415.6270751953125, 308.71649169921875]]}