{"categories": [0, 39, 40, 41, 45, 62, 69, 71], "bboxes": [[757.9197387695312, 235.52442932128906, 1023.0, 676.6410522460938], [734.9478759765625, 486.138916015625, 758.807373046875, 535.9873657226562], [341.2921142578125, 420.72003173828125, 387.61126708984375, 554.3842163085938], [201.10934448242188, 642.6412963867188, 277.92694091796875, 682.0], [682.8706665039062, 535.8706665039062, 785.0602416992188, 636.6093139648438], [455.36016845703125, 78.45864868164062, 761.7472534179688, 348.6416320800781], [165.6544189453125, 376.48468017578125, 305.0623474121094, 645.1604614257812], [550.0580444335938, 580.484130859375, 699.8079223632812, 623.025146484375]]}