{"categories": [0, 7, 8, 13, 56, 58, 60, 65], "bboxes": [[238.61048889160156, 230.38735961914062, 414.0126953125, 615.601806640625], [612.802490234375, 274.0536804199219, 1023.0, 388.4343566894531], [0.0, 614.2003173828125, 253.16055297851562, 681.7674560546875], [71.85731506347656, 383.8827819824219, 539.6927490234375, 602.8985595703125], [881.7007446289062, 414.92547607421875, 1023.0, 615.0482788085938], [573.2369384765625, 306.60943603515625, 660.9554443359375, 396.68634033203125], [604.758544921875, 386.60748291015625, 796.83740234375, 598.713623046875], [961.467041015625, 408.322509765625, 996.2388916015625, 423.79339599609375]]}