{"categories": [0], "bboxes": [[0.0, 123.77267456054688, 337.7978515625, 1007.333984375]]}