{"categories": [0, 2, 26, 37], "bboxes": [[238.18975830078125, 585.6470336914062, 376.6993408203125, 940.3412475585938], [533.9622802734375, 593.2305908203125, 574.52587890625, 617.5762939453125], [70.71086120605469, 625.2379150390625, 119.09941101074219, 708.1995849609375], [403.8360595703125, 725.638671875, 474.45599365234375, 864.9871826171875]]}