{"categories": [0, 27], "bboxes": [[484.8125915527344, 187.1826934814453, 759.1015625, 674.7244873046875], [428.4429016113281, 300.708251953125, 455.8990783691406, 390.88116455078125]]}