{"categories": [0, 27, 56, 74], "bboxes": [[44.74407958984375, 174.74464416503906, 552.3310546875, 678.1038818359375], [573.1367797851562, 365.2772216796875, 619.4254760742188, 481.7039794921875], [851.1555786132812, 599.1199340820312, 944.7135620117188, 677.1237182617188], [404.51666259765625, 199.31175231933594, 432.39031982421875, 261.71612548828125]]}