{"categories": [0, 27, 40, 41, 69], "bboxes": [[131.56222534179688, 12.102630615234375, 289.9081115722656, 326.5242004394531], [186.17657470703125, 136.99473571777344, 234.67547607421875, 168.53529357910156], [257.4737548828125, 197.6253662109375, 293.6707763671875, 274.5387268066406], [341.80078125, 299.09326171875, 385.31134033203125, 332.76922607421875], [263.0304870605469, 260.27215576171875, 296.2899475097656, 333.0]]}