{"categories": [0, 1, 2, 13, 27], "bboxes": [[150.12100219726562, 91.9072265625, 730.6944580078125, 637.1837158203125], [60.715240478515625, 385.94879150390625, 683.5892333984375, 671.8040161132812], [796.8142700195312, 266.0915832519531, 838.8964233398438, 283.1685485839844], [42.2406005859375, 249.19210815429688, 599.172119140625, 670.0743408203125], [305.29522705078125, 225.45565795898438, 354.0615234375, 311.9566345214844]]}