{"categories": [0, 27, 58], "bboxes": [[113.10385131835938, 157.54119873046875, 678.772216796875, 1010.5652465820312], [280.21539306640625, 427.2663879394531, 424.152099609375, 522.1827392578125], [491.8990173339844, 328.3754577636719, 616.8991088867188, 445.5086364746094]]}