{"categories": [0, 26, 56, 67, 73], "bboxes": [[10.350006103515625, 6.13092041015625, 614.3492431640625, 678.2517700195312], [275.8806457519531, 561.1351928710938, 501.4753723144531, 680.7393188476562], [406.1407470703125, 438.3172912597656, 547.664794921875, 535.510498046875], [564.7388916015625, 466.8612976074219, 603.038330078125, 561.6324462890625], [340.4068603515625, 374.800537109375, 457.4517822265625, 474.62890625]]}