{"categories": [0, 27, 33], "bboxes": [[22.424057006835938, 109.52105712890625, 197.11553955078125, 670.8150024414062], [619.62744140625, 233.39950561523438, 638.37158203125, 329.7229919433594], [397.83013916015625, 70.4505615234375, 599.1964721679688, 225.7021484375]]}