{"categories": [0, 38, 65, 73], "bboxes": [[462.5528259277344, 247.07717895507812, 593.8555908203125, 675.7530517578125], [293.4178771972656, 393.6473693847656, 353.6608581542969, 428.4490051269531], [605.9853515625, 489.6767578125, 663.630615234375, 515.4853515625], [605.9735107421875, 491.08038330078125, 682.38671875, 518.3375854492188]]}