{"categories": [0, 41, 46, 53, 56, 59, 60], "bboxes": [[483.64312744140625, 132.86480712890625, 850.7680053710938, 648.735595703125], [203.47723388671875, 252.07672119140625, 235.98709106445312, 310.443603515625], [271.8389587402344, 299.00689697265625, 316.0060119628906, 327.97833251953125], [319.5081787109375, 324.95428466796875, 434.8602294921875, 352.3211669921875], [840.1133422851562, 370.06890869140625, 1020.9098510742188, 674.1299438476562], [171.26907348632812, 195.11915588378906, 717.7188720703125, 654.7001342773438], [195.37847900390625, 249.4834747314453, 616.399169921875, 644.0177001953125]]}