{"categories": [0, 3, 26, 56, 60, 63, 73], "bboxes": [[0.0, 207.86851501464844, 340.5152587890625, 676.463134765625], [729.3927612304688, 429.0627746582031, 1023.0, 653.880126953125], [315.2127685546875, 337.404052734375, 373.3792724609375, 378.2034912109375], [828.9828491210938, 289.59075927734375, 1023.0, 531.0021362304688], [459.77996826171875, 373.02239990234375, 627.0831909179688, 564.578369140625], [750.09716796875, 352.5670166015625, 822.9908447265625, 395.8572998046875], [500.9261474609375, 382.91705322265625, 590.18115234375, 410.13519287109375]]}