{"categories": [0, 34], "bboxes": [[0.0, 7.5565338134765625, 353.94561767578125, 355.05517578125], [4.8182525634765625, 289.4339294433594, 352.57501220703125, 331.4684143066406]]}