{"categories": [0, 18, 19, 26, 40, 41], "bboxes": [[28.0736083984375, 210.20657348632812, 390.9818115234375, 755.2342529296875], [39.823638916015625, 358.087890625, 60.4927978515625, 375.33575439453125], [1.67913818359375, 440.0953674316406, 64.35546875, 613.410400390625], [0.0, 420.74871826171875, 67.30633544921875, 614.6541137695312], [686.1675415039062, 676.3572998046875, 763.7398071289062, 765.4105224609375], [310.1566467285156, 586.3331298828125, 376.9070739746094, 716.7130126953125]]}