{"categories": [0, 24, 26, 28], "bboxes": [[69.42063903808594, 62.1322021484375, 334.78094482421875, 707.255615234375], [232.96176147460938, 223.4019775390625, 482.4371032714844, 518.6730346679688], [145.3170166015625, 262.78045654296875, 320.6814270019531, 622.0405883789062], [156.10470581054688, 472.9986267089844, 337.4065246582031, 694.0184326171875]]}