{"categories": [0, 2, 26, 28, 37], "bboxes": [[393.8497314453125, 71.34091186523438, 600.9478149414062, 740.396484375], [240.94024658203125, 335.8896484375, 736.1897583007812, 639.277099609375], [582.3265380859375, 382.233642578125, 729.4661865234375, 566.1810913085938], [579.9813842773438, 502.514892578125, 730.8038940429688, 602.758544921875], [256.2487487792969, 70.60379028320312, 686.8046875, 137.55947875976562]]}