{"categories": [0, 24, 26, 28, 32], "bboxes": [[855.283203125, 231.73321533203125, 1023.0, 676.8330078125], [706.2766723632812, 337.64044189453125, 834.2429809570312, 500.80023193359375], [557.2960205078125, 537.174072265625, 708.191650390625, 675.3017578125], [560.9329223632812, 542.9059448242188, 705.8724975585938, 671.4772338867188], [84.63075256347656, 119.41561889648438, 189.22169494628906, 243.39410400390625]]}