{"categories": [0, 26, 67], "bboxes": [[650.2307739257812, 24.867233276367188, 798.6732788085938, 442.0228271484375], [457.7174987792969, 189.39024353027344, 611.591064453125, 443.7552490234375], [307.038330078125, 305.1029968261719, 344.19989013671875, 330.9169616699219]]}