{"categories": [0, 74], "bboxes": [[0.0, 117.67694091796875, 431.0347900390625, 1010.4143676757812], [340.4375915527344, 930.0684204101562, 375.5647277832031, 994.0565795898438]]}