{"categories": [0, 13, 34, 60], "bboxes": [[245.6584930419922, 3.55047607421875, 571.6553955078125, 454.1756591796875], [129.2413330078125, 290.61737060546875, 898.3134765625, 680.6220703125], [390.28302001953125, 281.9264221191406, 612.5911865234375, 454.2804870605469], [97.71734619140625, 433.3047790527344, 857.89501953125, 671.9696044921875]]}