{"categories": [0, 73, 74], "bboxes": [[136.5923614501953, 154.32144165039062, 468.0728759765625, 672.532958984375], [701.4798583984375, 578.2257690429688, 775.366455078125, 592.9049682617188], [386.0974426269531, 427.2610168457031, 413.8591003417969, 449.0992126464844]]}