{"categories": [0, 25, 29, 38], "bboxes": [[426.2423095703125, 48.837127685546875, 942.6688232421875, 627.6397705078125], [476.4242858886719, 0.0, 1023.0, 244.802734375], [338.0517272949219, 158.47047424316406, 423.3883972167969, 234.1352081298828], [395.6647644042969, 156.40237426757812, 674.3865966796875, 291.51385498046875]]}