{"categories": [0, 27, 56], "bboxes": [[482.7943420410156, 0.0, 953.4482421875, 663.8499755859375], [950.9852905273438, 273.31951904296875, 1012.8297729492188, 438.07098388671875], [211.6159210205078, 287.33355712890625, 630.6685180664062, 661.2045288085938]]}