{"categories": [0, 5, 27, 58], "bboxes": [[39.44627380371094, 286.3998718261719, 378.412841796875, 1005.6287841796875], [0.0, 0.0, 767.0, 823.8583374023438], [395.04150390625, 452.18609619140625, 519.217041015625, 523.4622802734375], [547.4781494140625, 457.8134460449219, 658.82666015625, 568.1342163085938]]}