{"categories": [0, 24, 26], "bboxes": [[773.0, 426.2098388671875, 894.5606689453125, 760.3594970703125], [808.0286254882812, 479.7785339355469, 878.9917602539062, 581.8153076171875], [424.9781799316406, 539.3314208984375, 464.0282287597656, 657.7528076171875]]}