{"categories": [0, 13, 24, 58, 60, 71, 74], "bboxes": [[374.197021484375, 567.6832275390625, 473.3857421875, 840.7728271484375], [0.0, 940.9376831054688, 318.02325439453125, 1021.9844360351562], [502.8074035644531, 599.5302734375, 561.5038452148438, 676.5836181640625], [543.2139892578125, 520.1472778320312, 648.216796875, 704.5704956054688], [197.43960571289062, 673.4586181640625, 268.49920654296875, 846.848876953125], [252.4196319580078, 491.6632385253906, 314.22967529296875, 516.290771484375], [177.22276306152344, 351.8459167480469, 231.2118682861328, 403.4562683105469]]}