{"categories": [0, 25, 26, 56, 72, 73], "bboxes": [[813.978515625, 314.3475341796875, 948.8333740234375, 676.0613403320312], [1.7851123809814453, 241.79185485839844, 31.0031795501709, 672.1905517578125], [816.1895141601562, 577.4850463867188, 846.9457397460938, 670.4505004882812], [527.6679077148438, 394.0113525390625, 622.3082885742188, 471.74755859375], [444.109619140625, 483.12542724609375, 730.4814453125, 676.6012573242188], [215.71231079101562, 505.7413635253906, 269.6540832519531, 520.348876953125]]}