{"categories": [0, 56], "bboxes": [[756.6777954101562, 86.26651000976562, 942.9548950195312, 640.7781982421875], [126.25025939941406, 400.1854248046875, 234.94114685058594, 690.861328125]]}