{"categories": [0, 27, 56, 62, 65], "bboxes": [[415.22723388671875, 230.7855682373047, 777.9745483398438, 677.1287841796875], [545.2514038085938, 387.580078125, 615.8239135742188, 548.0380859375], [347.44000244140625, 400.384521484375, 441.84783935546875, 469.77117919921875], [244.40737915039062, 260.6007385253906, 338.8955993652344, 343.6010437011719], [660.5684204101562, 616.7713012695312, 758.0840454101562, 682.0]]}