{"categories": [0, 27, 56, 60, 62, 71], "bboxes": [[264.7771911621094, 116.05010986328125, 693.6434326171875, 675.197998046875], [529.0303344726562, 269.4176330566406, 571.4082641601562, 390.2843322753906], [226.23492431640625, 333.59619140625, 293.10321044921875, 365.2294921875], [166.95924377441406, 356.65081787109375, 401.50567626953125, 428.3203125], [705.272216796875, 123.22230529785156, 872.8826904296875, 240.9781951904297], [168.13267517089844, 364.8359069824219, 391.46160888671875, 433.5244445800781]]}