{"categories": [0], "bboxes": [[125.88294219970703, 373.81353759765625, 366.28985595703125, 919.9382934570312]]}