{"categories": [0, 15, 62], "bboxes": [[160.33392333984375, 222.7681884765625, 767.0, 1002.5322265625], [278.01580810546875, 746.9125366210938, 452.16387939453125, 998.4633178710938], [631.841796875, 380.7921447753906, 766.5240478515625, 657.6861572265625]]}