{"categories": [0, 27, 34, 39], "bboxes": [[49.812835693359375, 77.66729736328125, 692.5533447265625, 670.996337890625], [729.89990234375, 444.05889892578125, 828.2220458984375, 647.2582397460938], [220.458984375, 0.0, 256.9565124511719, 180.55770874023438], [515.6915283203125, 119.83102416992188, 550.1639404296875, 175.14401245117188]]}