{"categories": [0, 27, 39, 40, 41, 42, 45, 56, 58, 60], "bboxes": [[480.6849365234375, 242.5668182373047, 757.477294921875, 567.8222045898438], [403.9068908691406, 504.6747131347656, 433.7945861816406, 656.8057250976562], [104.27159881591797, 358.85845947265625, 124.27506256103516, 406.9281005859375], [474.8279724121094, 647.5361938476562, 525.729736328125, 758.5018920898438], [753.8743896484375, 430.1164245605469, 788.4195556640625, 479.3683166503906], [522.1519775390625, 661.335205078125, 592.4830322265625, 696.022216796875], [2.6079063415527344, 701.1587524414062, 106.07781982421875, 752.0010375976562], [826.7640991210938, 388.6831970214844, 947.3300170898438, 541.6417236328125], [166.33645629882812, 559.445068359375, 303.6435852050781, 709.4012451171875], [6.099609375, 630.5047607421875, 813.6429443359375, 759.8861083984375]]}