{"categories": [0, 25, 32, 38], "bboxes": [[319.02447509765625, 256.7007141113281, 523.6570434570312, 626.7630615234375], [226.79110717773438, 1.935089111328125, 998.5667724609375, 581.35205078125], [369.0332946777344, 554.5000610351562, 424.8831481933594, 604.9324340820312], [281.5180969238281, 11.897712707519531, 913.9322509765625, 230.58499145507812]]}