{"categories": [0, 27, 39, 62, 63, 66, 68, 72], "bboxes": [[143.18533325195312, 46.150543212890625, 687.6202392578125, 661.00244140625], [760.38134765625, 177.75469970703125, 794.0006103515625, 243.0792236328125], [522.9964599609375, 197.00794982910156, 551.95458984375, 231.3242950439453], [0.0, 272.89898681640625, 171.66830444335938, 552.0413208007812], [0.0, 249.91014099121094, 305.22918701171875, 654.8668212890625], [104.72528839111328, 519.6778564453125, 276.709716796875, 676.998046875], [514.8017578125, 0.0, 754.9603271484375, 79.13134765625], [0.0, 30.243499755859375, 338.0928955078125, 554.34619140625]]}