{"categories": [0, 26, 28, 56, 58, 65, 73], "bboxes": [[357.17742919921875, 192.4784698486328, 542.245849609375, 689.754638671875], [74.21874237060547, 310.7796630859375, 125.09612274169922, 403.9755859375], [352.9273376464844, 443.9556884765625, 415.3525695800781, 555.4929809570312], [151.39068603515625, 396.565673828125, 246.4000244140625, 524.0614624023438], [874.4388427734375, 437.6767883300781, 1022.566650390625, 541.3525390625], [460.7191467285156, 342.75347900390625, 541.9497680664062, 384.31280517578125], [459.2646789550781, 339.0619812011719, 544.4274291992188, 385.2049255371094]]}