{"categories": [0, 26, 27, 39, 45, 56, 60], "bboxes": [[837.5494995117188, 246.42434692382812, 1022.6920776367188, 472.2425231933594], [809.07861328125, 388.9130859375, 913.279052734375, 566.2858276367188], [451.74981689453125, 433.8827209472656, 470.8575439453125, 506.9258728027344], [219.3143310546875, 566.4835205078125, 258.2615661621094, 657.30078125], [100.64923095703125, 636.4666748046875, 159.32666015625, 668.0181884765625], [3.2961578369140625, 397.6219482421875, 192.55946350097656, 617.922607421875], [19.615257263183594, 571.7013549804688, 273.2954406738281, 668.8945922851562]]}