{"categories": [0, 39], "bboxes": [[50.16761779785156, 0.0, 423.11956787109375, 675.03759765625], [510.6955261230469, 500.43768310546875, 577.2680053710938, 681.0639038085938]]}