{"categories": [0, 2, 7], "bboxes": [[545.9216918945312, 592.4659423828125, 662.7411499023438, 885.979248046875], [651.6930541992188, 624.1920166015625, 682.0, 658.1278076171875], [6.573638916015625, 375.3773193359375, 264.9062805175781, 822.1593017578125]]}