{"categories": [0, 26, 27, 40], "bboxes": [[390.8045654296875, 25.289794921875, 633.9346923828125, 661.7451171875], [12.020120620727539, 456.1818542480469, 67.15986633300781, 517.4542846679688], [522.3154907226562, 142.00128173828125, 549.9326782226562, 197.06695556640625], [527.1807250976562, 415.5974426269531, 686.7549438476562, 637.2718505859375]]}