{"categories": [0], "bboxes": [[279.06927490234375, 129.45654296875, 493.0694580078125, 674.0635986328125]]}