{"categories": [0, 57], "bboxes": [[204.68287658691406, 156.99398803710938, 681.0, 1008.5550537109375], [534.5630493164062, 335.483154296875, 680.7723999023438, 465.89776611328125]]}