{"categories": [0, 24, 26, 27, 39, 62, 63, 66], "bboxes": [[361.85791015625, 192.70327758789062, 671.3560791015625, 556.4393310546875], [921.0884399414062, 257.5762634277344, 1023.0, 539.4263916015625], [904.0223999023438, 245.35585021972656, 1020.1880493164062, 554.093994140625], [292.9287109375, 309.62518310546875, 340.9522705078125, 425.332275390625], [752.4201049804688, 405.47845458984375, 782.5895385742188, 491.77642822265625], [710.6376953125, 19.344070434570312, 1016.0618896484375, 362.18658447265625], [718.9482421875, 410.1546630859375, 911.8455810546875, 553.671142578125], [752.945556640625, 501.4179382324219, 853.8057861328125, 550.75830078125]]}