{"categories": [0, 2, 17, 77], "bboxes": [[224.1959686279297, 71.51795196533203, 499.0, 327.3978576660156], [176.13914489746094, 55.21707534790039, 232.3197784423828, 87.020263671875], [2.027172088623047, 92.69210052490234, 114.96810913085938, 295.0110168457031], [151.4744873046875, 84.61454772949219, 231.44638061523438, 164.5106201171875]]}