{"categories": [0, 58], "bboxes": [[210.80796813964844, 140.55368041992188, 490.82977294921875, 1000.3087158203125], [662.4915771484375, 292.5076904296875, 814.3775634765625, 595.8868408203125]]}