{"categories": [0, 12, 24, 25, 26, 27, 40, 58], "bboxes": [[45.48675537109375, 28.0682373046875, 480.35516357421875, 774.9243774414062], [633.7711181640625, 167.8476104736328, 655.3031005859375, 203.04771423339844], [814.6595458984375, 301.61859130859375, 1005.749755859375, 754.7759399414062], [558.296630859375, 208.6358642578125, 674.6214599609375, 266.5948791503906], [453.4352722167969, 314.669189453125, 515.4376831054688, 407.79718017578125], [241.84423828125, 300.8979797363281, 294.752197265625, 516.1102294921875], [650.3311767578125, 678.8187866210938, 782.3697509765625, 777.6699829101562], [695.4324951171875, 27.039512634277344, 811.4122314453125, 111.5338363647461]]}