{"categories": [0, 13, 26, 41, 58, 60, 67, 73], "bboxes": [[229.29937744140625, 161.40020751953125, 830.7670288085938, 676.3765258789062], [558.0987548828125, 557.5467529296875, 889.3851318359375, 663.3006591796875], [90.64075469970703, 423.4078063964844, 250.5162353515625, 604.2815551757812], [628.0900268554688, 558.4935302734375, 717.9465942382812, 624.119873046875], [857.1679077148438, 345.2490234375, 1023.0, 614.1409912109375], [556.9744873046875, 558.0274658203125, 886.2979736328125, 666.0849609375], [729.0426025390625, 263.0740966796875, 892.6126708984375, 296.7713623046875], [617.4119262695312, 627.4328002929688, 729.9408569335938, 645.2852172851562]]}