{"categories": [0], "bboxes": [[15.133026123046875, 155.99801635742188, 968.774169921875, 995.6258544921875]]}