{"categories": [0, 34, 56], "bboxes": [[233.83151245117188, 210.55886840820312, 514.4613037109375, 757.1834716796875], [140.89108276367188, 168.28375244140625, 207.70632934570312, 260.1700744628906], [2.4137954711914062, 349.78204345703125, 101.9719467163086, 400.302001953125]]}