{"categories": [0, 8, 34], "bboxes": [[614.5982055664062, 754.9031982421875, 678.7936401367188, 933.71044921875], [107.19158935546875, 680.6030883789062, 398.7158203125, 941.9193725585938], [342.0610656738281, 763.1644897460938, 385.3169860839844, 905.7022094726562]]}