{"categories": [0, 60, 74, 79], "bboxes": [[209.8546142578125, 377.265869140625, 297.53448486328125, 479.28057861328125], [149.1665802001953, 467.41162109375, 414.901123046875, 553.0962524414062], [446.2306213378906, 93.4117660522461, 471.2110290527344, 118.3165512084961], [606.5272827148438, 490.34918212890625, 624.4674682617188, 529.72216796875]]}