{"categories": [0, 26, 37, 39, 41, 56, 60, 63, 66, 67], "bboxes": [[1.2681884765625, 295.06304931640625, 342.547607421875, 671.9586791992188], [132.5684356689453, 169.03379821777344, 214.2869415283203, 251.65440368652344], [993.1959228515625, 384.6499938964844, 1023.0, 473.5247497558594], [464.91302490234375, 327.2758483886719, 506.66790771484375, 470.2344665527344], [704.399658203125, 395.348876953125, 750.896240234375, 437.390380859375], [477.0562744140625, 86.68588256835938, 525.412109375, 158.3470916748047], [152.78836059570312, 322.3910217285156, 768.341064453125, 668.849609375], [582.5646362304688, 272.3172607421875, 748.1591186523438, 391.2039794921875], [191.4929656982422, 597.3995971679688, 327.5264892578125, 678.0447387695312], [470.3442687988281, 599.7656860351562, 540.091796875, 642.1452026367188]]}