{"categories": [0, 27, 38, 39, 56, 62, 63, 69], "bboxes": [[510.2953186035156, 194.90341186523438, 669.973388671875, 676.6304931640625], [116.04547119140625, 293.271240234375, 169.72906494140625, 462.6112060546875], [505.54766845703125, 383.63446044921875, 679.8180541992188, 550.4904174804688], [357.3852844238281, 554.7356567382812, 392.2578430175781, 684.0], [357.7075500488281, 379.5908508300781, 395.4496765136719, 414.3553771972656], [0.3382415771484375, 441.766845703125, 39.55680847167969, 534.66552734375], [242.34112548828125, 428.32672119140625, 400.0399169921875, 552.7754516601562], [778.71435546875, 319.5881042480469, 1009.85791015625, 599.827880859375]]}