{"categories": [0, 26, 27], "bboxes": [[829.6654052734375, 189.4791259765625, 1002.371826171875, 669.4193725585938], [775.3197631835938, 337.04833984375, 836.7367553710938, 444.9710693359375], [896.36279296875, 262.633544921875, 915.1915283203125, 336.89862060546875]]}