{"categories": [0, 27, 39], "bboxes": [[468.0096435546875, 92.21768188476562, 834.2220458984375, 671.343505859375], [279.0343017578125, 275.2464294433594, 359.75653076171875, 486.3383483886719], [566.78173828125, 490.77496337890625, 631.61767578125, 671.2747192382812]]}