{"categories": [0, 2, 26], "bboxes": [[555.1022338867188, 118.19815063476562, 726.1725463867188, 756.09716796875], [941.9674682617188, 183.4496307373047, 977.7472534179688, 202.6207733154297], [121.04459381103516, 543.5276489257812, 190.54010009765625, 728.0733032226562]]}