{"categories": [0, 40, 41, 56], "bboxes": [[368.5156555175781, 132.08615112304688, 500.7788391113281, 474.0151672363281], [83.28691101074219, 235.48016357421875, 104.99546813964844, 290.6446533203125], [253.2646942138672, 247.15284729003906, 282.0914306640625, 283.9031066894531], [380.42193603515625, 263.6055603027344, 433.458251953125, 432.1993713378906]]}