{"categories": [0, 27, 59], "bboxes": [[339.3714599609375, 80.88015747070312, 685.968505859375, 678.4327392578125], [235.09815979003906, 188.04318237304688, 275.20245361328125, 290.836669921875], [29.290069580078125, 478.4560241699219, 877.266357421875, 676.8433837890625]]}