{"categories": [0, 2, 4, 7, 8, 9, 24, 25], "bboxes": [[788.48974609375, 335.28851318359375, 961.7449951171875, 623.029296875], [938.1356811523438, 403.9837341308594, 974.2543334960938, 443.6557922363281], [341.2244873046875, 335.8468322753906, 895.505126953125, 542.4457397460938], [38.539093017578125, 202.03013610839844, 838.8394775390625, 641.7946166992188], [170.53451538085938, 187.11245727539062, 872.2708740234375, 599.7091064453125], [360.32720947265625, 186.96322631835938, 639.142822265625, 334.0723571777344], [868.9981079101562, 389.2705383300781, 949.8698120117188, 489.8606872558594], [384.40753173828125, 366.3685302734375, 562.9462280273438, 529.0303955078125]]}