{"categories": [0, 26, 28, 44, 45, 49, 57, 60, 65, 73, 77], "bboxes": [[453.5434265136719, 66.74691772460938, 857.2320556640625, 707.6046142578125], [256.1937255859375, 233.84136962890625, 495.483642578125, 489.42413330078125], [254.9654541015625, 230.31993103027344, 513.0366821289062, 487.46160888671875], [197.6941375732422, 4.6649322509765625, 254.1587371826172, 115.7722396850586], [499.5792236328125, 683.2516479492188, 723.8905029296875, 760.1900024414062], [189.47323608398438, 716.7444458007812, 290.01025390625, 767.0], [478.4636535644531, 32.140533447265625, 1023.0, 509.3796691894531], [134.91871643066406, 110.67257690429688, 341.218505859375, 353.92108154296875], [620.9480590820312, 399.6237487792969, 648.6857299804688, 442.2912902832031], [192.05142211914062, 134.74598693847656, 250.8468017578125, 169.2071990966797], [258.2427978515625, 5.930568695068359, 327.44573974609375, 100.12979125976562]]}