{"categories": [0, 31], "bboxes": [[133.99899291992188, 150.78607177734375, 383.2498474121094, 681.8768920898438], [231.97569274902344, 624.6940307617188, 481.077392578125, 835.3171997070312]]}