{"categories": [0, 56], "bboxes": [[71.30432891845703, 150.73471069335938, 303.0718078613281, 914.942138671875], [572.0726928710938, 457.7999267578125, 679.2620239257812, 827.10693359375]]}