{"categories": [0, 9, 14, 56], "bboxes": [[470.9239501953125, 344.9888000488281, 571.7471923828125, 484.8730773925781], [911.211181640625, 9.488044738769531, 1012.344970703125, 160.84494018554688], [192.46157836914062, 138.94927978515625, 255.6817626953125, 203.71826171875], [267.7947692871094, 447.992919921875, 353.0471496582031, 508.91595458984375]]}