{"categories": [0, 2, 26, 58], "bboxes": [[280.8843994140625, 150.60704040527344, 478.76348876953125, 599.431884765625], [784.6961669921875, 109.4396743774414, 856.1190185546875, 136.90065002441406], [579.42236328125, 166.89422607421875, 626.526123046875, 238.21127319335938], [0.0, 81.30378723144531, 22.339069366455078, 167.11595153808594]]}