{"categories": [0, 9, 28, 36, 38, 60, 62, 74], "bboxes": [[506.1874084472656, 29.672073364257812, 660.9080810546875, 415.4267578125], [357.2820739746094, 353.8385009765625, 468.0422058105469, 416.21575927734375], [466.1119079589844, 352.4736022949219, 542.1497802734375, 409.4093322753906], [517.0769653320312, 119.63630676269531, 539.7626342773438, 264.43475341796875], [508.91558837890625, 5.746318817138672, 527.7338256835938, 97.20806884765625], [98.05248260498047, 321.8245849609375, 305.05072021484375, 410.953857421875], [51.0650634765625, 9.14495849609375, 582.0070190429688, 322.14703369140625], [115.83477783203125, 6.82110595703125, 516.846923828125, 317.3973083496094]]}