{"categories": [0, 30], "bboxes": [[229.49221801757812, 216.4685821533203, 432.8287048339844, 557.78271484375], [202.69891357421875, 497.4443664550781, 468.67718505859375, 581.7650146484375]]}