{"categories": [0, 26, 37], "bboxes": [[562.008544921875, 570.9251098632812, 684.0, 931.4321899414062], [522.5291748046875, 676.0427856445312, 585.2366943359375, 770.1250610351562], [403.2122497558594, 792.0975341796875, 518.7518310546875, 995.5399169921875]]}