{"categories": [0, 62, 65], "bboxes": [[738.2743530273438, 412.1900939941406, 921.8450317382812, 676.95703125], [3.1148681640625, 39.582855224609375, 806.68115234375, 385.38299560546875], [274.20770263671875, 503.97137451171875, 320.84100341796875, 529.5136108398438]]}