{"categories": [0, 25, 27], "bboxes": [[503.93060302734375, 197.74391174316406, 774.0446166992188, 671.1832885742188], [508.8157653808594, 0.0, 606.353271484375, 407.8690185546875], [469.7344055175781, 317.1749267578125, 502.6529235839844, 440.343017578125]]}