{"categories": [0, 72], "bboxes": [[508.55072021484375, 54.4798583984375, 838.1183471679688, 676.730712890625], [0.15901947021484375, 343.3836669921875, 47.240264892578125, 673.43994140625]]}