{"categories": [0, 16, 24, 32], "bboxes": [[226.78314208984375, 158.13963317871094, 452.13360595703125, 592.7605590820312], [813.9853515625, 358.0304870605469, 891.4268798828125, 446.9026184082031], [873.6642456054688, 166.00039672851562, 936.2195434570312, 223.61361694335938], [155.72816467285156, 528.6004638671875, 239.23069763183594, 606.566162109375]]}