{"categories": [0, 36, 56, 60], "bboxes": [[519.5477905273438, 80.92959594726562, 911.4406127929688, 556.8372802734375], [461.666015625, 395.80938720703125, 591.04150390625, 445.389892578125], [415.832763671875, 314.5225524902344, 464.67144775390625, 399.7226867675781], [37.320098876953125, 478.0453186035156, 743.169921875, 735.2342529296875]]}