{"categories": [0, 2, 28, 49, 58, 60], "bboxes": [[69.68071746826172, 205.78463745117188, 238.88101196289062, 646.4091796875], [308.07904052734375, 428.03155517578125, 342.24114990234375, 462.9183349609375], [210.36019897460938, 445.8063659667969, 242.34939575195312, 554.228515625], [50.98712921142578, 174.0433349609375, 82.9751205444336, 234.18368530273438], [801.2360229492188, 306.3732604980469, 1016.0341186523438, 677.773193359375], [57.70002365112305, 458.1186828613281, 117.88482666015625, 574.5987548828125]]}