{"categories": [0, 27, 39, 56, 57, 62, 63, 73], "bboxes": [[414.153564453125, 129.38543701171875, 670.3663330078125, 673.9343872070312], [892.708251953125, 237.49021911621094, 955.671630859375, 403.5447998046875], [449.73052978515625, 220.29310607910156, 530.5454711914062, 308.55767822265625], [240.8511962890625, 498.52587890625, 354.1744384765625, 673.871337890625], [676.0955810546875, 535.2281494140625, 1023.0, 678.3529052734375], [0.0, 2.323699951171875, 872.687744140625, 274.327880859375], [164.80947875976562, 374.51495361328125, 376.8315124511719, 446.79010009765625], [833.329833984375, 396.9458312988281, 961.6490478515625, 446.0328063964844]]}