{"categories": [0, 27], "bboxes": [[247.60556030273438, 2.2635498046875, 498.7991027832031, 372.3710632324219], [158.81202697753906, 218.11099243164062, 275.361572265625, 372.0230407714844]]}