{"categories": [0, 13, 24, 29, 76], "bboxes": [[0.0, 161.35316467285156, 339.6876220703125, 628.7442626953125], [887.5014038085938, 531.7490844726562, 1022.3458862304688, 621.2686157226562], [581.9957275390625, 206.10870361328125, 853.8739013671875, 576.5307006835938], [514.038330078125, 52.91865539550781, 802.3499755859375, 210.5419158935547], [361.3861999511719, 537.19384765625, 467.1379699707031, 589.2650146484375]]}