{"categories": [0, 39, 40, 41, 55, 60], "bboxes": [[355.22625732421875, 89.62196350097656, 581.134521484375, 594.2271728515625], [186.16619873046875, 489.8650817871094, 228.96401977539062, 589.3375244140625], [327.66082763671875, 527.3717041015625, 381.81134033203125, 597.1185302734375], [326.98284912109375, 529.069091796875, 382.1884765625, 594.5504150390625], [163.37689208984375, 491.7120666503906, 272.1956787109375, 595.6923828125], [164.56723022460938, 526.5545654296875, 428.1264343261719, 596.155517578125]]}