{"categories": [0, 38, 75], "bboxes": [[503.4145202636719, 103.56954956054688, 800.3609619140625, 665.4935302734375], [536.0010986328125, 299.0621643066406, 893.02001953125, 486.1508483886719], [928.4083251953125, 0.0, 1022.675048828125, 588.6387939453125]]}