{"categories": [0], "bboxes": [[183.20611572265625, 106.0858154296875, 429.3414306640625, 993.1593017578125]]}