{"categories": [0, 25, 27, 56, 60, 73], "bboxes": [[102.27537536621094, 205.00746154785156, 227.1649627685547, 376.884521484375], [330.2513427734375, 185.82183837890625, 370.0740966796875, 371.1278076171875], [174.65777587890625, 292.8720397949219, 209.31024169921875, 350.1177673339844], [857.458740234375, 369.093505859375, 1000.322265625, 468.606689453125], [566.9922485351562, 446.99957275390625, 987.5451049804688, 757.5641479492188], [549.4242553710938, 465.86700439453125, 669.4378051757812, 510.9776611328125]]}