{"categories": [0, 2, 40], "bboxes": [[821.8822021484375, 147.73367309570312, 975.443603515625, 670.699951171875], [938.74365234375, 174.26666259765625, 1023.0, 295.40557861328125], [818.4615478515625, 231.76820373535156, 871.4425048828125, 290.50408935546875]]}