{"categories": [0], "bboxes": [[261.54541015625, 32.14338684082031, 517.4310913085938, 472.84814453125]]}