{"categories": [0, 27, 32, 56, 60, 63, 67], "bboxes": [[42.84800720214844, 131.94796752929688, 489.41705322265625, 676.1534423828125], [437.64837646484375, 350.1491394042969, 463.79937744140625, 429.7588195800781], [609.1349487304688, 319.51593017578125, 710.6709594726562, 441.1319580078125], [648.275146484375, 474.38153076171875, 730.81640625, 529.1507568359375], [518.23583984375, 519.1981201171875, 725.3018798828125, 644.5107421875], [425.81781005859375, 389.201904296875, 548.2329711914062, 574.6102294921875], [426.0744323730469, 391.612548828125, 546.816650390625, 560.9059448242188]]}