{"categories": [0, 26, 27, 36, 44, 66, 76], "bboxes": [[716.4588623046875, 4.188720703125, 1023.0, 611.7591552734375], [277.6707763671875, 233.5680694580078, 623.64990234375, 568.965087890625], [558.6034545898438, 216.04510498046875, 591.3825073242188, 327.81719970703125], [305.8378601074219, 321.9912414550781, 880.12158203125, 562.3545532226562], [281.83428955078125, 352.965087890625, 421.66021728515625, 493.67767333984375], [149.6664581298828, 586.4066162109375, 476.1788330078125, 623.7174072265625], [382.3683776855469, 231.25164794921875, 531.2545776367188, 375.3206787109375]]}