{"categories": [0, 27, 39, 65, 67], "bboxes": [[304.98211669921875, 171.65090942382812, 757.0059204101562, 679.422607421875], [467.1781921386719, 393.90960693359375, 501.2488708496094, 494.61566162109375], [782.617919921875, 441.1369323730469, 853.94091796875, 575.4855346679688], [687.9896850585938, 462.2406311035156, 719.4719848632812, 582.1497802734375], [405.5716552734375, 556.9823608398438, 457.38671875, 621.5708618164062]]}