{"categories": [0, 8], "bboxes": [[80.14635467529297, 139.01817321777344, 209.76107788085938, 464.8599853515625], [414.0675964355469, 258.83428955078125, 499.0, 339.1593017578125]]}