{"categories": [0, 27, 58], "bboxes": [[756.6923217773438, 44.190185546875, 1011.3860473632812, 718.1167602539062], [826.574462890625, 195.94802856445312, 861.2022705078125, 304.4933776855469], [561.2722778320312, 0.0, 716.1296997070312, 246.518798828125]]}