{"categories": [0, 39, 41, 56, 60, 63, 73], "bboxes": [[584.478759765625, 45.4615478515625, 857.9710693359375, 670.750244140625], [385.35791015625, 538.5155029296875, 466.51409912109375, 676.745849609375], [494.6520080566406, 593.8614501953125, 569.6287231445312, 680.0], [841.6311645507812, 430.19525146484375, 1021.2072143554688, 654.2156372070312], [11.335662841796875, 641.413818359375, 360.9424743652344, 678.1588134765625], [681.3095703125, 441.8183898925781, 893.8819580078125, 587.3497314453125], [688.282958984375, 439.5357360839844, 897.2421875, 589.6011352539062]]}