{"categories": [0, 1], "bboxes": [[599.6663818359375, 179.69078063964844, 725.4620361328125, 528.3214721679688], [359.077880859375, 356.0651550292969, 764.21630859375, 584.5258178710938]]}