{"categories": [0, 67], "bboxes": [[256.2336120605469, 499.5369873046875, 525.33056640625, 1015.754150390625], [306.7786865234375, 982.8043823242188, 375.77874755859375, 1019.8041381835938]]}