{"categories": [0], "bboxes": [[23.297637939453125, 118.28115844726562, 658.2958984375, 994.766357421875]]}