{"categories": [0, 40, 41], "bboxes": [[0.0, 117.743408203125, 396.8938903808594, 999.137939453125], [404.0555114746094, 984.2545776367188, 544.403564453125, 1023.0], [406.0015563964844, 983.8528442382812, 539.16650390625, 1023.0]]}