{"categories": [0, 26, 27, 37, 62], "bboxes": [[698.40576171875, 156.50009155273438, 970.8250732421875, 724.216552734375], [365.5505676269531, 636.2600708007812, 448.1225280761719, 730.0], [263.80596923828125, 256.1862487792969, 291.55938720703125, 317.2698059082031], [379.4913330078125, 11.71539306640625, 431.2625732421875, 341.4428405761719], [927.7879638671875, 226.67210388183594, 1023.0, 304.5924072265625]]}