{"categories": [0], "bboxes": [[34.05281066894531, 101.24746704101562, 518.1211547851562, 675.327880859375]]}