{"categories": [0, 28, 38, 42, 56, 63, 79], "bboxes": [[33.46098327636719, 165.69557189941406, 400.8724365234375, 658.5301513671875], [359.6371765136719, 408.2811279296875, 768.439208984375, 680.42236328125], [804.1671142578125, 200.56781005859375, 943.96044921875, 256.2119445800781], [168.0867919921875, 17.404335021972656, 298.7589111328125, 120.57910919189453], [783.7962646484375, 437.15142822265625, 1008.5911865234375, 678.1705932617188], [490.38775634765625, 207.83731079101562, 736.4945678710938, 547.9266357421875], [669.8321533203125, 145.46263122558594, 707.5714111328125, 169.4291534423828]]}