{"categories": [0, 9, 25, 28, 39, 56, 62, 65, 74], "bboxes": [[538.650634765625, 28.319915771484375, 714.4022216796875, 412.9045715332031], [418.28277587890625, 342.77044677734375, 512.4968872070312, 406.59722900390625], [241.07589721679688, 37.43286895751953, 580.6092529296875, 245.94500732421875], [0.0, 373.7082214355469, 161.7613525390625, 413.9607849121094], [592.8511352539062, 192.06881713867188, 616.7728881835938, 266.78564453125], [510.71075439453125, 343.87005615234375, 609.9556274414062, 412.993408203125], [703.8663940429688, 157.78955078125, 724.0, 366.9779052734375], [397.44073486328125, 213.52854919433594, 419.7662353515625, 239.72657775878906], [195.3863067626953, 0.0, 582.6146240234375, 295.4473571777344]]}