{"categories": [0, 26, 39], "bboxes": [[87.51109313964844, 63.88267517089844, 476.7047119140625, 476.98321533203125], [133.97256469726562, 289.25494384765625, 230.97625732421875, 479.0], [19.210487365722656, 434.4012451171875, 34.96364974975586, 478.378173828125]]}