{"categories": [0, 39, 41, 56, 60, 73, 77], "bboxes": [[503.8796081542969, 492.76177978515625, 786.2947998046875, 711.5341186523438], [606.1190795898438, 455.7137451171875, 634.7075805664062, 513.5410766601562], [855.971923828125, 493.5542907714844, 884.3245849609375, 543.346435546875], [383.9722900390625, 550.2886352539062, 551.4055786132812, 757.9122924804688], [248.2972412109375, 382.16900634765625, 978.008544921875, 724.1261596679688], [283.3531188964844, 697.1519775390625, 395.6441955566406, 763.3817138671875], [0.0, 220.53993225097656, 33.633201599121094, 274.54803466796875]]}