{"categories": [0, 39, 41, 56, 60, 67], "bboxes": [[844.1779174804688, 49.04298400878906, 988.9705200195312, 499.15594482421875], [679.0492553710938, 294.0335388183594, 701.9869995117188, 359.4505920410156], [304.1805114746094, 395.3691711425781, 328.4168395996094, 426.9933166503906], [12.441764831542969, 474.00445556640625, 210.11154174804688, 642.9994506835938], [215.15884399414062, 364.47802734375, 566.9044189453125, 639.84130859375], [887.93603515625, 121.13080596923828, 909.849853515625, 151.27268981933594]]}