{"categories": [0, 27, 56, 60, 75], "bboxes": [[540.1353759765625, 39.4287109375, 791.9046630859375, 654.6954956054688], [611.655517578125, 210.3696746826172, 661.22119140625, 357.386962890625], [781.742919921875, 541.2554321289062, 889.9534912109375, 672.6304321289062], [14.20440673828125, 597.073974609375, 679.281982421875, 660.406982421875], [112.33744049072266, 568.2884521484375, 165.61802673339844, 604.386962890625]]}