{"categories": [0, 18, 26], "bboxes": [[271.03814697265625, 270.56298828125, 340.80194091796875, 468.103759765625], [103.56571197509766, 415.3531494140625, 156.16159057617188, 459.9027099609375], [176.45144653320312, 362.28155517578125, 204.80691528320312, 399.01214599609375]]}