{"categories": [0], "bboxes": [[80.63876342773438, 269.608154296875, 423.3110656738281, 675.74169921875]]}