{"categories": [0], "bboxes": [[445.1009521484375, 317.6526794433594, 537.3633422851562, 580.1646728515625]]}