{"categories": [0, 8, 28, 29, 34, 46], "bboxes": [[452.1610412597656, 461.7601623535156, 659.466796875, 833.6632080078125], [306.5570373535156, 203.42742919921875, 343.7623596191406, 228.14410400390625], [424.974609375, 967.2705078125, 541.5042724609375, 1023.0], [201.33213806152344, 589.3402709960938, 291.8037109375, 640.7527465820312], [18.248336791992188, 632.2949829101562, 157.1536865234375, 678.3759155273438], [191.42271423339844, 759.2774047851562, 328.71954345703125, 832.2506713867188]]}