{"categories": [0, 25], "bboxes": [[684.9022827148438, 120.7401123046875, 987.3555297851562, 674.0076904296875], [242.5635986328125, 180.7564697265625, 304.5469970703125, 400.49261474609375]]}