{"categories": [0, 3, 26, 28, 34, 37, 38, 56], "bboxes": [[464.5509338378906, 148.3760223388672, 672.1522827148438, 599.0], [31.246627807617188, 243.36831665039062, 426.50537109375, 573.4759521484375], [465.6727294921875, 298.25634765625, 605.273193359375, 467.6231689453125], [572.575439453125, 204.7123565673828, 660.6290283203125, 327.3736572265625], [179.80894470214844, 165.12425231933594, 251.0584259033203, 200.83750915527344], [10.579971313476562, 261.1461181640625, 165.79916381835938, 325.7574462890625], [588.0701293945312, 6.079784393310547, 641.1699829101562, 106.12371826171875], [454.1512451171875, 321.05999755859375, 621.6607666015625, 590.155029296875]]}