{"categories": [0, 32, 42, 47, 79], "bboxes": [[290.1857604980469, 11.810882568359375, 865.0985107421875, 626.282958984375], [800.910400390625, 364.0729675292969, 822.5069580078125, 385.1025085449219], [143.49041748046875, 518.1102905273438, 254.16790771484375, 625.7223510742188], [908.476806640625, 328.63336181640625, 956.024658203125, 357.2177734375], [136.57952880859375, 521.6461181640625, 239.68853759765625, 626.9720458984375]]}