{"categories": [0, 56], "bboxes": [[140.028076171875, 36.32415771484375, 699.1954956054688, 658.94482421875], [429.9313049316406, 195.00901794433594, 536.4978637695312, 314.8355712890625]]}