{"categories": [0, 32, 35], "bboxes": [[281.47265625, 74.26443481445312, 603.34130859375, 662.7503662109375], [457.3163757324219, 484.1169128417969, 537.6876220703125, 574.4688110351562], [381.0050964355469, 497.7498779296875, 422.3336486816406, 585.71533203125]]}