{"categories": [0, 27, 39, 41], "bboxes": [[577.765625, 14.522857666015625, 1020.99560546875, 672.3140869140625], [545.9691772460938, 369.1261901855469, 580.5292358398438, 441.8134460449219], [641.3798217773438, 320.2127380371094, 687.2482299804688, 428.1916809082031], [544.678466796875, 435.4332580566406, 611.7626953125, 561.177490234375]]}