{"categories": [0, 56, 67], "bboxes": [[666.74365234375, 167.17520141601562, 949.4344482421875, 669.6741943359375], [0.3715362548828125, 516.666015625, 102.4232177734375, 677.8555908203125], [102.5802001953125, 359.19085693359375, 120.34852600097656, 402.27557373046875]]}