{"categories": [0, 13, 57, 73, 79], "bboxes": [[406.0176086425781, 181.34861755371094, 589.4993896484375, 624.885498046875], [97.76577758789062, 331.1981201171875, 904.2532958984375, 554.7142333984375], [15.276580810546875, 366.8397216796875, 699.9163818359375, 577.5671997070312], [632.3482666015625, 267.7305603027344, 699.7059326171875, 349.9259948730469], [24.672073364257812, 82.78971862792969, 57.23374938964844, 175.3313446044922]]}