{"categories": [0, 27], "bboxes": [[783.7099609375, 264.070556640625, 906.68701171875, 674.2586669921875], [720.7628784179688, 334.49822998046875, 739.6237182617188, 409.7781982421875]]}