{"categories": [0, 27, 56, 60, 67, 73], "bboxes": [[173.72360229492188, 43.36065673828125, 705.869384765625, 564.1394653320312], [452.72845458984375, 284.0733642578125, 490.2904052734375, 432.18658447265625], [664.9419555664062, 302.5321044921875, 841.2096557617188, 617.18017578125], [4.2974853515625, 431.780029296875, 700.1356811523438, 661.9840087890625], [197.8616943359375, 407.8762512207031, 247.13009643554688, 439.6002502441406], [157.484619140625, 469.9523010253906, 396.4803466796875, 558.5038452148438]]}