{"categories": [0, 58], "bboxes": [[188.40597534179688, 195.32321166992188, 644.0516357421875, 759.289306640625], [109.29560089111328, 627.3231201171875, 256.767333984375, 745.7203369140625]]}