{"categories": [0, 26, 41, 56, 73], "bboxes": [[569.1546020507812, 66.37422180175781, 740.1421508789062, 444.66717529296875], [519.6646728515625, 308.99139404296875, 588.045654296875, 448.6563720703125], [89.7629623413086, 277.552734375, 109.34070587158203, 306.433349609375], [88.30899047851562, 257.35296630859375, 231.35702514648438, 449.0], [74.65977478027344, 302.129150390625, 137.96609497070312, 328.78778076171875]]}