{"categories": [0, 26, 27, 56, 75], "bboxes": [[207.9376220703125, 47.56866455078125, 538.551513671875, 670.0961303710938], [600.0472412109375, 557.3289794921875, 718.7142333984375, 680.1549072265625], [363.1989440917969, 228.94503784179688, 408.6166687011719, 411.8150329589844], [494.80657958984375, 537.3861694335938, 688.3250122070312, 678.5397338867188], [461.5469665527344, 312.1229248046875, 547.3934936523438, 458.46722412109375]]}