{"categories": [0, 13, 60, 63], "bboxes": [[660.1982421875, 61.244903564453125, 909.665771484375, 677.529296875], [0.0, 416.7347106933594, 775.5499877929688, 680.27685546875], [1.565704345703125, 447.24627685546875, 723.97998046875, 669.0910034179688], [57.77857971191406, 341.69091796875, 316.28179931640625, 495.47540283203125]]}