{"categories": [0, 17, 26, 28, 56], "bboxes": [[507.23748779296875, 231.93148803710938, 584.5001831054688, 482.2648620605469], [15.159759521484375, 124.24486541748047, 86.80043029785156, 239.08294677734375], [657.57275390625, 394.8690185546875, 711.1661376953125, 447.32647705078125], [667.0310668945312, 440.7552795410156, 742.7478637695312, 552.0029296875], [762.3316650390625, 463.1290283203125, 857.801513671875, 671.8427734375]]}