{"categories": [0, 32, 38], "bboxes": [[357.51953125, 242.40087890625, 838.9666748046875, 768.9652709960938], [247.93199157714844, 474.5433044433594, 271.012939453125, 493.4372253417969], [92.98468017578125, 565.9012451171875, 266.1695556640625, 700.8160400390625]]}