{"categories": [0, 27, 73], "bboxes": [[843.734375, 221.08209228515625, 1023.0, 672.4191284179688], [435.2927551269531, 288.97064208984375, 457.4125061035156, 357.30657958984375], [672.2608032226562, 494.5475158691406, 754.3073120117188, 565.0906982421875]]}