{"categories": [0, 45, 56, 60], "bboxes": [[0.45133209228515625, 213.0620574951172, 120.56505584716797, 593.1399536132812], [361.33416748046875, 454.6853332519531, 442.0853271484375, 483.6675109863281], [451.897705078125, 538.1346435546875, 601.007080078125, 676.2802734375], [259.9388122558594, 480.7452392578125, 991.6676025390625, 670.89599609375]]}