{"categories": [0, 1, 2, 7, 24, 25, 33, 76], "bboxes": [[35.592132568359375, 120.7391357421875, 162.02259826660156, 532.1458740234375], [135.44898986816406, 378.36749267578125, 362.86260986328125, 852.8491821289062], [3.9431381225585938, 238.51959228515625, 173.47006225585938, 386.183349609375], [647.3831176757812, 318.2560119628906, 683.9044799804688, 344.8822937011719], [484.0169677734375, 247.97108459472656, 534.5164184570312, 310.01751708984375], [146.5192413330078, 570.96923828125, 268.0649719238281, 869.51220703125], [456.9468688964844, 0.0, 530.6932983398438, 259.02252197265625], [218.00230407714844, 402.1264343261719, 363.58819580078125, 843.520751953125]]}