{"categories": [0, 24, 28, 39, 56], "bboxes": [[691.5577392578125, 106.88836669921875, 1022.727294921875, 753.5222778320312], [375.28399658203125, 240.9054718017578, 579.7710571289062, 488.45672607421875], [140.64776611328125, 417.31561279296875, 317.6239013671875, 685.2250366210938], [73.02387237548828, 2.368152618408203, 136.6685791015625, 84.3389892578125], [258.3458557128906, 463.30902099609375, 421.8251037597656, 657.9223022460938]]}