{"categories": [0, 13, 56, 60, 67, 76], "bboxes": [[1.01104736328125, 43.858428955078125, 409.6380310058594, 477.8801574707031], [27.319549560546875, 220.3386993408203, 629.709716796875, 449.07373046875], [887.5740966796875, 152.92254638671875, 1018.347900390625, 331.37359619140625], [892.1428833007812, 299.005615234375, 1016.0278930664062, 522.9777221679688], [349.20245361328125, 407.8229675292969, 453.3929443359375, 450.5546569824219], [28.1981201171875, 429.9908447265625, 433.2052001953125, 597.34912109375]]}