{"categories": [0, 26, 43, 76], "bboxes": [[0.5665664672851562, 7.673194885253906, 168.46041870117188, 255.55780029296875], [76.15884399414062, 180.47096252441406, 119.53022766113281, 266.0], [0.0, 158.738525390625, 34.599578857421875, 184.16067504882812], [70.73897552490234, 79.15885925292969, 162.836181640625, 128.18045043945312]]}