{"categories": [0, 27, 62], "bboxes": [[500.9893493652344, 26.04046630859375, 1019.4510498046875, 660.8198852539062], [646.8977661132812, 344.321533203125, 731.0398559570312, 659.5184936523438], [23.476409912109375, 218.47091674804688, 913.816162109375, 674.8759765625]]}