{"categories": [0, 27, 43, 56, 57, 58, 60, 63, 73, 75], "bboxes": [[435.80224609375, 73.37062072753906, 585.7236328125, 481.8087158203125], [750.1516723632812, 7.648101806640625, 805.4888305664062, 335.7383117675781], [622.7064208984375, 289.7139892578125, 644.94677734375, 341.49383544921875], [949.8482666015625, 194.22760009765625, 1023.0, 364.16162109375], [0.0, 348.4826965332031, 440.4604797363281, 682.0], [869.2599487304688, 483.7398681640625, 1022.4400024414062, 681.166748046875], [613.9754028320312, 328.5661315917969, 1023.0, 671.12890625], [648.3837890625, 275.6095886230469, 771.5718994140625, 348.2551574707031], [846.3646850585938, 370.7060241699219, 1017.0979614257812, 418.3985290527344], [999.8126220703125, 618.3873291015625, 1023.0, 682.0]]}