{"categories": [0, 39, 43, 45, 55, 56, 57, 58, 60, 62, 67, 71, 72], "bboxes": [[307.0533752441406, 104.56768798828125, 518.439697265625, 595.1156616210938], [67.46296691894531, 611.2523193359375, 126.88624572753906, 766.6580810546875], [577.2576293945312, 562.9682006835938, 612.2754516601562, 666.9441528320312], [325.5578918457031, 589.938232421875, 423.2167053222656, 664.9398193359375], [584.4044189453125, 514.9873046875, 719.90576171875, 606.6595458984375], [494.8808898925781, 349.57489013671875, 702.5592041015625, 559.6033325195312], [492.3815612792969, 316.0821533203125, 711.2644653320312, 561.5283813476562], [524.6262817382812, 21.2928466796875, 735.8140258789062, 381.72564697265625], [226.59320068359375, 478.6937255859375, 967.2040405273438, 755.6170654296875], [258.84649658203125, 165.42294311523438, 376.24310302734375, 256.65966796875], [278.2975769042969, 330.11199951171875, 321.6756286621094, 365.48699951171875], [250.75772094726562, 705.6189575195312, 545.243408203125, 764.6461791992188], [800.1298217773438, 603.8721923828125, 1005.7661743164062, 762.0360107421875]]}