{"categories": [0, 13, 26, 41, 56, 60, 62, 63], "bboxes": [[276.8219909667969, 218.0921173095703, 373.1581726074219, 557.74658203125], [40.84979248046875, 353.3287353515625, 473.5107421875, 557.5970458984375], [523.2020263671875, 349.9585876464844, 584.2049560546875, 439.3525695800781], [155.8380889892578, 322.6294860839844, 181.1030731201172, 364.1517028808594], [9.50079345703125, 298.4526672363281, 99.7996597290039, 391.8459777832031], [889.1071166992188, 348.369873046875, 1022.8820190429688, 513.8212280273438], [1.1358699798583984, 1.3945655822753906, 52.21153259277344, 114.86245727539062], [685.0120849609375, 320.2940368652344, 827.2867431640625, 402.4678649902344]]}