{"categories": [0], "bboxes": [[437.02362060546875, 40.7987060546875, 923.2156372070312, 980.8433227539062]]}