{"categories": [0, 56], "bboxes": [[789.6399536132812, 491.7127990722656, 1016.0094604492188, 676.109130859375], [372.72607421875, 595.22998046875, 479.49102783203125, 672.8787841796875]]}