{"categories": [0, 57], "bboxes": [[287.3429260253906, 259.8748779296875, 906.500732421875, 757.2722778320312], [5.127166748046875, 110.68682861328125, 587.0283203125, 720.6624145507812]]}