{"categories": [0, 26, 27], "bboxes": [[332.4012145996094, 86.22966003417969, 642.607421875, 517.64306640625], [145.7295379638672, 259.4525146484375, 244.2234649658203, 400.600830078125], [737.292236328125, 274.84893798828125, 839.658935546875, 448.906494140625]]}