{"categories": [0, 9, 39, 41, 45, 56, 60, 62, 67, 69, 71, 72, 74, 75], "bboxes": [[13.29888916015625, 57.800140380859375, 433.7281188964844, 733.88232421875], [900.881103515625, 91.9048843383789, 954.92041015625, 235.21929931640625], [729.4583740234375, 401.6802978515625, 830.395263671875, 728.3521728515625], [927.7774047851562, 524.7724609375, 1009.8163452148438, 654.846923828125], [453.00604248046875, 571.0967407226562, 628.2112426757812, 637.4188842773438], [290.53961181640625, 461.192138671875, 399.83770751953125, 737.90673828125], [323.4877014160156, 515.0828247070312, 1000.7684326171875, 759.6210327148438], [257.5027160644531, 241.72442626953125, 385.9599914550781, 363.74566650390625], [661.8417358398438, 682.1655883789062, 706.3933715820312, 737.8314819335938], [515.270263671875, 389.4168395996094, 624.933349609375, 552.0578002929688], [632.9617919921875, 339.15869140625, 705.5655517578125, 354.731201171875], [517.7732543945312, 385.40814208984375, 627.7962036132812, 551.6934204101562], [724.9298095703125, 91.41400146484375, 772.736083984375, 156.20913696289062], [498.99981689453125, 229.85267639160156, 524.3367919921875, 256.7442626953125]]}