{"categories": [0], "bboxes": [[30.766128540039062, 96.46035766601562, 416.8658447265625, 1008.8333740234375]]}