{"categories": [0, 2, 3, 5, 24, 41], "bboxes": [[0.0, 201.95559692382812, 273.54156494140625, 924.0323486328125], [330.9435729980469, 125.47737121582031, 535.0834350585938, 238.15382385253906], [7.268035888671875, 558.1754150390625, 889.2142333984375, 1007.1715087890625], [98.606201171875, 0.0, 812.4616088867188, 635.448974609375], [343.0479736328125, 508.52032470703125, 600.2630004882812, 786.3711547851562], [409.0802001953125, 770.5596313476562, 491.16693115234375, 888.8491821289062]]}