{"categories": [0, 27], "bboxes": [[34.119384765625, 131.07363891601562, 578.1266479492188, 719.4190673828125], [245.26333618164062, 426.96270751953125, 328.5497741699219, 717.3818969726562]]}