{"categories": [0, 27, 58], "bboxes": [[648.2034301757812, 33.62957763671875, 849.4926147460938, 654.1707763671875], [271.0830383300781, 126.41505432128906, 315.0940246582031, 212.9397735595703], [829.900146484375, 305.01385498046875, 1023.0, 619.5206298828125]]}