{"categories": [0, 24, 25, 26, 39, 41, 56, 58, 60, 62, 75, 77], "bboxes": [[441.3155517578125, 321.6285400390625, 564.4959716796875, 669.0451049804688], [821.8104858398438, 569.4528198242188, 985.4567260742188, 675.8555297851562], [618.8828735351562, 247.65884399414062, 647.0922241210938, 443.2712707519531], [460.2225341796875, 490.9976806640625, 488.98193359375, 562.523681640625], [665.6353149414062, 537.4739990234375, 687.2428588867188, 601.7979736328125], [751.668212890625, 533.8074951171875, 777.481689453125, 574.5413818359375], [75.57666015625, 438.53997802734375, 147.77516174316406, 474.5869140625], [36.982093811035156, 454.5359802246094, 129.59820556640625, 496.8307189941406], [545.52197265625, 488.76470947265625, 947.5455322265625, 668.2722778320312], [441.7026062011719, 44.000572204589844, 676.5836181640625, 269.8877868652344], [976.3101196289062, 92.69065856933594, 998.9220581054688, 218.70924377441406], [835.5548706054688, 393.9026184082031, 882.0363159179688, 451.5065612792969]]}