{"categories": [0, 27, 39, 40, 41, 72], "bboxes": [[255.96487426757812, 54.98028564453125, 533.7862548828125, 725.8046875], [567.1392211914062, 244.85813903808594, 619.6762084960938, 492.17816162109375], [764.8038330078125, 337.11444091796875, 812.7025146484375, 415.31280517578125], [338.4744873046875, 345.3917541503906, 378.3880615234375, 421.4773864746094], [764.742919921875, 342.62774658203125, 812.2457275390625, 410.9725341796875], [1.7767486572265625, 315.26226806640625, 73.17111206054688, 690.8851928710938]]}