{"categories": [0, 26, 40, 56], "bboxes": [[127.22085571289062, 47.594482421875, 637.855712890625, 676.8131713867188], [877.4306030273438, 568.5966796875, 951.4303588867188, 684.0], [632.2936401367188, 556.7068481445312, 721.4326782226562, 679.0692749023438], [160.60147094726562, 439.82965087890625, 253.13037109375, 579.7907104492188]]}