{"categories": [0, 24], "bboxes": [[341.93914794921875, 220.99652099609375, 762.3297729492188, 998.3690795898438], [484.9025573730469, 516.96630859375, 771.6300048828125, 981.729248046875]]}