{"categories": [0, 27], "bboxes": [[144.81536865234375, 105.35540771484375, 333.0, 497.08294677734375], [164.84896850585938, 152.31170654296875, 221.99661254882812, 274.1298828125]]}