{"categories": [0, 8, 13, 14, 26, 61, 63, 66], "bboxes": [[486.15020751953125, 197.1404266357422, 564.9891967773438, 419.27301025390625], [132.80360412597656, 124.29193115234375, 482.9307861328125, 372.7074279785156], [753.2074584960938, 407.5427551269531, 840.6072387695312, 467.7485656738281], [158.94407653808594, 283.5645446777344, 263.9731140136719, 339.4961242675781], [260.0289001464844, 142.55572509765625, 360.6086120605469, 214.689453125], [883.036376953125, 201.73370361328125, 949.2601318359375, 312.73126220703125], [793.5477294921875, 379.9571533203125, 864.00537109375, 419.0023193359375], [828.8838500976562, 351.4261169433594, 894.7936401367188, 384.5522155761719]]}