{"categories": [0, 26, 56, 62, 72], "bboxes": [[27.618804931640625, 75.87515258789062, 342.9772644042969, 671.12939453125], [847.7696533203125, 271.60968017578125, 966.9801025390625, 358.006103515625], [6.387866973876953, 574.3771362304688, 87.46148681640625, 679.0], [284.3209228515625, 203.69546508789062, 700.67138671875, 466.3091125488281], [295.28363037109375, 159.87921142578125, 698.7396240234375, 679.0]]}