{"categories": [0, 39], "bboxes": [[149.59080505371094, 178.32171630859375, 506.23321533203125, 759.4601440429688], [548.7625732421875, 351.64678955078125, 595.9140625, 453.5260009765625]]}