{"categories": [0, 13, 54, 56, 60, 73], "bboxes": [[0.0, 84.98550415039062, 666.847900390625, 767.0], [834.129638671875, 178.67840576171875, 935.0330810546875, 229.62081909179688], [743.1368408203125, 666.6676635742188, 800.055908203125, 703.8798217773438], [913.873291015625, 157.14886474609375, 1020.7528076171875, 432.35443115234375], [408.7245178222656, 558.0430297851562, 990.4324951171875, 762.4430541992188], [516.825927734375, 663.6619873046875, 704.31591796875, 757.8560791015625]]}