{"categories": [0, 13, 56, 60, 74], "bboxes": [[0.0, 396.43243408203125, 228.95068359375, 673.0725708007812], [74.01852416992188, 506.2581787109375, 401.92724609375, 671.576904296875], [420.89605712890625, 414.7181396484375, 458.34600830078125, 435.28033447265625], [47.310821533203125, 472.84222412109375, 998.8741455078125, 670.1969604492188], [848.2205810546875, 587.7120971679688, 946.326904296875, 674.5916137695312]]}