{"categories": [0, 6, 27, 39, 62, 73], "bboxes": [[0.0, 169.5412139892578, 104.09300994873047, 653.2394409179688], [386.658203125, 0.0, 1023.0, 618.2711181640625], [468.88470458984375, 270.4674072265625, 511.50067138671875, 348.6492919921875], [81.7883071899414, 334.9836120605469, 101.18099212646484, 382.3093566894531], [833.5843505859375, 194.46649169921875, 979.06201171875, 278.25274658203125], [612.0714111328125, 540.9237670898438, 773.3726806640625, 635.6702270507812]]}