{"categories": [0, 26, 27, 39, 40, 41, 60], "bboxes": [[47.94136047363281, 184.94644165039062, 353.57086181640625, 985.31005859375], [47.42775344848633, 325.45159912109375, 166.0160369873047, 549.291259765625], [140.55206298828125, 319.3021240234375, 179.994873046875, 468.07049560546875], [464.1183166503906, 190.90335083007812, 498.6947937011719, 302.2275085449219], [579.228271484375, 433.9696960449219, 604.87744140625, 488.6012268066406], [599.9402465820312, 479.4905700683594, 625.2128295898438, 509.2552185058594], [539.8075561523438, 450.56671142578125, 681.1969604492188, 900.5064086914062]]}