{"categories": [0, 27], "bboxes": [[153.94700622558594, 147.81964111328125, 513.876220703125, 671.8313598632812], [284.1714172363281, 315.4714660644531, 345.0473327636719, 603.8681640625]]}