{"categories": [0, 27], "bboxes": [[277.03863525390625, 130.56301879882812, 632.5391845703125, 671.9453125], [410.6632385253906, 310.4368896484375, 465.6766052246094, 420.98480224609375]]}