{"categories": [0, 27, 45], "bboxes": [[0.0, 0.0, 437.172607421875, 1023.0], [46.95048522949219, 330.2652587890625, 79.65863037109375, 400.80670166015625], [600.6362915039062, 857.494140625, 763.4937133789062, 1013.85546875]]}