{"categories": [0], "bboxes": [[0.0, 15.141372680664062, 190.7091827392578, 326.364013671875]]}