{"categories": [0, 2, 13, 26, 56, 58], "bboxes": [[130.52633666992188, 443.09564208984375, 284.6603088378906, 962.4197387695312], [527.4699096679688, 516.4961547851562, 703.1575317382812, 584.0850219726562], [11.53265380859375, 575.547607421875, 109.21391296386719, 638.3145751953125], [428.1015930175781, 755.77294921875, 469.8918151855469, 865.0015869140625], [72.6454086303711, 530.8246459960938, 110.10932159423828, 589.3447875976562], [28.200912475585938, 696.721923828125, 147.1988525390625, 755.03759765625]]}