{"categories": [0, 39, 41], "bboxes": [[87.46969604492188, 86.86639404296875, 388.9845275878906, 660.6862182617188], [570.1958618164062, 457.8624572753906, 603.2568969726562, 539.517333984375], [569.2132568359375, 463.290771484375, 602.2598876953125, 531.1026000976562]]}