{"categories": [0, 39, 56, 58, 60, 62, 63, 73, 74], "bboxes": [[0.0, 282.7047424316406, 235.444580078125, 633.488525390625], [549.6567993164062, 315.2871398925781, 600.5121459960938, 477.6507873535156], [739.7208251953125, 347.3269348144531, 945.306884765625, 662.7762451171875], [366.5835876464844, 22.654815673828125, 474.5874938964844, 177.68380737304688], [461.8541564941406, 162.9296112060547, 565.9314575195312, 190.42677307128906], [962.8804321289062, 80.49444580078125, 1000.2549438476562, 156.04518127441406], [664.0146484375, 239.43170166015625, 762.8487548828125, 316.6318359375], [51.50379180908203, 179.61703491210938, 87.07233428955078, 212.45040893554688], [8.251571655273438, 130.2955322265625, 41.53110122680664, 160.60238647460938]]}