{"categories": [0], "bboxes": [[392.94879150390625, 16.32696533203125, 617.3017578125, 445.28668212890625]]}