{"categories": [0, 34, 39, 68, 79], "bboxes": [[66.98867797851562, 150.14389038085938, 721.42138671875, 681.7685546875], [107.6709213256836, 69.49543762207031, 204.90609741210938, 263.18389892578125], [444.2124938964844, 105.93788146972656, 480.5437927246094, 191.48329162597656], [652.0296020507812, 34.72412872314453, 733.0408325195312, 172.63027954101562], [110.29439544677734, 66.12773132324219, 143.64337158203125, 116.60374450683594]]}