{"categories": [0], "bboxes": [[308.246826171875, 134.2978515625, 674.6817626953125, 675.5139770507812]]}