{"categories": [0, 24, 26, 37], "bboxes": [[555.0052490234375, 193.341552734375, 724.73779296875, 696.0], [735.9664306640625, 249.60821533203125, 860.0284423828125, 417.74481201171875], [511.6838684082031, 350.16607666015625, 606.1944580078125, 528.089111328125], [927.292236328125, 434.6358947753906, 1023.0, 598.3701782226562]]}