{"categories": [0, 28, 36, 41, 56, 60, 63], "bboxes": [[252.51766967773438, 273.20501708984375, 333.9051208496094, 448.4266357421875], [319.55755615234375, 414.8573303222656, 452.94781494140625, 494.7185363769531], [488.8325500488281, 451.31536865234375, 565.9656982421875, 475.4544677734375], [333.1820068359375, 351.5064392089844, 364.63525390625, 403.1739807128906], [454.2864685058594, 317.9146423339844, 540.384521484375, 430.5135803222656], [134.93157958984375, 420.5204772949219, 451.48248291015625, 631.00927734375], [90.77213287353516, 406.5819091796875, 214.75286865234375, 469.01812744140625]]}