{"categories": [0, 8, 26, 74], "bboxes": [[325.0858459472656, 130.798828125, 622.8797607421875, 635.000732421875], [1.23553466796875, 19.7947998046875, 563.1583862304688, 592.601318359375], [402.17657470703125, 365.5238037109375, 500.03082275390625, 482.6851806640625], [525.5926513671875, 567.9674072265625, 556.0089111328125, 592.2332763671875]]}