{"categories": [0, 27, 62, 72], "bboxes": [[0.0, 0.0, 155.95144653320312, 743.031494140625], [4.76997184753418, 224.40248107910156, 58.714111328125, 443.848876953125], [0.0, 100.46981811523438, 958.1021728515625, 740.4637451171875], [29.190460205078125, 101.90728759765625, 920.4971923828125, 737.31103515625]]}