{"categories": [0, 39, 56, 73, 74], "bboxes": [[171.74884033203125, 0.0, 334.0, 234.91537475585938], [100.05735778808594, 31.502532958984375, 108.51107788085938, 57.81389617919922], [192.3129425048828, 104.78040313720703, 207.76356506347656, 139.54864501953125], [125.67814636230469, 131.5289764404297, 252.6018829345703, 202.4253387451172], [0.6880645751953125, 33.332672119140625, 22.560508728027344, 56.56324005126953]]}