{"categories": [0, 39, 41], "bboxes": [[0.0, 45.17884826660156, 337.0166015625, 402.78228759765625], [337.60198974609375, 341.88494873046875, 382.36688232421875, 409.385009765625], [322.1919250488281, 398.3766784667969, 344.6470031738281, 417.0]]}