{"categories": [0, 56, 60, 63], "bboxes": [[194.2794647216797, 132.73562622070312, 628.8958129882812, 581.408447265625], [0.38899993896484375, 313.4972839355469, 123.5536117553711, 383.4239196777344], [0.0, 524.3390502929688, 719.9932250976562, 654.4461059570312], [0.0, 379.2304992675781, 396.26873779296875, 617.1552124023438]]}