{"categories": [0, 27, 67], "bboxes": [[323.6346130371094, 31.61517333984375, 773.96533203125, 545.5538330078125], [176.81369018554688, 358.410888671875, 227.01190185546875, 511.5155029296875], [528.2470092773438, 370.2945556640625, 652.6821899414062, 428.11846923828125]]}