{"categories": [0, 13, 24, 26, 56, 65], "bboxes": [[210.29815673828125, 75.69486999511719, 440.74871826171875, 444.7568359375], [86.79814147949219, 183.92742919921875, 483.00762939453125, 442.53668212890625], [147.522705078125, 158.17591857910156, 251.87576293945312, 288.749267578125], [134.8848419189453, 167.80531311035156, 227.80458068847656, 293.5709533691406], [323.38653564453125, 190.71298217773438, 488.64971923828125, 445.6961364746094], [305.0048522949219, 207.6129913330078, 326.0104064941406, 224.48204040527344]]}