{"categories": [0], "bboxes": [[46.09955596923828, 127.71671295166016, 115.01656341552734, 305.255859375]]}