{"categories": [0, 27], "bboxes": [[304.51300048828125, 99.59146881103516, 391.525146484375, 329.6021728515625], [326.1860046386719, 139.17596435546875, 340.3778991699219, 206.46310424804688]]}