{"categories": [0, 1, 13, 79], "bboxes": [[122.85875701904297, 26.06134033203125, 373.3330993652344, 370.1971130371094], [0.0, 158.80487060546875, 55.12586212158203, 240.49343872070312], [18.955673217773438, 130.62197875976562, 499.0, 365.8623962402344], [171.88099670410156, 161.63595581054688, 187.17982482910156, 203.2353515625]]}