{"categories": [0, 1, 24, 26, 28, 56, 62, 63], "bboxes": [[5.440513610839844, 44.02197265625, 142.82650756835938, 329.9369201660156], [135.0550537109375, 305.8863830566406, 171.63482666015625, 332.0], [25.0076961517334, 91.3775634765625, 83.37358093261719, 161.5926055908203], [171.82664489746094, 167.01063537597656, 234.35743713378906, 256.37713623046875], [332.5910949707031, 264.5835266113281, 454.8527526855469, 329.3241882324219], [236.39944458007812, 205.85556030273438, 315.2702331542969, 328.0899963378906], [240.8376922607422, 207.8218536376953, 299.20965576171875, 269.4455871582031], [338.13946533203125, 268.54437255859375, 453.829833984375, 330.1368408203125]]}