{"categories": [0, 39, 47, 51, 52, 58], "bboxes": [[103.16868591308594, 13.358474731445312, 303.81304931640625, 243.3977508544922], [441.9522705078125, 75.36585235595703, 450.999755859375, 99.7180404663086], [385.6668701171875, 49.6700325012207, 404.64434814453125, 74.025634765625], [441.16632080078125, 153.6448516845703, 492.05908203125, 169.6025848388672], [428.3130187988281, 168.34983825683594, 491.3418273925781, 187.89183044433594], [179.28761291503906, 1.175100326538086, 199.11085510253906, 18.89542007446289]]}