{"categories": [0, 74], "bboxes": [[421.4333801269531, 25.761520385742188, 499.0, 119.595458984375], [241.87110900878906, 237.9349822998047, 284.85662841796875, 280.3790588378906]]}