{"categories": [0, 13, 26, 39, 74], "bboxes": [[29.938697814941406, 0.0, 224.07611083984375, 368.7425537109375], [0.0, 122.13847351074219, 499.0, 352.75286865234375], [267.449462890625, 123.61221313476562, 403.01910400390625, 210.44546508789062], [222.39028930664062, 219.6223907470703, 236.53164672851562, 264.14385986328125], [394.1793518066406, 251.0404510498047, 409.6077575683594, 266.94915771484375]]}