{"categories": [0, 24, 26, 74], "bboxes": [[147.72268676757812, 11.258529663085938, 284.7781677246094, 304.96905517578125], [4.084716796875, 136.44102478027344, 124.79438781738281, 299.62060546875], [2.544322967529297, 141.57470703125, 72.15629577636719, 298.8065490722656], [377.57421875, 240.01341247558594, 399.15850830078125, 259.8825988769531]]}