{"categories": [0, 2, 13, 56, 60], "bboxes": [[110.29873657226562, 66.34684753417969, 289.1082458496094, 283.61767578125], [187.39071655273438, 114.06341552734375, 233.02059936523438, 144.98806762695312], [278.52972412109375, 127.91293334960938, 373.88653564453125, 253.40438842773438], [3.709117889404297, 166.1380157470703, 105.08816528320312, 308.02642822265625], [186.68978881835938, 134.75326538085938, 279.5010681152344, 203.58917236328125]]}