{"categories": [0, 27, 39, 40, 41, 45, 57, 58, 60, 71], "bboxes": [[273.70733642578125, 3.3123703002929688, 373.12615966796875, 242.00186157226562], [297.70892333984375, 64.62875366210938, 318.94671630859375, 119.39765930175781], [186.9680633544922, 121.9273910522461, 229.8834686279297, 256.2991638183594], [4.558330535888672, 191.47262573242188, 47.40362548828125, 250.57815551757812], [169.283447265625, 244.5181427001953, 212.93524169921875, 280.0], [432.9841613769531, 117.12598419189453, 486.2134704589844, 136.29159545898438], [0.6034574508666992, 104.70086669921875, 27.220809936523438, 156.98660278320312], [452.16595458984375, 77.864501953125, 499.0, 136.31784057617188], [21.88800048828125, 189.4049072265625, 403.0988464355469, 276.5478515625], [390.36383056640625, 169.32284545898438, 489.4266357421875, 201.27780151367188]]}