{"categories": [0, 1, 26, 39, 41, 67, 72], "bboxes": [[414.571533203125, 70.746337890625, 496.0400390625, 289.89111328125], [207.18624877929688, 97.23893737792969, 331.0545959472656, 269.524169921875], [311.29937744140625, 158.2555389404297, 369.676025390625, 255.07969665527344], [327.108154296875, 243.0391082763672, 339.63336181640625, 286.8023681640625], [306.0264587402344, 275.529052734375, 324.4978332519531, 297.70086669921875], [41.12736129760742, 161.5126953125, 63.78188705444336, 185.5040283203125], [342.2087097167969, 280.4447937011719, 400.7287902832031, 328.3490905761719]]}