{"categories": [0, 26, 34, 36, 41], "bboxes": [[316.9527893066406, 84.62823486328125, 432.9019470214844, 352.4792785644531], [183.13751220703125, 222.67864990234375, 249.52813720703125, 299.10736083984375], [175.0130157470703, 52.241455078125, 289.8702392578125, 210.9405517578125], [23.37165069580078, 137.00291442871094, 234.87631225585938, 253.67884826660156], [327.346435546875, 340.0767822265625, 342.5018310546875, 356.0]]}