{"categories": [0, 26], "bboxes": [[88.81851959228516, 167.07713317871094, 183.62655639648438, 246.66709899902344], [282.30963134765625, 227.36155700683594, 318.5374755859375, 250.9769744873047]]}