{"categories": [0, 2, 10, 24, 26], "bboxes": [[3.6981964111328125, 5.3916015625, 249.2959442138672, 328.9786682128906], [90.08705139160156, 252.4507598876953, 232.78309631347656, 356.0], [192.9618377685547, 4.1924285888671875, 418.982421875, 356.0], [0.0, 69.34974670410156, 114.68966674804688, 314.6956787109375], [0.0, 107.19829559326172, 49.21443557739258, 253.69293212890625]]}