{"categories": [0, 56, 60, 63], "bboxes": [[0.7253570556640625, 255.54730224609375, 89.00797271728516, 340.993896484375], [291.5562438964844, 307.9261474609375, 367.5992736816406, 374.0], [375.1014404296875, 266.3456726074219, 491.89263916015625, 305.5749206542969], [38.400691986083984, 297.1139831542969, 107.46786499023438, 347.3152770996094]]}