{"categories": [0, 2, 7, 26, 41, 56, 61, 63], "bboxes": [[210.37652587890625, 156.40203857421875, 316.1817626953125, 371.52935791015625], [422.2969665527344, 210.08187866210938, 464.4258728027344, 299.282470703125], [429.9775390625, 0.0, 499.0, 353.7122802734375], [362.78155517578125, 247.78134155273438, 432.4173583984375, 326.0129699707031], [322.5511779785156, 218.61184692382812, 341.5693664550781, 252.47836303710938], [441.6929626464844, 263.7391662597656, 498.4704895019531, 372.5264587402344], [441.01434326171875, 259.51788330078125, 499.0, 372.73504638671875], [239.14682006835938, 239.7152557373047, 263.2782287597656, 262.5231628417969]]}