{"categories": [0, 62, 72], "bboxes": [[323.7242736816406, 77.47689819335938, 457.7713928222656, 328.16766357421875], [261.9255676269531, 216.90272521972656, 293.9272155761719, 245.5131378173828], [435.3585510253906, 105.46652221679688, 499.0, 325.1927490234375]]}