{"categories": [0], "bboxes": [[179.30917358398438, 41.40156555175781, 302.44635009765625, 304.013427734375]]}