{"categories": [0, 2, 25, 26, 58], "bboxes": [[31.978111267089844, 78.02088928222656, 218.83795166015625, 449.18902587890625], [227.25027465820312, 232.616943359375, 333.0, 496.4461669921875], [229.4685516357422, 241.08978271484375, 331.266357421875, 481.203857421875], [164.42312622070312, 234.85894775390625, 208.98074340820312, 306.9178466796875], [169.27777099609375, 98.83550262451172, 256.8477783203125, 206.48486328125]]}