{"categories": [0, 2, 3, 58], "bboxes": [[59.742210388183594, 31.5914306640625, 208.4935302734375, 294.3402404785156], [234.1028594970703, 0.0, 290.2810974121094, 34.82731628417969], [238.68324279785156, 0.3888683319091797, 288.2288818359375, 35.75657653808594], [195.54043579101562, 12.134449005126953, 248.59439086914062, 97.85577392578125]]}