{"categories": [0, 1, 13, 24, 37], "bboxes": [[294.5862731933594, 160.30970764160156, 414.2329406738281, 275.4928894042969], [181.47315979003906, 161.08155822753906, 211.72792053222656, 190.24485778808594], [456.8778381347656, 171.4832000732422, 497.3899230957031, 185.08876037597656], [300.51446533203125, 199.20787048339844, 390.40362548828125, 273.6361083984375], [169.73297119140625, 232.1250762939453, 230.80282592773438, 276.06280517578125]]}