{"categories": [0, 39, 41, 44, 45, 56, 58, 60, 74, 75], "bboxes": [[122.20240020751953, 145.92147827148438, 331.5297546386719, 406.1929016113281], [209.42835998535156, 395.7241516113281, 260.9756164550781, 499.0], [163.59950256347656, 403.54547119140625, 203.6763458251953, 428.888427734375], [230.2431182861328, 297.60333251953125, 303.06353759765625, 391.8280029296875], [164.48760986328125, 423.04217529296875, 197.22042846679688, 459.12176513671875], [209.65069580078125, 373.6366882324219, 243.58193969726562, 405.0171813964844], [272.2652587890625, 0.0, 332.0, 160.46067810058594], [17.922592163085938, 401.66046142578125, 319.0650634765625, 495.828125], [145.31143188476562, 298.20220947265625, 167.3448486328125, 321.37628173828125], [296.7311096191406, 68.4697265625, 331.1137390136719, 169.84681701660156]]}