{"categories": [0, 13, 26], "bboxes": [[107.46609497070312, 136.97149658203125, 237.90603637695312, 303.5392761230469], [0.0, 449.37060546875, 87.05252075195312, 495.7344970703125], [264.0218811035156, 168.15866088867188, 284.0655822753906, 235.32241821289062]]}