{"categories": [0, 25], "bboxes": [[138.03924560546875, 56.33757019042969, 277.40057373046875, 316.3212890625], [20.121253967285156, 5.653419494628906, 119.8202133178711, 224.03140258789062]]}