{"categories": [0, 1, 3, 24, 27, 35], "bboxes": [[19.03094482421875, 43.219146728515625, 132.08197021484375, 328.65460205078125], [297.84857177734375, 102.33602905273438, 334.336181640625, 139.30284118652344], [339.9560546875, 22.972084045410156, 467.96087646484375, 99.7048568725586], [356.4485778808594, 37.57628631591797, 461.5052795410156, 96.77448272705078], [236.90347290039062, 114.57989501953125, 262.6754150390625, 204.8922119140625], [126.17906188964844, 136.20948791503906, 155.37742614746094, 164.29942321777344]]}