{"categories": [0, 26, 39, 56, 57, 60, 62], "bboxes": [[154.06085205078125, 8.156982421875, 253.3966064453125, 224.371826171875], [165.07763671875, 214.1175079345703, 220.48776245117188, 276.4651184082031], [286.8252258300781, 237.62994384765625, 295.6317443847656, 263.8566589355469], [155.71041870117188, 122.21121215820312, 224.1143798828125, 207.9129638671875], [0.8485641479492188, 4.438774108886719, 155.49282836914062, 153.24896240234375], [45.26153564453125, 189.63446044921875, 437.79864501953125, 330.7718505859375], [270.10467529296875, 17.59177017211914, 392.1376953125, 122.7249755859375]]}