{"categories": [0, 56, 67], "bboxes": [[250.41954040527344, 226.42955017089844, 316.6768493652344, 497.374755859375], [4.415992736816406, 340.79986572265625, 125.78705596923828, 499.0], [164.75115966796875, 398.427734375, 190.12371826171875, 419.77935791015625]]}