{"categories": [0, 27, 73], "bboxes": [[0.0, 82.57672119140625, 218.7086944580078, 494.97174072265625], [223.52845764160156, 246.9898223876953, 262.4800109863281, 340.4356384277344], [138.55825805664062, 350.1249694824219, 244.90753173828125, 423.2172546386719]]}