{"categories": [0, 30, 41], "bboxes": [[163.67855834960938, 37.20831298828125, 402.1534118652344, 481.1422119140625], [66.81045532226562, 128.44447326660156, 109.48489379882812, 430.29449462890625], [271.4149475097656, 206.0360107421875, 294.9511413574219, 233.7015380859375]]}