{"categories": [0, 28, 41, 58, 62, 63, 68, 73], "bboxes": [[244.64260864257812, 84.32282257080078, 362.0129089355469, 332.0], [474.94415283203125, 283.0788269042969, 499.0, 332.0], [424.1220703125, 224.7831268310547, 441.3077392578125, 240.83253479003906], [207.927490234375, 204.54348754882812, 227.34329223632812, 243.78326416015625], [330.439697265625, 206.44644165039062, 408.90594482421875, 284.9328918457031], [135.17269897460938, 225.23399353027344, 161.72512817382812, 248.3109588623047], [135.71453857421875, 223.87451171875, 162.73318481445312, 248.10205078125], [459.7589416503906, 155.89288330078125, 496.8714904785156, 200.18777465820312]]}