{"categories": [0], "bboxes": [[128.0224609375, 60.238983154296875, 221.78021240234375, 320.33612060546875]]}