{"categories": [0, 25], "bboxes": [[188.2547607421875, 151.79515075683594, 330.450439453125, 499.0], [0.0, 19.675289154052734, 332.0, 146.6156463623047]]}