{"categories": [0, 25, 38], "bboxes": [[385.0039367675781, 125.390625, 443.2331237792969, 273.7672119140625], [188.25534057617188, 82.36334991455078, 223.695556640625, 93.09163665771484], [435.6730041503906, 123.60636138916016, 468.1117248535156, 169.92227172851562]]}