{"categories": [0, 7, 25, 26, 29], "bboxes": [[313.65631103515625, 2.6251296997070312, 385.018310546875, 127.66019439697266], [238.57260131835938, 55.43626403808594, 419.9380798339844, 256.93206787109375], [43.381065368652344, 73.8587417602539, 207.03738403320312, 188.37066650390625], [176.66812133789062, 122.76542663574219, 202.49102783203125, 165.9826202392578], [196.14283752441406, 170.58099365234375, 227.80909729003906, 196.1324462890625]]}