{"categories": [0, 24, 56], "bboxes": [[245.65196228027344, 38.87312316894531, 401.77642822265625, 329.7998046875], [405.25177001953125, 141.5941162109375, 440.72833251953125, 162.36044311523438], [2.471996307373047, 77.96513366699219, 125.06149291992188, 170.28639221191406]]}