{"categories": [0, 27, 40, 41, 58, 75], "bboxes": [[157.27540588378906, 109.33879089355469, 319.95843505859375, 495.42523193359375], [203.391845703125, 216.41395568847656, 227.8135986328125, 270.39080810546875], [165.63375854492188, 272.2505187988281, 190.33322143554688, 338.5263977050781], [148.0104217529297, 291.1795654296875, 170.48805236816406, 318.6424560546875], [141.46603393554688, 356.7103576660156, 209.94622802734375, 450.2135925292969], [154.3684539794922, 414.4687805175781, 183.60264587402344, 448.0528259277344]]}