{"categories": [0, 13, 56, 57], "bboxes": [[195.1976318359375, 57.07563781738281, 300.1122131347656, 335.7672119140625], [25.364791870117188, 62.542205810546875, 495.08465576171875, 309.1583557128906], [283.4382629394531, 31.91644287109375, 495.1963806152344, 323.61639404296875], [45.674530029296875, 98.18053436279297, 499.0, 320.8138732910156]]}