{"categories": [0, 24], "bboxes": [[181.32708740234375, 23.0086669921875, 363.794677734375, 329.95257568359375], [279.3087158203125, 92.67146301269531, 321.4681396484375, 188.2595977783203]]}