{"categories": [0, 25, 27, 56, 60, 73, 76], "bboxes": [[305.0120544433594, 150.10916137695312, 390.3406677246094, 369.2847595214844], [18.739578247070312, 4.0007476806640625, 96.17313385009766, 266.50341796875], [331.742919921875, 198.6077423095703, 351.1988525390625, 244.6244354248047], [405.8212585449219, 231.05401611328125, 487.5732116699219, 368.2100830078125], [186.045654296875, 166.9969940185547, 317.32366943359375, 368.71356201171875], [315.79150390625, 232.31764221191406, 371.37286376953125, 255.5397186279297], [185.88844299316406, 55.33135986328125, 233.08900451660156, 128.5134735107422]]}