{"categories": [0, 27, 46, 58, 59], "bboxes": [[112.50472259521484, 98.043212890625, 224.144775390625, 440.03472900390625], [246.33718872070312, 112.02168273925781, 257.56744384765625, 145.5742645263672], [182.745849609375, 175.9881591796875, 208.01669311523438, 198.780517578125], [298.93035888671875, 136.36444091796875, 374.0, 323.1576843261719], [25.627593994140625, 283.3762512207031, 374.0, 494.0485534667969]]}