{"categories": [0], "bboxes": [[88.50953674316406, 43.599517822265625, 443.8802490234375, 374.0]]}