{"categories": [0, 1, 2, 3, 16, 26], "bboxes": [[123.07269287109375, 66.060546875, 201.065673828125, 318.62664794921875], [9.238807678222656, 92.31037902832031, 67.59351348876953, 132.1867218017578], [331.29241943359375, 101.68453216552734, 499.0, 335.1891174316406], [398.6184997558594, 103.06079864501953, 434.9947204589844, 142.2696533203125], [224.74685668945312, 109.09959411621094, 297.0861511230469, 186.00563049316406], [276.7415466308594, 154.2974853515625, 310.0254211425781, 210.33709716796875]]}