{"categories": [0, 2, 7], "bboxes": [[20.175628662109375, 51.744171142578125, 331.0, 493.6520080566406], [189.35781860351562, 91.820068359375, 330.7439880371094, 176.083984375], [193.45684814453125, 90.60346221923828, 331.0, 175.73373413085938]]}