{"categories": [0, 13, 25, 56], "bboxes": [[144.71221923828125, 60.041786193847656, 222.9024658203125, 290.2102355957031], [36.10557556152344, 163.75222778320312, 279.6158447265625, 303.1660461425781], [21.834243774414062, 8.328071594238281, 395.6568603515625, 251.64523315429688], [2.0542678833007812, 173.2340087890625, 108.89887237548828, 316.83056640625]]}