{"categories": [0, 16, 27, 56, 58, 60, 73, 75], "bboxes": [[18.42761993408203, 110.4665298461914, 185.7325439453125, 324.3976745605469], [290.9154052734375, 125.74526977539062, 323.32232666015625, 150.03439331054688], [252.77511596679688, 72.17932891845703, 277.6961975097656, 152.97723388671875], [350.6571960449219, 162.47698974609375, 480.1955871582031, 329.81109619140625], [400.4311218261719, 97.5963363647461, 470.1076354980469, 156.05972290039062], [119.82908630371094, 155.4383544921875, 438.47418212890625, 321.3559875488281], [354.7168273925781, 262.93597412109375, 395.6438903808594, 315.42523193359375], [44.66362380981445, 101.93424987792969, 60.714908599853516, 128.56900024414062]]}