{"categories": [0, 2, 9, 17, 41, 62], "bboxes": [[364.4654541015625, 77.37848663330078, 423.5546875, 220.83599853515625], [71.57865905761719, 170.9180145263672, 97.879150390625, 186.02430725097656], [0.26212644577026367, 29.662399291992188, 11.553337097167969, 55.089874267578125], [336.75634765625, 114.96727752685547, 499.0, 312.0804443359375], [8.507604598999023, 293.2982482910156, 54.03895568847656, 329.9916687011719], [361.8251647949219, 41.1341552734375, 418.0264587402344, 77.08568572998047]]}