{"categories": [0, 2, 14, 18, 24, 26, 35], "bboxes": [[265.27264404296875, 59.1466064453125, 450.5667724609375, 330.0], [211.61141967773438, 117.80972290039062, 269.81024169921875, 176.09112548828125], [3.7923507690429688, 264.32080078125, 125.82012176513672, 320.56298828125], [95.82843780517578, 248.87033081054688, 137.25112915039062, 283.7459411621094], [446.1203308105469, 301.8209228515625, 499.0, 330.0], [147.91419982910156, 137.9807891845703, 223.77317810058594, 268.71429443359375], [274.4092102050781, 221.68443298339844, 314.3093566894531, 257.37860107421875]]}