{"categories": [0, 26, 40, 56], "bboxes": [[50.722023010253906, 14.71246337890625, 231.71408081054688, 325.9916076660156], [51.244842529296875, 264.7592468261719, 98.9041748046875, 330.6011657714844], [305.66058349609375, 157.3675994873047, 353.4306640625, 262.0804443359375], [29.895832061767578, 77.97144317626953, 108.68818664550781, 138.42544555664062]]}