{"categories": [0, 56, 60, 63], "bboxes": [[46.87179183959961, 142.54098510742188, 158.2233428955078, 330.54541015625], [142.20187377929688, 233.64749145507812, 194.41513061523438, 317.0226135253906], [0.79766845703125, 245.9926300048828, 93.59471893310547, 336.0117492675781], [173.40878295898438, 222.17538452148438, 207.95223999023438, 237.82711791992188]]}