{"categories": [0, 1, 34, 38, 58], "bboxes": [[94.65618896484375, 59.679412841796875, 422.35107421875, 370.3009948730469], [66.86268615722656, 238.96099853515625, 251.25550842285156, 374.0], [82.44612884521484, 170.08209228515625, 96.87247467041016, 201.15814208984375], [51.95022201538086, 111.16487121582031, 63.2970085144043, 134.94488525390625], [344.6340637207031, 76.40757751464844, 363.0002746582031, 104.33709716796875]]}