{"categories": [0, 41, 56, 60, 69, 73], "bboxes": [[325.29815673828125, 27.167984008789062, 499.0, 275.13787841796875], [203.68011474609375, 131.2404022216797, 227.30523681640625, 169.68357849121094], [128.67706298828125, 78.57652282714844, 295.4831848144531, 159.40005493164062], [111.19291687011719, 138.52096557617188, 325.43499755859375, 273.0186462402344], [58.29051208496094, 10.01959228515625, 306.09942626953125, 240.3272247314453], [231.85520935058594, 188.15504455566406, 311.9459228515625, 223.72377014160156]]}