{"categories": [0, 13, 14, 19, 56, 67], "bboxes": [[62.31081771850586, 133.67210388183594, 128.1470184326172, 300.35107421875], [12.662353515625, 211.44326782226562, 130.93264770507812, 263.02313232421875], [239.32618713378906, 75.74957275390625, 270.0816650390625, 137.8878631591797], [173.57537841796875, 121.23834228515625, 447.62347412109375, 331.0], [401.1929931640625, 133.77255249023438, 432.31866455078125, 181.98361206054688], [288.24456787109375, 20.837793350219727, 319.4400634765625, 32.85877227783203]]}