{"categories": [0, 27, 54, 67], "bboxes": [[250.89950561523438, 96.17549133300781, 472.6806945800781, 497.8563232421875], [173.7170867919922, 189.1403045654297, 207.8617401123047, 226.21910095214844], [123.22796630859375, 323.05859375, 199.5994873046875, 356.59490966796875], [221.38882446289062, 251.68112182617188, 240.20465087890625, 273.2650451660156]]}