{"categories": [0, 1, 2, 5, 9, 25, 58], "bboxes": [[315.9768981933594, 65.7730712890625, 420.2911682128906, 319.46258544921875], [107.02913665771484, 148.9619903564453, 253.15554809570312, 266.41552734375], [311.4148254394531, 81.58386993408203, 323.7574157714844, 104.7322006225586], [189.6318359375, 59.531898498535156, 277.6107177734375, 115.83329010009766], [49.13234329223633, 66.318603515625, 54.65537643432617, 82.20344543457031], [262.9439697265625, 102.16551208496094, 330.9923095703125, 165.4342498779297], [173.34254455566406, 87.50114440917969, 192.2328338623047, 101.03268432617188]]}