{"categories": [0, 9, 26, 39, 56], "bboxes": [[58.8544921875, 117.29484558105469, 361.29364013671875, 374.0], [320.52679443359375, 50.05514907836914, 341.223388671875, 68.34971618652344], [296.22344970703125, 206.2291259765625, 371.56475830078125, 300.87847900390625], [406.5089416503906, 196.93362426757812, 418.9076843261719, 230.5457763671875], [269.7876892089844, 197.56539916992188, 314.3358459472656, 249.2091064453125]]}