{"categories": [0, 2, 24, 26, 56], "bboxes": [[291.0221252441406, 201.04092407226562, 341.4444885253906, 358.7028503417969], [19.744686126708984, 237.75962829589844, 36.2983283996582, 249.59959411621094], [182.1562957763672, 244.13497924804688, 212.6151885986328, 293.1371154785156], [294.50921630859375, 227.0419921875, 328.33526611328125, 293.70001220703125], [459.02630615234375, 254.34059143066406, 489.25628662109375, 286.4910888671875]]}