{"categories": [0, 67], "bboxes": [[232.9215545654297, 168.1201171875, 499.0, 392.32269287109375], [267.15399169921875, 192.3948211669922, 303.17291259765625, 212.63719177246094]]}