{"categories": [0, 2, 27], "bboxes": [[267.7245788574219, 8.655166625976562, 448.3019714355469, 326.29156494140625], [421.4844665527344, 137.30776977539062, 499.0, 331.0], [232.45187377929688, 140.93190002441406, 250.93310546875, 189.4958953857422]]}