{"categories": [0, 46, 73], "bboxes": [[227.38406372070312, 135.55970764160156, 380.5058288574219, 327.86212158203125], [222.4244384765625, 223.3310546875, 267.2237854003906, 280.31512451171875], [364.1217041015625, 214.91680908203125, 415.60589599609375, 238.88311767578125]]}