{"categories": [0, 3, 28, 35, 56, 65, 67], "bboxes": [[41.434234619140625, 34.34642028808594, 317.0572509765625, 364.941650390625], [0.9548263549804688, 0.0, 76.6349868774414, 297.45574951171875], [68.0755844116211, 319.8319396972656, 158.2022705078125, 368.7898864746094], [159.06301879882812, 319.4252624511719, 272.4149169921875, 373.1153869628906], [294.2359313964844, 168.7761993408203, 308.1582336425781, 196.3171844482422], [226.91603088378906, 201.36851501464844, 270.03399658203125, 223.0874481201172], [75.85636138916016, 208.01431274414062, 114.48914337158203, 222.11502075195312]]}