{"categories": [0, 13, 35], "bboxes": [[104.64964294433594, 217.0338134765625, 234.9016571044922, 496.205810546875], [50.997222900390625, 304.45428466796875, 332.0, 483.52166748046875], [209.79315185546875, 391.0723876953125, 242.4188232421875, 426.55426025390625]]}