{"categories": [0, 29, 32, 35, 56], "bboxes": [[402.86651611328125, 44.72785949707031, 499.0, 316.32928466796875], [204.5709991455078, 79.93687438964844, 244.03675842285156, 119.84902954101562], [427.6128845214844, 65.01898193359375, 446.5546569824219, 83.95988464355469], [172.26702880859375, 243.14202880859375, 220.17626953125, 258.483154296875], [0.7531585693359375, 97.15968322753906, 280.74639892578125, 189.14793395996094]]}