{"categories": [0, 41, 63], "bboxes": [[154.1339874267578, 58.777008056640625, 481.87286376953125, 326.9071350097656], [441.1922607421875, 304.8882751464844, 499.0, 332.0], [187.4495849609375, 255.30345153808594, 412.76446533203125, 331.2328796386719]]}