{"categories": [0, 24, 26, 28, 45], "bboxes": [[198.9310302734375, 102.11113739013672, 280.64251708984375, 311.16229248046875], [204.04757690429688, 158.39361572265625, 229.34896850585938, 207.81732177734375], [205.0959930419922, 157.30799865722656, 227.96690368652344, 208.1096649169922], [401.2867431640625, 224.64895629882812, 436.592529296875, 260.6424865722656], [212.0620574951172, 303.6241455078125, 244.48963928222656, 320.5269775390625]]}