{"categories": [0, 24, 26], "bboxes": [[99.8460922241211, 115.2131576538086, 257.19805908203125, 360.7571105957031], [270.911865234375, 291.81524658203125, 329.4755859375, 360.85064697265625], [104.3123779296875, 173.68295288085938, 160.54888916015625, 284.6648864746094]]}