{"categories": [0, 1, 26], "bboxes": [[132.90213012695312, 103.27090454101562, 199.15264892578125, 311.124267578125], [266.930908203125, 247.6272735595703, 331.26287841796875, 352.5218505859375], [113.7923583984375, 226.32386779785156, 137.7321319580078, 260.0047302246094]]}