{"categories": [0, 26, 39, 45, 53, 60, 66], "bboxes": [[30.323585510253906, 0.0, 198.06805419921875, 368.92059326171875], [151.05467224121094, 168.28280639648438, 222.31422424316406, 224.94552612304688], [450.3538513183594, 157.22703552246094, 468.0820007324219, 198.6300506591797], [385.63421630859375, 175.15574645996094, 433.17388916015625, 189.3132781982422], [214.04824829101562, 192.4709014892578, 311.6048278808594, 217.8701934814453], [125.56205749511719, 184.574462890625, 499.0, 362.02490234375], [418.1058654785156, 222.63099670410156, 499.0, 251.2238311767578]]}