{"categories": [0, 58], "bboxes": [[96.50250244140625, 44.099021911621094, 173.56790161132812, 218.3052978515625], [155.1457977294922, 130.93955993652344, 202.41761779785156, 187.8178253173828]]}