{"categories": [0, 26, 32], "bboxes": [[425.1362609863281, 164.74270629882812, 493.2831726074219, 269.72943115234375], [267.6439514160156, 161.18551635742188, 291.2312316894531, 206.267822265625], [146.93751525878906, 75.30564880371094, 166.49452209472656, 95.410888671875]]}