{"categories": [0, 39, 41, 56, 58, 60, 62, 74, 75], "bboxes": [[417.464111328125, 87.41276550292969, 479.178466796875, 218.07493591308594], [353.32891845703125, 157.6511688232422, 370.26458740234375, 193.6740264892578], [251.4629364013672, 172.30580139160156, 276.9374694824219, 200.7472381591797], [218.44705200195312, 168.08660888671875, 234.379638671875, 190.38327026367188], [118.08599853515625, 120.29283905029297, 145.84906005859375, 193.02508544921875], [13.340606689453125, 187.2877197265625, 438.4722900390625, 267.54095458984375], [322.65155029296875, 92.99667358398438, 377.09356689453125, 135.1324462890625], [382.6521301269531, 87.30126953125, 402.7461853027344, 109.73379516601562], [123.4451904296875, 137.01524353027344, 141.84210205078125, 188.5178985595703]]}