{"categories": [0, 41, 56], "bboxes": [[278.3569641113281, 53.08143615722656, 384.8532409667969, 297.92913818359375], [309.81976318359375, 140.45477294921875, 327.51776123046875, 163.38381958007812], [155.5355682373047, 212.4825439453125, 251.1815948486328, 330.90087890625]]}