{"categories": [0, 50, 59, 73], "bboxes": [[272.6666259765625, 6.4758758544921875, 499.0, 328.84588623046875], [287.01422119140625, 198.17047119140625, 312.49334716796875, 230.28921508789062], [16.738204956054688, 2.1292762756347656, 287.38470458984375, 121.95704650878906], [3.669708251953125, 163.72300720214844, 89.9383544921875, 267.2259826660156]]}