{"categories": [0, 27, 41, 57, 58, 73, 75], "bboxes": [[262.74444580078125, 47.36827850341797, 423.0, 281.174072265625], [347.3134460449219, 133.2496337890625, 368.5098571777344, 192.38778686523438], [276.69683837890625, 136.400146484375, 291.00439453125, 164.32693481445312], [0.0, 91.60718536376953, 331.7130432128906, 282.0], [241.8057861328125, 110.61332702636719, 270.71728515625, 158.7028350830078], [256.487548828125, 177.0868377685547, 381.7689208984375, 228.0135040283203], [248.8263397216797, 137.5659637451172, 264.5404357910156, 158.75160217285156]]}