{"categories": [0, 19, 67], "bboxes": [[265.14227294921875, 64.16358947753906, 365.6246337890625, 424.40252685546875], [448.3611145019531, 282.7833251953125, 461.4931945800781, 295.23187255859375], [215.77008056640625, 129.81979370117188, 245.03091430664062, 165.01657104492188]]}