{"categories": [0], "bboxes": [[167.79135131835938, 86.96559143066406, 248.75735473632812, 370.84075927734375]]}