{"categories": [0, 2], "bboxes": [[233.3516845703125, 70.31694030761719, 318.9071044921875, 328.1226806640625], [2.7259521484375, 106.09251403808594, 89.00164794921875, 184.68959045410156]]}