{"categories": [0, 13, 26, 35, 56], "bboxes": [[46.56128692626953, 135.58753967285156, 113.6658706665039, 210.8915252685547], [212.99484252929688, 79.9599380493164, 239.74252319335938, 98.09578704833984], [211.91287231445312, 94.89314270019531, 242.38235473632812, 135.44683837890625], [49.11472702026367, 138.5927276611328, 76.14702606201172, 160.18431091308594], [56.82252883911133, 166.33929443359375, 93.00041198730469, 205.6986083984375]]}