{"categories": [0, 2, 24, 26], "bboxes": [[281.7283630371094, 178.28018188476562, 361.8737487792969, 352.8193664550781], [0.3993034362792969, 220.16864013671875, 29.614702224731445, 321.65087890625], [227.12319946289062, 207.18728637695312, 265.5216369628906, 255.47976684570312], [163.7230224609375, 202.0970458984375, 182.72976684570312, 259.3741760253906]]}