{"categories": [0, 6, 17, 28], "bboxes": [[290.4877014160156, 143.11831665039062, 355.7005920410156, 235.59963989257812], [215.32568359375, 140.39398193359375, 471.0262451171875, 298.82342529296875], [101.44749450683594, 171.20108032226562, 281.7279052734375, 313.5537109375], [268.3626403808594, 199.12094116210938, 316.3971252441406, 235.04351806640625]]}