{"categories": [0, 1, 2, 24, 26, 28], "bboxes": [[267.25103759765625, 75.3112564086914, 366.239013671875, 310.4725036621094], [442.92083740234375, 121.09952545166016, 469.3668212890625, 145.19888305664062], [260.8985290527344, 106.854248046875, 297.3973693847656, 155.85525512695312], [232.24252319335938, 205.66004943847656, 304.9681701660156, 311.9847106933594], [331.0384826660156, 130.30686950683594, 369.1879577636719, 191.8185577392578], [238.08717346191406, 261.23486328125, 306.56793212890625, 337.94140625]]}