{"categories": [0, 1, 2, 7], "bboxes": [[320.4515380859375, 187.70156860351562, 356.91131591796875, 281.8458251953125], [321.54156494140625, 235.95379638671875, 345.16534423828125, 297.041748046875], [0.8253860473632812, 194.09622192382812, 156.95718383789062, 311.38397216796875], [362.34442138671875, 186.9929962158203, 499.0, 277.93133544921875]]}