{"categories": [0, 57, 73, 77], "bboxes": [[66.41099548339844, 150.61087036132812, 261.82794189453125, 470.2586364746094], [205.771240234375, 35.25627136230469, 330.0, 248.5345916748047], [0.0, 193.31695556640625, 110.10142517089844, 345.17828369140625], [297.0237121582031, 216.90269470214844, 330.0, 310.0345458984375]]}