{"categories": [0, 24, 27], "bboxes": [[255.85989379882812, 231.89248657226562, 331.1795349121094, 453.3942565917969], [213.4229278564453, 323.7855529785156, 237.4347381591797, 367.1448669433594], [275.64349365234375, 267.47802734375, 287.46417236328125, 326.41400146484375]]}