{"categories": [0, 38, 67, 73, 76], "bboxes": [[351.12799072265625, 40.577239990234375, 499.0, 367.0699462890625], [159.4976348876953, 111.92222595214844, 358.8153076171875, 301.74810791015625], [310.3905029296875, 339.0309143066406, 341.18206787109375, 372.4940490722656], [474.5245666503906, 131.4837646484375, 499.0, 148.34799194335938], [109.56794738769531, 107.6670913696289, 240.42567443847656, 162.39378356933594]]}