{"categories": [0, 39, 40, 41, 56, 60, 62, 73], "bboxes": [[180.31814575195312, 90.36767578125, 350.9725036621094, 285.6617431640625], [311.1719055175781, 139.84400939941406, 329.1458435058594, 169.63526916503906], [183.81021118164062, 279.867919921875, 227.46035766601562, 332.0], [270.88623046875, 246.83729553222656, 303.51959228515625, 293.4136962890625], [465.68548583984375, 72.92823791503906, 499.0, 114.00030517578125], [28.27130126953125, 246.91702270507812, 398.3541564941406, 329.7665710449219], [393.2941589355469, 57.36466979980469, 435.9519348144531, 131.58816528320312], [425.4335632324219, 61.69838333129883, 437.7834777832031, 105.80886840820312]]}