{"categories": [0, 26, 60, 77], "bboxes": [[376.37640380859375, 176.74136352539062, 497.87261962890625, 329.7781677246094], [103.33121490478516, 205.50799560546875, 150.2943878173828, 321.358154296875], [343.6529541015625, 227.36227416992188, 406.38507080078125, 317.5726623535156], [176.41262817382812, 62.96356201171875, 332.752685546875, 332.0]]}