{"categories": [0, 32, 36], "bboxes": [[47.08727264404297, 99.98765563964844, 235.9449462890625, 381.69915771484375], [281.4514465332031, 136.04721069335938, 314.2093200683594, 169.45700073242188], [211.53549194335938, 252.49708557128906, 240.69915771484375, 276.5319519042969]]}