{"categories": [0, 10, 13, 26, 39, 50], "bboxes": [[267.37103271484375, 168.13851928710938, 311.28668212890625, 303.43096923828125], [107.29692077636719, 137.24598693847656, 162.48545837402344, 241.93678283691406], [369.3592529296875, 250.37542724609375, 490.674072265625, 342.0], [259.9528503417969, 219.82809448242188, 276.1564636230469, 248.11798095703125], [382.39556884765625, 227.3753662109375, 403.34405517578125, 276.7008972167969], [141.94383239746094, 135.81092834472656, 190.44056701660156, 183.48744201660156]]}