{"categories": [0, 27, 43], "bboxes": [[56.24445343017578, 59.9677734375, 178.49069213867188, 329.4852294921875], [111.24930572509766, 121.26306915283203, 126.37116241455078, 169.40560913085938], [351.9859313964844, 240.0109100341797, 373.9604797363281, 251.73658752441406]]}