{"categories": [0, 9, 26, 28, 64, 79], "bboxes": [[57.63957595825195, 97.77536010742188, 181.3102264404297, 329.6064758300781], [481.90460205078125, 1.2016000747680664, 499.0, 19.96582794189453], [278.0531005859375, 90.50973510742188, 393.216796875, 301.9918518066406], [207.00253295898438, 68.44241333007812, 325.6743469238281, 325.3348083496094], [364.9056091308594, 15.723514556884766, 400.1785583496094, 54.60220718383789], [90.54965209960938, 149.0219268798828, 119.45512390136719, 169.9188690185547]]}