{"categories": [0], "bboxes": [[266.01531982421875, 95.21864318847656, 497.12530517578125, 327.49310302734375]]}