{"categories": [0, 26, 39, 63, 66, 73, 74], "bboxes": [[64.8540267944336, 9.683456420898438, 156.54330444335938, 227.3809356689453], [121.21218872070312, 63.55943298339844, 167.44107055664062, 289.52850341796875], [37.34340286254883, 213.77847290039062, 56.00556564331055, 263.8798828125], [402.442138671875, 253.78465270996094, 499.0, 319.9823303222656], [281.3599548339844, 303.8456726074219, 477.9490661621094, 330.4903869628906], [182.19537353515625, 258.23321533203125, 357.38433837890625, 300.105712890625], [288.9081115722656, 19.911026000976562, 303.3938293457031, 38.0788688659668]]}