{"categories": [0, 39, 40, 41, 56, 62], "bboxes": [[227.35023498535156, 15.465652465820312, 496.216796875, 350.64422607421875], [300.5565185546875, 190.87857055664062, 315.06982421875, 224.64706420898438], [54.91508865356445, 103.48486328125, 71.54109954833984, 125.53761291503906], [251.3228302001953, 218.09527587890625, 283.37567138671875, 287.567626953125], [37.063934326171875, 135.25140380859375, 76.43926239013672, 185.94061279296875], [90.79525756835938, 16.576045989990234, 150.25274658203125, 81.0538330078125]]}