{"categories": [0, 13], "bboxes": [[186.79397583007812, 175.43795776367188, 381.7499694824219, 369.0475769042969], [142.65113830566406, 270.5444030761719, 184.35768127441406, 294.1163635253906]]}