{"categories": [0, 34, 56, 60], "bboxes": [[41.05654525756836, 123.82469177246094, 138.29275512695312, 390.3353271484375], [160.33070373535156, 251.02377319335938, 182.87001037597656, 325.1915588378906], [255.75164794921875, 282.74755859375, 299.53387451171875, 349.8897705078125], [291.4801025390625, 266.8675537109375, 332.0, 347.170166015625]]}