{"categories": [0, 2, 26, 27, 41, 57, 58], "bboxes": [[190.79150390625, 96.17022705078125, 291.0791931152344, 329.8843688964844], [110.332275390625, 145.69802856445312, 159.35675048828125, 194.557861328125], [384.1949157714844, 231.96145629882812, 464.2439270019531, 307.1287536621094], [328.9040832519531, 140.95814514160156, 347.6390075683594, 188.4107208251953], [247.10943603515625, 200.4452362060547, 270.04962158203125, 218.9206085205078], [361.8003234863281, 185.91705322265625, 498.5514221191406, 314.3193359375], [404.41162109375, 286.0024108886719, 456.6837158203125, 330.3887023925781]]}