{"categories": [0], "bboxes": [[399.69390869140625, 47.269248962402344, 474.66412353515625, 240.07125854492188]]}