{"categories": [0], "bboxes": [[75.41907501220703, 73.96626281738281, 222.29208374023438, 456.857177734375]]}