{"categories": [0, 27], "bboxes": [[134.7532958984375, 17.296127319335938, 283.4505615234375, 478.03741455078125], [196.8502655029297, 97.04108428955078, 228.3567352294922, 114.4904556274414]]}