{"categories": [0, 2, 7, 41, 60], "bboxes": [[0.0, 11.830215454101562, 142.85772705078125, 328.89129638671875], [289.32684326171875, 128.33200073242188, 315.14715576171875, 183.83395385742188], [169.79617309570312, 105.28329467773438, 309.1661376953125, 181.56924438476562], [190.99185180664062, 177.94505310058594, 233.56207275390625, 227.2384490966797], [83.77882385253906, 210.2239532470703, 402.8328857421875, 325.91876220703125]]}