{"categories": [0, 24, 38, 41, 56, 63], "bboxes": [[252.4248046875, 189.73480224609375, 444.637939453125, 339.94244384765625], [111.74751281738281, 109.95298767089844, 152.22984313964844, 162.93260192871094], [352.5815124511719, 145.0731658935547, 410.3692321777344, 173.9420928955078], [197.66372680664062, 190.3557586669922, 229.6761474609375, 219.12791442871094], [88.97793579101562, 205.85247802734375, 216.6707763671875, 315.28729248046875], [92.51406860351562, 266.7489013671875, 184.29928588867188, 319.38641357421875]]}