{"categories": [0, 1, 38, 39, 41], "bboxes": [[3.3232269287109375, 21.521392822265625, 155.76824951171875, 366.0300598144531], [361.5106506347656, 214.80972290039062, 495.6296081542969, 352.3272399902344], [213.64996337890625, 96.0549545288086, 394.88812255859375, 248.1131591796875], [464.7071533203125, 187.98770141601562, 479.218994140625, 227.43191528320312], [71.50119018554688, 97.02665710449219, 95.52505493164062, 133.91651916503906]]}