{"categories": [0, 9, 32, 41, 56, 60], "bboxes": [[255.86599731445312, 41.91224670410156, 462.1781311035156, 328.75494384765625], [0.9245567321777344, 93.44338989257812, 28.700855255126953, 159.6271514892578], [97.77429962158203, 159.7261505126953, 149.37696838378906, 218.8072967529297], [101.44383239746094, 238.63858032226562, 114.0946044921875, 255.359130859375], [0.5686759948730469, 230.43618774414062, 68.44334411621094, 307.8023986816406], [12.26025390625, 233.48397827148438, 160.69593811035156, 328.9908142089844]]}