{"categories": [0, 8, 24], "bboxes": [[206.91012573242188, 121.84131622314453, 277.74298095703125, 211.44815063476562], [26.841445922851562, 159.4293975830078, 265.97088623046875, 260.4939270019531], [257.1518249511719, 139.72201538085938, 276.0600280761719, 177.721923828125]]}