{"categories": [0, 2, 8, 25, 74], "bboxes": [[113.27476501464844, 189.8499755859375, 213.3014373779297, 349.339111328125], [10.198369979858398, 241.56243896484375, 43.588043212890625, 266.007568359375], [25.93646240234375, 8.900802612304688, 455.56060791015625, 290.4578857421875], [3.156494140625, 10.017852783203125, 499.0, 277.8108825683594], [441.85247802734375, 200.3573760986328, 469.7786865234375, 229.5962677001953]]}