{"categories": [0, 15, 39, 41, 45, 55, 57, 60, 65], "bboxes": [[216.13780212402344, 108.37763977050781, 329.9569091796875, 325.52728271484375], [181.36183166503906, 182.8677215576172, 238.8690643310547, 259.20233154296875], [112.3919906616211, 198.76004028320312, 135.6209716796875, 262.1424865722656], [136.83053588867188, 241.29017639160156, 154.53347778320312, 261.8607177734375], [46.008453369140625, 228.3264923095703, 101.72808837890625, 273.9197692871094], [159.9407196044922, 281.6837158203125, 186.84120178222656, 306.80999755859375], [101.96392822265625, 87.53194427490234, 491.69769287109375, 318.1033935546875], [13.164749145507812, 233.4376220703125, 275.98870849609375, 328.8402099609375], [229.7621612548828, 299.296630859375, 266.6586608886719, 312.9761962890625]]}