{"categories": [0, 13, 26, 32, 56], "bboxes": [[98.98412322998047, 148.14569091796875, 229.0428466796875, 473.42498779296875], [166.48793029785156, 401.0515441894531, 356.0, 493.5516662597656], [73.3837890625, 325.387451171875, 118.69915771484375, 439.91033935546875], [257.80755615234375, 315.48486328125, 341.575439453125, 388.4654541015625], [328.5096130371094, 238.8175048828125, 351.8899230957031, 273.9525146484375]]}