{"categories": [0, 27, 63, 73], "bboxes": [[7.987297058105469, 16.999603271484375, 184.03179931640625, 346.53192138671875], [198.64886474609375, 113.25935363769531, 262.9002990722656, 179.5116424560547], [241.10440063476562, 139.6238555908203, 392.7561340332031, 346.332275390625], [246.92750549316406, 136.24453735351562, 390.9505615234375, 345.1883544921875]]}