{"categories": [0, 13, 24, 35], "bboxes": [[83.15463256835938, 84.7913589477539, 153.6406707763672, 300.4151306152344], [188.6982421875, 214.92906188964844, 458.4124755859375, 307.11273193359375], [114.28059387207031, 128.01937866210938, 153.41197204589844, 193.8687744140625], [91.05925750732422, 186.28981018066406, 125.92784881591797, 215.2161407470703]]}