{"categories": [0, 24, 34], "bboxes": [[307.4295959472656, 132.4444580078125, 378.6725158691406, 284.5296936035156], [66.15328979492188, 131.24261474609375, 107.66046142578125, 165.6605224609375], [72.05952453613281, 208.46258544921875, 90.96347045898438, 281.32244873046875]]}