{"categories": [0, 6, 39, 41, 50, 62, 67], "bboxes": [[219.63328552246094, 48.990264892578125, 412.83624267578125, 332.0], [18.0230712890625, 0.0, 499.0, 327.57373046875], [399.3470458984375, 289.8193359375, 417.398681640625, 331.37274169921875], [195.83230590820312, 145.67218017578125, 211.83792114257812, 170.34982299804688], [294.969970703125, 208.20046997070312, 351.7593994140625, 292.0348815917969], [56.11402893066406, 18.26312255859375, 480.543212890625, 311.9202880859375], [325.8507080078125, 112.20648193359375, 345.05279541015625, 134.86166381835938]]}