{"categories": [0, 29, 40, 57, 67], "bboxes": [[18.39777374267578, 40.55570983886719, 232.20010375976562, 327.3665771484375], [29.87178611755371, 15.376407623291016, 76.71419525146484, 34.6359977722168], [299.9637451171875, 76.52752685546875, 325.78857421875, 130.6850128173828], [31.21759033203125, 141.21090698242188, 486.202880859375, 331.2392272949219], [103.21144104003906, 176.88858032226562, 126.73330688476562, 194.4017333984375]]}