{"categories": [0], "bboxes": [[123.48385620117188, 108.36864471435547, 208.38333129882812, 328.9483337402344]]}