{"categories": [0, 6, 7, 56], "bboxes": [[296.1293640136719, 89.70494079589844, 346.9902038574219, 283.62847900390625], [92.80322265625, 76.38658905029297, 499.0, 326.75726318359375], [45.28076171875, 194.8974609375, 150.71275329589844, 307.8546142578125], [157.1201934814453, 238.74107360839844, 183.1763458251953, 287.3727111816406]]}