{"categories": [0, 39, 41, 71, 72], "bboxes": [[0.0, 0.0, 226.6865997314453, 368.3077392578125], [334.3836364746094, 214.75543212890625, 351.6500549316406, 262.5437927246094], [184.4583740234375, 278.83135986328125, 227.16921997070312, 319.79278564453125], [201.71395874023438, 235.43240356445312, 327.9817810058594, 299.7297668457031], [168.9749755859375, 97.14262390136719, 265.474365234375, 226.68336486816406]]}