{"categories": [0, 33, 56], "bboxes": [[426.00640869140625, 174.29673767089844, 470.58319091796875, 316.0889892578125], [0.3197360038757324, 145.6683807373047, 11.593544006347656, 183.96165466308594], [274.38909912109375, 167.1171417236328, 364.40374755859375, 314.2049560546875]]}