{"categories": [0, 2, 13, 26, 29], "bboxes": [[164.32057189941406, 27.19554901123047, 211.4536590576172, 200.1865234375], [231.1953125, 29.18967056274414, 275.6355285644531, 50.56430435180664], [39.576541900634766, 75.0830307006836, 84.89036560058594, 96.3494644165039], [218.9434356689453, 132.16510009765625, 237.5287628173828, 165.57247924804688], [232.28689575195312, 91.8477783203125, 254.41513061523438, 120.43313598632812]]}