{"categories": [0, 13, 16, 39, 41, 58, 69], "bboxes": [[4.4698333740234375, 62.24183654785156, 166.6839599609375, 362.0137939453125], [0.0, 235.62844848632812, 130.19772338867188, 365.5007019042969], [144.1067657470703, 149.1881103515625, 200.3495635986328, 231.88375854492188], [427.2326354980469, 183.27084350585938, 446.8677673339844, 224.1624755859375], [336.58538818359375, 205.35995483398438, 358.78900146484375, 226.61318969726562], [127.44200134277344, 89.82719421386719, 154.66502380371094, 156.4381866455078], [167.282958984375, 274.8663635253906, 349.1251220703125, 371.8912048339844]]}