{"categories": [0, 24, 29], "bboxes": [[87.78077697753906, 138.79995727539062, 176.3136749267578, 365.9115295410156], [94.45475006103516, 170.84425354003906, 131.51454162597656, 219.4875946044922], [84.92671966552734, 267.17388916015625, 100.39815521240234, 294.07855224609375]]}