{"categories": [0, 12, 17, 32, 56], "bboxes": [[139.7930450439453, 123.050537109375, 238.0159149169922, 425.471923828125], [262.4893798828125, 350.42413330078125, 341.75457763671875, 496.17193603515625], [15.167274475097656, 321.6484069824219, 225.62786865234375, 463.9529724121094], [97.64140319824219, 366.4509582519531, 113.07049560546875, 380.7304382324219], [8.697395324707031, 34.260589599609375, 239.06781005859375, 458.0537414550781]]}