{"categories": [0, 41, 56, 60, 69], "bboxes": [[84.94194793701172, 93.72712707519531, 313.4685363769531, 320.5252685546875], [48.139129638671875, 176.72097778320312, 101.78762817382812, 254.8768310546875], [282.345458984375, 217.84974670410156, 321.98480224609375, 322.0], [1.2956924438476562, 210.17637634277344, 207.47708129882812, 315.439697265625], [450.2702331542969, 221.05145263671875, 495.4055480957031, 277.2435607910156]]}