{"categories": [0, 1, 2, 3, 7, 24, 28], "bboxes": [[131.6209716796875, 110.28199768066406, 210.724853515625, 385.4752197265625], [264.6724853515625, 227.73861694335938, 320.88958740234375, 393.8655090332031], [0.0, 144.61080932617188, 70.68504333496094, 286.9705505371094], [245.31332397460938, 153.260986328125, 293.3387756347656, 227.9842529296875], [128.34829711914062, 123.81669616699219, 156.32449340820312, 150.91285705566406], [67.1688003540039, 217.05838012695312, 139.51828002929688, 357.6545104980469], [200.83697509765625, 226.03933715820312, 283.6785888671875, 318.7819519042969]]}