{"categories": [0, 1, 56, 74], "bboxes": [[137.01254272460938, 176.27044677734375, 182.13095092773438, 274.2724914550781], [123.41107177734375, 223.99505615234375, 154.39578247070312, 268.94091796875], [311.72613525390625, 237.855712890625, 342.03692626953125, 282.15496826171875], [275.2523193359375, 140.6987762451172, 294.53521728515625, 165.7275848388672]]}