{"categories": [0, 45, 56, 60, 73, 79], "bboxes": [[166.2073974609375, 67.87026977539062, 374.20013427734375, 325.0348815917969], [408.0947570800781, 308.9137268066406, 493.7356262207031, 329.3490905761719], [479.7101135253906, 273.922607421875, 499.0, 310.28497314453125], [418.88134765625, 217.52670288085938, 498.7122802734375, 312.5843200683594], [417.6968688964844, 226.5460205078125, 448.1554870605469, 242.5523681640625], [133.63571166992188, 274.8979797363281, 150.206787109375, 301.7002258300781]]}