{"categories": [0, 43, 56, 65, 73], "bboxes": [[266.0286865234375, 27.952926635742188, 467.760986328125, 306.88372802734375], [0.5067558288574219, 231.37037658691406, 107.24641418457031, 327.3839111328125], [344.71258544921875, 193.8671875, 454.65460205078125, 322.5030517578125], [416.27508544921875, 192.66258239746094, 453.182373046875, 228.79554748535156], [178.16436767578125, 126.51194763183594, 251.331787109375, 194.29246520996094]]}