{"categories": [0, 24, 26, 32], "bboxes": [[38.25300598144531, 123.81163787841797, 142.8067626953125, 369.1727600097656], [224.01687622070312, 144.35775756835938, 258.45245361328125, 229.4990234375], [334.6914978027344, 164.51376342773438, 357.7088317871094, 210.98336791992188], [338.9001159667969, 224.17660522460938, 363.7410583496094, 264.1459045410156]]}