{"categories": [0, 2, 7, 26], "bboxes": [[104.31564331054688, 33.48431396484375, 225.525390625, 363.69500732421875], [472.6246337890625, 75.30039978027344, 499.0, 132.79141235351562], [421.9310607910156, 78.342529296875, 464.4484558105469, 118.90757751464844], [370.8292541503906, 81.1839828491211, 460.7308654785156, 223.95440673828125]]}