{"categories": [0], "bboxes": [[164.75601196289062, 121.30216217041016, 298.58270263671875, 370.8856506347656]]}