{"categories": [0], "bboxes": [[265.93463134765625, 74.05056762695312, 498.09368896484375, 367.7575988769531]]}