{"categories": [0, 9, 24, 29, 33, 35, 38], "bboxes": [[181.26612854003906, 140.56454467773438, 301.8787841796875, 329.4044189453125], [450.791259765625, 140.43704223632812, 499.0, 197.6260986328125], [176.20068359375, 200.8623809814453, 196.257080078125, 249.22499084472656], [208.3048095703125, 88.04364013671875, 231.69921875, 111.08232116699219], [102.54814147949219, 55.79737854003906, 225.2100372314453, 115.40806579589844], [129.423583984375, 184.47979736328125, 163.97311401367188, 216.51495361328125], [54.652069091796875, 185.01365661621094, 160.28826904296875, 287.7954406738281]]}