{"categories": [0, 9, 34, 39, 40, 41, 42, 43, 45, 53, 56, 60], "bboxes": [[245.11610412597656, 64.05583190917969, 499.0, 372.9150390625], [302.732421875, 178.244873046875, 314.16802978515625, 192.58816528320312], [0.0, 120.51893615722656, 88.20361328125, 183.52980041503906], [199.53936767578125, 215.00885009765625, 217.46414184570312, 278.6588439941406], [92.09404754638672, 234.455322265625, 125.24030303955078, 321.703857421875], [224.64883422851562, 252.11245727539062, 243.21221923828125, 276.9943542480469], [133.72305297851562, 295.8697509765625, 177.7174072265625, 330.364501953125], [147.21502685546875, 297.24444580078125, 180.22171020507812, 327.14422607421875], [1.472412109375, 282.3145751953125, 79.11951446533203, 371.75421142578125], [143.44371032714844, 268.9163513183594, 181.96189880371094, 281.5155334472656], [260.80853271484375, 231.60369873046875, 341.08380126953125, 298.20428466796875], [18.411727905273438, 257.503662109375, 294.18798828125, 370.71417236328125]]}