{"categories": [0], "bboxes": [[192.57427978515625, 79.00738525390625, 229.09011840820312, 172.04275512695312]]}