{"categories": [0, 39, 41], "bboxes": [[261.66180419921875, 140.1278076171875, 336.075927734375, 331.7096252441406], [71.984619140625, 187.49658203125, 91.15061950683594, 240.93856811523438], [72.0323486328125, 213.7287139892578, 93.99652099609375, 247.1746063232422]]}