{"categories": [0, 1, 25, 39, 56, 58, 60, 73], "bboxes": [[200.4683380126953, 77.31806182861328, 302.6622314453125, 305.6015930175781], [209.70437622070312, 175.21417236328125, 308.1449890136719, 326.8316955566406], [307.8717956542969, 141.9163360595703, 327.3965148925781, 205.5901336669922], [441.6019592285156, 110.0202407836914, 451.9725036621094, 142.00265502929688], [23.214365005493164, 182.94720458984375, 65.24903869628906, 263.55804443359375], [14.001296997070312, 169.31932067871094, 57.665771484375, 207.7569122314453], [390.441162109375, 218.36697387695312, 497.04345703125, 328.8407287597656], [375.89813232421875, 164.52505493164062, 385.04876708984375, 189.497314453125]]}