{"categories": [0, 3, 58], "bboxes": [[101.65036010742188, 276.7670593261719, 168.52410888671875, 442.3212585449219], [18.547380447387695, 297.4985656738281, 58.592987060546875, 358.1504821777344], [44.89124298095703, 275.03167724609375, 88.18721771240234, 337.624755859375]]}