{"categories": [0, 8, 32, 37], "bboxes": [[230.60916137695312, 151.89306640625, 302.5337219238281, 263.48199462890625], [331.0849609375, 127.60787200927734, 399.98004150390625, 144.45274353027344], [246.11651611328125, 146.04910278320312, 268.0927734375, 168.79949951171875], [329.2640075683594, 131.75115966796875, 402.4543151855469, 143.51217651367188]]}