{"categories": [0, 56, 62, 65, 67], "bboxes": [[57.43507385253906, 106.31964874267578, 238.5431671142578, 328.81488037109375], [214.42799377441406, 237.93408203125, 240.5714569091797, 301.2486572265625], [108.88182067871094, 11.908409118652344, 334.97747802734375, 155.73358154296875], [242.7060546875, 268.8213195800781, 257.1566467285156, 295.3870544433594], [443.7734069824219, 190.98574829101562, 457.8084411621094, 213.25924682617188]]}