{"categories": [0, 26, 27, 39, 41, 46, 60, 62], "bboxes": [[0.0, 69.44973754882812, 132.65296936035156, 412.0], [254.1513214111328, 132.23507690429688, 283.44921875, 190.36422729492188], [363.16094970703125, 168.42840576171875, 416.27642822265625, 269.3297424316406], [214.75682067871094, 243.25880432128906, 247.99110412597656, 346.18389892578125], [297.4112854003906, 275.8229064941406, 347.2312316894531, 333.7044372558594], [128.95095825195312, 60.786338806152344, 191.55999755859375, 126.25862884521484], [92.58343505859375, 272.8441162109375, 375.9859313964844, 408.9400634765625], [115.92605590820312, 160.9580078125, 195.90884399414062, 279.21954345703125]]}