{"categories": [0], "bboxes": [[31.180450439453125, 15.728500366210938, 172.89112854003906, 311.97723388671875]]}