{"categories": [0, 27, 41, 61, 65], "bboxes": [[0.7803153991699219, 101.366455078125, 117.45686340332031, 455.1544189453125], [59.596527099609375, 159.76797485351562, 72.87611389160156, 218.06088256835938], [65.6189956665039, 222.90997314453125, 84.97843170166016, 246.79611206054688], [213.01422119140625, 245.80343627929688, 230.403076171875, 283.5364074707031], [270.8577880859375, 223.4553680419922, 287.99847412109375, 246.4405059814453]]}