{"categories": [0, 1, 2, 9, 58], "bboxes": [[165.11669921875, 11.313949584960938, 359.49188232421875, 489.279541015625], [78.37939453125, 156.504638671875, 109.61465454101562, 209.77395629882812], [366.8424072265625, 131.25074768066406, 498.9549560546875, 360.05615234375], [91.12377166748047, 80.17272186279297, 102.6626968383789, 100.11095428466797], [27.107858657836914, 71.73997497558594, 67.01798248291016, 106.01025390625]]}