{"categories": [0, 8, 32, 37], "bboxes": [[210.49989318847656, 120.60417938232422, 256.1832275390625, 170.50148010253906], [435.1583557128906, 98.66478729248047, 499.0, 116.23882293701172], [73.11839294433594, 306.67926025390625, 84.96177673339844, 318.83526611328125], [42.44227600097656, 160.54676818847656, 493.157470703125, 178.67832946777344]]}