{"categories": [0, 26, 35, 40, 41, 45, 56, 57, 60, 63], "bboxes": [[380.6987609863281, 148.66409301757812, 449.9275207519531, 271.42449951171875], [3.34100341796875, 264.2435607910156, 61.31499481201172, 298.3810119628906], [139.3494110107422, 183.58038330078125, 171.9881134033203, 229.74557495117188], [457.3161926269531, 305.8217468261719, 482.8619689941406, 343.9529724121094], [466.7386779785156, 282.8745422363281, 493.7891540527344, 326.0249328613281], [369.9412536621094, 319.03173828125, 403.6514587402344, 334.3934326171875], [319.0693054199219, 322.9403381347656, 409.2501525878906, 397.3619079589844], [26.394058227539062, 198.28009033203125, 167.01206970214844, 286.8711242675781], [314.28253173828125, 296.5435791015625, 499.0, 373.3450927734375], [188.90550231933594, 187.8442840576172, 226.40489196777344, 216.1814727783203]]}