{"categories": [0, 2, 13, 52, 56, 60, 72, 73], "bboxes": [[64.16222381591797, 130.00210571289062, 207.77822875976562, 270.6446838378906], [196.16615295410156, 199.65245056152344, 267.2798156738281, 237.1195526123047], [0.815032958984375, 230.8057403564453, 74.06278991699219, 262.07916259765625], [64.19230651855469, 242.45309448242188, 98.02793884277344, 266.095947265625], [380.5544128417969, 236.69932556152344, 408.0478820800781, 369.820556640625], [6.245697021484375, 259.5100402832031, 400.394775390625, 370.0689392089844], [250.15272521972656, 22.68756103515625, 496.025634765625, 340.7244873046875], [52.93901824951172, 265.57110595703125, 225.265869140625, 305.26806640625]]}