{"categories": [0, 27, 56, 58], "bboxes": [[219.95489501953125, 88.38368225097656, 385.2481689453125, 295.48089599609375], [132.94264221191406, 185.2978515625, 172.30076599121094, 265.2890319824219], [232.69200134277344, 226.79469299316406, 255.0178680419922, 272.360595703125], [42.42255401611328, 238.5216827392578, 176.09921264648438, 331.3187255859375]]}