{"categories": [0, 1], "bboxes": [[134.8290252685547, 69.84356689453125, 212.33900451660156, 278.4626159667969], [155.57827758789062, 135.809326171875, 246.04461669921875, 278.5010681152344]]}