{"categories": [0, 13], "bboxes": [[134.28753662109375, 272.03668212890625, 177.86431884765625, 363.166748046875], [11.17645263671875, 243.8419647216797, 145.59039306640625, 404.318359375]]}