{"categories": [0, 72], "bboxes": [[25.183738708496094, 154.0665283203125, 93.44699096679688, 350.5082092285156], [79.66897583007812, 226.3931427001953, 148.2591552734375, 346.4902648925781]]}