{"categories": [0, 58, 67], "bboxes": [[117.83335876464844, 113.85162353515625, 383.67279052734375, 315.7490539550781], [7.166755676269531, 67.5624008178711, 165.33987426757812, 302.33428955078125], [287.22845458984375, 307.5910949707031, 314.57476806640625, 314.5528259277344]]}