{"categories": [0, 13, 23, 24, 34, 35, 39], "bboxes": [[186.92312622070312, 127.28462219238281, 433.8042907714844, 272.0712890625], [114.60678100585938, 126.68707275390625, 262.62017822265625, 173.95281982421875], [122.85658264160156, 9.895622253417969, 164.07713317871094, 102.13459014892578], [186.3787841796875, 82.82501983642578, 224.869140625, 126.05603790283203], [3.8230838775634766, 268.6490783691406, 64.59512329101562, 288.7088317871094], [275.7869873046875, 67.7669448852539, 311.10211181640625, 115.7750015258789], [232.5180206298828, 106.98383331298828, 241.93055725097656, 130.209228515625]]}