{"categories": [0, 13, 39, 41, 45, 50, 53, 60, 79], "bboxes": [[1.1467361450195312, 163.13192749023438, 165.58712768554688, 382.4066467285156], [96.07569122314453, 234.36854553222656, 159.704345703125, 261.6567077636719], [298.6856689453125, 349.093505859375, 327.43939208984375, 421.10394287109375], [188.43406677246094, 372.71343994140625, 204.3511505126953, 402.62213134765625], [0.96697998046875, 373.78692626953125, 150.95962524414062, 452.53826904296875], [15.75198745727539, 391.2167053222656, 62.70913314819336, 425.7220764160156], [5.4409027099609375, 380.44561767578125, 145.53443908691406, 447.318115234375], [2.9637908935546875, 346.3573913574219, 329.41766357421875, 488.2171325683594], [173.61228942871094, 214.20201110839844, 206.6373748779297, 391.32513427734375]]}