{"categories": [0, 37], "bboxes": [[147.74896240234375, 143.92669677734375, 203.99432373046875, 321.9754943847656], [121.43753051757812, 244.5006866455078, 258.9414367675781, 267.5780334472656]]}