{"categories": [0, 13, 60, 67], "bboxes": [[0.0, 5.077056884765625, 287.3657531738281, 370.2945861816406], [0.0, 144.9189453125, 373.5560607910156, 360.6507873535156], [239.02503967285156, 163.8246307373047, 344.1234436035156, 231.9310760498047], [228.79421997070312, 132.9379425048828, 263.4725036621094, 155.0920867919922]]}