{"categories": [0, 63, 65, 73], "bboxes": [[2.41290283203125, 53.814208984375, 200.42791748046875, 367.8713684082031], [354.1533203125, 197.68711853027344, 476.66290283203125, 285.5759582519531], [184.5418243408203, 216.92771911621094, 241.9065399169922, 264.742919921875], [351.6815490722656, 195.6302490234375, 476.1709289550781, 285.4273376464844]]}