{"categories": [0], "bboxes": [[149.56336975097656, 77.6088638305664, 229.0258026123047, 187.16815185546875]]}