{"categories": [0, 39, 72], "bboxes": [[134.83428955078125, 26.760238647460938, 276.4451599121094, 373.0245361328125], [80.3892593383789, 319.0913391113281, 112.1865463256836, 374.0], [31.4305419921875, 0.0, 463.1730041503906, 374.0]]}