{"categories": [0, 2, 58, 67, 73, 74], "bboxes": [[288.5343322753906, 0.0, 499.0, 326.7597351074219], [110.32185363769531, 101.25528717041016, 337.04864501953125, 313.5539245605469], [229.9246368408203, 30.11281967163086, 311.6753234863281, 113.90556335449219], [311.9854431152344, 85.11587524414062, 371.8987731933594, 141.04922485351562], [114.32967376708984, 245.53297424316406, 223.05709838867188, 281.4486083984375], [323.1212158203125, 161.2122344970703, 339.991455078125, 173.86863708496094]]}