{"categories": [0, 26, 56], "bboxes": [[212.17062377929688, 159.5504913330078, 342.0730895996094, 328.87353515625], [228.32901000976562, 222.0771484375, 250.63888549804688, 331.0], [252.72854614257812, 317.92974853515625, 306.0049743652344, 331.0]]}