{"categories": [0, 23, 26, 33, 56], "bboxes": [[380.18524169921875, 136.55007934570312, 418.20062255859375, 227.708984375], [154.86712646484375, 130.21853637695312, 241.62603759765625, 207.12689208984375], [142.29747009277344, 184.26422119140625, 161.85780334472656, 203.27969360351562], [333.17120361328125, 144.06008911132812, 397.58221435546875, 207.39010620117188], [319.5578918457031, 143.306640625, 344.4377136230469, 218.390869140625]]}