{"categories": [0, 13, 17, 20, 35, 56], "bboxes": [[269.2438049316406, 158.92507934570312, 356.6918640136719, 367.8802795410156], [125.80294799804688, 224.06446838378906, 406.6449279785156, 365.31561279296875], [136.85870361328125, 23.62000274658203, 414.8743896484375, 275.5395812988281], [130.55142211914062, 17.850128173828125, 437.9272155761719, 316.5888671875], [286.99951171875, 263.3011779785156, 326.408935546875, 286.0061950683594], [327.19158935546875, 232.26077270507812, 441.57958984375, 367.2911682128906]]}