{"categories": [0, 24, 39, 43, 56, 73], "bboxes": [[197.01776123046875, 100.41444396972656, 342.97991943359375, 289.31060791015625], [332.53857421875, 209.79649353027344, 381.78125, 257.14813232421875], [202.95687866210938, 252.2799530029297, 217.5140380859375, 284.69390869140625], [474.9647521972656, 33.20177459716797, 483.0743713378906, 95.0507583618164], [443.118896484375, 141.1505584716797, 477.49176025390625, 234.6138153076172], [4.695182800292969, 118.52218627929688, 138.093505859375, 256.97540283203125]]}