{"categories": [0, 8, 16, 17], "bboxes": [[98.51578521728516, 148.032958984375, 178.238037109375, 240.26657104492188], [104.42811584472656, 201.91847229003906, 273.5023193359375, 269.95916748046875], [200.23219299316406, 200.12799072265625, 240.24745178222656, 228.8746337890625], [177.27769470214844, 171.41868591308594, 289.86370849609375, 233.09617614746094]]}