{"categories": [0, 9, 25, 39, 41, 45, 56, 58, 60, 62, 73, 74, 75], "bboxes": [[82.85267639160156, 152.45184326171875, 146.9913787841797, 215.83489990234375], [270.4977111816406, 47.623191833496094, 323.8883361816406, 75.09930419921875], [95.75021362304688, 141.87242126464844, 148.7987823486328, 161.5447235107422], [196.02940368652344, 208.04620361328125, 204.7005157470703, 239.9173583984375], [179.14813232421875, 138.72390747070312, 189.31918334960938, 151.78231811523438], [206.48666381835938, 224.31707763671875, 226.71939086914062, 237.1962890625], [1.1030349731445312, 248.7268524169922, 94.06961822509766, 296.4817810058594], [148.43780517578125, 199.18629455566406, 174.02914428710938, 237.04652404785156], [7.7671051025390625, 209.00308227539062, 320.506103515625, 293.802978515625], [374.3927307128906, 150.36175537109375, 398.9389953613281, 182.15301513671875], [22.003143310546875, 213.2129364013672, 62.02500915527344, 232.27455139160156], [130.1258544921875, 44.89179992675781, 163.45474243164062, 76.79747772216797], [154.3459930419922, 221.43972778320312, 170.30397033691406, 236.69601440429688]]}