{"categories": [0, 1, 3, 34, 56, 73], "bboxes": [[94.88654327392578, 17.468170166015625, 303.5890808105469, 449.2950744628906], [373.8790283203125, 344.6663818359375, 495.79364013671875, 454.0], [161.05426025390625, 269.03692626953125, 410.2406005859375, 446.09466552734375], [141.70223999023438, 158.627685546875, 400.6178894042969, 245.79116821289062], [87.12350463867188, 396.2096862792969, 112.0338134765625, 445.3896789550781], [109.00897216796875, 207.142578125, 234.71206665039062, 310.7984619140625]]}