{"categories": [0, 13, 26, 58], "bboxes": [[261.5221862792969, 221.59048461914062, 354.9765930175781, 398.8044128417969], [46.83819580078125, 294.4912109375, 379.9887390136719, 388.03851318359375], [349.6843566894531, 302.5015869140625, 382.3758239746094, 331.5145263671875], [1.9532928466796875, 0.0, 221.37448120117188, 320.0894470214844]]}