{"categories": [0, 8, 13], "bboxes": [[410.47088623046875, 53.15227508544922, 483.6480712890625, 308.6033630371094], [0.0, 189.12030029296875, 449.470947265625, 367.3587646484375], [0.2541046142578125, 179.88565063476562, 177.15138244628906, 371.0704040527344]]}