{"categories": [0, 13, 39, 60, 73], "bboxes": [[281.1817626953125, 102.8740463256836, 361.8560791015625, 358.3570556640625], [110.24946594238281, 219.16949462890625, 432.880859375, 372.4029541015625], [154.3009490966797, 206.0101318359375, 174.0933380126953, 254.8509521484375], [186.90509033203125, 224.8997802734375, 417.60357666015625, 367.839599609375], [322.72052001953125, 215.9283905029297, 365.67437744140625, 231.2424774169922]]}