{"categories": [0, 1, 2, 26], "bboxes": [[183.19735717773438, 19.511367797851562, 317.457763671875, 329.35589599609375], [70.48260498046875, 157.47756958007812, 436.49908447265625, 327.4391784667969], [250.17454528808594, 65.12692260742188, 499.0, 269.8947448730469], [86.84649658203125, 148.51121520996094, 167.03179931640625, 256.8209228515625]]}