{"categories": [0, 25, 27, 59], "bboxes": [[28.931137084960938, 8.738693237304688, 246.30125427246094, 328.512451171875], [122.27674865722656, 6.040985107421875, 499.0, 291.5831604003906], [98.56675720214844, 151.81283569335938, 124.25714111328125, 185.8116455078125], [91.88095092773438, 6.576812744140625, 499.0, 289.2597961425781]]}