{"categories": [0, 26, 28, 62, 67], "bboxes": [[170.30081176757812, 55.91127014160156, 301.013671875, 384.09619140625], [79.3019790649414, 153.6951904296875, 110.0944595336914, 239.76565551757812], [44.958946228027344, 166.64788818359375, 61.054100036621094, 196.3681640625], [316.6706848144531, 15.444122314453125, 333.5184020996094, 48.03611373901367], [269.242919921875, 227.453857421875, 283.02960205078125, 259.96759033203125]]}