{"categories": [0, 39, 41, 56, 60, 62, 63, 73], "bboxes": [[299.588134765625, 157.49420166015625, 380.51690673828125, 275.4068603515625], [361.938720703125, 252.3116455078125, 393.92828369140625, 332.0], [380.5992736816406, 250.98056030273438, 402.6300354003906, 275.4239807128906], [10.170915603637695, 246.20143127441406, 36.971290588378906, 263.9360046386719], [259.0628356933594, 263.5509338378906, 499.0, 329.1780090332031], [95.06466674804688, 1.5261001586914062, 450.8069763183594, 165.2393798828125], [388.9172058105469, 216.57183837890625, 461.1068420410156, 283.6929626464844], [399.9283447265625, 311.05548095703125, 491.87908935546875, 329.49139404296875]]}