{"categories": [0, 2, 7, 13, 24, 39, 41, 45, 54, 56, 60], "bboxes": [[212.11451721191406, 61.55628204345703, 301.410400390625, 273.2318420410156], [407.369873046875, 88.95361328125, 456.104248046875, 117.981689453125], [410.07220458984375, 89.65632629394531, 455.5260009765625, 118.35438537597656], [428.5178527832031, 231.3543701171875, 499.0, 328.9600830078125], [140.88197326660156, 102.50692749023438, 166.7855987548828, 148.09359741210938], [0.012190818786621094, 244.49520874023438, 17.141178131103516, 284.4728088378906], [133.1697540283203, 201.48046875, 148.05906677246094, 219.30245971679688], [33.89482498168945, 211.4777069091797, 85.337158203125, 244.4690704345703], [78.7847900390625, 214.84939575195312, 121.67153930664062, 234.9166259765625], [323.13555908203125, 185.12518310546875, 425.21453857421875, 326.6094055175781], [13.6650390625, 182.37387084960938, 221.2842254638672, 324.3759460449219]]}