{"categories": [0, 15, 27, 57, 67, 73], "bboxes": [[325.04302978515625, 39.6392822265625, 499.0, 365.2802429199219], [144.55178833007812, 124.37060546875, 252.03359985351562, 266.9612121582031], [79.46391296386719, 173.59521484375, 141.24838256835938, 368.6103515625], [23.291946411132812, 20.762176513671875, 483.05877685546875, 349.3637390136719], [330.27789306640625, 281.3970031738281, 436.080322265625, 308.1961364746094], [136.17608642578125, 237.4978790283203, 242.34219360351562, 301.9071350097656]]}