{"categories": [0, 12, 56, 72], "bboxes": [[181.296875, 112.70622253417969, 378.26446533203125, 326.51513671875], [371.5605773925781, 109.63993835449219, 380.2107849121094, 130.40333557128906], [253.48495483398438, 149.8199005126953, 299.5613098144531, 189.14833068847656], [0.0, 147.65194702148438, 134.07366943359375, 327.3453063964844]]}