{"categories": [0, 1, 26, 35], "bboxes": [[347.7274475097656, 47.27458190917969, 459.6067810058594, 329.49102783203125], [257.9131164550781, 181.86068725585938, 481.9371032714844, 323.2065124511719], [436.4100341796875, 278.68804931640625, 453.08935546875, 329.519775390625], [349.3384704589844, 162.96258544921875, 377.7901306152344, 183.87188720703125]]}