{"categories": [0, 2, 13], "bboxes": [[26.076377868652344, 129.85325622558594, 173.30413818359375, 445.96728515625], [2.288450241088867, 172.74703979492188, 59.52159118652344, 210.81512451171875], [3.7367191314697266, 193.2034912109375, 46.219398498535156, 249.62176513671875]]}