{"categories": [0, 1, 3, 6, 26, 38], "bboxes": [[277.1266784667969, 52.40122985839844, 411.1589660644531, 289.59674072265625], [6.6082916259765625, 96.75469207763672, 270.8502197265625, 320.83087158203125], [8.396881103515625, 44.62648010253906, 277.6302490234375, 308.31964111328125], [0.0, 0.0, 428.4589538574219, 304.3127746582031], [411.6570739746094, 222.20748901367188, 474.0329284667969, 266.78338623046875], [280.41302490234375, 146.9424591064453, 408.45269775390625, 182.28160095214844]]}