{"categories": [0, 26, 27, 34, 62, 76], "bboxes": [[15.77435302734375, 55.926300048828125, 307.6666259765625, 419.5255126953125], [272.59832763671875, 165.13006591796875, 394.68524169921875, 373.77734375], [282.6798400878906, 166.6095428466797, 376.1176452636719, 341.89703369140625], [216.81173706054688, 211.56997680664062, 283.4615173339844, 414.2398986816406], [283.2198486328125, 42.4130859375, 435.44647216796875, 158.8455352783203], [215.83316040039062, 201.84678649902344, 287.172607421875, 410.19708251953125]]}