{"categories": [0, 26, 45, 56], "bboxes": [[222.2438507080078, 100.274169921875, 327.3274230957031, 378.33880615234375], [174.27459716796875, 265.0532531738281, 244.83895874023438, 368.5934143066406], [245.82479858398438, 326.29571533203125, 459.2255554199219, 388.0], [61.96485137939453, 258.711669921875, 122.99185943603516, 301.94232177734375]]}