{"categories": [0, 71], "bboxes": [[74.7572021484375, 76.64141845703125, 280.6889343261719, 271.2626037597656], [268.4309387207031, 192.32046508789062, 499.0, 276.0]]}