{"categories": [0, 14, 39, 56, 62, 72, 73], "bboxes": [[19.75298309326172, 35.102569580078125, 116.91535186767578, 304.0200500488281], [267.58892822265625, 79.5639877319336, 281.16033935546875, 93.86072540283203], [373.4009094238281, 122.14437866210938, 382.4021301269531, 145.98959350585938], [312.6048889160156, 204.51666259765625, 414.7215270996094, 326.90679931640625], [37.40230178833008, 31.539443969726562, 163.00863647460938, 172.09295654296875], [65.06758880615234, 39.93956756591797, 162.74111938476562, 192.82351684570312], [424.5269775390625, 254.38421630859375, 498.14215087890625, 291.2237548828125]]}