{"categories": [0, 1, 26], "bboxes": [[191.7034149169922, 191.53128051757812, 252.0655059814453, 352.0772399902344], [194.0162811279297, 287.8940734863281, 208.51499938964844, 318.5933532714844], [238.99636840820312, 242.1964569091797, 256.8475036621094, 266.9311218261719]]}