{"categories": [0, 38], "bboxes": [[146.71170043945312, 38.42451095581055, 188.12332153320312, 113.65495300292969], [222.74803161621094, 224.02310180664062, 246.2100372314453, 252.52951049804688]]}