{"categories": [0, 24, 26, 58, 62], "bboxes": [[342.66668701171875, 13.97265625, 466.05615234375, 269.4770202636719], [341.5630798339844, 148.90028381347656, 358.4015197753906, 192.2914276123047], [70.03001403808594, 123.25214385986328, 150.3929901123047, 313.4246520996094], [148.09780883789062, 16.041866302490234, 271.8856506347656, 131.67124938964844], [0.3107185363769531, 33.407127380371094, 24.440296173095703, 64.52509307861328]]}