{"categories": [0, 17], "bboxes": [[178.0150146484375, 65.42633819580078, 271.2892761230469, 254.02572631835938], [69.73368835449219, 151.10494995117188, 327.47003173828125, 316.0191955566406]]}