{"categories": [0, 1, 6, 13, 46], "bboxes": [[99.36139678955078, 118.21259307861328, 184.30633544921875, 307.6885070800781], [237.19912719726562, 179.51251220703125, 426.2701721191406, 301.66180419921875], [1.7729225158691406, 83.07426452636719, 57.399112701416016, 98.81591796875], [94.40153503417969, 110.89828491210938, 171.9665985107422, 146.8629150390625], [178.0480499267578, 144.3200225830078, 205.54258728027344, 175.17018127441406]]}