{"categories": [0, 40, 41, 56, 63, 67, 73], "bboxes": [[39.51588821411133, 49.18132019042969, 114.042236328125, 352.0982666015625], [364.0520935058594, 115.8045654296875, 375.5595397949219, 150.75155639648438], [365.4140319824219, 121.89178466796875, 376.8589782714844, 148.63290405273438], [379.9212341308594, 227.80331420898438, 450.2691345214844, 355.4304504394531], [240.86575317382812, 159.27308654785156, 337.4522399902344, 204.8376007080078], [85.86972045898438, 91.01705169677734, 100.10899353027344, 115.96880340576172], [384.2435607910156, 123.46612548828125, 421.8103332519531, 141.909423828125]]}