{"categories": [0, 5, 6, 24, 26, 27, 58, 74], "bboxes": [[159.48501586914062, 156.70188903808594, 233.88021850585938, 346.19512939453125], [0.0, 20.794647216796875, 489.0118103027344, 420.8430480957031], [0.0, 11.594512939453125, 481.1797790527344, 443.2491455078125], [171.5192413330078, 201.60191345214844, 221.21900939941406, 266.805908203125], [171.4034423828125, 202.01895141601562, 219.85894775390625, 265.76690673828125], [332.9873962402344, 123.49838256835938, 350.7339172363281, 198.66427612304688], [477.8293762207031, 296.26654052734375, 499.0, 364.31109619140625], [348.6023254394531, 283.10931396484375, 384.6007995605469, 321.517578125]]}