{"categories": [0, 3, 33], "bboxes": [[178.61007690429688, 110.007568359375, 216.62722778320312, 183.17657470703125], [310.63134765625, 182.681396484375, 499.0, 327.01025390625], [161.3878631591797, 95.91204071044922, 223.62388610839844, 146.8360137939453]]}