{"categories": [0, 2, 5, 24, 25, 26], "bboxes": [[137.6995086669922, 116.71346282958984, 178.7269744873047, 250.44940185546875], [478.1636047363281, 133.5504608154297, 499.0, 192.8511199951172], [213.14041137695312, 17.867816925048828, 498.7825012207031, 112.15972900390625], [30.692659378051758, 134.11453247070312, 48.714637756347656, 163.55010986328125], [0.0, 80.04386901855469, 68.07826232910156, 134.0826873779297], [262.8585205078125, 98.49826049804688, 301.3687744140625, 175.18075561523438]]}