{"categories": [0, 56], "bboxes": [[161.44931030273438, 50.9473876953125, 291.8703918457031, 484.595703125], [140.5596923828125, 277.9306640625, 207.7752685546875, 432.362548828125]]}