{"categories": [0, 1, 2, 7], "bboxes": [[186.49237060546875, 111.22188568115234, 254.61175537109375, 289.89459228515625], [259.53277587890625, 186.89898681640625, 353.46600341796875, 290.2823791503906], [402.2130126953125, 146.70843505859375, 499.0, 219.15127563476562], [34.40277099609375, 136.27874755859375, 371.206787109375, 239.65029907226562]]}