{"categories": [0, 26, 56, 60], "bboxes": [[242.30230712890625, 40.57096862792969, 336.613037109375, 307.0047607421875], [383.1139221191406, 118.84376525878906, 432.5242614746094, 203.0571746826172], [439.973876953125, 172.4372100830078, 499.0, 253.0366668701172], [441.4237060546875, 169.61581420898438, 499.0, 185.64779663085938]]}