{"categories": [0, 26, 27, 69], "bboxes": [[239.20672607421875, 87.11451721191406, 490.9976806640625, 351.892333984375], [398.1058044433594, 256.9427490234375, 445.2294006347656, 289.977294921875], [353.65283203125, 257.6988830566406, 385.3223876953125, 350.5409240722656], [419.86883544921875, 103.98981475830078, 498.500732421875, 248.78903198242188]]}