{"categories": [0, 25, 27, 39, 55, 56, 58, 72], "bboxes": [[81.22984313964844, 106.71682739257812, 368.5804443359375, 491.5727844238281], [121.69615173339844, 53.221275329589844, 216.3356475830078, 85.86962127685547], [154.61907958984375, 372.1731872558594, 186.06802368164062, 499.0], [0.45805835723876953, 267.8994445800781, 24.18143081665039, 404.9017639160156], [8.210384368896484, 388.0168762207031, 121.42005920410156, 442.9106750488281], [304.28448486328125, 36.76277160644531, 373.94818115234375, 217.89759826660156], [237.9706268310547, 10.17732048034668, 280.9059143066406, 61.270660400390625], [9.795913696289062, 3.0898895263671875, 120.10897827148438, 242.0729522705078]]}