{"categories": [0, 67, 73], "bboxes": [[267.0621032714844, 4.5096435546875, 468.4768981933594, 391.56256103515625], [128.27964782714844, 247.4738006591797, 180.82008361816406, 282.1344299316406], [125.84687805175781, 246.80740356445312, 182.9262237548828, 283.3430480957031]]}