{"categories": [0, 26, 39, 56, 60, 73], "bboxes": [[159.09066772460938, 84.47050476074219, 238.8956298828125, 183.2160186767578], [68.68479919433594, 121.61531066894531, 205.89671325683594, 332.0], [201.2259063720703, 142.50418090820312, 217.8582000732422, 193.59112548828125], [432.0545959472656, 187.64541625976562, 499.0, 325.4388122558594], [33.31927490234375, 182.52093505859375, 478.12786865234375, 323.8611755371094], [247.45822143554688, 267.092041015625, 316.1239318847656, 306.4945068359375]]}