{"categories": [0, 24], "bboxes": [[330.43695068359375, 71.24862670898438, 458.31036376953125, 347.951171875], [192.169921875, 97.29515075683594, 230.8792724609375, 192.5554962158203]]}