{"categories": [0, 24, 26, 41, 56, 58], "bboxes": [[58.815948486328125, 55.35444641113281, 190.53228759765625, 330.140380859375], [223.60537719726562, 128.22280883789062, 290.9678649902344, 199.83441162109375], [207.00148010253906, 144.05967712402344, 233.5312957763672, 201.49839782714844], [308.42437744140625, 214.653076171875, 336.0189208984375, 238.88504028320312], [0.0, 218.2542724609375, 69.44074249267578, 318.708251953125], [38.06495666503906, 129.73403930664062, 56.81610870361328, 151.85357666015625]]}