{"categories": [0, 27, 39, 41, 56, 60, 63, 66, 67, 73, 79], "bboxes": [[15.653488159179688, 26.284515380859375, 203.0022430419922, 303.5361633300781], [119.42929077148438, 112.19190979003906, 143.625244140625, 173.59910583496094], [208.11822509765625, 133.70916748046875, 225.78427124023438, 213.94503784179688], [209.92254638671875, 134.70947265625, 224.40792846679688, 155.22607421875], [272.88189697265625, 78.29200744628906, 346.13043212890625, 156.9295654296875], [163.571533203125, 146.55630493164062, 349.72247314453125, 294.4139099121094], [247.54122924804688, 134.2947998046875, 366.0898132324219, 225.99453735351562], [272.0523681640625, 187.42259216308594, 325.45233154296875, 217.75843811035156], [4.889671325683594, 259.2258605957031, 86.0929946899414, 301.4192199707031], [150.96456909179688, 168.08682250976562, 201.71176147460938, 197.0887451171875], [209.26318359375, 164.69439697265625, 225.9681396484375, 209.57107543945312]]}