{"categories": [0, 14], "bboxes": [[189.23500061035156, 86.38825225830078, 314.16986083984375, 330.49652099609375], [287.1014099121094, 75.43159484863281, 431.0529479980469, 168.8816680908203]]}