{"categories": [0], "bboxes": [[387.85321044921875, 169.00782775878906, 453.08294677734375, 323.57318115234375]]}