{"categories": [0, 1, 37, 56, 57, 59, 60], "bboxes": [[79.71967315673828, 97.94142150878906, 219.1080322265625, 359.6087646484375], [425.5636291503906, 118.94793701171875, 499.0, 298.44598388671875], [86.9337387084961, 314.4035949707031, 115.44193267822266, 358.4830627441406], [91.32207489013672, 306.7501220703125, 173.489501953125, 358.56085205078125], [145.8297119140625, 302.7339172363281, 492.3658447265625, 376.9504089355469], [176.5491943359375, 301.842041015625, 499.0, 371.16802978515625], [12.913619995117188, 353.0328369140625, 495.11126708984375, 432.8580322265625]]}