{"categories": [0, 39, 40, 41, 44, 45, 50, 60, 67, 73], "bboxes": [[283.1593322753906, 32.976593017578125, 499.0, 325.68328857421875], [37.74669647216797, 212.28048706054688, 76.48231506347656, 302.2897033691406], [287.3769836425781, 243.8386688232422, 325.5826721191406, 329.50628662109375], [242.94667053222656, 237.38726806640625, 281.7382507324219, 308.611083984375], [322.764404296875, 242.4111785888672, 350.36541748046875, 265.8702087402344], [27.528488159179688, 294.4615478515625, 150.59878540039062, 332.0], [70.20984649658203, 304.24420166015625, 97.53331756591797, 331.82879638671875], [7.2142333984375, 210.5886993408203, 468.563232421875, 330.1943054199219], [305.1422424316406, 122.49647521972656, 341.4351501464844, 155.77891540527344], [155.973388671875, 215.58184814453125, 243.94992065429688, 278.01556396484375]]}