{"categories": [0, 2, 5, 7, 25, 28, 39, 56, 58, 73], "bboxes": [[402.12506103515625, 87.17705535888672, 454.44915771484375, 241.79666137695312], [381.7739562988281, 85.94108581542969, 499.0, 175.4160919189453], [348.4085693359375, 85.5608139038086, 414.80853271484375, 170.51467895507812], [358.67303466796875, 85.54413604736328, 490.45977783203125, 178.963623046875], [113.667236328125, 10.548728942871094, 378.36370849609375, 191.84796142578125], [300.61712646484375, 144.2113494873047, 337.3936767578125, 182.4355926513672], [286.35919189453125, 155.84274291992188, 294.0322265625, 182.296875], [347.5015869140625, 168.5830078125, 395.27099609375, 232.70199584960938], [0.19652175903320312, 151.97604370117188, 37.92226791381836, 229.58587646484375], [102.66072082519531, 199.4888458251953, 163.0139923095703, 223.86451721191406]]}