{"categories": [0, 26, 41, 56, 60, 67, 71], "bboxes": [[227.02291870117188, 98.95317840576172, 323.9222106933594, 304.1551818847656], [256.4244689941406, 187.1855926513672, 320.0659484863281, 253.45826721191406], [25.911169052124023, 268.76043701171875, 72.5202407836914, 346.9456787109375], [0.0, 257.41632080078125, 24.027809143066406, 290.4276123046875], [5.278350830078125, 284.2693176269531, 332.0, 492.9305725097656], [231.41639709472656, 146.24462890625, 256.51971435546875, 180.8009033203125], [73.85731506347656, 296.1241149902344, 140.10069274902344, 333.0791931152344]]}