{"categories": [0, 1, 7, 13, 35, 56], "bboxes": [[417.0889892578125, 95.76376342773438, 494.29058837890625, 232.15048217773438], [0.7722301483154297, 156.08255004882812, 18.053287506103516, 177.11691284179688], [85.62907409667969, 99.66948699951172, 340.54351806640625, 296.4244384765625], [378.05218505859375, 206.73886108398438, 496.7760009765625, 288.5060119628906], [264.7037353515625, 112.08555603027344, 306.725830078125, 186.7747344970703], [48.67668914794922, 134.41928100585938, 103.31954193115234, 167.11639404296875]]}