{"categories": [0, 25, 27, 39, 41, 55, 60, 73], "bboxes": [[53.9191780090332, 21.884071350097656, 167.5650177001953, 194.4910888671875], [31.519248962402344, 0.0, 208.9420166015625, 18.072765350341797], [324.5519104003906, 96.14066314697266, 334.1144714355469, 127.18047332763672], [112.86626434326172, 177.37767028808594, 128.2807159423828, 210.2432098388672], [196.84364318847656, 225.29237365722656, 216.5229949951172, 257.8353576660156], [357.13818359375, 241.41287231445312, 429.08648681640625, 314.0521545410156], [0.0, 174.7326202392578, 467.9225158691406, 327.9722900390625], [84.8757095336914, 210.30776977539062, 171.68582153320312, 265.43896484375]]}