{"categories": [0, 2, 5, 6, 7, 16, 18, 62], "bboxes": [[66.10514068603516, 81.38807678222656, 202.12258911132812, 326.91455078125], [242.0451202392578, 160.20777893066406, 447.25189208984375, 272.0113525390625], [1.0768051147460938, 77.0926284790039, 185.54849243164062, 229.09420776367188], [0.0, 39.01322937011719, 345.63043212890625, 296.84063720703125], [386.58837890625, 169.52685546875, 459.43505859375, 270.23101806640625], [181.55079650878906, 233.61785888671875, 279.85125732421875, 331.0], [185.14405822753906, 233.46188354492188, 278.134033203125, 331.0], [165.05030822753906, 103.44754791259766, 212.98411560058594, 140.50079345703125]]}