{"categories": [0, 24, 26], "bboxes": [[127.14662170410156, 93.8160400390625, 286.85443115234375, 490.22430419921875], [161.65811157226562, 154.46328735351562, 260.4552001953125, 256.2718811035156], [251.7543487548828, 254.30523681640625, 280.6262512207031, 325.20745849609375]]}