{"categories": [0, 27, 58, 73, 75], "bboxes": [[209.52484130859375, 34.7772216796875, 426.748779296875, 276.8839111328125], [324.5996398925781, 123.13961029052734, 343.1921081542969, 181.9424285888672], [415.51690673828125, 170.4737091064453, 499.0, 279.668212890625], [174.42921447753906, 135.46661376953125, 245.60072326660156, 212.9766845703125], [416.8419494628906, 246.77462768554688, 470.2771301269531, 280.0]]}