{"categories": [0, 6, 9, 26, 27, 60, 65, 71], "bboxes": [[1.3045806884765625, 111.24168395996094, 153.47647094726562, 369.70770263671875], [41.250457763671875, 0.0, 499.0, 372.68597412109375], [460.3827819824219, 60.2462158203125, 499.0, 235.46878051757812], [110.9390869140625, 279.08197021484375, 186.87127685546875, 372.53955078125], [391.3042297363281, 195.68045043945312, 419.6894226074219, 276.2498474121094], [0.0, 298.0279541015625, 28.30998420715332, 369.9852294921875], [115.26327514648438, 279.14276123046875, 141.37872314453125, 296.75701904296875], [405.8492736816406, 200.9981689453125, 459.2242126464844, 237.95608520507812]]}