{"categories": [0, 41, 45], "bboxes": [[33.398284912109375, 38.00738525390625, 279.4562683105469, 330.70037841796875], [273.2527160644531, 275.20697021484375, 292.1946716308594, 301.39593505859375], [224.52224731445312, 299.7301940917969, 308.6428527832031, 327.6233215332031]]}