{"categories": [0, 26, 43, 45, 52, 67], "bboxes": [[230.06968688964844, 0.0, 499.0, 373.0], [1.1659927368164062, 212.09213256835938, 141.71029663085938, 363.5287780761719], [79.06480407714844, 199.7570037841797, 127.12669372558594, 315.68035888671875], [163.33346557617188, 190.82171630859375, 234.50009155273438, 237.5623779296875], [257.1020202636719, 197.8033447265625, 285.5877380371094, 233.80502319335938], [91.2619400024414, 360.06024169921875, 127.04900360107422, 373.0]]}