{"categories": [0, 13, 32, 41, 56, 60, 67], "bboxes": [[128.59791564941406, 9.607254028320312, 382.28472900390625, 322.29345703125], [3.935699462890625, 286.6061706542969, 144.30807495117188, 330.3877868652344], [300.7236328125, 114.05580139160156, 318.766845703125, 131.33412170410156], [403.3038330078125, 256.9070739746094, 461.16680908203125, 330.6360778808594], [406.00250244140625, 151.24166870117188, 499.0, 287.5894470214844], [52.92266845703125, 290.6033020019531, 355.8670654296875, 329.8906555175781], [177.36595153808594, 294.6884765625, 246.31861877441406, 322.03741455078125]]}