{"categories": [0, 39], "bboxes": [[246.75912475585938, 99.91462707519531, 499.0, 371.66534423828125], [94.26946258544922, 288.0897521972656, 132.51803588867188, 369.9982604980469]]}