{"categories": [0], "bboxes": [[106.27165222167969, 94.3874282836914, 198.94593811035156, 350.10064697265625]]}