{"categories": [0, 37], "bboxes": [[97.14301300048828, 250.35824584960938, 189.8673095703125, 499.0], [160.11561584472656, 278.2126770019531, 190.76536560058594, 486.6243591308594]]}