{"categories": [0, 24, 26], "bboxes": [[152.41070556640625, 117.78883361816406, 244.23638916015625, 433.14501953125], [267.98193359375, 183.39706420898438, 298.35015869140625, 240.26266479492188], [269.04730224609375, 181.2006072998047, 298.2283935546875, 239.68275451660156]]}