{"categories": [0, 13, 25, 56], "bboxes": [[337.97857666015625, 51.232421875, 457.895263671875, 330.0880126953125], [2.5285301208496094, 126.10623168945312, 105.49446105957031, 329.10125732421875], [278.68890380859375, 0.0, 324.44598388671875, 242.9049072265625], [40.03278732299805, 86.2869873046875, 57.72903823852539, 124.79107666015625]]}