{"categories": [0, 39], "bboxes": [[297.3093566894531, 155.09014892578125, 392.8506774902344, 333.919189453125], [331.62725830078125, 299.9677734375, 366.88311767578125, 374.0]]}