{"categories": [0, 59], "bboxes": [[50.249481201171875, 17.583740234375, 329.5981750488281, 489.0470275878906], [9.194259643554688, 293.194091796875, 333.0, 493.75982666015625]]}