{"categories": [0, 8], "bboxes": [[319.513427734375, 164.40953063964844, 484.8924560546875, 362.4854736328125], [189.1390380859375, 43.663116455078125, 499.0, 363.525146484375]]}