{"categories": [0, 39, 41, 60, 62, 63, 73, 74], "bboxes": [[179.074462890625, 183.86383056640625, 284.0469055175781, 326.31182861328125], [4.5374603271484375, 130.55288696289062, 468.67608642578125, 310.4035339355469], [391.5472412109375, 242.43911743164062, 406.1734619140625, 261.4394836425781], [273.5052490234375, 244.91796875, 456.18310546875, 329.01519775390625], [290.6292724609375, 124.89872741699219, 359.14642333984375, 170.6569366455078], [371.2259521484375, 224.228759765625, 403.069580078125, 247.73770141601562], [290.0707702636719, 206.8763427734375, 296.1785583496094, 231.73263549804688], [398.07049560546875, 186.8672637939453, 411.33551025390625, 205.8915252685547]]}