{"categories": [0, 56, 72], "bboxes": [[273.3123779296875, 106.82950592041016, 379.5946044921875, 288.8315734863281], [336.8131408691406, 153.84478759765625, 460.6349182128906, 316.5088806152344], [427.5027770996094, 1.3726348876953125, 499.0, 301.77734375]]}