{"categories": [0, 2, 34, 35], "bboxes": [[300.36248779296875, 124.77777099609375, 379.4327392578125, 277.0135498046875], [123.18531799316406, 91.16777038574219, 209.2279815673828, 127.20669555664062], [251.55770874023438, 204.4276123046875, 291.9745178222656, 226.42343139648438], [95.34907531738281, 190.9640350341797, 129.9397735595703, 210.12538146972656]]}