{"categories": [0, 41, 56, 60, 62, 63, 65], "bboxes": [[283.7248229980469, 111.17329406738281, 393.1647644042969, 281.779541015625], [378.4537048339844, 348.9259948730469, 413.2323913574219, 374.0], [2.32977294921875, 267.535888671875, 118.74569702148438, 371.40802001953125], [47.03758239746094, 278.514892578125, 490.5367431640625, 371.5751953125], [43.166770935058594, 80.2537841796875, 231.32394409179688, 178.73556518554688], [414.53192138671875, 236.62953186035156, 493.1842041015625, 281.162841796875], [420.77667236328125, 279.58575439453125, 444.670654296875, 288.609619140625]]}