{"categories": [0, 2, 13, 24, 26], "bboxes": [[234.15481567382812, 86.97199249267578, 376.4986877441406, 330.53302001953125], [212.19778442382812, 59.02125930786133, 235.63357543945312, 72.71208953857422], [392.35064697265625, 159.52894592285156, 428.52374267578125, 188.14744567871094], [130.43174743652344, 196.09939575195312, 146.4240264892578, 230.23147583007812], [18.865285873413086, 129.62791442871094, 57.89671325683594, 203.5429229736328]]}