{"categories": [0, 24], "bboxes": [[205.37203979492188, 0.086029052734375, 307.4130554199219, 301.6487731933594], [112.59698486328125, 59.90985107421875, 180.09201049804688, 154.65292358398438]]}