{"categories": [0, 16, 24, 26], "bboxes": [[143.07125854492188, 17.021987915039062, 252.875, 423.5078125], [0.0, 315.2220764160156, 91.9825439453125, 414.0297546386719], [58.30103302001953, 77.00505828857422, 119.93608856201172, 243.00143432617188], [60.10523223876953, 84.53604888916016, 114.6176986694336, 230.35354614257812]]}