{"categories": [0, 27, 65], "bboxes": [[289.34649658203125, 96.84304809570312, 489.50457763671875, 370.7372741699219], [187.45504760742188, 171.24656677246094, 203.80020141601562, 247.98533630371094], [296.2536926269531, 192.93106079101562, 319.7597961425781, 237.88397216796875]]}