{"categories": [0, 8, 26, 34, 73], "bboxes": [[159.35903930664062, 67.27922058105469, 326.5646057128906, 331.61517333984375], [0.0, 2.14508056640625, 499.0, 330.4989318847656], [17.69472312927246, 194.66635131835938, 61.03010559082031, 327.6877746582031], [316.8466796875, 14.171722412109375, 496.39141845703125, 281.3648376464844], [257.355224609375, 139.2207489013672, 330.296630859375, 214.00926208496094]]}