{"categories": [0, 26, 56], "bboxes": [[235.93031311035156, 198.68487548828125, 306.9241027832031, 366.8260498046875], [121.2334213256836, 294.1513977050781, 150.22947692871094, 343.2205505371094], [135.95306396484375, 266.7362365722656, 201.7547607421875, 406.5929260253906]]}