{"categories": [0, 2, 7, 12, 13, 24, 26, 56], "bboxes": [[260.21624755859375, 132.70819091796875, 421.101318359375, 339.96185302734375], [0.018830299377441406, 115.20297241210938, 25.51812744140625, 142.34527587890625], [45.021141052246094, 90.14234161376953, 297.3459777832031, 256.9010009765625], [247.26010131835938, 111.20783996582031, 267.4572448730469, 151.3592987060547], [324.0309143066406, 242.27902221679688, 489.6969299316406, 327.0638122558594], [413.997314453125, 200.7004852294922, 478.231201171875, 251.4637908935547], [414.6676025390625, 206.112548828125, 472.10504150390625, 247.57955932617188], [463.8149108886719, 203.30062866210938, 498.9540100097656, 266.66693115234375]]}