{"categories": [0, 12, 13, 16, 26, 35, 39, 56], "bboxes": [[291.2960205078125, 65.02947998046875, 393.8525390625, 289.1567077636719], [447.0841979980469, 124.61150360107422, 499.0, 312.49945068359375], [23.03740692138672, 188.93621826171875, 117.7294692993164, 264.4537353515625], [124.21231842041016, 232.85122680664062, 174.87460327148438, 286.4783020019531], [173.32455444335938, 129.03530883789062, 202.1685791015625, 164.4765625], [315.2684326171875, 246.3858184814453, 336.59185791015625, 270.5238952636719], [1.9547185897827148, 83.09790802001953, 22.996383666992188, 172.65396118164062], [69.5445556640625, 184.61399841308594, 114.94839477539062, 263.7075500488281]]}