{"categories": [0, 39, 55, 56, 70], "bboxes": [[250.13372802734375, 93.6556167602539, 330.81884765625, 246.04150390625], [258.5364685058594, 158.885986328125, 299.0000305175781, 238.08868408203125], [251.59500122070312, 193.21029663085938, 343.3512878417969, 297.53143310546875], [390.9497985839844, 140.5673065185547, 465.6525573730469, 256.9087829589844], [120.67996215820312, 254.767333984375, 202.99395751953125, 319.309326171875]]}