{"categories": [0, 3, 56, 58], "bboxes": [[67.42234802246094, 331.1097412109375, 106.77766418457031, 451.98187255859375], [226.77789306640625, 333.0729064941406, 284.2305908203125, 410.8664245605469], [324.75579833984375, 361.8736572265625, 364.86090087890625, 413.5906982421875], [263.7206115722656, 254.77352905273438, 326.2662658691406, 318.7020568847656]]}