{"categories": [0, 32], "bboxes": [[41.14430236816406, 42.826141357421875, 240.6656036376953, 344.5084228515625], [92.87346649169922, 303.8758239746094, 143.4659423828125, 348.4380187988281]]}