{"categories": [0, 35], "bboxes": [[140.12997436523438, 57.93049621582031, 290.9861145019531, 304.25054931640625], [70.2054443359375, 207.23170471191406, 91.41336059570312, 224.5745086669922]]}