{"categories": [0, 27], "bboxes": [[217.0638427734375, 92.045166015625, 376.37310791015625, 461.3189697265625], [153.27638244628906, 183.0623321533203, 180.18446350097656, 229.66188049316406]]}