{"categories": [0, 27, 58], "bboxes": [[55.47535705566406, 66.4619140625, 295.228271484375, 330.0187683105469], [195.77139282226562, 192.13632202148438, 236.023193359375, 234.718994140625], [212.23486328125, 204.39015197753906, 319.65838623046875, 306.6810302734375]]}