{"categories": [0, 5, 7, 24, 26, 56, 60, 73, 77], "bboxes": [[295.74371337890625, 107.29731750488281, 424.1632080078125, 325.7479248046875], [1.798431396484375, 3.5881423950195312, 390.56365966796875, 211.61367797851562], [10.3580322265625, 0.0, 403.7352600097656, 207.23226928710938], [372.93133544921875, 73.66526794433594, 438.4136962890625, 162.86871337890625], [332.0191650390625, 216.148193359375, 374.69024658203125, 323.4322509765625], [8.719661712646484, 276.75775146484375, 79.39312744140625, 331.48541259765625], [39.7296142578125, 172.5345458984375, 345.4521484375, 322.5231628417969], [10.984085083007812, 230.5978240966797, 129.26646423339844, 265.55401611328125], [239.36328125, 227.89138793945312, 275.71148681640625, 263.18389892578125]]}