{"categories": [0, 2, 14, 56, 60], "bboxes": [[159.7825927734375, 156.0614013671875, 203.26638793945312, 216.75497436523438], [489.1785888671875, 71.76282501220703, 499.0, 87.46593475341797], [469.87310791015625, 230.91676330566406, 494.73602294921875, 250.69117736816406], [462.6645812988281, 161.0044708251953, 497.2789001464844, 210.40162658691406], [344.20782470703125, 166.2624969482422, 402.1956787109375, 213.81797790527344]]}