{"categories": [0, 2, 41], "bboxes": [[332.46490478515625, 22.6187744140625, 452.593505859375, 325.2170104980469], [86.67987823486328, 104.61874389648438, 161.07278442382812, 166.0419921875], [469.81988525390625, 240.31478881835938, 481.82049560546875, 253.52804565429688]]}