{"categories": [0, 1, 3, 7, 26], "bboxes": [[380.33734130859375, 112.78048706054688, 440.23065185546875, 222.81585693359375], [0.0, 172.03672790527344, 43.266326904296875, 234.68995666503906], [81.6208267211914, 149.9157257080078, 242.21600341796875, 246.53306579589844], [173.8884735107422, 111.83140563964844, 298.89306640625, 216.7483367919922], [383.62408447265625, 131.98062133789062, 402.3302001953125, 166.18557739257812]]}