{"categories": [0, 45, 60], "bboxes": [[283.90374755859375, 180.16311645507812, 375.9451904296875, 310.9962463378906], [290.25225830078125, 300.6297912597656, 333.22808837890625, 330.5168151855469], [41.58074951171875, 285.67706298828125, 482.44268798828125, 367.5992431640625]]}