{"categories": [0, 2, 56], "bboxes": [[28.85883331298828, 59.402259826660156, 106.7701187133789, 262.7105712890625], [4.543691635131836, 9.615653038024902, 44.497459411621094, 32.104976654052734], [336.2803039550781, 147.6634979248047, 406.6242370605469, 271.2032470703125]]}