{"categories": [0, 39, 41, 44, 53, 65, 79], "bboxes": [[81.35916900634766, 62.16014099121094, 269.7400207519531, 329.52337646484375], [204.24598693847656, 112.9570083618164, 220.9661102294922, 170.3958740234375], [239.0939178466797, 147.1652069091797, 265.0296936035156, 173.5160675048828], [258.9434509277344, 107.82971954345703, 285.4548645019531, 133.69192504882812], [237.68780517578125, 127.9324722290039, 275.23138427734375, 152.4609375], [316.10369873046875, 119.82872009277344, 334.82806396484375, 139.70433044433594], [191.60743713378906, 42.292152404785156, 208.6754608154297, 72.98844146728516]]}