{"categories": [0, 8], "bboxes": [[274.7984313964844, 135.65359497070312, 326.1825866699219, 224.53073120117188], [130.877685546875, 205.55322265625, 379.1514892578125, 267.8721008300781]]}