{"categories": [0, 26, 74], "bboxes": [[179.1971435546875, 121.36964416503906, 278.6881408691406, 453.5408935546875], [247.02198791503906, 177.9749755859375, 300.963623046875, 306.8885498046875], [78.33451843261719, 99.6306381225586, 101.37551879882812, 122.19322967529297]]}