{"categories": [0, 2, 9, 11, 24, 25, 73], "bboxes": [[2.2562294006347656, 151.96881103515625, 54.49610137939453, 282.5787353515625], [42.906272888183594, 163.39903259277344, 104.55001068115234, 194.5359649658203], [470.74310302734375, 130.54347229003906, 477.12896728515625, 144.41481018066406], [220.07327270507812, 16.126296997070312, 450.3904724121094, 315.20172119140625], [99.57097625732422, 169.47921752929688, 130.2412109375, 216.3349609375], [0.0, 129.30819702148438, 54.0042839050293, 160.59133911132812], [226.8729248046875, 4.2795562744140625, 449.24609375, 333.0]]}