{"categories": [0, 2, 41, 45, 56, 60, 75], "bboxes": [[335.919921875, 103.7988510131836, 476.9833984375, 342.12420654296875], [0.0, 178.491455078125, 33.27100372314453, 206.28839111328125], [235.62205505371094, 308.7048034667969, 256.71063232421875, 346.0], [289.10699462890625, 326.7735900878906, 349.25482177734375, 344.3496398925781], [265.23260498046875, 271.0027160644531, 331.48175048828125, 322.1293640136719], [226.75210571289062, 316.37799072265625, 353.5772399902344, 346.0], [187.76866149902344, 193.906005859375, 204.30201721191406, 251.25588989257812]]}