{"categories": [0, 33], "bboxes": [[327.19683837890625, 203.55885314941406, 364.30999755859375, 324.60992431640625], [355.1174011230469, 76.82586669921875, 376.7546081542969, 102.325927734375]]}