{"categories": [0], "bboxes": [[103.33317565917969, 27.032394409179688, 247.6288299560547, 328.65576171875]]}