{"categories": [0, 28, 41, 43, 45, 48, 53, 54, 55, 56, 60, 67], "bboxes": [[122.7892074584961, 27.27393341064453, 210.96353149414062, 164.78912353515625], [363.5503845214844, 97.16163635253906, 381.9154968261719, 151.57496643066406], [91.379638671875, 159.89425659179688, 108.79927062988281, 181.66860961914062], [83.19233703613281, 183.91018676757812, 178.06874084472656, 195.4725341796875], [271.9986267089844, 166.94065856933594, 309.5830993652344, 190.95225524902344], [431.0455627441406, 188.1725616455078, 499.0, 242.88438415527344], [134.60955810546875, 167.1136474609375, 233.54998779296875, 192.111328125], [389.9850769042969, 209.30628967285156, 432.0704040527344, 235.53492736816406], [87.52339172363281, 247.81236267089844, 191.70021057128906, 329.2194519042969], [457.38604736328125, 104.08294677734375, 497.21734619140625, 178.77938842773438], [59.89793395996094, 141.18862915039062, 499.0, 328.46929931640625], [64.53130340576172, 244.36070251464844, 86.57599639892578, 275.9554138183594]]}