{"categories": [0, 26, 56, 60], "bboxes": [[229.03456115722656, 70.16253662109375, 369.85009765625, 366.0296630859375], [72.68790435791016, 297.1459655761719, 204.685302734375, 367.0030212402344], [156.4962615966797, 214.74526977539062, 223.6911163330078, 315.6774597167969], [163.7461700439453, 206.51649475097656, 246.01670837402344, 266.5038146972656]]}