{"categories": [0, 32, 34, 35, 36], "bboxes": [[185.105712890625, 80.78176879882812, 251.02340698242188, 223.71749877929688], [56.90604019165039, 291.9667053222656, 64.83287811279297, 299.7703552246094], [416.75213623046875, 83.2181167602539, 461.0360107421875, 92.58948516845703], [268.6387939453125, 96.48367309570312, 293.34747314453125, 116.40089416503906], [381.739013671875, 89.07439422607422, 423.3057861328125, 122.33252716064453]]}