{"categories": [0, 13, 27, 54], "bboxes": [[59.02851104736328, 11.030044555664062, 232.62411499023438, 489.9710693359375], [228.3976593017578, 159.20040893554688, 287.7972717285156, 310.669921875], [136.8739471435547, 108.07373809814453, 160.03868103027344, 180.40689086914062], [137.33160400390625, 177.4049835205078, 205.09280395507812, 251.1172637939453]]}