{"categories": [0, 2, 24, 26, 27], "bboxes": [[61.784156799316406, 84.26083374023438, 192.47793579101562, 442.8748474121094], [363.7646484375, 282.1899719238281, 374.0, 296.2638854980469], [156.43638610839844, 220.59375, 186.20240783691406, 280.8030700683594], [152.0489501953125, 190.40785217285156, 186.91961669921875, 280.5968017578125], [59.24229049682617, 155.944091796875, 70.953125, 197.13092041015625]]}