{"categories": [0, 2, 11, 26, 56, 60], "bboxes": [[224.87435913085938, 12.611221313476562, 375.7024841308594, 325.104248046875], [198.32040405273438, 69.93930053710938, 216.85079956054688, 81.00544738769531], [342.16961669921875, 10.7628173828125, 499.0, 322.74749755859375], [249.61380004882812, 82.5513916015625, 342.3869323730469, 174.09664916992188], [148.74290466308594, 125.90083312988281, 185.8577423095703, 147.92735290527344], [115.32350158691406, 145.8485107421875, 197.24366760253906, 225.64675903320312]]}