{"categories": [0, 36, 40, 43], "bboxes": [[169.30938720703125, 106.01979064941406, 297.0035705566406, 475.448974609375], [40.83154296875, 64.42028045654297, 319.8910827636719, 277.8343811035156], [179.3311309814453, 292.7694396972656, 196.9355926513672, 323.0054016113281], [229.15963745117188, 208.63368225097656, 332.0, 244.5286102294922]]}