{"categories": [0, 45, 46], "bboxes": [[133.12139892578125, 187.69541931152344, 213.64434814453125, 282.83831787109375], [189.87887573242188, 273.9769287109375, 279.7970275878906, 324.61712646484375], [245.33917236328125, 308.89569091796875, 305.65838623046875, 358.82684326171875]]}