{"categories": [0, 1, 24], "bboxes": [[257.28118896484375, 48.71302032470703, 355.81756591796875, 229.26678466796875], [280.8272399902344, 135.15826416015625, 353.7832336425781, 274.010986328125], [145.24203491210938, 79.13026428222656, 183.15188598632812, 119.62583923339844]]}