{"categories": [0, 2, 27], "bboxes": [[23.687034606933594, 32.64256286621094, 231.15826416015625, 331.20855712890625], [410.04144287109375, 132.37841796875, 436.79583740234375, 145.50399780273438], [134.783935546875, 156.7979278564453, 155.72137451171875, 208.33473205566406]]}