{"categories": [0, 17, 26, 28, 56, 62, 63], "bboxes": [[191.91799926757812, 97.79269409179688, 304.893798828125, 385.0462341308594], [370.22650146484375, 193.76715087890625, 439.37738037109375, 327.40142822265625], [351.20135498046875, 348.32647705078125, 420.64752197265625, 377.9990234375], [70.15292358398438, 276.7685852050781, 160.81581115722656, 376.1277770996094], [342.7930908203125, 287.6556091308594, 481.4124755859375, 353.1759338378906], [10.741996765136719, 231.5792999267578, 91.97737884521484, 275.2841491699219], [70.28337097167969, 279.3777770996094, 159.77540588378906, 375.4797058105469]]}