{"categories": [0, 2, 27], "bboxes": [[131.33309936523438, 61.03889465332031, 326.7409362792969, 325.70849609375], [475.4324645996094, 177.037109375, 499.0, 277.84283447265625], [177.52194213867188, 170.1383819580078, 206.20223999023438, 238.07057189941406]]}