{"categories": [0, 13, 56, 62, 68, 72], "bboxes": [[335.2414855957031, 119.4609603881836, 416.1121520996094, 214.326171875], [52.279823303222656, 241.1959228515625, 208.2694091796875, 373.22930908203125], [289.84283447265625, 147.38845825195312, 360.2955322265625, 208.434326171875], [103.08151245117188, 81.57373046875, 131.44065856933594, 109.22386169433594], [113.16162872314453, 113.09902954101562, 147.38082885742188, 144.78890991210938], [40.49376678466797, 127.95751953125, 81.63138580322266, 168.4185791015625]]}