{"categories": [0, 39, 41, 45, 47, 56, 57, 59, 60, 73], "bboxes": [[45.733829498291016, 82.13890075683594, 158.62384033203125, 193.7233428955078], [91.41006469726562, 129.446044921875, 114.15156555175781, 200.29367065429688], [329.0135192871094, 214.50062561035156, 354.6280822753906, 238.5965118408203], [156.61080932617188, 177.716064453125, 202.72607421875, 201.3106689453125], [161.28965759277344, 171.2753448486328, 190.4038848876953, 196.6526641845703], [55.473793029785156, 241.64764404296875, 192.23007202148438, 335.84771728515625], [213.49554443359375, 46.795230865478516, 324.990234375, 149.1626739501953], [207.954833984375, 37.48591613769531, 346.451904296875, 153.10862731933594], [11.234527587890625, 154.76031494140625, 223.8424072265625, 322.5380859375], [35.14106369018555, 191.27684020996094, 104.29080200195312, 225.7913055419922]]}