{"categories": [0, 2, 12, 26], "bboxes": [[143.6243438720703, 70.75703430175781, 243.29991149902344, 332.65484619140625], [382.36279296875, 118.34709167480469, 415.9552001953125, 134.16665649414062], [260.0487976074219, 118.6709213256836, 272.3056945800781, 148.9728240966797], [310.02703857421875, 124.99093627929688, 336.95855712890625, 189.83087158203125]]}