{"categories": [0, 14, 26, 32], "bboxes": [[347.6429443359375, 62.459930419921875, 461.08245849609375, 346.4198303222656], [342.33123779296875, 145.0768585205078, 353.32843017578125, 162.2405242919922], [362.3162536621094, 157.0250244140625, 454.3330993652344, 274.1750183105469], [421.5261535644531, 222.37619018554688, 446.2351379394531, 251.94088745117188]]}