{"categories": [0, 2, 27, 73, 74], "bboxes": [[315.7682189941406, 62.41240692138672, 389.2094421386719, 313.2139892578125], [378.77471923828125, 182.2529754638672, 451.49993896484375, 217.55479431152344], [352.3846435546875, 102.07623291015625, 363.9564208984375, 120.28036499023438], [208.9999542236328, 119.35572052001953, 215.72523498535156, 158.89671325683594], [57.149864196777344, 1.2522306442260742, 70.9188003540039, 14.093602180480957]]}