{"categories": [0, 27], "bboxes": [[130.99452209472656, 49.79766845703125, 374.40447998046875, 411.5776672363281], [91.34664916992188, 202.80413818359375, 132.34378051757812, 299.39166259765625]]}