{"categories": [0, 2, 7, 16, 24], "bboxes": [[194.92681884765625, 33.170318603515625, 313.0016784667969, 260.87725830078125], [215.47674560546875, 7.643653869628906, 484.9840087890625, 195.32888793945312], [173.304931640625, 1.8427391052246094, 315.21868896484375, 127.85531616210938], [24.774002075195312, 213.83348083496094, 134.3434295654297, 269.03778076171875], [404.9996032714844, 101.63873291015625, 434.3901062011719, 139.51980590820312]]}