{"categories": [0, 3, 24, 30, 32, 34, 35, 36, 74], "bboxes": [[279.6213684082031, 72.31184387207031, 476.0981750488281, 310.0078125], [468.6489562988281, 40.496150970458984, 496.4277648925781, 62.943729400634766], [327.7943420410156, 136.4692840576172, 419.8552551269531, 198.7475128173828], [44.87890625, 140.2731170654297, 156.4331817626953, 268.2193603515625], [148.0440216064453, 267.1734619140625, 158.10972595214844, 278.54541015625], [120.32784271240234, 9.99283218383789, 135.34390258789062, 43.83694076538086], [271.6424560546875, 185.06289672851562, 301.60552978515625, 221.9178466796875], [127.6483154296875, 138.61866760253906, 151.649169921875, 149.43846130371094], [211.19354248046875, 1.6805419921875, 339.3416748046875, 51.05997848510742]]}