{"categories": [0, 56, 59, 60, 73], "bboxes": [[192.56687927246094, 73.32563781738281, 396.276611328125, 264.58740234375], [154.22528076171875, 222.25160217285156, 199.93927001953125, 258.2103271484375], [17.52349853515625, 189.64637756347656, 499.0, 373.4478759765625], [43.25801086425781, 232.563720703125, 499.0, 367.8809814453125], [429.7740478515625, 193.23236083984375, 498.5791015625, 256.1160888671875]]}