{"categories": [0, 41, 48, 56, 58, 60, 75], "bboxes": [[169.1694793701172, 24.803253173828125, 291.5533447265625, 290.8655700683594], [241.42266845703125, 266.32958984375, 265.0592346191406, 301.29791259765625], [209.55934143066406, 201.68511962890625, 242.23426818847656, 223.05923461914062], [306.1378173828125, 213.58255004882812, 391.04498291015625, 281.7592468261719], [275.5046691894531, 238.1201171875, 331.8507995605469, 332.0], [150.90386962890625, 263.2252502441406, 421.00408935546875, 325.5506896972656], [277.79107666015625, 288.87908935546875, 313.83355712890625, 331.71905517578125]]}