{"categories": [0, 8, 13, 26, 56, 60, 61, 73], "bboxes": [[98.44916534423828, 51.72845458984375, 233.5545654296875, 275.1532897949219], [78.89056396484375, 1.1815338134765625, 417.026123046875, 289.801025390625], [97.31021881103516, 248.2595977783203, 207.9761962890625, 329.2449951171875], [270.07476806640625, 117.63770294189453, 323.21624755859375, 235.9378662109375], [140.96839904785156, 244.28823852539062, 202.3291473388672, 328.6063537597656], [111.70503997802734, 247.855712890625, 199.08071899414062, 330.2972412109375], [216.2250518798828, 187.08145141601562, 281.6078186035156, 269.6778259277344], [149.2657470703125, 250.61911010742188, 196.05322265625, 266.9450988769531]]}