{"categories": [0, 8, 30, 36], "bboxes": [[206.9012451171875, 136.66448974609375, 287.0705261230469, 219.02297973632812], [440.58203125, 36.970516204833984, 457.4727783203125, 61.79128646850586], [30.208843231201172, 140.6827392578125, 124.6944580078125, 304.5882873535156], [257.56195068359375, 205.614501953125, 284.8802490234375, 227.39047241210938]]}