{"categories": [0, 39, 41], "bboxes": [[191.3872833251953, 101.75128173828125, 332.0, 380.5446472167969], [125.5968017578125, 367.1236877441406, 162.380126953125, 466.0346374511719], [177.47467041015625, 367.7588195800781, 321.2223205566406, 465.0760192871094]]}