{"categories": [0, 2, 7, 25, 33], "bboxes": [[386.88421630859375, 149.3179931640625, 499.0, 330.5588684082031], [389.59796142578125, 25.251415252685547, 449.43304443359375, 72.88473510742188], [477.87310791015625, 0.0, 499.0, 76.90678405761719], [156.4737548828125, 173.51927185058594, 176.86483764648438, 317.4404296875], [9.079891204833984, 72.66387176513672, 89.13346862792969, 266.4536437988281]]}