{"categories": [0, 2, 24, 26, 27, 52, 56], "bboxes": [[146.08238220214844, 59.68141174316406, 470.78387451171875, 369.8758544921875], [339.07470703125, 284.40692138671875, 448.00836181640625, 367.8494873046875], [186.1588134765625, 176.0863037109375, 369.4268798828125, 342.81622314453125], [206.0772705078125, 170.53350830078125, 232.2818603515625, 309.43499755859375], [273.0289611816406, 191.37535095214844, 297.5763854980469, 277.3851623535156], [151.4480438232422, 248.2584991455078, 183.7424774169922, 276.9998474121094], [2.328920364379883, 83.34390258789062, 57.02891540527344, 260.6152648925781]]}