{"categories": [0, 8, 25, 67], "bboxes": [[308.44085693359375, 113.78785705566406, 465.1517333984375, 372.21844482421875], [12.582656860351562, 0.40479278564453125, 498.163330078125, 141.087646484375], [29.71435546875, 118.85406494140625, 324.37628173828125, 220.23446655273438], [353.0439758300781, 164.75718688964844, 364.7322082519531, 192.4285430908203]]}