{"categories": [0, 1, 24, 26, 58], "bboxes": [[158.64529418945312, 22.34558868408203, 246.20401000976562, 256.16888427734375], [319.36529541015625, 134.49191284179688, 456.55938720703125, 325.9948425292969], [107.89350891113281, 138.61610412597656, 172.69541931152344, 212.93064880371094], [383.85693359375, 128.439208984375, 430.8958740234375, 195.32745361328125], [298.590087890625, 109.75411987304688, 366.9747314453125, 228.92562866210938]]}