{"categories": [0, 26, 41, 56, 57, 58, 60, 65, 67, 72, 74, 79], "bboxes": [[373.4806823730469, 231.62942504882812, 496.1277770996094, 371.6938781738281], [450.0103454589844, 286.7745666503906, 499.0, 373.7743835449219], [342.42431640625, 310.73333740234375, 364.8389892578125, 341.5123291015625], [21.388957977294922, 250.9752655029297, 77.1837158203125, 321.39752197265625], [12.515472412109375, 308.4260559082031, 293.95648193359375, 370.6686706542969], [23.819751739501953, 252.06861877441406, 42.27363967895508, 268.71026611328125], [202.45474243164062, 330.85223388671875, 436.2163391113281, 372.0079345703125], [346.6510925292969, 350.5837707519531, 381.8097839355469, 361.5343322753906], [345.43475341796875, 352.031982421875, 382.2398681640625, 361.92144775390625], [345.46343994140625, 5.1459503173828125, 484.48565673828125, 315.70819091796875], [285.5201721191406, 133.4605712890625, 299.6201477050781, 160.71859741210938], [352.7708435058594, 290.08843994140625, 363.2144470214844, 311.19439697265625]]}