{"categories": [0, 2, 38, 56, 58], "bboxes": [[287.0301818847656, 117.28943634033203, 341.7905578613281, 303.01934814453125], [79.81558227539062, 225.89398193359375, 131.08139038085938, 265.480224609375], [0.900486946105957, 222.7167205810547, 16.714191436767578, 258.064208984375], [152.23480224609375, 267.7471008300781, 228.5477294921875, 369.6568298339844], [77.51143646240234, 312.49530029296875, 117.27832794189453, 373.004150390625]]}