{"categories": [0, 2, 6, 7, 10, 12, 36, 62, 67, 73], "bboxes": [[558.671142578125, 102.34590148925781, 699.202392578125, 531.5653686523438], [673.28369140625, 17.446311950683594, 799.0, 189.2235107421875], [148.87103271484375, 235.80422973632812, 557.1392211914062, 399.7950134277344], [198.74337768554688, 0.0, 563.609619140625, 136.34152221679688], [130.37411499023438, 20.752342224121094, 213.17840576171875, 248.96484375], [177.53952026367188, 15.52813720703125, 206.72052001953125, 158.7812957763672], [146.77503967285156, 286.75811767578125, 530.4223022460938, 479.62384033203125], [48.666847229003906, 58.782814025878906, 119.72557830810547, 158.17318725585938], [536.8551635742188, 256.68231201171875, 563.5296020507812, 297.36944580078125], [413.9849548339844, 362.8139343261719, 449.1100769042969, 378.8539733886719]]}