{"categories": [0, 11, 24, 26, 56], "bboxes": [[121.36953735351562, 17.407394409179688, 267.4686584472656, 463.3704833984375], [383.0382995605469, 181.3715362548828, 403.8200378417969, 199.46434020996094], [583.974365234375, 72.94058990478516, 715.024658203125, 266.6047668457031], [574.8095092773438, 182.63722229003906, 717.2893676757812, 270.20330810546875], [723.6632080078125, 137.36761474609375, 799.0, 302.8883056640625]]}