{"categories": [0, 39, 41, 45, 56, 60, 63, 65], "bboxes": [[184.03253173828125, 295.08831787109375, 301.38690185546875, 425.20086669921875], [729.500732421875, 337.4795227050781, 749.084716796875, 383.1528625488281], [561.1533813476562, 343.8746643066406, 597.8181762695312, 396.5514831542969], [279.7952575683594, 420.4855041503906, 366.1653747558594, 441.6637268066406], [261.84027099609375, 458.828369140625, 416.9622802734375, 640.3492431640625], [0.0, 408.22821044921875, 427.05767822265625, 616.6498413085938], [318.9031982421875, 358.9482421875, 393.94830322265625, 418.4869384765625], [139.9168243408203, 444.6206970214844, 176.25657653808594, 459.6803894042969]]}