{"categories": [0, 9, 25, 56], "bboxes": [[173.3056182861328, 110.81605529785156, 443.211181640625, 472.08282470703125], [160.57998657226562, 117.50199890136719, 193.43914794921875, 147.05690002441406], [518.5680541992188, 13.053436279296875, 797.6801147460938, 337.3829650878906], [5.599143981933594, 313.0117492675781, 91.52590942382812, 383.1755065917969]]}