{"categories": [0, 28, 40, 43, 45, 48, 51, 53, 55, 56, 58, 60, 62, 65, 69, 72], "bboxes": [[91.95047760009766, 142.26229858398438, 265.2078857421875, 591.1259765625], [188.57794189453125, 489.75048828125, 243.94570922851562, 597.692626953125], [333.8434143066406, 307.3992004394531, 407.1401062011719, 398.1584167480469], [531.4146728515625, 336.4739990234375, 553.802734375, 379.3648681640625], [407.1273193359375, 329.0504455566406, 464.793212890625, 358.0610656738281], [459.7309265136719, 459.23516845703125, 515.1101684570312, 490.4693603515625], [482.3746032714844, 444.788818359375, 529.3344116210938, 466.7645263671875], [459.74176025390625, 464.2052001953125, 519.8743896484375, 498.7684326171875], [424.23199462890625, 352.10260009765625, 553.7081909179688, 426.4833984375], [421.7734680175781, 266.66064453125, 464.5464782714844, 331.26422119140625], [0.0, 201.91885375976562, 31.473167419433594, 243.803955078125], [169.77365112304688, 343.9710388183594, 790.6676025390625, 592.2962646484375], [321.1620788574219, 202.79989624023438, 379.0605163574219, 260.1044616699219], [230.20091247558594, 321.9907531738281, 260.1497497558594, 357.6551818847656], [197.08480834960938, 405.8389892578125, 400.2091369628906, 597.9992065429688], [690.4957275390625, 109.00189208984375, 799.0, 498.09088134765625]]}