{"categories": [0, 73, 74], "bboxes": [[2.931488037109375, 141.40406799316406, 446.1873474121094, 584.6524658203125], [197.2891845703125, 353.4825744628906, 401.4827880859375, 442.3883972167969], [392.827880859375, 329.7315979003906, 414.39361572265625, 349.6850280761719]]}