{"categories": [0, 57, 59, 67], "bboxes": [[355.1073303222656, 181.81369018554688, 798.737060546875, 521.3223876953125], [168.34707641601562, 92.14524841308594, 791.968505859375, 372.552490234375], [0.0, 142.2919464111328, 799.0, 522.2957763671875], [208.0123748779297, 226.4864959716797, 309.689697265625, 260.4739074707031]]}