{"categories": [0, 9, 13, 34, 36], "bboxes": [[395.06591796875, 179.37490844726562, 561.2937622070312, 464.1383972167969], [423.6522521972656, 150.46299743652344, 450.9369201660156, 176.1927032470703], [216.98651123046875, 304.7762451171875, 770.77783203125, 475.0216064453125], [403.68121337890625, 233.47335815429688, 450.8897705078125, 258.1439514160156], [219.98483276367188, 115.16542053222656, 274.1641540527344, 199.59947204589844]]}