{"categories": [0, 37, 40, 42, 45, 56, 60], "bboxes": [[206.3819122314453, 0.0, 496.895263671875, 584.3358154296875], [32.58784484863281, 8.07208251953125, 270.18414306640625, 549.1553344726562], [339.05108642578125, 497.0545349121094, 414.21124267578125, 595.3768310546875], [226.04624938964844, 563.7357788085938, 262.0559387207031, 599.0], [96.64273071289062, 554.5927124023438, 180.2030029296875, 595.5396118164062], [480.1484680175781, 357.1874694824219, 545.5510864257812, 425.5881652832031], [26.983184814453125, 521.8629760742188, 585.046142578125, 596.2706909179688]]}