{"categories": [0, 77], "bboxes": [[119.28231811523438, 260.9248046875, 392.6216125488281, 524.2939453125], [318.7159729003906, 353.0655212402344, 439.9251403808594, 526.312744140625]]}