{"categories": [0, 7, 41, 56, 60, 62, 72, 73, 76], "bboxes": [[284.7899169921875, 31.69390869140625, 697.1192626953125, 594.9295654296875], [281.73138427734375, 120.84213256835938, 762.2197875976562, 277.0580139160156], [91.77046203613281, 345.1173400878906, 122.69688415527344, 394.9365539550781], [160.3627166748047, 337.7552490234375, 203.3484649658203, 369.10113525390625], [2.8971099853515625, 409.5513610839844, 422.9801025390625, 574.7884521484375], [598.4918212890625, 129.58180236816406, 759.945068359375, 235.1805877685547], [3.3530426025390625, 38.861663818359375, 158.10031127929688, 386.5127258300781], [668.1278686523438, 212.14041137695312, 728.6748657226562, 226.89163208007812], [349.9438781738281, 479.50543212890625, 442.0715637207031, 599.0]]}