{"categories": [0, 13, 26, 39, 43, 56, 72, 73], "bboxes": [[461.0894775390625, 53.998992919921875, 670.9488525390625, 447.1726379394531], [461.04486083984375, 414.3435363769531, 665.3021850585938, 555.4971923828125], [99.25238800048828, 464.4557800292969, 248.01858520507812, 561.7799682617188], [25.716262817382812, 36.23307800292969, 414.08050537109375, 505.07269287109375], [544.95654296875, 349.0037841796875, 571.835205078125, 379.76177978515625], [475.675537109375, 410.7880554199219, 662.8414306640625, 554.5003662109375], [10.943275451660156, 49.10260009765625, 244.9521484375, 544.0342407226562], [734.4811401367188, 159.80027770996094, 747.8704223632812, 200.3833770751953]]}