{"categories": [0, 9, 39, 41, 45, 56, 58], "bboxes": [[96.40473937988281, 144.38816833496094, 238.4344024658203, 379.0230712890625], [229.79441833496094, 88.56218719482422, 248.68272399902344, 112.56324005126953], [709.7402954101562, 134.56011962890625, 728.0510864257812, 204.0552978515625], [617.9462280273438, 220.22361755371094, 635.5326538085938, 241.3480682373047], [431.89923095703125, 222.1531524658203, 458.1357421875, 239.7588348388672], [107.00886535644531, 264.35888671875, 224.80870056152344, 442.86090087890625], [431.52313232421875, 211.2821502685547, 459.25164794921875, 239.00233459472656]]}