{"categories": [0, 39, 41, 56, 60, 62, 71, 74], "bboxes": [[455.795654296875, 288.046142578125, 591.466796875, 524.0628051757812], [637.0299072265625, 219.63601684570312, 653.1702880859375, 277.7334899902344], [434.05218505859375, 462.18017578125, 458.17523193359375, 499.40606689453125], [58.48491668701172, 468.5657958984375, 149.04318237304688, 595.2769775390625], [159.97625732421875, 428.0331115722656, 769.0596923828125, 589.3224487304688], [548.7545166015625, 330.3642578125, 602.4666748046875, 382.18890380859375], [99.41645812988281, 400.2076110839844, 169.1093292236328, 419.7359313964844], [245.1217803955078, 154.6634979248047, 265.9706726074219, 201.72801208496094]]}