{"categories": [0, 39, 56, 60, 62, 71, 74, 75], "bboxes": [[363.00201416015625, 320.30474853515625, 406.32421875, 386.09918212890625], [135.49354553222656, 350.55987548828125, 144.4390411376953, 374.2960205078125], [235.30445861816406, 503.2998046875, 326.63714599609375, 533.2457275390625], [640.4452514648438, 422.6445617675781, 772.7047729492188, 530.9685668945312], [569.3485107421875, 244.28976440429688, 612.721923828125, 272.7827453613281], [204.4615020751953, 376.37615966796875, 501.405517578125, 411.2943115234375], [0.0, 242.32177734375, 34.198097229003906, 268.50048828125], [577.015625, 335.460693359375, 591.672119140625, 378.32489013671875]]}