{"categories": [0, 24, 39, 58], "bboxes": [[408.9267272949219, 0.0, 798.1795654296875, 442.32830810546875], [1.2977752685546875, 321.5043640136719, 74.89958953857422, 448.0433044433594], [40.70021438598633, 12.441417694091797, 70.7496566772461, 85.33256530761719], [0.0, 184.83892822265625, 97.39120483398438, 391.9857177734375]]}