{"categories": [0, 27, 74], "bboxes": [[360.30810546875, 0.896514892578125, 695.3153076171875, 526.5330810546875], [414.0962829589844, 190.59695434570312, 490.6735534667969, 407.8799133300781], [429.8385009765625, 417.72760009765625, 452.0650634765625, 445.65032958984375]]}