{"categories": [0, 5, 7, 13, 14, 24, 26, 28, 74], "bboxes": [[213.33328247070312, 0.0, 777.9273681640625, 484.654541015625], [2.3138046264648438, 84.57376098632812, 175.6075439453125, 165.39279174804688], [14.423049926757812, 80.4283218383789, 306.7418212890625, 184.23532104492188], [104.9000244140625, 233.22747802734375, 478.8751220703125, 531.0], [624.17919921875, 283.89788818359375, 737.9163818359375, 407.35626220703125], [121.87992858886719, 94.66075134277344, 192.9304962158203, 129.25140380859375], [677.7664794921875, 70.04999542236328, 769.164306640625, 238.88931274414062], [243.1414337158203, 203.19680786132812, 384.76373291015625, 294.080810546875], [431.1988525390625, 381.7337646484375, 448.173095703125, 402.68017578125]]}