{"categories": [0, 24, 26, 36, 41, 45, 60], "bboxes": [[563.0773315429688, 33.93896484375, 643.9824829101562, 305.0408630371094], [652.1984252929688, 87.5260009765625, 715.6871948242188, 190.38003540039062], [656.2777709960938, 94.43315124511719, 708.9210815429688, 181.6079559326172], [270.1717224121094, 151.21258544921875, 427.2123718261719, 165.29278564453125], [422.3920593261719, 133.25360107421875, 443.5961608886719, 164.0211181640625], [114.74949645996094, 139.28196716308594, 218.7136688232422, 183.4690704345703], [94.24859619140625, 143.28338623046875, 547.4728393554688, 313.4102478027344]]}