{"categories": [0, 39, 41, 61, 71, 73], "bboxes": [[179.00619506835938, 211.32687377929688, 628.2960205078125, 794.905029296875], [350.390380859375, 214.97413635253906, 381.769775390625, 309.5137634277344], [360.16290283203125, 525.3761596679688, 400.91815185546875, 566.5831909179688], [330.1563415527344, 593.2931518554688, 528.4033203125, 786.5560913085938], [249.4640350341797, 319.99530029296875, 438.99896240234375, 378.37115478515625], [337.0012512207031, 23.613632202148438, 393.5458679199219, 148.96234130859375]]}