{"categories": [0, 39, 41, 43, 53, 56, 60, 67], "bboxes": [[1.326324462890625, 31.272994995117188, 395.3605651855469, 528.4133911132812], [429.36322021484375, 236.73095703125, 471.91375732421875, 425.27667236328125], [280.8851013183594, 238.98458862304688, 312.1954040527344, 280.2611389160156], [359.63043212890625, 431.3948974609375, 454.48590087890625, 457.5531005859375], [327.8226318359375, 347.6961975097656, 429.42559814453125, 400.7339782714844], [343.99658203125, 184.60983276367188, 413.21954345703125, 278.1644592285156], [176.74017333984375, 343.2970275878906, 797.7601928710938, 522.5865478515625], [363.1799621582031, 435.7863464355469, 427.6333923339844, 459.7243347167969]]}