{"categories": [0, 24, 26, 27, 39], "bboxes": [[366.77056884765625, 41.435333251953125, 533.9713134765625, 685.0863037109375], [385.2676696777344, 185.28948974609375, 496.6732482910156, 356.821044921875], [104.00462341308594, 216.27716064453125, 213.15919494628906, 408.34356689453125], [407.04718017578125, 160.28208923339844, 440.53167724609375, 242.27796936035156], [473.5472717285156, 410.4085693359375, 507.7865905761719, 458.339111328125]]}