{"categories": [0, 38, 39, 41, 45, 73, 74], "bboxes": [[337.28631591796875, 284.7230224609375, 413.46246337890625, 376.3453369140625], [736.5726928710938, 368.06689453125, 793.7824096679688, 428.95062255859375], [588.5881958007812, 341.0766296386719, 608.5856323242188, 412.4736022949219], [258.90875244140625, 386.59857177734375, 283.7593994140625, 413.93505859375], [14.910224914550781, 411.03192138671875, 74.71894073486328, 457.2415771484375], [308.1049499511719, 315.8514709472656, 327.8856506347656, 359.1039733886719], [240.3446502685547, 235.88623046875, 272.486572265625, 267.6941223144531]]}