{"categories": [0, 39, 41, 56, 57, 58, 60, 67], "bboxes": [[163.78102111816406, 102.50033569335938, 625.8699951171875, 526.3798828125], [353.1197204589844, 472.2900085449219, 402.6260681152344, 560.7998046875], [696.6935424804688, 466.30706787109375, 751.3313598632812, 545.7992553710938], [522.3265991210938, 386.1609191894531, 668.8681030273438, 512.7029418945312], [185.7183837890625, 333.6531982421875, 699.5454711914062, 516.8515625], [686.651611328125, 122.67144012451172, 776.2666015625, 267.64276123046875], [7.529266357421875, 503.2742004394531, 799.0, 595.078369140625], [27.34815216064453, 553.0135498046875, 92.72714233398438, 576.3309326171875]]}