{"categories": [0, 8, 47, 49, 52, 54, 56, 60, 73], "bboxes": [[46.92820739746094, 29.108169555664062, 350.2840576171875, 521.2278442382812], [0.0, 327.25372314453125, 363.324951171875, 520.6110229492188], [670.5735473632812, 137.96974182128906, 713.8921508789062, 171.93589782714844], [291.79486083984375, 106.75100708007812, 774.8724975585938, 441.7420349121094], [664.4072875976562, 322.0448913574219, 700.5407104492188, 349.4147033691406], [370.98907470703125, 126.73904418945312, 762.7587280273438, 389.7162170410156], [209.80230712890625, 108.13815307617188, 395.29119873046875, 403.7129821777344], [226.91702270507812, 283.57550048828125, 391.1343688964844, 338.055908203125], [223.53195190429688, 100.18889617919922, 388.6589050292969, 294.34405517578125]]}