{"categories": [0, 59, 79], "bboxes": [[123.89236450195312, 40.6278076171875, 456.6056823730469, 529.801513671875], [313.5318603515625, 280.3501892089844, 799.0, 527.4096069335938], [387.0458068847656, 286.02984619140625, 482.7588195800781, 443.4642333984375]]}