{"categories": [0, 2, 5, 7, 27], "bboxes": [[69.24311065673828, 49.288330078125, 323.6184997558594, 710.1100463867188], [6.237548828125, 224.60836791992188, 507.50860595703125, 670.2750244140625], [29.906478881835938, 0.0, 526.8064575195312, 335.5101318359375], [0.0, 0.0, 544.0, 670.4935302734375], [448.5927429199219, 156.39117431640625, 470.1586608886719, 207.27484130859375]]}