{"categories": [0, 2, 5, 7, 24, 28, 74], "bboxes": [[429.38037109375, 174.5146026611328, 559.4034423828125, 591.2053833007812], [0.0, 148.78591918945312, 153.09451293945312, 280.2950744628906], [78.06294250488281, 126.57974243164062, 211.4658966064453, 179.27972412109375], [71.4853744506836, 125.8512191772461, 290.9620666503906, 377.49493408203125], [552.3101806640625, 248.00198364257812, 602.1143798828125, 357.5600280761719], [550.8243408203125, 364.52313232421875, 616.655029296875, 411.88525390625], [269.4759521484375, 21.07770347595215, 301.947509765625, 56.819725036621094]]}