{"categories": [0, 40, 41, 44, 56, 60], "bboxes": [[178.75794982910156, 30.21484375, 463.33001708984375, 510.0546875], [611.3212280273438, 380.3168640136719, 673.3569946289062, 512.5975341796875], [601.3098754882812, 318.9341735839844, 698.1674194335938, 427.2284240722656], [429.56500244140625, 405.88323974609375, 460.52935791015625, 494.40692138671875], [151.50204467773438, 327.623779296875, 226.76119995117188, 465.25836181640625], [323.17364501953125, 346.306396484375, 778.5812377929688, 522.5879516601562]]}