{"categories": [0, 24, 26, 39, 41, 45, 55, 60, 69, 73], "bboxes": [[435.1419982910156, 256.15380859375, 484.3159484863281, 394.30010986328125], [339.936767578125, 294.55023193359375, 378.6361083984375, 347.53662109375], [294.9810485839844, 364.18365478515625, 320.3197937011719, 409.23382568359375], [104.15149688720703, 375.28265380859375, 119.44536590576172, 420.06524658203125], [118.27107238769531, 357.0174865722656, 140.6278839111328, 409.9994201660156], [1.005716323852539, 370.2674255371094, 41.064002990722656, 411.2442321777344], [634.5020751953125, 361.8680725097656, 669.2510986328125, 382.9340515136719], [528.7562866210938, 306.7940673828125, 797.7459106445312, 516.2741088867188], [6.35655403137207, 346.0879211425781, 55.7874755859375, 393.1663513183594], [740.1200561523438, 404.5159606933594, 783.0635375976562, 427.4900207519531]]}