{"categories": [0, 2, 5], "bboxes": [[143.31552124023438, 116.7747802734375, 470.0318908691406, 444.014892578125], [613.2236328125, 262.1086120605469, 728.6517333984375, 342.7044372558594], [58.50347137451172, 211.39041137695312, 212.06234741210938, 358.4750061035156]]}