{"categories": [0, 32], "bboxes": [[167.44869995117188, 153.9293975830078, 281.72344970703125, 503.30828857421875], [302.9427795410156, 110.87980651855469, 325.5995788574219, 134.15988159179688]]}