{"categories": [0, 45, 48, 53, 54, 56], "bboxes": [[64.19552612304688, 18.244705200195312, 455.8908386230469, 471.4295654296875], [388.60302734375, 449.7608947753906, 589.8983154296875, 527.7186889648438], [653.8157348632812, 461.3415222167969, 703.6779174804688, 508.0298156738281], [567.0562133789062, 396.9667663574219, 641.7415161132812, 441.7859802246094], [199.80484008789062, 415.9163818359375, 300.8703308105469, 458.635986328125], [442.151611328125, 140.86607360839844, 570.25634765625, 273.11407470703125]]}