{"categories": [0, 13, 24, 26], "bboxes": [[105.54698181152344, 229.93746948242188, 237.7156524658203, 469.7627868652344], [637.120849609375, 213.2047119140625, 702.7882080078125, 239.69912719726562], [417.1856689453125, 243.63784790039062, 483.361328125, 312.5952453613281], [274.2882995605469, 323.6026916503906, 304.3615417480469, 391.0625305175781]]}