{"categories": [0, 24], "bboxes": [[145.09652709960938, 86.63203430175781, 359.1108093261719, 500.1307373046875], [311.6634826660156, 177.4253387451172, 354.6584777832031, 361.7489013671875]]}