{"categories": [0, 24, 26, 28, 39, 41, 45, 56, 58, 60], "bboxes": [[507.9854431152344, 161.890380859375, 589.9442138671875, 489.80780029296875], [674.0648803710938, 313.9024658203125, 709.9177856445312, 385.842529296875], [126.09217834472656, 219.8456268310547, 215.3160858154297, 345.4228515625], [250.36807250976562, 370.6064147949219, 305.3728942871094, 445.7757263183594], [366.4889831542969, 180.73924255371094, 395.4426574707031, 245.82627868652344], [283.10382080078125, 302.00921630859375, 305.8931884765625, 328.42626953125], [320.23779296875, 356.9678039550781, 379.9842529296875, 392.2214660644531], [66.03440856933594, 335.8586120605469, 125.21504211425781, 431.7493591308594], [418.4837951660156, 410.8661193847656, 480.6798400878906, 488.4443054199219], [217.41085815429688, 433.4297180175781, 419.2858581542969, 514.4205932617188]]}