{"categories": [0, 2, 5, 7, 24, 28, 58, 75], "bboxes": [[13.071975708007812, 233.51535034179688, 110.26107788085938, 510.4123840332031], [687.4486694335938, 183.703857421875, 799.0, 423.11474609375], [366.62701416015625, 170.78286743164062, 553.4989624023438, 315.1681213378906], [250.3436279296875, 232.47657775878906, 767.5895385742188, 531.0], [287.2420959472656, 289.8740234375, 342.2973327636719, 361.26837158203125], [558.3734130859375, 397.2185363769531, 799.0, 522.9492797851562], [461.4595031738281, 3.975780487060547, 564.398681640625, 114.62821960449219], [621.6233520507812, 119.19715881347656, 648.2234497070312, 171.1731719970703]]}