{"categories": [0, 13], "bboxes": [[251.84725952148438, 13.417221069335938, 424.0206604003906, 322.51251220703125], [101.46534729003906, 65.08242797851562, 499.0, 311.5398864746094]]}