{"categories": [0, 27, 41, 60, 73], "bboxes": [[17.792129516601562, 57.611419677734375, 451.826904296875, 619.762939453125], [241.83441162109375, 280.26123046875, 272.33966064453125, 324.40771484375], [725.7825317382812, 518.418701171875, 758.9031372070312, 571.185302734375], [672.420654296875, 516.8428344726562, 761.0, 623.1635131835938], [245.07887268066406, 318.61383056640625, 426.6392822265625, 570.2640380859375]]}