{"categories": [0, 27, 58, 75], "bboxes": [[56.45372009277344, 147.384521484375, 316.10931396484375, 523.3693237304688], [449.42694091796875, 233.72706604003906, 524.5877075195312, 496.9110107421875], [210.44366455078125, 147.6881866455078, 441.59417724609375, 420.20166015625], [269.162841796875, 307.4136657714844, 383.03875732421875, 397.3300476074219]]}