{"categories": [0, 25, 41], "bboxes": [[426.28155517578125, 7.7435760498046875, 786.1083374023438, 517.4462890625], [2.2950496673583984, 125.03913879394531, 58.22564697265625, 142.23899841308594], [205.07598876953125, 400.63653564453125, 298.19384765625, 524.0350952148438]]}