{"categories": [0, 26, 41, 56, 57, 60, 73, 75], "bboxes": [[263.9378662109375, 170.720947265625, 361.4921875, 279.9562683105469], [66.76519775390625, 239.0024871826172, 182.124755859375, 311.8828125], [222.1121368408203, 245.56082153320312, 237.03981018066406, 271.9887390136719], [177.206787109375, 207.42713928222656, 246.31405639648438, 265.33172607421875], [353.509033203125, 203.08229064941406, 433.0, 308.55804443359375], [0.0, 248.79708862304688, 424.9895935058594, 495.9644470214844], [77.15289306640625, 108.4296875, 89.09512329101562, 136.99490356445312], [54.6695556640625, 146.23992919921875, 74.86666870117188, 163.884521484375]]}