{"categories": [0, 24, 27, 39], "bboxes": [[334.9179382324219, 50.21649169921875, 592.4588623046875, 558.0575561523438], [392.42901611328125, 217.08407592773438, 526.590087890625, 498.6506042480469], [419.89739990234375, 251.51992797851562, 493.32470703125, 481.7439880371094], [568.5191650390625, 220.14710998535156, 685.5633544921875, 487.17535400390625]]}