{"categories": [0, 3], "bboxes": [[381.5318603515625, 187.3017578125, 422.30914306640625, 317.4981994628906], [179.942138671875, 224.83811950683594, 216.6527099609375, 272.4481201171875]]}