{"categories": [0, 13, 24, 28, 56, 74], "bboxes": [[212.380126953125, 226.8414764404297, 308.214599609375, 308.2397766113281], [213.64378356933594, 283.66064453125, 263.4031982421875, 312.2362060546875], [17.504470825195312, 259.5777587890625, 161.99273681640625, 383.3470458984375], [1.4118614196777344, 349.4043884277344, 85.1331787109375, 425.1683654785156], [212.04518127441406, 256.34368896484375, 271.86505126953125, 313.18414306640625], [76.2249755859375, 140.9765625, 93.31939697265625, 162.65374755859375]]}