{"categories": [0, 40, 41, 45, 47, 56, 60], "bboxes": [[139.11727905273438, 0.0, 505.6802062988281, 520.961669921875], [718.537109375, 346.5657043457031, 762.1275634765625, 440.4581604003906], [343.943359375, 468.99700927734375, 436.35980224609375, 531.0171508789062], [573.4470825195312, 392.836181640625, 722.4891967773438, 487.8040771484375], [522.7977294921875, 415.64849853515625, 560.214599609375, 443.36181640625], [742.3225708007812, 281.934814453125, 776.5176391601562, 371.162109375], [239.9130859375, 359.5421447753906, 790.2294921875, 530.563232421875]]}