{"categories": [0, 39, 41, 56, 59, 68, 72, 73, 74], "bboxes": [[380.77789306640625, 99.09140014648438, 569.0302734375, 416.7594909667969], [159.17042541503906, 207.61903381347656, 186.52845764160156, 267.52386474609375], [244.04100036621094, 225.61251831054688, 270.61431884765625, 251.78317260742188], [752.8750610351562, 205.7048797607422, 788.4544067382812, 268.0284423828125], [8.673248291015625, 376.7889404296875, 791.337158203125, 525.4541625976562], [393.5509033203125, 279.8225402832031, 486.87298583984375, 407.0824890136719], [515.9805908203125, 147.56781005859375, 623.604248046875, 285.215576171875], [170.86843872070312, 278.50775146484375, 308.9686279296875, 422.99847412109375], [429.4202575683594, 97.75254821777344, 457.2762756347656, 122.33708190917969]]}