{"categories": [0, 2, 43, 44, 45, 56, 60, 73], "bboxes": [[3.83538818359375, 140.87612915039062, 197.80496215820312, 763.81689453125], [500.4576110839844, 323.98175048828125, 531.6709594726562, 370.34039306640625], [249.99671936035156, 590.27978515625, 351.67462158203125, 679.902099609375], [251.85955810546875, 584.3670043945312, 353.054931640625, 681.1740112304688], [260.3046569824219, 570.2567138671875, 345.8761901855469, 611.580322265625], [310.31683349609375, 451.9364318847656, 510.81707763671875, 706.92236328125], [431.39263916015625, 405.22412109375, 534.0, 492.2042236328125], [289.6539306640625, 289.230224609375, 415.6563720703125, 383.895751953125]]}