{"categories": [0, 41, 45, 58], "bboxes": [[138.58334350585938, 51.830413818359375, 447.2757873535156, 575.7947998046875], [189.14669799804688, 365.39923095703125, 226.62103271484375, 390.8760986328125], [74.88624572753906, 486.84326171875, 165.67312622070312, 523.3427124023438], [3.138916015625, 456.11468505859375, 69.609619140625, 491.73748779296875]]}