{"categories": [0, 11, 13, 28, 32, 56], "bboxes": [[557.0240478515625, 119.98191833496094, 758.74462890625, 528.0025024414062], [128.48667907714844, 62.863895416259766, 174.8408660888672, 126.63755798339844], [314.919677734375, 210.07762145996094, 619.0914916992188, 476.91961669921875], [324.4792785644531, 212.8345489501953, 589.3487548828125, 437.46954345703125], [75.59388732910156, 121.96533203125, 102.78790283203125, 176.267578125], [90.90882873535156, 276.9753723144531, 186.0673370361328, 455.1520690917969]]}