{"categories": [0, 17, 44, 58], "bboxes": [[0.0, 17.495758056640625, 296.76995849609375, 415.0848693847656], [162.84103393554688, 124.70996856689453, 408.0, 350.59930419921875], [359.7556457519531, 286.2016906738281, 394.1214294433594, 352.6988830566406], [214.35818481445312, 55.285118103027344, 305.8633117675781, 140.52682495117188]]}