{"categories": [0, 26, 39, 58, 73], "bboxes": [[7.7091064453125, 39.595062255859375, 402.1166076660156, 774.285888671875], [454.41729736328125, 570.214599609375, 531.3815307617188, 661.2825927734375], [263.57342529296875, 330.132568359375, 289.53814697265625, 372.44146728515625], [3.4990482330322266, 470.5487365722656, 59.90940856933594, 634.9246826171875], [335.4129333496094, 326.0126953125, 376.5290832519531, 347.05877685546875]]}