{"categories": [0, 42, 44, 45, 56, 68, 69], "bboxes": [[5.805419921875, 2.2550048828125, 330.2818298339844, 529.0134887695312], [647.4637451171875, 440.8272399902344, 711.8302001953125, 476.4090881347656], [396.6260986328125, 245.512939453125, 456.0889892578125, 283.9769287109375], [524.2272338867188, 242.6597442626953, 601.2908325195312, 290.9638977050781], [318.4273681640625, 119.49362182617188, 388.4739990234375, 264.2918701171875], [467.7984619140625, 3.2803268432617188, 704.6363525390625, 183.67477416992188], [381.3718566894531, 252.11102294921875, 770.7010498046875, 521.3719482421875]]}