{"categories": [0, 30, 38, 58], "bboxes": [[153.7405242919922, 254.31178283691406, 237.0712432861328, 479.89013671875], [156.1741943359375, 462.3672180175781, 251.24365234375, 484.7077331542969], [256.12750244140625, 269.915771484375, 287.0345458984375, 309.8997802734375], [360.92572021484375, 301.5659484863281, 447.34979248046875, 389.4722595214844]]}