{"categories": [0, 7, 24, 32, 35], "bboxes": [[184.88211059570312, 95.00471496582031, 326.3336486816406, 331.30706787109375], [28.239124298095703, 96.49063873291016, 127.75711059570312, 186.7833251953125], [346.9515380859375, 171.96885681152344, 364.0460205078125, 245.8170928955078], [342.7044982910156, 4.624232292175293, 365.1270446777344, 26.694107055664062], [444.6655578613281, 221.17100524902344, 459.4214782714844, 242.38059997558594]]}