{"categories": [0, 6, 26, 39, 56, 60, 74], "bboxes": [[2.4228439331054688, 65.39059448242188, 191.38601684570312, 591.7088623046875], [501.211669921875, 108.22518157958984, 771.2547607421875, 306.27655029296875], [41.174991607666016, 151.4440155029297, 165.80686950683594, 365.34564208984375], [131.36688232421875, 408.6344299316406, 166.64215087890625, 483.9219665527344], [228.98980712890625, 287.9859619140625, 273.19281005859375, 347.78607177734375], [644.7085571289062, 306.12176513671875, 763.7737426757812, 441.2591552734375], [440.2037658691406, 4.662961959838867, 459.2569885253906, 40.949951171875]]}