{"categories": [0, 41, 45, 69, 73], "bboxes": [[17.168899536132812, 30.304473876953125, 351.82586669921875, 520.6207275390625], [419.2686462402344, 390.737060546875, 455.6532287597656, 420.3004150390625], [294.4850158691406, 335.5173645019531, 413.8858947753906, 422.0411071777344], [259.4378967285156, 353.578857421875, 573.6279296875, 525.999755859375], [258.72821044921875, 240.90138244628906, 432.131591796875, 278.2647399902344]]}