{"categories": [0, 2], "bboxes": [[193.8006591796875, 143.19065856933594, 315.9916687011719, 434.4273681640625], [278.56878662109375, 173.42218017578125, 344.1259765625, 224.84597778320312]]}