{"categories": [0, 2, 24, 27, 45], "bboxes": [[437.14410400390625, 73.67774963378906, 609.2149047851562, 544.2080078125], [18.696502685546875, 172.15383911132812, 768.8944091796875, 505.8919372558594], [616.401123046875, 116.1106185913086, 710.3056640625, 236.13330078125], [368.7230224609375, 170.08856201171875, 389.46185302734375, 215.1953125], [427.54559326171875, 120.74463653564453, 473.4346923828125, 145.0784912109375]]}