{"categories": [0, 1, 25, 26, 56, 58, 60], "bboxes": [[277.52337646484375, 184.30618286132812, 354.82598876953125, 487.2312927246094], [5.7281036376953125, 295.15460205078125, 253.60899353027344, 446.934326171875], [110.54571533203125, 159.20091247558594, 246.96871948242188, 203.07008361816406], [322.3530578613281, 286.6844482421875, 374.0973815917969, 361.058349609375], [381.7767333984375, 260.1284484863281, 400.0, 301.5064392089844], [51.40943145751953, 236.5802459716797, 69.27066040039062, 277.9189453125], [331.43914794921875, 258.3277282714844, 381.632568359375, 288.1617126464844]]}