{"categories": [0, 40, 45, 56, 60, 69, 71], "bboxes": [[346.4349670410156, 309.29949951171875, 431.2055358886719, 422.44683837890625], [518.1655883789062, 400.2986145019531, 555.2575073242188, 483.6946105957031], [476.7406311035156, 383.86669921875, 513.4473266601562, 408.27545166015625], [389.4346008300781, 551.3129272460938, 594.58740234375, 799.0], [154.45179748535156, 396.0800476074219, 594.254638671875, 763.3785400390625], [409.48089599609375, 406.2311706542969, 515.6889038085938, 448.8117370605469], [187.075439453125, 418.94366455078125, 278.6126708984375, 439.6522216796875]]}