{"categories": [0, 1, 9, 13, 24], "bboxes": [[131.08949279785156, 84.43659210205078, 195.2463836669922, 298.30810546875], [273.8421630859375, 181.32247924804688, 419.98199462890625, 329.1208190917969], [6.0415825843811035, 37.13774108886719, 20.645105361938477, 49.74021911621094], [342.6905212402344, 151.77926635742188, 461.6725158691406, 192.23214721679688], [372.8633728027344, 115.00713348388672, 425.8537902832031, 151.24322509765625]]}