{"categories": [0, 58, 65, 73], "bboxes": [[353.2835693359375, 135.06005859375, 599.0, 775.3119506835938], [18.008445739746094, 16.675628662109375, 199.67050170898438, 588.0284423828125], [213.50172424316406, 359.4443664550781, 293.3269348144531, 401.7890319824219], [208.0206298828125, 357.9726867675781, 295.8829650878906, 403.1244201660156]]}