{"categories": [0, 56, 57], "bboxes": [[95.49876403808594, 178.69314575195312, 541.6444091796875, 579.8582763671875], [600.412353515625, 517.8775634765625, 793.794921875, 596.0482177734375], [604.19775390625, 510.29278564453125, 798.364990234375, 596.9752807617188]]}