{"categories": [0, 8, 37], "bboxes": [[0.0, 194.7227783203125, 80.25938415527344, 480.309326171875], [140.28639221191406, 238.56076049804688, 569.4743041992188, 278.5714416503906], [170.11949157714844, 241.35244750976562, 565.7655029296875, 275.1379089355469]]}