{"categories": [0, 2, 16, 17, 30], "bboxes": [[296.39312744140625, 109.37345123291016, 363.0941162109375, 232.11257934570312], [563.5319213867188, 54.52378463745117, 789.5530395507812, 124.17852783203125], [648.1375122070312, 161.85699462890625, 680.9592895507812, 187.72283935546875], [371.7347106933594, 91.75704193115234, 401.2654724121094, 143.38409423828125], [356.51190185546875, 176.22105407714844, 395.9114990234375, 192.49681091308594]]}