{"categories": [0, 5, 7, 72], "bboxes": [[358.3922119140625, 123.77632141113281, 611.0, 603.2512817382812], [0.0, 10.113906860351562, 272.08404541015625, 469.52362060546875], [1.1149139404296875, 13.32666015625, 274.17681884765625, 472.82061767578125], [427.33758544921875, 113.58562469482422, 510.38397216796875, 214.84469604492188]]}