{"categories": [0, 26, 56], "bboxes": [[228.6297607421875, 84.30960083007812, 463.79766845703125, 626.7222900390625], [508.74200439453125, 412.5189208984375, 690.4929809570312, 632.1771240234375], [442.9597473144531, 375.0596923828125, 514.3036499023438, 490.5787353515625]]}