{"categories": [0, 73], "bboxes": [[146.859619140625, 285.9766540527344, 207.4031982421875, 475.3436584472656], [18.034128189086914, 380.78143310546875, 70.38340759277344, 413.42352294921875]]}