{"categories": [0, 8, 25, 27, 28, 57, 60, 67], "bboxes": [[34.50630187988281, 172.7987823486328, 292.37200927734375, 432.2371826171875], [0.0, 66.14060974121094, 799.0, 528.2493896484375], [336.6797180175781, 0.0, 392.6925354003906, 321.85504150390625], [150.00271606445312, 300.94635009765625, 184.27175903320312, 406.12359619140625], [0.0, 275.53668212890625, 774.932373046875, 520.0810546875], [12.255462646484375, 273.5908203125, 784.0423583984375, 523.198486328125], [3.71649169921875, 410.098876953125, 687.6505126953125, 527.6917114257812], [52.416168212890625, 306.2499084472656, 100.97792053222656, 412.3481750488281]]}