{"categories": [0, 1, 3, 39, 56, 60], "bboxes": [[150.68994140625, 114.29840087890625, 333.03167724609375, 524.7359008789062], [15.053783416748047, 227.42697143554688, 115.39479064941406, 402.6567077636719], [92.16600799560547, 273.78277587890625, 334.9566955566406, 533.0], [720.9189453125, 154.01568603515625, 761.5076904296875, 255.13616943359375], [634.229248046875, 182.47024536132812, 670.0211181640625, 212.8226318359375], [113.9256820678711, 158.5564727783203, 213.55108642578125, 246.3458709716797]]}