{"categories": [0, 13, 16, 18, 24], "bboxes": [[365.8733215332031, 414.8704833984375, 447.7695007324219, 613.7703857421875], [63.428733825683594, 454.47955322265625, 141.01998901367188, 481.53997802734375], [197.5661163330078, 549.3195190429688, 225.4363555908203, 571.3239135742188], [106.03621673583984, 541.1226196289062, 137.47740173339844, 569.1570434570312], [287.1254577636719, 432.7684020996094, 339.2956237792969, 504.9842224121094]]}