{"categories": [0, 2, 3, 24, 33], "bboxes": [[18.519500732421875, 125.61956787109375, 264.3424377441406, 741.9823608398438], [478.4431457519531, 363.4654846191406, 602.357421875, 474.4534606933594], [215.5366668701172, 411.8748474121094, 297.3680114746094, 523.5241088867188], [133.51597595214844, 208.66966247558594, 198.73243713378906, 297.9782409667969], [345.7769775390625, 74.19807434082031, 379.42626953125, 127.96391296386719]]}