{"categories": [0, 45, 56, 57], "bboxes": [[0.0, 329.869384765625, 250.05276489257812, 715.26220703125], [126.09063720703125, 605.2364501953125, 280.5158996582031, 663.718505859375], [103.28350830078125, 601.3592529296875, 282.7752685546875, 739.08349609375], [75.31370544433594, 277.78448486328125, 520.7127685546875, 481.31756591796875]]}