{"categories": [0, 41], "bboxes": [[188.35971069335938, 120.67294311523438, 447.0, 785.025634765625], [232.99072265625, 375.68170166015625, 271.319091796875, 425.45855712890625]]}