{"categories": [0, 27, 56, 60, 73], "bboxes": [[318.9128112792969, 33.343353271484375, 486.8553161621094, 285.72125244140625], [117.39118194580078, 194.68597412109375, 131.0908203125, 251.0458984375], [280.3794860839844, 244.83865356445312, 341.1434631347656, 279.6963806152344], [2.2450714111328125, 276.8113098144531, 486.677734375, 315.7782897949219], [117.48796844482422, 71.13136291503906, 288.35003662109375, 278.81585693359375]]}