{"categories": [0, 4, 26, 67], "bboxes": [[562.4476928710938, 101.56570434570312, 796.6106567382812, 629.4871826171875], [32.793487548828125, 63.524932861328125, 683.36572265625, 237.7327880859375], [304.5697021484375, 211.956298828125, 496.2349853515625, 617.2695922851562], [501.94580078125, 278.5408935546875, 542.97265625, 328.15020751953125]]}