{"categories": [0, 39, 41, 45, 56, 60, 71, 73], "bboxes": [[20.70429229736328, 42.28948974609375, 204.33551025390625, 390.00701904296875], [287.7393798828125, 414.15057373046875, 332.0699462890625, 504.342529296875], [325.0998840332031, 432.1021728515625, 431.1756896972656, 512.9306030273438], [322.2815246582031, 434.0707702636719, 428.8287048339844, 512.5006713867188], [370.9757995605469, 73.72400665283203, 558.1751708984375, 153.04486083984375], [7.9267578125, 390.8061828613281, 635.3003540039062, 525.8341674804688], [710.8973999023438, 332.4110107421875, 799.0, 370.60711669921875], [8.512557983398438, 384.998046875, 242.80885314941406, 420.62841796875]]}