{"categories": [0, 13], "bboxes": [[152.39479064941406, 228.54718017578125, 248.54563903808594, 482.23138427734375], [372.1571044921875, 365.43634033203125, 794.0150146484375, 531.5838623046875]]}