{"categories": [0, 32, 60], "bboxes": [[28.077911376953125, 22.373748779296875, 518.2977294921875, 520.0169677734375], [324.8438415527344, 296.4374084472656, 593.62841796875, 531.0868530273438], [0.0, 423.5081787109375, 442.9458312988281, 527.2421875]]}