{"categories": [0, 2, 24, 26, 29, 56, 65, 73], "bboxes": [[197.5751953125, 0.0, 332.68280029296875, 287.84228515625], [752.8662109375, 406.6395263671875, 799.0, 445.36871337890625], [231.54916381835938, 16.191295623779297, 288.9970397949219, 137.3721466064453], [284.4088134765625, 108.5657958984375, 329.25384521484375, 177.14404296875], [419.0755615234375, 70.5457763671875, 442.99749755859375, 96.78974914550781], [486.41619873046875, 156.9871826171875, 765.3750610351562, 532.0], [419.26239013671875, 69.61286926269531, 443.59326171875, 96.19776916503906], [562.1666259765625, 270.3783874511719, 671.11083984375, 380.5180969238281]]}