{"categories": [0, 41, 55, 56, 57, 60, 62], "bboxes": [[0.0, 310.64190673828125, 189.88626098632812, 694.5475463867188], [353.9709167480469, 497.4651794433594, 417.5833435058594, 612.781005859375], [476.20550537109375, 541.9718627929688, 663.2962036132812, 666.1517944335938], [414.6579895019531, 461.6316223144531, 503.0705871582031, 576.4566040039062], [0.0, 654.7667236328125, 308.005859375, 745.5699462890625], [186.87744140625, 551.0784912109375, 795.487548828125, 742.862548828125], [348.8231201171875, 236.8321990966797, 499.27496337890625, 351.18023681640625]]}