{"categories": [0, 1, 31, 36], "bboxes": [[150.1370086669922, 182.3771209716797, 212.3778839111328, 287.36181640625], [212.73252868652344, 188.98458862304688, 239.8560028076172, 226.407470703125], [160.43887329101562, 231.15390014648438, 213.22021484375, 298.3375549316406], [158.16622924804688, 236.56008911132812, 212.66580200195312, 297.1048278808594]]}