{"categories": [0, 40, 56, 74], "bboxes": [[12.72784423828125, 20.9547119140625, 588.3290405273438, 527.6839599609375], [405.8213195800781, 344.3092346191406, 477.8890686035156, 400.8675842285156], [8.41339111328125, 14.350814819335938, 347.8452453613281, 312.60406494140625], [550.2620239257812, 449.14031982421875, 572.5742797851562, 476.28271484375]]}