{"categories": [0, 28, 59, 63], "bboxes": [[395.0343017578125, 44.79188537597656, 797.1556396484375, 511.66265869140625], [55.16217041015625, 42.505767822265625, 600.2403564453125, 532.0], [11.391708374023438, 72.56541442871094, 309.01507568359375, 467.12042236328125], [56.82591247558594, 35.2684326171875, 489.23736572265625, 476.965087890625]]}