{"categories": [0, 27], "bboxes": [[212.59056091308594, 48.38490295410156, 433.2047119140625, 372.5076904296875], [161.7663116455078, 191.16891479492188, 206.33238220214844, 365.0951843261719]]}