{"categories": [0, 26, 35], "bboxes": [[324.29547119140625, 88.07704162597656, 471.80694580078125, 439.8426513671875], [351.5805358886719, 338.9052734375, 373.3067932128906, 400.4576416015625], [259.61480712890625, 218.53564453125, 291.689208984375, 250.87411499023438]]}