{"categories": [0, 2, 4, 5, 7, 9], "bboxes": [[622.8985595703125, 186.29519653320312, 750.875244140625, 495.5772399902344], [538.462158203125, 189.00025939941406, 799.0, 295.4664611816406], [0.0, 39.46607971191406, 627.4459228515625, 353.72735595703125], [1.4783248901367188, 28.604705810546875, 102.78012084960938, 400.8208923339844], [0.21704483032226562, 17.047149658203125, 116.92642211914062, 402.24310302734375], [385.415771484375, 154.62225341796875, 408.1949462890625, 179.20669555664062]]}