{"categories": [0, 14, 41, 56, 58, 60, 73, 74], "bboxes": [[218.46449279785156, 117.857421875, 325.99432373046875, 236.87460327148438], [159.88233947753906, 162.64064025878906, 182.5537872314453, 200.6326446533203], [317.9771423339844, 261.90264892578125, 348.0253601074219, 319.83404541015625], [7.51959228515625, 264.3323669433594, 92.11573791503906, 373.2076110839844], [0.8440723419189453, 176.81153869628906, 30.793956756591797, 220.5167999267578], [63.225067138671875, 209.838623046875, 428.7257080078125, 363.35382080078125], [215.8023681640625, 274.5932312011719, 284.05224609375, 327.8437805175781], [341.91998291015625, 1.0194549560546875, 359.439208984375, 31.65605926513672]]}