{"categories": [0, 56], "bboxes": [[291.130126953125, 12.314926147460938, 465.29656982421875, 489.13037109375], [12.522396087646484, 300.2064514160156, 94.75758361816406, 424.9248962402344]]}