{"categories": [0, 59], "bboxes": [[60.83233642578125, 5.804443359375, 532.0, 536.4354248046875], [0.0, 209.21566772460938, 532.0, 750.7056884765625]]}