{"categories": [0, 8, 24, 37], "bboxes": [[358.88671875, 187.02371215820312, 434.60003662109375, 431.7425842285156], [55.477088928222656, 306.6662902832031, 140.06991577148438, 398.1237487792969], [506.1357421875, 307.6497497558594, 564.58642578125, 337.3210144042969], [306.5535888671875, 305.92218017578125, 449.85821533203125, 324.83709716796875]]}