{"categories": [0, 72], "bboxes": [[234.86376953125, 126.08356475830078, 317.766357421875, 368.4180908203125], [118.14616394042969, 218.67532348632812, 145.62767028808594, 326.3241882324219]]}