{"categories": [0, 24, 26, 34, 35, 56], "bboxes": [[228.84634399414062, 40.884368896484375, 336.5954284667969, 208.37808227539062], [42.195762634277344, 80.07377624511719, 81.79731750488281, 155.8186798095703], [51.46912384033203, 83.25495147705078, 78.1783676147461, 147.49044799804688], [241.046875, 95.76025390625, 326.98834228515625, 164.72616577148438], [459.5130310058594, 58.844268798828125, 487.8738708496094, 98.70591735839844], [60.208213806152344, 104.4126205444336, 116.2154769897461, 238.91006469726562]]}