{"categories": [0, 26, 58, 73], "bboxes": [[270.9167175292969, 219.3795166015625, 354.2504577636719, 417.47808837890625], [389.4028625488281, 320.7841491699219, 449.3423156738281, 378.5207214355469], [243.73597717285156, 371.71636962890625, 290.4529724121094, 415.32965087890625], [569.0261840820312, 223.24969482421875, 664.8726196289062, 349.20257568359375]]}