{"categories": [0, 27, 56, 57, 58, 61, 72], "bboxes": [[439.5265197753906, 34.269378662109375, 740.2830810546875, 527.9476318359375], [585.1096801757812, 188.66189575195312, 624.7183227539062, 270.1269836425781], [0.6289863586425781, 393.2038879394531, 87.04127502441406, 533.0], [0.00885772705078125, 393.94842529296875, 87.11043548583984, 533.0], [134.19351196289062, 29.398962020874023, 153.35638427734375, 49.41065216064453], [715.7151489257812, 479.4371337890625, 769.4053344726562, 532.7730102539062], [709.9957275390625, 193.66078186035156, 799.0, 533.0]]}