{"categories": [0, 26], "bboxes": [[91.64535522460938, 0.0, 385.1997985839844, 552.6517333984375], [456.6129150390625, 333.36553955078125, 705.0535888671875, 549.9595336914062]]}