{"categories": [0, 45, 48, 55, 56, 60, 62], "bboxes": [[502.1131896972656, 100.91403198242188, 714.041015625, 430.9291076660156], [407.98382568359375, 397.9288635253906, 563.8630981445312, 468.9576721191406], [604.1494140625, 407.8456726074219, 681.6846923828125, 509.5942687988281], [256.75640869140625, 347.981689453125, 355.9188232421875, 404.8685302734375], [453.3140563964844, 172.22540283203125, 549.58837890625, 335.60540771484375], [80.56634521484375, 337.5025634765625, 723.9763793945312, 529.8291015625], [199.18251037597656, 1.8124237060546875, 290.1893615722656, 82.760009765625]]}