{"categories": [0, 13], "bboxes": [[505.3568115234375, 215.33274841308594, 739.9735107421875, 528.8146362304688], [207.1156005859375, 330.5188293457031, 799.0, 515.3065795898438]]}