{"categories": [0, 24, 67], "bboxes": [[80.8736572265625, 38.30097961425781, 396.06231689453125, 527.3744506835938], [444.24609375, 246.93458557128906, 700.0130615234375, 519.096923828125], [226.70065307617188, 270.56024169921875, 258.160400390625, 343.60198974609375]]}