{"categories": [0, 13], "bboxes": [[215.09706115722656, 71.740234375, 311.5400390625, 404.0260009765625], [166.7938232421875, 157.91921997070312, 221.831787109375, 176.46066284179688]]}