{"categories": [0, 39, 41, 43, 56, 60, 72, 73, 78], "bboxes": [[330.5538024902344, 148.67225646972656, 556.2553100585938, 476.572021484375], [300.490234375, 339.3983154296875, 342.9376220703125, 430.5179443359375], [205.6256103515625, 379.04962158203125, 272.0610046386719, 491.56378173828125], [329.92291259765625, 336.5546875, 435.22100830078125, 424.77716064453125], [105.468017578125, 310.067138671875, 220.56903076171875, 442.2821044921875], [27.482086181640625, 366.67578125, 688.4462890625, 526.7053833007812], [358.17510986328125, 31.815521240234375, 569.0547485351562, 372.0284118652344], [453.4896545410156, 484.7726745605469, 675.03271484375, 527.685791015625], [4.234161376953125, 261.30859375, 81.01261901855469, 324.94940185546875]]}