{"categories": [0, 28, 39, 41, 56, 58, 60, 63, 73], "bboxes": [[71.86921691894531, 95.85871887207031, 274.6513671875, 379.02301025390625], [700.971923828125, 106.271484375, 794.2918701171875, 176.52413940429688], [542.3840942382812, 180.13818359375, 582.0175170898438, 270.41302490234375], [277.7375793457031, 187.58868408203125, 295.1287536621094, 214.51669311523438], [7.739124298095703, 252.33743286132812, 106.31417846679688, 414.8625793457031], [147.56472778320312, 153.30020141601562, 193.04168701171875, 182.78567504882812], [97.94122314453125, 175.4300079345703, 757.186279296875, 514.8773803710938], [599.9358520507812, 202.62619018554688, 724.9496459960938, 310.1943664550781], [179.89891052246094, 27.363048553466797, 194.2763214111328, 58.15883255004883]]}