{"categories": [0, 44], "bboxes": [[281.1876220703125, 4.9395751953125, 794.9569091796875, 472.9723815917969], [337.9327697753906, 435.2001647949219, 421.0658874511719, 472.8099060058594]]}