{"categories": [0, 27, 67, 73], "bboxes": [[130.25645446777344, 96.93058776855469, 416.96405029296875, 524.7964477539062], [414.80413818359375, 217.85739135742188, 464.22967529296875, 379.2430114746094], [366.99554443359375, 428.6663513183594, 401.32110595703125, 484.4889221191406], [697.4609375, 395.131103515625, 799.0, 460.2574462890625]]}