{"categories": [0], "bboxes": [[205.49508666992188, 275.03497314453125, 366.9009094238281, 724.3818359375]]}