{"categories": [0, 41, 73], "bboxes": [[3.6075057983398438, 132.83445739746094, 231.56668090820312, 446.98272705078125], [1.199784278869629, 151.588134765625, 14.690476417541504, 224.18502807617188], [235.7912139892578, 111.70123291015625, 310.1828308105469, 162.3629150390625]]}