{"categories": [0, 26, 45, 53, 60], "bboxes": [[0.0, 152.2110595703125, 205.78485107421875, 792.0487670898438], [3.801727294921875, 543.6405639648438, 151.6776885986328, 795.9024047851562], [381.2544860839844, 615.7886352539062, 474.9905700683594, 666.3617553710938], [195.25765991210938, 536.9854125976562, 299.91033935546875, 573.1622924804688], [153.41671752929688, 591.3021850585938, 524.51318359375, 792.6613159179688]]}