{"categories": [0, 24, 63, 73, 74], "bboxes": [[206.173095703125, 126.04736328125, 331.0457763671875, 486.6842041015625], [348.4742431640625, 250.06556701660156, 396.49957275390625, 294.030029296875], [372.2617492675781, 219.6728057861328, 461.9214782714844, 267.775390625], [148.77752685546875, 108.6046142578125, 799.0, 448.86395263671875], [427.5370178222656, 267.47052001953125, 447.4331970214844, 294.5313720703125]]}