{"categories": [0, 26], "bboxes": [[311.2489929199219, 31.993988037109375, 711.4364013671875, 527.961669921875], [68.97610473632812, 275.4654541015625, 218.21096801757812, 519.308837890625]]}