{"categories": [0, 3, 13], "bboxes": [[322.9309387207031, 60.616844177246094, 423.4856262207031, 234.12106323242188], [327.8319396972656, 97.3129653930664, 349.5610046386719, 115.77997589111328], [64.25558471679688, 140.62583923339844, 439.9394836425781, 324.29876708984375]]}