{"categories": [0, 7, 26], "bboxes": [[180.75469970703125, 2.3013153076171875, 261.27911376953125, 114.13005065917969], [133.5650177001953, 66.83659362792969, 623.15380859375, 447.54913330078125], [285.9740905761719, 78.62466430664062, 357.3591613769531, 145.7183380126953]]}