{"categories": [0, 25], "bboxes": [[74.02401733398438, 335.4504699707031, 267.0286560058594, 788.8428955078125], [260.09027099609375, 328.8192138671875, 394.21795654296875, 447.4986572265625]]}