{"categories": [0, 26, 36, 56, 67], "bboxes": [[617.2743530273438, 30.726806640625, 799.0, 500.49951171875], [686.5465087890625, 123.79219055175781, 799.0, 363.7872314453125], [714.9127197265625, 448.6712646484375, 799.0, 513.95166015625], [601.1154174804688, 299.86376953125, 666.3530883789062, 420.4835205078125], [148.4574432373047, 156.6653594970703, 171.44847106933594, 192.37437438964844]]}