{"categories": [0, 17, 20, 21], "bboxes": [[267.65435791015625, 186.07040405273438, 408.3170166015625, 390.2312316894531], [60.163604736328125, 308.980224609375, 524.2906494140625, 676.8701782226562], [36.73304748535156, 314.15789794921875, 532.0, 682.330078125], [52.07676696777344, 303.2769775390625, 524.7716674804688, 680.0260009765625]]}