{"categories": [0, 26, 63, 73], "bboxes": [[0.7056427001953125, 245.68023681640625, 276.46697998046875, 540.753662109375], [0.0, 617.8958740234375, 74.58831787109375, 688.8548583984375], [76.08241271972656, 507.7152404785156, 284.7073974609375, 714.7720947265625], [1.8644638061523438, 586.029296875, 89.19449615478516, 634.513671875]]}