{"categories": [0, 27, 67, 74], "bboxes": [[35.77903747558594, 0.0, 459.7635498046875, 528.7664794921875], [518.8842163085938, 259.9159240722656, 581.8652954101562, 392.5726013183594], [389.08526611328125, 273.61767578125, 465.606201171875, 405.4481201171875], [515.4341430664062, 407.4403381347656, 545.6237182617188, 440.9100646972656]]}