{"categories": [0], "bboxes": [[520.372802734375, 131.62754821777344, 663.923583984375, 520.9212036132812]]}