{"categories": [0, 13, 27, 57, 58], "bboxes": [[169.1717987060547, 24.108306884765625, 490.70684814453125, 669.5594482421875], [349.0037841796875, 307.39862060546875, 799.0, 625.9415893554688], [614.9658813476562, 222.1297607421875, 646.5426635742188, 287.22625732421875], [359.423095703125, 315.1067810058594, 799.0, 663.1346435546875], [453.11279296875, 152.03140258789062, 560.9906616210938, 327.8747863769531]]}