{"categories": [0, 2, 3, 5, 7, 9, 28, 30], "bboxes": [[31.88970947265625, 85.07342529296875, 174.8853759765625, 597.3903198242188], [0.5667810440063477, 174.13412475585938, 29.98249053955078, 195.53948974609375], [0.6454324722290039, 284.8230285644531, 25.410140991210938, 349.2158508300781], [35.0436897277832, 149.61422729492188, 76.87486267089844, 195.20767211914062], [33.37939453125, 150.4013214111328, 77.29713439941406, 195.6727752685547], [4.9095940589904785, 130.9793701171875, 11.785524368286133, 144.89785766601562], [252.42710876464844, 418.669189453125, 328.4925537109375, 507.45220947265625], [153.32452392578125, 168.641357421875, 382.720947265625, 502.82666015625]]}