{"categories": [0, 2, 24, 56], "bboxes": [[322.0190734863281, 133.99061584472656, 459.2068176269531, 582.8565673828125], [22.850875854492188, 231.33087158203125, 487.967529296875, 486.92303466796875], [681.6990966796875, 218.42152404785156, 741.138427734375, 287.6979675292969], [773.6848754882812, 290.4840393066406, 799.0, 367.0664367675781]]}