{"categories": [0, 2, 3, 41, 45, 56, 60], "bboxes": [[181.6307373046875, 121.92859649658203, 285.4881286621094, 297.35308837890625], [768.0748291015625, 150.58346557617188, 799.0, 247.28298950195312], [676.9735107421875, 200.71939086914062, 799.0, 508.2896423339844], [138.17630004882812, 221.3751678466797, 161.17636108398438, 265.0328369140625], [75.44142150878906, 239.0084686279297, 141.60409545898438, 270.94561767578125], [364.2183837890625, 209.75839233398438, 458.6475830078125, 361.6242980957031], [50.51666259765625, 241.41110229492188, 200.6255340576172, 445.1815490722656]]}