{"categories": [0, 41, 56, 60], "bboxes": [[123.95130920410156, 93.77555847167969, 199.32981872558594, 169.76918029785156], [159.5220947265625, 151.27862548828125, 171.81539916992188, 173.55218505859375], [37.79270553588867, 132.77291870117188, 114.91079711914062, 239.60208129882812], [64.6694107055664, 164.37570190429688, 284.854248046875, 239.11264038085938]]}