{"categories": [0, 41, 45, 56, 57, 58, 60, 61], "bboxes": [[412.10284423828125, 123.8780517578125, 713.8634643554688, 529.2837524414062], [780.5523071289062, 156.40628051757812, 799.0, 186.16061401367188], [645.9859619140625, 299.940185546875, 683.181884765625, 320.6500244140625], [677.4605102539062, 128.36141967773438, 779.2584838867188, 193.66351318359375], [21.576934814453125, 108.30902099609375, 668.1441650390625, 513.5545654296875], [257.9657897949219, 3.5557212829589844, 333.2287292480469, 69.14932250976562], [679.5691528320312, 185.99395751953125, 798.9891967773438, 496.69866943359375], [550.2149047851562, 132.0411376953125, 695.6403198242188, 320.9443359375]]}