{"categories": [0, 26, 58], "bboxes": [[24.474136352539062, 54.94964599609375, 304.50799560546875, 775.8724365234375], [6.8764190673828125, 199.73065185546875, 131.11215209960938, 431.39697265625], [467.2596740722656, 526.223876953125, 531.0, 733.052490234375]]}