{"categories": [0, 56, 67, 76], "bboxes": [[10.446701049804688, 120.0911865234375, 410.68499755859375, 530.0], [757.4741821289062, 251.1298065185547, 799.0, 351.1289367675781], [240.47723388671875, 499.5632629394531, 324.95806884765625, 529.825439453125], [636.9823608398438, 408.01092529296875, 790.2709350585938, 480.6513671875]]}