{"categories": [0, 46, 49, 51, 52, 55, 56, 77], "bboxes": [[657.0511474609375, 176.8415985107422, 751.6710205078125, 463.209716796875], [181.85877990722656, 366.9665222167969, 218.3019256591797, 401.5104064941406], [127.10929870605469, 237.8807830810547, 192.82984924316406, 284.5260925292969], [289.66839599609375, 226.7760467529297, 315.0145263671875, 259.4648742675781], [290.88287353515625, 275.410888671875, 330.625244140625, 314.0], [408.3186340332031, 347.662353515625, 459.8780212402344, 376.65106201171875], [498.05096435546875, 229.15090942382812, 599.5762329101562, 311.2445373535156], [127.5652084350586, 290.53765869140625, 173.2396240234375, 357.10357666015625]]}