{"categories": [0, 5, 7, 26, 27, 28, 35, 67], "bboxes": [[467.27386474609375, 58.6090087890625, 699.7902221679688, 753.6771850585938], [104.89166259765625, 0.0, 795.0, 327.6818542480469], [0.0, 3.704742431640625, 762.224609375, 629.8328857421875], [369.3095703125, 345.7438659667969, 447.30224609375, 552.6622924804688], [229.66477966308594, 153.50958251953125, 253.4735565185547, 226.16812133789062], [586.34765625, 544.8269653320312, 795.0, 744.3440551757812], [370.3542175292969, 434.67510986328125, 446.6263732910156, 541.3716430664062], [229.30670166015625, 531.3101806640625, 301.20733642578125, 648.557373046875]]}