{"categories": [0, 39], "bboxes": [[84.4874496459961, 94.52647399902344, 296.84814453125, 596.2047119140625], [34.926002502441406, 248.89404296875, 59.00157928466797, 326.71826171875]]}