{"categories": [0, 1, 2, 5, 7, 33, 36], "bboxes": [[147.72488403320312, 312.92132568359375, 221.43777465820312, 522.1279296875], [18.147735595703125, 360.09747314453125, 89.8190689086914, 410.546875], [567.6243896484375, 330.4981689453125, 636.7049560546875, 368.92095947265625], [355.4866943359375, 282.9886169433594, 490.71478271484375, 397.4679870605469], [628.976318359375, 260.54046630859375, 786.7200927734375, 407.17974853515625], [443.3175048828125, 98.98898315429688, 482.92926025390625, 131.94161987304688], [519.3584594726562, 397.6044921875, 559.5424194335938, 451.26702880859375]]}