{"categories": [0], "bboxes": [[310.1753845214844, 79.673095703125, 528.6859741210938, 665.7330322265625]]}