{"categories": [0, 26, 39, 45, 56, 59, 71], "bboxes": [[14.821823120117188, 0.0, 343.0343017578125, 519.270263671875], [427.80767822265625, 285.89794921875, 505.7579345703125, 398.67877197265625], [3.9196157455444336, 273.4944763183594, 17.61404800415039, 301.2356872558594], [397.1358947753906, 514.793212890625, 620.7462768554688, 534.0], [320.46832275390625, 269.3161315917969, 636.7515869140625, 530.6514892578125], [280.4788513183594, 293.561767578125, 644.8519287109375, 526.1234130859375], [394.959228515625, 517.0492553710938, 612.839111328125, 534.0]]}