{"categories": [0, 59], "bboxes": [[33.247650146484375, 50.78926086425781, 296.6682434082031, 325.7369384765625], [84.81283569335938, 113.92378234863281, 447.5332946777344, 325.29058837890625]]}