{"categories": [0, 17], "bboxes": [[208.72857666015625, 45.38226318359375, 416.9232177734375, 481.76300048828125], [410.737548828125, 140.9149932861328, 497.61358642578125, 261.8693542480469]]}