{"categories": [0, 2, 26, 39, 48, 67], "bboxes": [[78.86714172363281, 30.872772216796875, 435.6492919921875, 712.860595703125], [407.449951171875, 352.5813293457031, 447.0, 430.8556823730469], [4.187408447265625, 608.0380249023438, 142.2257843017578, 789.2178344726562], [8.094528198242188, 348.6706237792969, 88.21321105957031, 427.3186340332031], [235.60421752929688, 587.6305541992188, 356.7904968261719, 700.7191772460938], [130.18441772460938, 566.4703979492188, 293.06884765625, 644.9728393554688]]}