{"categories": [0, 2, 7, 9], "bboxes": [[240.4400634765625, 127.30197143554688, 364.8553466796875, 527.6888427734375], [124.49140930175781, 214.9191131591797, 227.94383239746094, 304.78021240234375], [317.5636291503906, 106.81158447265625, 796.9447021484375, 438.7835693359375], [214.5722198486328, 111.9595947265625, 258.2090148925781, 159.76852416992188]]}