{"categories": [0, 41, 67, 73], "bboxes": [[71.30439758300781, 119.98876953125, 395.1146240234375, 790.371337890625], [168.83065795898438, 711.6611328125, 199.90127563476562, 756.223876953125], [241.07484436035156, 353.7940979003906, 292.7278747558594, 416.8881530761719], [73.16757202148438, 340.58453369140625, 106.18507385253906, 514.3558349609375]]}