{"categories": [0, 7, 8, 56], "bboxes": [[410.28314208984375, 57.713356018066406, 523.8783569335938, 235.20010375976562], [7.5565185546875, 102.42240905761719, 799.0, 438.75445556640625], [141.83609008789062, 77.40718078613281, 797.3897705078125, 442.89599609375], [442.72967529296875, 153.24383544921875, 511.78338623046875, 233.48565673828125]]}