{"categories": [0, 8, 30], "bboxes": [[212.58639526367188, 171.7263641357422, 310.9368591308594, 374.0], [92.14546203613281, 247.35699462890625, 154.5506134033203, 266.4599609375], [265.7017517089844, 74.476318359375, 318.5094909667969, 217.45950317382812]]}