{"categories": [0, 27, 39], "bboxes": [[325.56390380859375, 0.0, 794.1369018554688, 523.1890869140625], [523.7577514648438, 359.7347106933594, 584.7476196289062, 516.2686767578125], [405.8978271484375, 250.94493103027344, 428.87530517578125, 312.7228698730469]]}