{"categories": [0, 1, 27, 28, 40, 66], "bboxes": [[0.47149658203125, 122.43722534179688, 176.3325958251953, 481.5219421386719], [364.0785217285156, 342.6974792480469, 421.4944763183594, 381.6490783691406], [311.1296081542969, 253.57667541503906, 332.0658264160156, 299.9161682128906], [254.8130340576172, 357.0453186035156, 419.17120361328125, 472.0469055175781], [258.3831481933594, 332.9412536621094, 284.7826843261719, 393.3598937988281], [159.5271453857422, 396.42791748046875, 220.0628204345703, 411.73150634765625]]}