{"categories": [0, 36], "bboxes": [[280.4581604003906, 100.25578308105469, 346.8326721191406, 186.58580017089844], [294.5406799316406, 172.08331298828125, 329.0094909667969, 203.9285888671875]]}