{"categories": [0, 1, 13, 26, 45], "bboxes": [[24.837921142578125, 191.95956420898438, 199.89697265625, 470.3028259277344], [379.94879150390625, 243.13070678710938, 486.7740478515625, 375.5263366699219], [48.7142333984375, 332.9716796875, 267.3852233886719, 414.823486328125], [394.99420166015625, 247.55142211914062, 450.7979736328125, 289.2908630371094], [317.08233642578125, 470.08917236328125, 654.4269409179688, 531.9103393554688]]}