{"categories": [0, 1, 2], "bboxes": [[120.30035400390625, 175.91017150878906, 233.59228515625, 517.3701171875], [328.9575500488281, 329.1824951171875, 372.1799011230469, 535.6497802734375], [0.0, 256.550537109375, 352.3409729003906, 379.38525390625]]}