{"categories": [0, 8, 61], "bboxes": [[257.43450927734375, 108.47792053222656, 435.8311767578125, 446.62738037109375], [480.49822998046875, 163.84552001953125, 647.9649047851562, 323.57440185546875], [473.95867919921875, 161.64492797851562, 656.0009155273438, 340.093505859375]]}