{"categories": [0, 25], "bboxes": [[118.28376770019531, 73.34181213378906, 554.9474487304688, 502.3463134765625], [21.08124542236328, 6.698722839355469, 277.08026123046875, 230.16287231445312]]}