{"categories": [0, 13, 25, 26, 56, 58], "bboxes": [[471.23101806640625, 237.97750854492188, 566.3501586914062, 511.3415222167969], [655.7440795898438, 306.32244873046875, 708.0410766601562, 371.62994384765625], [608.8119506835938, 200.1834259033203, 685.5568237304688, 242.71409606933594], [334.6535949707031, 341.5213317871094, 361.2854309082031, 400.7132263183594], [655.4228515625, 303.81060791015625, 701.51025390625, 369.09393310546875], [6.1048583984375, 362.8077392578125, 159.16465759277344, 497.88458251953125]]}