{"categories": [0, 27, 41, 42, 43, 45, 55, 56, 57, 58, 60], "bboxes": [[0.0, 117.324951171875, 206.26535034179688, 501.19561767578125], [194.2674102783203, 224.12222290039062, 236.5346221923828, 327.8674621582031], [58.89268112182617, 474.46697998046875, 88.16578674316406, 509.11810302734375], [117.38970947265625, 558.5296630859375, 229.43597412109375, 577.62890625], [189.00218200683594, 402.67095947265625, 245.76063537597656, 421.19970703125], [0.0, 497.0223083496094, 19.812297821044922, 526.2506103515625], [235.7271728515625, 352.1772155761719, 377.08392333984375, 505.2215270996094], [320.575927734375, 316.8817443847656, 399.0, 414.6076354980469], [320.26165771484375, 316.6629638671875, 399.0, 421.0023193359375], [239.28440856933594, 309.9214172363281, 362.6825256347656, 396.0275573730469], [0.0, 453.29095458984375, 399.0, 593.8726196289062]]}