{"categories": [0, 15, 39, 41, 42, 56, 60, 62, 63, 64, 66, 73], "bboxes": [[28.639930725097656, 39.905982971191406, 182.4464111328125, 251.4677734375], [404.6272277832031, 55.67258071899414, 429.2829895019531, 85.97386932373047], [301.6249694824219, 123.56421661376953, 320.5177307128906, 190.76937866210938], [44.838233947753906, 260.4478454589844, 88.66983795166016, 324.4247741699219], [99.8259048461914, 259.17230224609375, 119.65848541259766, 310.4423828125], [0.0, 97.16883850097656, 54.67085266113281, 269.91363525390625], [7.0669097900390625, 151.8232879638672, 456.40771484375, 370.26739501953125], [273.9284362792969, 17.70697021484375, 360.2113952636719, 86.7476806640625], [112.67701721191406, 219.41616821289062, 237.07737731933594, 348.4109802246094], [270.96124267578125, 316.2388916015625, 304.41644287109375, 357.93023681640625], [322.2335205078125, 257.0926208496094, 408.70947265625, 351.7923278808594], [297.7186279296875, 204.7393341064453, 395.4456787109375, 256.806396484375]]}