{"categories": [0, 10, 39, 67], "bboxes": [[52.830482482910156, 28.454559326171875, 252.07766723632812, 594.3570556640625], [224.85955810546875, 312.46783447265625, 382.57989501953125, 600.4618530273438], [258.3344421386719, 175.82098388671875, 286.2279968261719, 241.10986328125], [103.92762756347656, 179.81369018554688, 128.34298706054688, 206.28634643554688]]}