{"categories": [0, 27], "bboxes": [[63.18135070800781, 17.42437744140625, 423.15234375, 632.5217895507812], [311.39508056640625, 214.33868408203125, 406.09283447265625, 628.6482543945312]]}