{"categories": [0, 58, 59, 73], "bboxes": [[72.36304473876953, 62.764373779296875, 252.04324340820312, 390.8091735839844], [572.3662719726562, 71.71380615234375, 639.0, 377.6432189941406], [5.97979736328125, 328.9025573730469, 567.0739135742188, 424.7302551269531], [415.3957824707031, 210.9423370361328, 459.0157775878906, 244.7621307373047]]}