{"categories": [0, 27, 39, 41, 56, 57, 63, 65, 73], "bboxes": [[342.6988525390625, 154.43470764160156, 520.7809448242188, 467.90826416015625], [413.7815856933594, 233.24610900878906, 431.5467834472656, 288.747314453125], [494.852783203125, 289.40289306640625, 536.0633544921875, 366.9371337890625], [478.4111022949219, 429.7251281738281, 506.6522521972656, 474.8055114746094], [366.1807556152344, 164.70889282226562, 401.1127014160156, 213.0115966796875], [45.067779541015625, 227.66342163085938, 418.0926208496094, 464.5790100097656], [490.3207092285156, 244.95643615722656, 562.3326416015625, 270.0101318359375], [509.539794921875, 288.4508972167969, 534.4957275390625, 312.3021545410156], [315.5703430175781, 135.51817321777344, 353.5378723144531, 145.8440399169922]]}