{"categories": [0, 24, 40], "bboxes": [[87.27477264404297, 227.4099884033203, 216.4825439453125, 633.8845825195312], [123.96391296386719, 283.1043701171875, 201.3274383544922, 374.8699951171875], [175.1349639892578, 343.9536437988281, 196.8773956298828, 387.0281066894531]]}