{"categories": [0, 34, 35], "bboxes": [[121.88224792480469, 190.86907958984375, 242.1609344482422, 466.080810546875], [228.0049285888672, 339.32818603515625, 257.3669738769531, 433.308837890625], [52.98283386230469, 291.0047607421875, 95.33805847167969, 325.63323974609375]]}