{"categories": [0, 24, 30, 31, 37], "bboxes": [[540.2242431640625, 214.46665954589844, 638.6585693359375, 475.31695556640625], [253.76524353027344, 224.5265350341797, 294.9502868652344, 273.0926818847656], [556.0699462890625, 423.06689453125, 618.2012939453125, 478.82171630859375], [130.7838592529297, 363.84320068359375, 339.0985107421875, 392.29949951171875], [165.3616180419922, 272.64190673828125, 227.8897247314453, 289.09765625]]}