{"categories": [0, 24, 35], "bboxes": [[88.16671752929688, 27.189971923828125, 343.5628356933594, 448.3658447265625], [243.63436889648438, 315.2230224609375, 323.4394226074219, 446.34161376953125], [425.6033630371094, 309.9759521484375, 554.6573486328125, 387.6671142578125]]}