{"categories": [0, 14, 29, 35, 38], "bboxes": [[204.11793518066406, 70.25006103515625, 484.03289794921875, 421.012451171875], [601.4590454101562, 298.05621337890625, 625.9467163085938, 316.7440185546875], [86.19345092773438, 63.389678955078125, 165.67059326171875, 104.57487487792969], [173.23472595214844, 189.38510131835938, 222.28245544433594, 261.4862060546875], [558.3470458984375, 184.1879119873047, 576.6026611328125, 199.55665588378906]]}