{"categories": [0, 2, 3, 66], "bboxes": [[89.44648742675781, 183.7955322265625, 266.834716796875, 526.6567993164062], [0.5181303024291992, 279.8009033203125, 17.728187561035156, 290.82049560546875], [25.684371948242188, 262.58575439453125, 446.68505859375, 611.7347412109375], [0.6349296569824219, 569.732666015625, 62.17985534667969, 639.0]]}