{"categories": [0, 57, 65, 79], "bboxes": [[109.18806457519531, 37.855987548828125, 302.9222412109375, 424.6386413574219], [0.0, 363.81976318359375, 131.552978515625, 424.60736083984375], [363.0073547363281, 42.85431671142578, 375.5362243652344, 68.82778930664062], [368.83929443359375, 35.96165466308594, 420.20989990234375, 94.39028930664062]]}