{"categories": [0, 41, 55, 56, 58, 60], "bboxes": [[91.12940216064453, 26.21942138671875, 334.4682922363281, 423.09832763671875], [404.5251159667969, 211.0023956298828, 423.3952941894531, 239.74693298339844], [279.4728698730469, 373.7279052734375, 393.0746154785156, 428.0], [423.4419860839844, 235.79232788085938, 507.6451110839844, 424.8757019042969], [41.33709716796875, 12.330085754394531, 212.81285095214844, 258.2164611816406], [176.56524658203125, 356.69293212890625, 481.80889892578125, 426.043212890625]]}