{"categories": [0, 26, 27, 40, 41, 56, 58, 60, 75], "bboxes": [[28.716552734375, 229.68408203125, 161.21231079101562, 420.0350341796875], [101.08502960205078, 405.2224426269531, 158.41656494140625, 426.0], [132.88262939453125, 316.0765380859375, 174.61068725585938, 379.2451171875], [305.7587890625, 335.9739074707031, 334.32122802734375, 394.5493469238281], [377.6571044921875, 351.1282653808594, 411.53662109375, 412.6941833496094], [0.9964427947998047, 321.6867980957031, 34.029541015625, 424.2836608886719], [265.0085144042969, 313.3802185058594, 301.4193420410156, 377.2164611816406], [190.3532257080078, 349.8594970703125, 563.5218505859375, 422.81646728515625], [390.5981140136719, 396.1341857910156, 469.3182678222656, 426.0]]}