{"categories": [0, 34, 35], "bboxes": [[194.764892578125, 107.51667785644531, 349.684814453125, 429.70941162109375], [336.3019104003906, 150.886962890625, 351.4555358886719, 283.8887939453125], [375.9481201171875, 287.574951171875, 405.37744140625, 317.53887939453125]]}