{"categories": [0, 56, 57, 65], "bboxes": [[230.595458984375, 0.0, 391.34954833984375, 416.643798828125], [342.84765625, 197.25311279296875, 472.5413818359375, 376.856201171875], [0.6038818359375, 161.5615234375, 207.7910614013672, 344.38037109375], [228.14193725585938, 242.84373474121094, 254.9849853515625, 285.6142883300781]]}