{"categories": [0, 8, 42, 43, 55, 60], "bboxes": [[309.58404541015625, 23.540573120117188, 581.1707153320312, 374.98358154296875], [6.644744873046875, 3.81707763671875, 515.8026123046875, 177.87747192382812], [2.6319923400878906, 394.5517883300781, 64.11947631835938, 410.4446716308594], [538.2962036132812, 374.5440673828125, 627.7390747070312, 431.853271484375], [50.8416748046875, 298.1764831542969, 557.9781494140625, 431.9570007324219], [0.0, 297.9117126464844, 639.0, 448.8713684082031]]}