{"categories": [0, 2, 37, 56], "bboxes": [[57.052696228027344, 45.754425048828125, 296.1868896484375, 469.5080871582031], [409.1054992675781, 136.0852813720703, 639.0, 349.06292724609375], [175.26551818847656, 249.62667846679688, 452.67669677734375, 385.3672180175781], [166.26327514648438, 346.67315673828125, 267.769287109375, 478.37457275390625]]}