{"categories": [0, 54, 61, 79], "bboxes": [[71.02621459960938, 92.46914672851562, 225.23202514648438, 619.5257568359375], [207.04428100585938, 168.38800048828125, 242.2117919921875, 207.7828369140625], [72.16345977783203, 449.16119384765625, 194.9376220703125, 545.9197998046875], [227.2752227783203, 102.19145202636719, 250.7530975341797, 160.8067169189453]]}