{"categories": [0, 27, 38], "bboxes": [[83.98165130615234, 25.607666015625, 272.1658020019531, 422.2863464355469], [193.92994689941406, 148.39048767089844, 222.44923400878906, 322.50146484375], [296.1368713378906, 283.6754150390625, 496.7453918457031, 368.1529541015625]]}