{"categories": [0, 39, 41, 44, 45, 46, 60], "bboxes": [[0.0, 97.39266967773438, 289.1246032714844, 467.5981750488281], [247.33480834960938, 408.29852294921875, 293.6568908691406, 529.7330932617188], [369.0342712402344, 254.38095092773438, 385.9128723144531, 280.4992980957031], [191.32391357421875, 555.407958984375, 251.11550903320312, 636.5096435546875], [229.56576538085938, 395.99151611328125, 306.2638244628906, 446.27685546875], [141.50596618652344, 433.9017333984375, 215.8050079345703, 525.5393676757812], [1.4383392333984375, 392.114501953125, 424.0, 629.289794921875]]}