{"categories": [0, 29, 35], "bboxes": [[245.43362426757812, 178.90158081054688, 402.5984191894531, 609.7950439453125], [169.3810577392578, 150.75254821777344, 224.72035217285156, 170.5195770263672], [211.1136932373047, 478.4942321777344, 244.4231719970703, 550.3502807617188]]}