{"categories": [0, 34, 35], "bboxes": [[268.5325012207031, 119.43937683105469, 488.4965515136719, 569.4539184570312], [284.82574462890625, 82.71710968017578, 467.587158203125, 236.02099609375], [270.23712158203125, 384.8630065917969, 346.153076171875, 440.5621032714844]]}