{"categories": [0, 41, 45, 56, 60, 71], "bboxes": [[261.3554992675781, 185.1936798095703, 437.5420837402344, 582.864990234375], [475.865966796875, 231.0546112060547, 489.5350341796875, 252.6293487548828], [257.7825012207031, 361.009765625, 345.4410705566406, 416.01202392578125], [98.87261962890625, 372.0084533691406, 265.58111572265625, 591.9634399414062], [165.26512145996094, 359.3157043457031, 427.05682373046875, 573.8412475585938], [222.95762634277344, 251.7252960205078, 329.67950439453125, 279.8688659667969]]}