{"categories": [0, 39, 65], "bboxes": [[387.34649658203125, 166.7899627685547, 578.60498046875, 423.5648193359375], [577.0280151367188, 394.49664306640625, 590.7091674804688, 426.0], [116.59490966796875, 127.94202423095703, 153.70220947265625, 207.15252685546875]]}