{"categories": [0, 26, 38, 39, 58, 59, 60], "bboxes": [[64.99285888671875, 111.24964904785156, 210.39749145507812, 491.75506591796875], [225.323974609375, 230.47035217285156, 323.106201171875, 321.79071044921875], [186.2271728515625, 247.87545776367188, 205.94329833984375, 308.0176086425781], [352.2650146484375, 152.6785888671875, 367.78802490234375, 191.034423828125], [2.1384353637695312, 168.93258666992188, 129.58700561523438, 495.5167541503906], [286.1885986328125, 274.3694763183594, 374.0, 354.8716735839844], [285.1363830566406, 273.2366943359375, 374.0, 482.69146728515625]]}