{"categories": [0, 40, 41, 67], "bboxes": [[216.302001953125, 45.9014892578125, 477.88299560546875, 368.7215270996094], [276.4028015136719, 334.0168762207031, 328.1818542480469, 372.0], [276.9180603027344, 336.5516357421875, 328.0204162597656, 372.0], [449.8974914550781, 166.91299438476562, 478.2226257324219, 221.96060180664062]]}