{"categories": [0, 32, 45, 60, 65], "bboxes": [[389.2245178222656, 104.55412292480469, 491.0967102050781, 406.858154296875], [207.47482299804688, 328.1553039550781, 229.56149291992188, 351.7853088378906], [503.0949401855469, 238.1778564453125, 539.8374633789062, 262.26300048828125], [482.3820495605469, 235.46180725097656, 639.0, 467.55291748046875], [122.23351287841797, 285.2769775390625, 144.49722290039062, 313.6630859375]]}