{"categories": [0, 32], "bboxes": [[485.2255859375, 93.24887084960938, 611.809326171875, 402.3996887207031], [81.9276123046875, 312.7025146484375, 109.12289428710938, 342.57855224609375]]}