{"categories": [0, 16, 17, 18, 27], "bboxes": [[122.0715103149414, 75.00746154785156, 333.9767761230469, 488.87054443359375], [420.73541259765625, 206.47645568847656, 521.6627807617188, 386.20916748046875], [359.97613525390625, 249.44786071777344, 478.779052734375, 476.001708984375], [360.04351806640625, 223.00814819335938, 481.55731201171875, 484.9305114746094], [380.7364807128906, 147.7402801513672, 411.2528991699219, 172.70982360839844]]}