{"categories": [0, 41, 45, 55, 56, 60, 68, 69, 70, 71, 72, 73], "bboxes": [[227.86752319335938, 85.78694152832031, 463.0328063964844, 372.38812255859375], [256.0891418457031, 150.43772888183594, 273.8033752441406, 175.71922302246094], [189.73837280273438, 160.38168334960938, 229.27508544921875, 183.46133422851562], [232.15744018554688, 200.81515502929688, 265.185546875, 225.98733520507812], [68.00371551513672, 293.6614685058594, 130.29078674316406, 368.5469665527344], [162.9083251953125, 145.2031707763672, 314.0830078125, 373.3984375], [121.9327392578125, 10.637645721435547, 185.5587158203125, 56.2767219543457], [126.07413482666016, 126.47581481933594, 234.99468994140625, 164.07749938964844], [242.66188049316406, 73.80303955078125, 266.8924865722656, 97.90640258789062], [291.9561462402344, 109.43074798583984, 342.5276184082031, 120.65770721435547], [3.1840248107910156, 1.6302642822265625, 121.71842956542969, 218.37440490722656], [465.9898986816406, 152.3375701904297, 499.0, 168.7023468017578]]}