{"categories": [0, 6, 27, 43, 45, 55, 60], "bboxes": [[12.884498596191406, 40.36329650878906, 163.4456787109375, 380.615478515625], [0.940826416015625, 11.346237182617188, 639.0, 414.90679931640625], [487.8740539550781, 193.6740264892578, 549.359375, 323.71844482421875], [306.5022277832031, 335.011474609375, 321.2931823730469, 367.85125732421875], [356.6108093261719, 392.8851013183594, 426.3926696777344, 427.5107116699219], [129.41757202148438, 338.3653869628906, 317.9479064941406, 424.5569152832031], [17.21295166015625, 329.997802734375, 552.7294311523438, 431.9111328125]]}