{"categories": [0, 29, 35], "bboxes": [[195.6849822998047, 155.08709716796875, 309.4140625, 380.68536376953125], [69.86163330078125, 363.1961975097656, 135.0899658203125, 378.1700744628906], [277.5286560058594, 151.8283233642578, 311.7218933105469, 187.20433044433594]]}