{"categories": [0, 25, 26], "bboxes": [[87.335205078125, 180.88677978515625, 322.0807189941406, 367.16986083984375], [171.4906768798828, 97.93923950195312, 476.45184326171875, 205.5936279296875], [264.38507080078125, 256.6788330078125, 356.498779296875, 337.9349365234375]]}