{"categories": [0, 63, 66], "bboxes": [[0.0, 41.291168212890625, 233.61497497558594, 472.2869567871094], [203.02096557617188, 246.24911499023438, 444.7805480957031, 468.6249084472656], [218.899169921875, 409.00457763671875, 344.01519775390625, 446.12127685546875]]}