{"categories": [0, 39, 41, 42, 45, 56, 58, 60, 75], "bboxes": [[0.0, 52.98616027832031, 229.87060546875, 335.5966796875], [437.9486389160156, 122.52772521972656, 454.7020568847656, 208.96153259277344], [188.09266662597656, 192.4720001220703, 213.7346649169922, 220.8325958251953], [453.003173828125, 219.45346069335938, 481.1932373046875, 264.2484130859375], [400.9955139160156, 225.88450622558594, 497.6193542480469, 278.85546875], [457.3140563964844, 68.27922058105469, 495.4606018066406, 145.7390899658203], [306.462890625, 42.47479248046875, 411.57965087890625, 194.1957550048828], [132.02052307128906, 105.30644226074219, 609.6796875, 331.3515625], [326.8204345703125, 139.04205322265625, 379.648193359375, 214.37557983398438]]}