{"categories": [0, 39, 41, 45, 53, 56, 60, 64, 73], "bboxes": [[237.76913452148438, 44.233604431152344, 384.5914611816406, 232.2303466796875], [402.89276123046875, 204.57867431640625, 439.80633544921875, 314.37078857421875], [355.7756042480469, 261.7763366699219, 390.4951477050781, 316.4356384277344], [170.07701110839844, 186.7222137451172, 249.41542053222656, 235.88487243652344], [223.6403045654297, 245.3545684814453, 299.90704345703125, 289.6151123046875], [0.0, 200.52708435058594, 66.41043090820312, 319.5415344238281], [0.0, 203.28512573242188, 521.388671875, 432.4951477050781], [56.55784225463867, 315.50091552734375, 139.48007202148438, 348.76605224609375], [296.179443359375, 5.247383117675781, 599.0, 223.8416748046875]]}