{"categories": [0, 35], "bboxes": [[446.05267333984375, 16.798995971679688, 597.3735961914062, 266.03070068359375], [230.52078247070312, 116.39158630371094, 266.4261169433594, 174.5261688232422]]}