{"categories": [0, 1, 3, 9, 11, 28, 36, 37], "bboxes": [[222.66104125976562, 53.41966247558594, 352.4528503417969, 393.54156494140625], [330.4625244140625, 216.57656860351562, 394.36090087890625, 364.1226501464844], [25.748889923095703, 148.96603393554688, 73.28349304199219, 228.67108154296875], [294.8115539550781, 0.0, 316.8152770996094, 27.182861328125], [514.4382934570312, 0.0, 586.8412475585938, 142.15591430664062], [364.75665283203125, 40.798301696777344, 501.04827880859375, 244.13351440429688], [254.85073852539062, 200.49388122558594, 309.7366027832031, 397.31060791015625], [454.35089111328125, 387.87030029296875, 618.7687377929688, 409.8814697265625]]}