{"categories": [0, 40, 61, 71, 74, 79], "bboxes": [[64.04986572265625, 64.01019287109375, 408.81292724609375, 476.865234375], [345.7498779296875, 264.47113037109375, 386.61383056640625, 308.681884765625], [338.2339172363281, 115.96163940429688, 583.9703369140625, 463.5865783691406], [45.20854187011719, 138.95303344726562, 180.8281707763672, 273.0343322753906], [519.314697265625, 69.62622833251953, 546.34326171875, 98.17989349365234], [339.525634765625, 212.46385192871094, 403.4039306640625, 245.1570281982422]]}