{"categories": [0, 25, 39, 41, 58, 60, 67], "bboxes": [[289.94189453125, 32.95320129394531, 622.8067016601562, 423.79986572265625], [246.92906188964844, 123.55409240722656, 299.48065185546875, 161.2091522216797], [250.25607299804688, 211.85781860351562, 271.7138977050781, 275.09527587890625], [197.7992706298828, 246.8998260498047, 219.85450744628906, 289.0469665527344], [450.321533203125, 1.3385238647460938, 639.0, 88.88771057128906], [175.21621704101562, 256.97735595703125, 291.7998352050781, 415.584716796875], [322.7882385253906, 110.89970397949219, 352.0379333496094, 128.6243133544922]]}