{"categories": [0, 3, 26, 56, 58, 65, 75], "bboxes": [[220.46484375, 78.53736877441406, 404.6336669921875, 532.0], [8.962234497070312, 338.29400634765625, 170.9547119140625, 529.6162719726562], [14.304336547851562, 305.70037841796875, 146.57606506347656, 506.62677001953125], [546.8135375976562, 253.853515625, 634.4824829101562, 527.651123046875], [567.16748046875, 152.31527709960938, 614.874267578125, 200.62091064453125], [313.47955322265625, 326.1221923828125, 336.8692626953125, 340.6690673828125], [591.4779052734375, 175.00506591796875, 612.42919921875, 213.92263793945312]]}