{"categories": [0, 32, 46, 62], "bboxes": [[266.25146484375, 54.77349853515625, 511.13739013671875, 586.0374145507812], [51.7608757019043, 514.2366943359375, 137.97207641601562, 595.886474609375], [428.5352783203125, 140.85655212402344, 481.349853515625, 204.7460174560547], [372.8458251953125, 86.90108489990234, 457.04559326171875, 200.06488037109375]]}