{"categories": [0, 6, 27, 79], "bboxes": [[150.60845947265625, 110.75819396972656, 449.1365966796875, 449.3897705078125], [0.0, 0.0, 587.918212890625, 456.0], [395.48736572265625, 130.0650177001953, 428.83209228515625, 183.38523864746094], [234.3634033203125, 220.97344970703125, 337.31396484375, 258.7893371582031]]}