{"categories": [0, 15, 24, 27, 43, 55, 56, 60, 67, 77], "bboxes": [[0.0, 15.069442749023438, 289.63818359375, 471.6859130859375], [111.30765533447266, 200.23077392578125, 219.254150390625, 368.5343017578125], [268.4272766113281, 105.25223541259766, 307.7350158691406, 175.99285888671875], [470.00372314453125, 177.182373046875, 502.52581787109375, 199.46371459960938], [205.36471557617188, 299.74737548828125, 272.91766357421875, 363.799072265625], [244.25445556640625, 128.6914520263672, 424.7672119140625, 414.69732666015625], [212.5923614501953, 151.7484588623047, 264.7452392578125, 305.3194580078125], [115.95724487304688, 294.28692626953125, 628.736572265625, 473.10693359375], [392.74981689453125, 57.49433898925781, 413.3887939453125, 88.19471740722656], [110.01593017578125, 206.8389434814453, 220.75067138671875, 371.0924072265625]]}