{"categories": [0, 30], "bboxes": [[40.07817840576172, 143.8148956298828, 275.145263671875, 525.5724487304688], [2.764007568359375, 500.1762390136719, 229.3791046142578, 555.4879150390625]]}