{"categories": [0, 40, 41, 42, 45, 55, 56, 57, 60, 68, 69, 72, 73], "bboxes": [[407.5506286621094, 31.62879180908203, 515.4016723632812, 283.3244934082031], [185.76377868652344, 454.1534423828125, 256.2572021484375, 479.0], [256.3388671875, 418.310546875, 316.67181396484375, 479.0], [533.226806640625, 420.1696472167969, 637.043212890625, 470.7470397949219], [0.0, 190.2463836669922, 64.60621643066406, 235.9514923095703], [325.34527587890625, 312.0011291503906, 487.7393798828125, 418.7149963378906], [575.2892456054688, 104.39154052734375, 637.6731567382812, 211.47036743164062], [479.5451354980469, 45.4986572265625, 639.0, 154.28126525878906], [147.1191864013672, 237.28799438476562, 626.0496826171875, 479.0], [60.852481842041016, 88.48634338378906, 131.26121520996094, 208.29566955566406], [60.03369903564453, 91.55013275146484, 108.71688079833984, 212.7120361328125], [160.837158203125, 7.342002868652344, 280.1609802246094, 204.61575317382812], [551.3590698242188, 106.83964538574219, 587.5923461914062, 126.8551025390625]]}