{"categories": [0, 35], "bboxes": [[170.1477508544922, 153.25454711914062, 389.634765625, 386.1140441894531], [257.0167541503906, 126.73189544677734, 282.9830627441406, 154.75405883789062]]}