{"categories": [0, 56, 57, 62, 63, 65], "bboxes": [[187.4720458984375, 86.33705139160156, 365.42413330078125, 419.939453125], [410.6885681152344, 251.36099243164062, 446.6145935058594, 306.4324035644531], [371.7697448730469, 218.67323303222656, 486.5124206542969, 283.5620422363281], [30.752029418945312, 147.19680786132812, 171.5478515625, 243.057373046875], [415.8670349121094, 252.26889038085938, 445.6345520019531, 271.2281799316406], [503.5862121582031, 238.80113220214844, 531.8255615234375, 255.04405212402344]]}