{"categories": [0, 41, 56, 57, 60, 63, 64], "bboxes": [[70.6534423828125, 70.80216979980469, 360.8493957519531, 461.60736083984375], [403.3363342285156, 376.6793518066406, 464.9471130371094, 463.0233459472656], [28.051345825195312, 0.23006439208984375, 98.35929870605469, 61.16311264038086], [24.716644287109375, 66.72871398925781, 597.064208984375, 572.5833129882812], [279.6619567871094, 375.9424743652344, 588.0263671875, 594.43603515625], [57.30140686035156, 455.857421875, 405.79144287109375, 600.527587890625], [409.29364013671875, 476.86199951171875, 451.12890625, 527.889892578125]]}