{"categories": [0, 25, 26, 41, 56], "bboxes": [[151.55364990234375, 39.02742004394531, 311.5390930175781, 385.1444091796875], [108.39586639404297, 6.912803649902344, 289.89117431640625, 96.80510711669922], [324.8048095703125, 83.66178894042969, 355.70751953125, 140.11782836914062], [163.88534545898438, 105.27435302734375, 182.99725341796875, 124.72836303710938], [291.3558044433594, 176.16615295410156, 350.8055114746094, 251.6791534423828]]}