{"categories": [0, 2, 67], "bboxes": [[29.7266845703125, 56.14253234863281, 378.5132751464844, 419.48931884765625], [2.3453216552734375, 100.95506286621094, 68.28608703613281, 180.11753845214844], [331.8210144042969, 169.91314697265625, 348.1526794433594, 206.61557006835938]]}