{"categories": [0, 25, 26, 35, 39, 41, 42, 43, 44, 45, 60], "bboxes": [[387.00738525390625, 18.899246215820312, 540.1617431640625, 457.53228759765625], [58.451717376708984, 109.13858795166016, 125.76533508300781, 137.81109619140625], [511.1816101074219, 168.80331420898438, 625.9464111328125, 309.57269287109375], [6.062290191650391, 254.55825805664062, 55.52132034301758, 285.2417907714844], [92.25873565673828, 378.301513671875, 144.3013153076172, 479.0], [291.5293884277344, 262.3511047363281, 331.7884216308594, 314.7700500488281], [175.68914794921875, 339.321533203125, 207.52203369140625, 375.3944091796875], [358.95025634765625, 261.7121887207031, 448.5338134765625, 287.0784606933594], [134.54896545410156, 367.2685241699219, 207.6299285888672, 409.0439147949219], [327.102783203125, 328.2437744140625, 400.11663818359375, 371.5828857421875], [22.9150390625, 232.45574951171875, 522.6854248046875, 467.98968505859375]]}