{"categories": [0, 39, 45, 60, 62], "bboxes": [[87.35723876953125, 15.050765991210938, 389.8756103515625, 426.0], [395.8396911621094, 241.9079132080078, 413.4927673339844, 279.9180908203125], [431.75567626953125, 260.6948547363281, 495.372802734375, 288.2400207519531], [251.50942993164062, 328.92498779296875, 637.3072509765625, 422.3846435546875], [552.6018676757812, 5.896675109863281, 638.3770141601562, 243.6058349609375]]}