{"categories": [0, 2, 25, 26], "bboxes": [[494.6913757324219, 133.7686004638672, 584.6946411132812, 373.22125244140625], [248.43963623046875, 210.89439392089844, 324.1611328125, 276.7967529296875], [128.5791778564453, 147.36737060546875, 257.77197265625, 227.31268310546875], [468.5730285644531, 205.3392791748047, 506.3486022949219, 259.4999084472656]]}