{"categories": [0, 3, 27, 56, 58], "bboxes": [[226.7578887939453, 143.8004913330078, 542.29248046875, 473.53411865234375], [494.3551330566406, 240.40953063964844, 639.0, 476.7108154296875], [147.0086669921875, 283.32257080078125, 220.0107421875, 449.94451904296875], [172.30844116210938, 226.9859619140625, 209.66305541992188, 292.2799072265625], [0.42510986328125, 151.0421905517578, 68.36576843261719, 272.3990173339844]]}