{"categories": [0, 32, 34, 35], "bboxes": [[227.5660858154297, 101.94776916503906, 451.24871826171875, 474.28289794921875], [540.1612548828125, 362.6697998046875, 553.98095703125, 374.83612060546875], [111.85208129882812, 202.0181427001953, 235.8458251953125, 222.4189910888672], [413.79876708984375, 235.76998901367188, 456.0037841796875, 278.4175720214844]]}