{"categories": [0, 49, 54, 60], "bboxes": [[133.63352966308594, 0.0, 434.86944580078125, 497.5677490234375], [313.5294189453125, 523.1829223632812, 437.55401611328125, 637.5933227539062], [114.03121185302734, 448.4303894042969, 258.9058532714844, 562.5947265625], [18.163818359375, 395.01678466796875, 436.0723876953125, 632.6492309570312]]}