{"categories": [0, 13, 24, 32], "bboxes": [[419.32025146484375, 19.246246337890625, 528.90966796875, 342.51873779296875], [34.61296081542969, 213.73370361328125, 277.747802734375, 251.5357666015625], [28.774391174316406, 181.06332397460938, 71.31574249267578, 225.9913330078125], [231.2277069091797, 372.98046875, 282.6942138671875, 417.9775390625]]}