{"categories": [0, 20, 24, 26, 73], "bboxes": [[0.7991447448730469, 366.0262451171875, 113.4727783203125, 576.616455078125], [151.4773712158203, 58.59625244140625, 449.2308349609375, 496.25970458984375], [164.38815307617188, 425.9773254394531, 302.1358337402344, 615.6285400390625], [2.0936508178710938, 400.7383117675781, 61.39445877075195, 515.64111328125], [85.4214859008789, 519.3528442382812, 144.25692749023438, 552.7992553710938]]}