{"categories": [0, 39, 40, 41, 42, 44, 45, 57, 60, 74], "bboxes": [[436.6304931640625, 39.611297607421875, 639.0, 471.79852294921875], [218.9166717529297, 300.459228515625, 248.9219512939453, 395.98577880859375], [304.6972351074219, 374.5671081542969, 370.3624572753906, 479.0], [128.74998474121094, 371.6168212890625, 168.5685272216797, 397.4652099609375], [461.5698547363281, 447.5119934082031, 499.2476501464844, 479.0], [218.4593505859375, 404.2006530761719, 275.98822021484375, 446.0715637207031], [241.64236450195312, 410.97235107421875, 324.4435729980469, 465.6766357421875], [107.4432601928711, 264.33758544921875, 294.3681335449219, 340.46124267578125], [36.43115234375, 342.8552551269531, 593.7062377929688, 475.2682800292969], [303.20947265625, 30.564414978027344, 343.91265869140625, 77.3742904663086]]}