{"categories": [0, 25, 40], "bboxes": [[224.54400634765625, 118.27290344238281, 479.0, 618.57958984375], [0.0, 74.41231536865234, 263.366943359375, 219.62750244140625], [298.3837585449219, 356.3125, 385.5606994628906, 630.1257934570312]]}