{"categories": [0, 41, 57, 58, 65, 75, 77], "bboxes": [[422.5262451171875, 89.33946228027344, 639.0, 407.6058349609375], [504.8881530761719, 389.7358093261719, 553.9072265625, 456.2456970214844], [20.84832763671875, 172.57052612304688, 606.8900756835938, 461.1430969238281], [586.4146118164062, 132.41014099121094, 633.5422973632812, 191.8599395751953], [328.59906005859375, 409.0404357910156, 373.55615234375, 431.1662292480469], [605.0323486328125, 165.64524841308594, 623.2464599609375, 195.4340362548828], [545.6109619140625, 135.65492248535156, 582.5909423828125, 186.58253479003906]]}