{"categories": [0, 27, 40, 41, 60, 64, 73], "bboxes": [[0.0, 59.460723876953125, 334.8578186035156, 628.186279296875], [270.50335693359375, 314.0830383300781, 304.1884765625, 462.3518371582031], [335.1961975097656, 430.0565185546875, 389.6361389160156, 565.015869140625], [407.2999267578125, 445.4822998046875, 456.0, 537.75439453125], [87.40827941894531, 430.71734619140625, 456.0, 629.1792602539062], [309.37591552734375, 527.8423461914062, 371.88848876953125, 563.5076293945312], [88.81550598144531, 529.1116333007812, 445.54949951171875, 636.2042846679688]]}