{"categories": [0, 32, 35], "bboxes": [[401.5882568359375, 59.6805419921875, 637.7025146484375, 339.7087707519531], [369.3380126953125, 274.7577819824219, 388.7044677734375, 293.9734802246094], [424.2245178222656, 272.7884826660156, 483.0176696777344, 316.8697814941406]]}