{"categories": [0, 32, 38], "bboxes": [[97.21542358398438, 118.46875, 245.97824096679688, 470.63323974609375], [41.963356018066406, 75.95195770263672, 63.671974182128906, 97.01294708251953], [88.851806640625, 50.63404846191406, 148.55303955078125, 191.59828186035156]]}