{"categories": [0, 9, 27, 58, 67], "bboxes": [[9.071640014648438, 38.06340026855469, 326.18505859375, 471.62115478515625], [546.2418823242188, 313.15740966796875, 568.8157348632812, 335.30126953125], [181.68309020996094, 173.39767456054688, 235.58888244628906, 365.5261535644531], [10.1962890625, 0.0, 332.1820373535156, 207.05409240722656], [4.256011962890625, 155.98867797851562, 54.61655044555664, 192.59988403320312]]}