{"categories": [0, 16, 39, 56, 57], "bboxes": [[371.2148742675781, 0.1450958251953125, 468.6598815917969, 198.20106506347656], [277.8672180175781, 222.23648071289062, 474.5830993652344, 415.0418395996094], [180.9981231689453, 18.74666404724121, 196.1194305419922, 54.431976318359375], [42.866233825683594, 70.02790069580078, 189.15621948242188, 252.60018920898438], [3.2836380004882812, 58.810203552246094, 203.22177124023438, 247.31552124023438]]}