{"categories": [0, 24, 26, 28], "bboxes": [[281.7117004394531, 26.215240478515625, 419.6257019042969, 420.37005615234375], [243.27645874023438, 257.1771240234375, 298.7823791503906, 322.95953369140625], [123.59008026123047, 229.65740966796875, 166.35638427734375, 314.7744140625], [244.76092529296875, 314.7992248535156, 320.760009765625, 418.6695251464844]]}