{"categories": [0, 39, 57, 62, 65, 73], "bboxes": [[297.206787109375, 96.61756896972656, 558.0343627929688, 479.0], [155.5294952392578, 281.892822265625, 173.8485565185547, 330.0029296875], [230.77317810058594, 305.0862121582031, 505.11492919921875, 463.9692077636719], [2.6933021545410156, 171.2617645263672, 98.72100830078125, 453.53814697265625], [284.0840759277344, 188.8030242919922, 316.2180480957031, 207.5107879638672], [544.100341796875, 71.1491928100586, 639.0, 308.5453186035156]]}