{"categories": [0, 40, 41, 42, 43, 56, 60], "bboxes": [[338.653076171875, 68.08576202392578, 597.0968017578125, 321.27056884765625], [172.94415283203125, 234.6392059326172, 241.04641723632812, 406.32391357421875], [579.950927734375, 210.88461303710938, 637.624267578125, 300.3465881347656], [112.23692321777344, 281.15216064453125, 135.52626037597656, 309.7958984375], [15.93499755859375, 334.3984375, 86.47150421142578, 389.28472900390625], [252.9764404296875, 162.2707977294922, 358.6470947265625, 311.222412109375], [31.646881103515625, 263.7469177246094, 617.6268310546875, 468.1569519042969]]}