{"categories": [0, 41, 52], "bboxes": [[88.11579895019531, 41.240570068359375, 278.8392333984375, 354.22088623046875], [222.3917236328125, 251.10400390625, 257.3624572753906, 310.25994873046875], [187.71913146972656, 176.17196655273438, 278.3384094238281, 198.66165161132812]]}