{"categories": [0, 40, 41, 42, 44, 53, 60, 67], "bboxes": [[356.7257385253906, 27.671905517578125, 632.7742919921875, 416.6786804199219], [273.0028381347656, 42.80866622924805, 309.8816833496094, 109.49061584472656], [244.41847229003906, 114.78445434570312, 284.1027526855469, 165.92752075195312], [197.50128173828125, 123.55404663085938, 252.81277465820312, 152.4019775390625], [196.63917541503906, 123.64419555664062, 253.31968688964844, 152.3741455078125], [234.4585418701172, 148.83154296875, 469.94659423828125, 394.31011962890625], [60.32707214355469, 31.270645141601562, 555.1925048828125, 412.1474609375], [344.3738098144531, 114.39260864257812, 377.1800842285156, 125.37008666992188]]}