{"categories": [0, 2, 34, 35], "bboxes": [[230.4290771484375, 116.8749771118164, 321.12030029296875, 281.13818359375], [317.49652099609375, 160.4411163330078, 373.465087890625, 209.30320739746094], [71.3192138671875, 4.719795227050781, 103.13804626464844, 205.616455078125], [64.32756042480469, 157.76683044433594, 122.41560363769531, 252.69920349121094]]}