{"categories": [0, 32, 35], "bboxes": [[54.615257263183594, 13.569046020507812, 223.11843872070312, 317.406982421875], [104.70409393310547, 81.27079010009766, 122.81661224365234, 113.31653594970703], [183.63375854492188, 173.4427490234375, 207.3524169921875, 224.72552490234375]]}