{"categories": [0, 16, 56, 62, 73, 77], "bboxes": [[355.81024169921875, 209.59033203125, 563.87841796875, 481.2735595703125], [210.07928466796875, 97.53953552246094, 341.822265625, 154.77163696289062], [557.7939453125, 145.42361450195312, 639.0, 345.0684814453125], [116.71922302246094, 73.06549072265625, 202.6382598876953, 143.16159057617188], [327.38421630859375, 371.2649841308594, 458.06988525390625, 488.0], [191.97784423828125, 285.1519775390625, 375.9952392578125, 411.24591064453125]]}