{"categories": [0, 26, 27, 36, 62], "bboxes": [[336.7617492675781, 185.04795837402344, 442.1101379394531, 504.56201171875], [76.29173278808594, 249.04380798339844, 109.53048706054688, 402.32696533203125], [78.71194458007812, 297.0057373046875, 108.74723815917969, 402.6202392578125], [260.65570068359375, 411.48712158203125, 297.925537109375, 432.39117431640625], [306.6232604980469, 178.0018310546875, 328.3713073730469, 206.52743530273438]]}