{"categories": [0, 27, 56, 58, 67], "bboxes": [[0.0, 12.272537231445312, 239.20687866210938, 418.6812744140625], [99.48722839355469, 173.15103149414062, 155.89012145996094, 269.43609619140625], [212.25950622558594, 293.4058837890625, 246.2107696533203, 322.50250244140625], [249.25448608398438, 251.86566162109375, 295.5141296386719, 294.22607421875], [368.255126953125, 293.3652038574219, 401.44073486328125, 309.0415344238281]]}