{"categories": [0, 2, 13, 24, 36], "bboxes": [[250.7803192138672, 94.954345703125, 405.6514892578125, 432.05621337890625], [187.85342407226562, 351.6863098144531, 206.15301513671875, 367.3603210449219], [141.6995391845703, 376.570068359375, 195.39112854003906, 397.73095703125], [291.494140625, 452.118896484375, 438.2781982421875, 479.0], [423.8329772949219, 329.2364807128906, 480.7483215332031, 388.7886047363281]]}