{"categories": [0, 25, 32, 34, 35, 67], "bboxes": [[414.5807189941406, 29.256118774414062, 627.7017211914062, 370.22161865234375], [491.0052185058594, 0.0, 610.169921875, 35.627540588378906], [445.5580749511719, 210.9643096923828, 468.1407165527344, 231.0784149169922], [306.3115234375, 183.81886291503906, 435.33343505859375, 268.8128662109375], [206.24935913085938, 237.75192260742188, 272.2865905761719, 313.8175354003906], [84.12987518310547, 116.25738525390625, 100.97554779052734, 147.4276123046875]]}