{"categories": [0, 56, 57, 58, 65, 73, 74], "bboxes": [[189.10438537597656, 102.83193969726562, 308.1846618652344, 421.0398254394531], [151.1295166015625, 216.13787841796875, 229.02212524414062, 351.87969970703125], [192.7236785888672, 139.28182983398438, 600.1914672851562, 405.6386413574219], [0.0, 126.86614990234375, 121.80926513671875, 414.37237548828125], [315.8315124511719, 269.1717834472656, 361.0426940917969, 299.1402282714844], [171.39962768554688, 115.42781066894531, 228.4705810546875, 163.71836853027344], [68.5715560913086, 139.6006622314453, 86.58858489990234, 157.8229522705078]]}