{"categories": [0, 32, 56], "bboxes": [[461.2222900390625, 212.4567108154297, 549.245849609375, 475.32879638671875], [559.628662109375, 356.0433044433594, 589.1324462890625, 384.0122375488281], [343.3401184082031, 23.61406707763672, 368.6625061035156, 48.718406677246094]]}