{"categories": [0, 9, 17, 26, 67], "bboxes": [[429.19488525390625, 189.865234375, 465.34967041015625, 289.53411865234375], [0.3299407958984375, 344.50262451171875, 98.92903900146484, 426.0], [3.6770172119140625, 160.7906951904297, 433.22113037109375, 422.805419921875], [588.7437744140625, 112.2253189086914, 639.0, 203.05471801757812], [293.3316650390625, 354.48858642578125, 352.76995849609375, 418.3218994140625]]}