{"categories": [0, 25, 27, 56], "bboxes": [[123.47098541259766, 91.25712585449219, 269.2142639160156, 476.622802734375], [448.5404357910156, 8.593055725097656, 503.5549621582031, 238.94049072265625], [446.1290283203125, 225.45663452148438, 464.2955322265625, 295.4614562988281], [1.0190868377685547, 370.5004577636719, 55.08380126953125, 478.4235534667969]]}