{"categories": [0, 24, 26, 28, 62, 72], "bboxes": [[388.5769348144531, 66.1280517578125, 502.2834167480469, 353.7176208496094], [419.408935546875, 104.27169799804688, 478.79046630859375, 185.86480712890625], [472.3320007324219, 129.98562622070312, 518.9773559570312, 238.68466186523438], [156.03192138671875, 191.08682250976562, 242.06405639648438, 368.6517028808594], [366.68231201171875, 45.01325225830078, 479.074951171875, 97.1968765258789], [537.2449340820312, 51.605655670166016, 574.4899291992188, 140.08331298828125]]}