{"categories": [0, 20, 58], "bboxes": [[50.13348388671875, 129.33729553222656, 283.5594787597656, 425.2388916015625], [0.0, 7.3023681640625, 403.1008605957031, 413.5022888183594], [338.9140625, 182.65708923339844, 419.63897705078125, 332.34490966796875]]}