{"categories": [0, 13, 39, 41, 56, 74], "bboxes": [[359.42706298828125, 186.66024780273438, 539.0999145507812, 473.2457580566406], [518.1296997070312, 301.7944030761719, 637.4710083007812, 472.5248107910156], [337.03778076171875, 289.32275390625, 356.40521240234375, 348.1873779296875], [375.4921569824219, 327.4537353515625, 406.0299377441406, 372.40252685546875], [53.80046844482422, 318.4080505371094, 101.6888656616211, 459.8853454589844], [439.8262023925781, 51.45777893066406, 472.9435119628906, 101.23562622070312]]}