{"categories": [0, 35], "bboxes": [[362.97021484375, 118.74327087402344, 556.390869140625, 395.5233154296875], [544.771240234375, 314.8424072265625, 587.0050048828125, 368.93017578125]]}