{"categories": [0, 24, 32], "bboxes": [[305.968994140625, 93.66151428222656, 420.27056884765625, 391.87286376953125], [310.97772216796875, 154.5349884033203, 352.33343505859375, 226.0749053955078], [303.30059814453125, 353.08447265625, 354.32568359375, 400.23785400390625]]}