{"categories": [0, 24, 56, 57, 72], "bboxes": [[105.22505187988281, 0.0, 253.3008575439453, 255.25143432617188], [464.75140380859375, 153.56436157226562, 499.0, 259.86676025390625], [312.6833190917969, 198.75704956054688, 356.8600769042969, 283.51690673828125], [267.10198974609375, 120.2021713256836, 489.63519287109375, 278.4382629394531], [22.341819763183594, 23.015457153320312, 153.4573974609375, 321.3172607421875]]}