{"categories": [0, 39, 53, 60], "bboxes": [[0.0, 103.53143310546875, 239.3211212158203, 631.2991943359375], [80.88641357421875, 359.6999816894531, 114.54685974121094, 486.2680969238281], [236.04551696777344, 252.80848693847656, 311.48565673828125, 292.77423095703125], [190.22195434570312, 490.99432373046875, 384.1393737792969, 632.8231811523438]]}