{"categories": [0, 2, 3, 7, 13, 25, 26, 45, 56], "bboxes": [[42.63298416137695, 50.13286209106445, 71.49065399169922, 155.57412719726562], [105.8253402709961, 46.87972640991211, 162.9406280517578, 72.014404296875], [113.07843780517578, 79.87794494628906, 152.1781005859375, 122.11181640625], [161.62591552734375, 63.10614776611328, 349.8554992675781, 153.57122802734375], [67.46041870117188, 184.8353271484375, 499.5768127441406, 399.06817626953125], [223.26400756835938, 0.0, 466.0393981933594, 110.96772766113281], [191.68896484375, 248.3771209716797, 298.0829162597656, 333.8424377441406], [319.28607177734375, 242.47328186035156, 356.8104248046875, 280.1216735839844], [297.3545837402344, 54.12493896484375, 347.8997497558594, 108.19267272949219]]}