{"categories": [0, 42, 45, 56, 60, 63, 66, 67], "bboxes": [[342.0135803222656, 5.971435546875, 499.0, 357.8300476074219], [115.13059997558594, 341.15582275390625, 188.36668395996094, 373.4586181640625], [0.8832244873046875, 312.95916748046875, 155.70535278320312, 374.0], [102.41730499267578, 134.509521484375, 203.28823852539062, 256.19830322265625], [55.0247802734375, 306.09716796875, 483.51165771484375, 368.03118896484375], [0.637237548828125, 161.9391632080078, 211.3796844482422, 333.23309326171875], [12.5745849609375, 272.61767578125, 187.81378173828125, 322.0272216796875], [140.17733764648438, 305.0284118652344, 195.92550659179688, 325.9317932128906]]}