{"categories": [0, 2, 8, 25], "bboxes": [[299.4548034667969, 82.16883850097656, 391.4797668457031, 431.243408203125], [68.24871063232422, 190.8540802001953, 106.87560272216797, 212.46226501464844], [39.197853088378906, 191.2677001953125, 76.63301086425781, 212.98342895507812], [316.814697265625, 44.312591552734375, 449.684814453125, 222.34442138671875]]}