{"categories": [0, 24, 26, 28, 56, 62, 72], "bboxes": [[414.04779052734375, 68.16769409179688, 577.4253540039062, 474.2893981933594], [339.9272766113281, 180.24346923828125, 461.1355895996094, 379.33734130859375], [523.2137451171875, 323.8536376953125, 570.6461181640625, 420.1328125], [234.39389038085938, 300.71990966796875, 345.4054260253906, 459.4769287109375], [80.73929595947266, 135.63681030273438, 152.83535766601562, 268.21343994140625], [561.9454345703125, 14.086692810058594, 631.6812744140625, 187.79388427734375], [379.23382568359375, 36.42115020751953, 481.8099365234375, 191.88369750976562]]}