{"categories": [0, 2, 7, 9, 26, 56], "bboxes": [[40.835166931152344, 293.51019287109375, 126.88460540771484, 525.7431640625], [302.6321716308594, 294.32818603515625, 357.3830871582031, 331.79840087890625], [349.1928405761719, 281.5464782714844, 479.0, 341.6573791503906], [55.8873291015625, 62.35852813720703, 76.3758544921875, 127.78731536865234], [46.93402099609375, 352.00067138671875, 96.84474182128906, 406.462890625], [174.78311157226562, 551.7855834960938, 386.8426208496094, 631.4463500976562]]}