{"categories": [0, 29], "bboxes": [[38.992881774902344, 38.99664306640625, 280.35107421875, 562.2075805664062], [62.418426513671875, 163.338134765625, 250.3751220703125, 225.74853515625]]}