{"categories": [0, 2, 13, 16, 45, 65], "bboxes": [[306.21124267578125, 1.3629150390625, 481.85595703125, 294.602783203125], [469.64715576171875, 30.088348388671875, 513.2108764648438, 43.46558380126953], [0.0, 108.49998474121094, 377.59423828125, 457.66131591796875], [236.3948974609375, 235.35874938964844, 363.17437744140625, 405.48956298828125], [279.6132507324219, 150.71229553222656, 321.9880065917969, 207.7123260498047], [399.21136474609375, 171.71090698242188, 421.514404296875, 193.3804931640625]]}