{"categories": [0, 7, 17, 18, 19, 26], "bboxes": [[158.45663452148438, 60.91896057128906, 323.0858459472656, 459.84954833984375], [0.0, 9.766807556152344, 88.06271362304688, 54.43482971191406], [1.8622665405273438, 67.34149169921875, 204.56411743164062, 327.01361083984375], [298.7057189941406, 283.22998046875, 390.0569152832031, 432.73431396484375], [297.0634460449219, 281.4793701171875, 389.1481628417969, 430.417236328125], [136.3744659423828, 307.06768798828125, 199.4153594970703, 443.08447265625]]}