{"categories": [0, 24, 36, 58], "bboxes": [[272.996337890625, 164.27740478515625, 441.41156005859375, 577.7459106445312], [159.06402587890625, 175.0100860595703, 276.5046691894531, 325.26934814453125], [201.90000915527344, 502.4441223144531, 287.8188781738281, 626.2884521484375], [29.174240112304688, 348.3621520996094, 201.33587646484375, 611.971923828125]]}