{"categories": [0, 2, 7, 25, 34, 35], "bboxes": [[381.70379638671875, 105.849853515625, 591.1553344726562, 448.9404296875], [495.56634521484375, 140.42311096191406, 639.0, 258.7604675292969], [20.67815399169922, 84.73582458496094, 234.1876220703125, 247.3799285888672], [0.0, 0.4676361083984375, 173.91561889648438, 83.42998504638672], [329.160888671875, 64.89767456054688, 413.631103515625, 198.50997924804688], [122.69029235839844, 233.86795043945312, 173.36134338378906, 275.4658508300781]]}