{"categories": [0, 37, 39, 45, 54, 56, 60], "bboxes": [[92.43116760253906, 96.67550659179688, 347.67889404296875, 462.9392395019531], [286.621826171875, 80.29755401611328, 333.5, 218.12606811523438], [416.8112487792969, 160.28834533691406, 431.4061584472656, 197.84068298339844], [4.374565124511719, 515.4475708007812, 152.89923095703125, 632.2047729492188], [311.4123229980469, 557.2951049804688, 370.7040710449219, 614.0774536132812], [418.2844543457031, 211.66424560546875, 479.0, 335.217041015625], [21.76629638671875, 357.0599670410156, 479.0, 633.0848388671875]]}