{"categories": [0, 32, 34, 35], "bboxes": [[226.65097045898438, 117.74798583984375, 442.4119567871094, 499.44378662109375], [45.78257369995117, 512.566650390625, 149.8268280029297, 568.2913818359375], [305.1011962890625, 60.71398162841797, 326.458740234375, 265.4842834472656], [244.06436157226562, 379.0286865234375, 294.9328918457031, 434.34405517578125]]}