{"categories": [0, 46, 55], "bboxes": [[254.7826385498047, 54.013946533203125, 619.1766967773438, 624.0604248046875], [238.49990844726562, 432.443115234375, 287.9109802246094, 461.18560791015625], [63.98677062988281, 480.8775634765625, 350.860595703125, 612.1324462890625]]}