{"categories": [0, 2, 24, 26, 73, 76], "bboxes": [[158.05160522460938, 148.63954162597656, 323.25665283203125, 485.5899658203125], [0.0, 351.19940185546875, 27.195404052734375, 397.3980712890625], [97.7339859008789, 379.3831787109375, 259.2908020019531, 499.0], [91.51573944091797, 379.751708984375, 262.1416931152344, 499.0], [207.69993591308594, 286.1832275390625, 272.88616943359375, 344.8851318359375], [67.26240539550781, 178.71112060546875, 91.07806396484375, 229.7459716796875]]}