{"categories": [0, 3, 7, 37], "bboxes": [[75.13496398925781, 116.11389923095703, 158.43450927734375, 321.3702697753906], [326.59466552734375, 103.55113983154297, 604.6099243164062, 358.9969787597656], [198.90838623046875, 9.307815551757812, 634.0858154296875, 268.13037109375], [136.88694763183594, 56.45343780517578, 160.86476135253906, 264.8846130371094]]}