{"categories": [0, 13, 24, 26], "bboxes": [[61.222137451171875, 79.93174743652344, 208.55569458007812, 505.24114990234375], [195.4720001220703, 287.77337646484375, 593.1566772460938, 488.4912109375], [324.0276184082031, 262.03173828125, 427.5430603027344, 390.74505615234375], [182.34315490722656, 211.65597534179688, 252.3253631591797, 320.2490539550781]]}