{"categories": [0, 39, 40, 41, 42, 45, 53, 60, 69], "bboxes": [[363.31610107421875, 2.012359619140625, 569.1016235351562, 375.9327087402344], [84.07942199707031, 331.2471923828125, 161.94212341308594, 478.9012451171875], [588.47509765625, 302.5854187011719, 639.0, 378.0845642089844], [40.71280288696289, 396.24072265625, 98.27314758300781, 477.9627685546875], [496.783203125, 371.1679382324219, 527.985595703125, 401.6402282714844], [572.5036010742188, 377.8784484863281, 639.0, 479.0], [162.89244079589844, 386.7081604003906, 410.03106689453125, 471.2692565917969], [63.63372802734375, 322.96337890625, 615.6774291992188, 476.3438720703125], [522.6505126953125, 86.53868103027344, 639.0, 353.26043701171875]]}