{"categories": [0, 1, 24, 26, 31], "bboxes": [[377.79119873046875, 40.74214172363281, 499.042236328125, 406.98773193359375], [1.3420162200927734, 380.2147521972656, 50.24279022216797, 479.0], [459.8432312011719, 320.8197937011719, 488.3683166503906, 376.5319519042969], [90.80484008789062, 162.666015625, 143.52920532226562, 229.01583862304688], [294.10845947265625, 104.5135498046875, 457.09588623046875, 453.52728271484375]]}