{"categories": [0, 2, 7, 29], "bboxes": [[123.57649230957031, 155.9732666015625, 355.06378173828125, 388.40179443359375], [395.9759826660156, 116.99916076660156, 462.1588439941406, 143.2321319580078], [1.125946044921875, 112.6570816040039, 43.159873962402344, 143.0118408203125], [16.067811965942383, 207.64950561523438, 61.44970703125, 239.56549072265625]]}