{"categories": [0, 27, 40, 41, 43, 45, 56, 60], "bboxes": [[298.8578796386719, 7.55914306640625, 577.2496337890625, 478.11541748046875], [236.49607849121094, 162.86029052734375, 254.0399932861328, 202.57058715820312], [264.0638122558594, 406.6929626464844, 325.7477722167969, 479.0], [55.887271881103516, 437.8970031738281, 135.82135009765625, 479.0], [247.24063110351562, 243.374267578125, 265.6777648925781, 272.56964111328125], [209.54818725585938, 282.6112976074219, 247.00192260742188, 302.3564758300781], [570.3391723632812, 300.12164306640625, 619.9943237304688, 421.059326171875], [302.8460998535156, 309.5715026855469, 433.2870178222656, 471.5564880371094]]}