{"categories": [0, 27, 39, 41, 43, 45, 69, 72], "bboxes": [[138.5818328857422, 71.95433044433594, 484.43096923828125, 426.0], [312.6012878417969, 209.75021362304688, 329.2392883300781, 225.30825805664062], [370.551513671875, 294.7320251464844, 388.207275390625, 326.9276428222656], [90.44380950927734, 299.1150207519531, 111.72911834716797, 328.8019104003906], [364.51470947265625, 277.7254638671875, 442.92095947265625, 321.169189453125], [58.80540466308594, 216.14987182617188, 90.54765319824219, 236.10317993164062], [316.12127685546875, 247.2966766357422, 577.3162841796875, 426.0], [461.7909240722656, 0.0, 631.4259033203125, 423.1678161621094]]}