{"categories": [0, 2, 7, 31, 37, 56], "bboxes": [[395.2471008300781, 112.46476745605469, 513.6090698242188, 440.78533935546875], [524.8655395507812, 127.79132080078125, 618.6395874023438, 209.5255126953125], [169.96499633789062, 89.04816436767578, 241.5025634765625, 128.73806762695312], [8.76727294921875, 119.79411315917969, 140.72821044921875, 447.0], [305.70745849609375, 29.306411743164062, 414.821044921875, 440.98797607421875], [218.53582763671875, 294.8896179199219, 253.29812622070312, 357.8385925292969]]}