{"categories": [0, 13, 20, 26, 73], "bboxes": [[125.72539520263672, 151.52468872070312, 288.61236572265625, 475.4654846191406], [0.0, 270.0419921875, 639.0, 469.724609375], [265.753662109375, 30.287811279296875, 604.06494140625, 433.83160400390625], [260.58685302734375, 324.2354431152344, 307.34039306640625, 476.9897155761719], [454.9305725097656, 60.241424560546875, 466.1861877441406, 97.84683227539062]]}