{"categories": [0, 20, 24], "bboxes": [[325.88153076171875, 98.38236999511719, 415.85565185546875, 354.8814697265625], [346.60382080078125, 0.0, 624.5297241210938, 406.66864013671875], [272.95880126953125, 115.61756896972656, 329.1812744140625, 173.7422637939453]]}