{"categories": [0, 13, 41, 45, 56, 58, 60, 67, 71], "bboxes": [[321.5373229980469, 47.723541259765625, 500.3652038574219, 329.08062744140625], [600.3433837890625, 133.52984619140625, 639.0, 174.15216064453125], [358.60833740234375, 300.7768249511719, 400.85009765625, 332.5659484863281], [344.3150634765625, 325.67388916015625, 415.24359130859375, 343.19268798828125], [441.98321533203125, 304.5660095214844, 633.8314819335938, 373.9424743652344], [482.5771179199219, 171.50079345703125, 602.3219604492188, 393.4251708984375], [58.79585266113281, 307.9261474609375, 515.4285888671875, 391.3580322265625], [361.2858581542969, 126.79632568359375, 413.6944885253906, 187.77926635742188], [425.0491943359375, 313.1530456542969, 639.0, 377.3689880371094]]}