{"categories": [0, 24, 26, 28, 39, 41, 45, 48, 57, 60], "bboxes": [[239.7458038330078, 188.57568359375, 365.6422119140625, 435.638916015625], [5.241405487060547, 397.9051208496094, 129.459716796875, 477.2536926269531], [162.0423583984375, 260.99822998046875, 259.9230041503906, 377.87371826171875], [0.8020095825195312, 403.17755126953125, 133.65985107421875, 479.0], [369.84063720703125, 320.3028869628906, 393.63507080078125, 371.6227111816406], [385.98638916015625, 338.515625, 413.80535888671875, 378.1875], [391.197509765625, 312.6767578125, 447.1416015625, 358.86639404296875], [444.99591064453125, 341.7794494628906, 521.6121215820312, 371.3787536621094], [215.5119171142578, 163.81295776367188, 451.978759765625, 323.2034912109375], [327.98870849609375, 274.4716796875, 560.018798828125, 463.73065185546875]]}