{"categories": [0, 27], "bboxes": [[20.627334594726562, 138.7489013671875, 377.2593994140625, 627.9010620117188], [197.623291015625, 371.26165771484375, 254.86788940429688, 450.456298828125]]}