{"categories": [0, 40, 41, 56, 60, 67, 73], "bboxes": [[48.45396423339844, 206.23731994628906, 334.40716552734375, 470.79132080078125], [319.73480224609375, 312.6830139160156, 351.1590576171875, 387.8872375488281], [236.07086181640625, 216.62649536132812, 256.1234130859375, 240.22378540039062], [21.45305061340332, 215.94525146484375, 70.3840103149414, 280.3939514160156], [199.52584838867188, 291.05731201171875, 465.3127136230469, 462.47125244140625], [220.73663330078125, 342.4053955078125, 259.9497375488281, 364.72137451171875], [214.93797302246094, 342.3382873535156, 261.45819091796875, 365.8735046386719]]}