{"categories": [0, 39, 41, 45, 53, 56, 58, 60, 74], "bboxes": [[339.242919921875, 87.89326477050781, 553.4879150390625, 417.8089599609375], [323.8401794433594, 192.89378356933594, 346.0099792480469, 255.61793518066406], [250.58245849609375, 220.72427368164062, 283.68634033203125, 269.07525634765625], [354.4015808105469, 219.05291748046875, 431.9732971191406, 264.51043701171875], [281.8699951171875, 248.1993408203125, 352.2615966796875, 283.24407958984375], [322.0289611816406, 113.30036163330078, 409.0973815917969, 220.21218872070312], [201.82400512695312, 6.2466888427734375, 345.7606506347656, 160.6259307861328], [247.72723388671875, 191.13331604003906, 420.26446533203125, 392.29656982421875], [426.7906494140625, 278.9865417480469, 442.6572265625, 294.7614440917969]]}