{"categories": [0, 23, 27], "bboxes": [[414.38946533203125, 113.27468872070312, 585.6622314453125, 421.3142395019531], [11.356948852539062, 216.78448486328125, 422.529296875, 425.22662353515625], [456.1197814941406, 140.0676727294922, 477.5928649902344, 212.13072204589844]]}