{"categories": [0, 26, 53, 55, 56, 57, 58, 60], "bboxes": [[32.26280212402344, 32.59120178222656, 329.738037109375, 417.07720947265625], [427.4413146972656, 305.9040222167969, 497.6637268066406, 371.0693664550781], [362.6905517578125, 326.7215270996094, 418.77496337890625, 365.6862487792969], [0.0, 311.628173828125, 50.046241760253906, 405.263427734375], [300.8762512207031, 67.93965148925781, 409.1235046386719, 172.90602111816406], [467.64581298828125, 148.8789520263672, 638.1428833007812, 419.64801025390625], [441.04779052734375, 0.0, 578.8490600585938, 87.41291809082031], [487.77154541015625, 72.98391723632812, 637.9054565429688, 158.09486389160156]]}