{"categories": [0, 24, 26, 30, 31, 34], "bboxes": [[77.812744140625, 149.02166748046875, 286.49102783203125, 635.404052734375], [265.14892578125, 214.45982360839844, 331.4735107421875, 315.38720703125], [341.7978820800781, 322.4612731933594, 405.4305725097656, 389.7392272949219], [253.69427490234375, 392.4232177734375, 377.8406982421875, 630.7909545898438], [250.42587280273438, 402.1627197265625, 336.3387145996094, 631.315673828125], [140.33251953125, 1.8671188354492188, 195.49887084960938, 168.52825927734375]]}