{"categories": [0, 56, 57, 65, 67], "bboxes": [[172.06744384765625, 216.0565643310547, 468.88885498046875, 479.0], [101.2591552734375, 0.0, 174.56124877929688, 49.276763916015625], [586.214599609375, 86.842529296875, 639.0, 461.873046875], [266.8370361328125, 197.84814453125, 317.08465576171875, 219.55682373046875], [101.32621002197266, 252.13893127441406, 168.94052124023438, 276.4368591308594]]}