{"categories": [0, 32], "bboxes": [[394.3191223144531, 62.11570739746094, 610.9964599609375, 376.2598876953125], [193.849365234375, 331.9200134277344, 237.0203857421875, 374.2919616699219]]}