{"categories": [0, 36, 39, 41, 56, 57, 60, 73], "bboxes": [[227.8511962890625, 72.46153259277344, 464.26922607421875, 422.45672607421875], [163.37014770507812, 355.34423828125, 262.6041259765625, 424.943115234375], [136.41624450683594, 52.26060485839844, 155.32411193847656, 95.83476257324219], [98.78360748291016, 79.16694641113281, 113.22333526611328, 110.77165222167969], [398.5028076171875, 22.311073303222656, 534.0226440429688, 195.74990844726562], [394.7309265136719, 4.895225524902344, 526.6986694335938, 82.13798522949219], [511.326904296875, 4.5145111083984375, 603.0433349609375, 95.98067474365234], [35.84849166870117, 98.13072204589844, 101.19342041015625, 120.827880859375]]}