{"categories": [0, 39, 41, 42, 43, 45, 48, 55, 56, 60, 74], "bboxes": [[38.14602279663086, 8.833202362060547, 107.57247924804688, 120.05340576171875], [318.2666931152344, 212.28103637695312, 347.0331115722656, 281.0232849121094], [256.0243225097656, 244.4610137939453, 277.4653625488281, 274.4352111816406], [406.8699035644531, 301.9443664550781, 465.2674255371094, 338.9799499511719], [462.55218505859375, 273.12896728515625, 520.8948364257812, 295.0731201171875], [274.8631896972656, 293.4404296875, 369.2787170410156, 338.4698486328125], [395.5873718261719, 243.1924591064453, 436.1267395019531, 273.86553955078125], [404.1715393066406, 235.65277099609375, 440.6435852050781, 269.8924255371094], [1.636728286743164, 144.72564697265625, 64.47001647949219, 219.2774658203125], [167.35635375976562, 191.64703369140625, 582.9044189453125, 408.282470703125], [306.3360900878906, 6.3161420822143555, 328.9314880371094, 28.07166290283203]]}