{"categories": [0, 41, 56, 60, 62, 63, 66, 68], "bboxes": [[87.04151153564453, 13.398941040039062, 236.86239624023438, 416.41937255859375], [552.66162109375, 353.3634948730469, 581.2646484375, 401.7574157714844], [3.2376632690429688, 290.46142578125, 125.0945053100586, 417.78887939453125], [246.43873596191406, 333.6424865722656, 639.0, 416.9048767089844], [493.2036437988281, 231.78700256347656, 552.2536010742188, 364.69183349609375], [387.0401306152344, 280.12701416015625, 517.9852294921875, 374.56646728515625], [393.2290344238281, 349.1650695800781, 507.2499694824219, 366.3507385253906], [483.6791076660156, 148.95220947265625, 588.1845092773438, 215.74862670898438]]}