{"categories": [0, 2, 16, 24, 26, 58, 75], "bboxes": [[15.022186279296875, 6.82440185546875, 291.5858459472656, 602.2344360351562], [376.92364501953125, 0.0, 485.4971923828125, 64.08129119873047], [283.9586181640625, 158.7197265625, 424.50628662109375, 356.88690185546875], [100.01516723632812, 197.12109375, 402.5915832519531, 621.7676391601562], [326.0428771972656, 463.1097717285156, 393.9823303222656, 595.5103149414062], [370.01531982421875, 44.844146728515625, 639.0, 595.695556640625], [476.81585693359375, 413.74212646484375, 633.6843872070312, 634.1531372070312]]}