{"categories": [0, 32], "bboxes": [[493.2839050292969, 83.66468811035156, 612.3944091796875, 357.857421875], [416.0821228027344, 342.1647033691406, 476.0271911621094, 397.0714416503906]]}