{"categories": [0, 7, 32], "bboxes": [[407.1697998046875, 72.61720275878906, 626.8138427734375, 415.86572265625], [253.56362915039062, 27.50857925415039, 481.1457824707031, 114.53680419921875], [416.6872253417969, 289.3341979980469, 455.2665710449219, 332.6298522949219]]}