{"categories": [0, 18, 24, 27, 39, 41, 45, 56, 60, 74], "bboxes": [[190.8641815185547, 141.70187377929688, 357.26531982421875, 298.2825012207031], [0.345123291015625, 136.6500244140625, 48.63813781738281, 192.29913330078125], [87.48261260986328, 503.6434326171875, 240.86257934570312, 639.0], [269.8255310058594, 208.12936401367188, 285.5561828613281, 261.1316223144531], [241.54302978515625, 232.39797973632812, 259.9993896484375, 297.4424743652344], [160.57354736328125, 240.29818725585938, 183.54031372070312, 271.0570068359375], [157.4606170654297, 271.00054931640625, 209.8297882080078, 293.4366455078125], [260.42803955078125, 341.8126525878906, 425.0, 634.336181640625], [104.45143127441406, 270.784912109375, 388.7392578125, 461.7763671875], [311.9364013671875, 68.38544464111328, 333.98095703125, 105.01587677001953]]}