{"categories": [0, 16, 18], "bboxes": [[459.11761474609375, 16.007064819335938, 550.2030639648438, 371.83660888671875], [138.32937622070312, 201.31668090820312, 290.0826416015625, 411.0398864746094], [139.4893798828125, 202.8924560546875, 289.99017333984375, 415.21783447265625]]}