{"categories": [0, 34, 43, 56], "bboxes": [[266.04510498046875, 71.86810302734375, 450.9356689453125, 416.0929870605469], [234.9921112060547, 209.1556396484375, 297.2085266113281, 301.96173095703125], [236.71859741210938, 314.51617431640625, 324.9618225097656, 365.9356689453125], [602.6826171875, 236.27725219726562, 639.0, 360.8272399902344]]}