{"categories": [0, 24, 27, 30, 31], "bboxes": [[354.79998779296875, 80.58718872070312, 555.09619140625, 475.7853088378906], [157.14639282226562, 153.723388671875, 226.85662841796875, 198.40335083007812], [209.86395263671875, 213.09646606445312, 236.3837890625, 335.1203308105469], [59.42095184326172, 152.6376190185547, 247.5570068359375, 217.7134552001953], [432.3811340332031, 41.50054931640625, 634.415771484375, 184.1669464111328]]}