{"categories": [0, 40, 41, 56, 58, 60, 67, 73], "bboxes": [[172.15451049804688, 77.31990051269531, 566.5792236328125, 420.79229736328125], [150.12274169921875, 137.803466796875, 184.64669799804688, 205.10504150390625], [72.90389251708984, 139.68934631347656, 113.52962493896484, 223.3241424560547], [557.7186889648438, 184.56629943847656, 639.0, 373.71514892578125], [211.09152221679688, 15.166191101074219, 308.9717102050781, 124.5633316040039], [18.646804809570312, 174.34951782226562, 281.38134765625, 400.5204772949219], [55.64228820800781, 242.62152099609375, 112.18528747558594, 273.243896484375], [102.68733215332031, 276.0064392089844, 177.1232452392578, 306.6028137207031]]}