{"categories": [0, 26, 33], "bboxes": [[394.11639404296875, 46.813323974609375, 499.0, 329.6115417480469], [355.7359924316406, 254.8341064453125, 389.0434875488281, 294.46929931640625], [1.238128662109375, 80.62568664550781, 140.5821533203125, 180.6386260986328]]}