{"categories": [0, 6], "bboxes": [[312.90460205078125, 188.0205841064453, 634.3779296875, 470.5364990234375], [290.7209777832031, 99.08816528320312, 529.1474609375, 155.6479034423828]]}