{"categories": [0, 24, 26, 30, 31], "bboxes": [[305.43939208984375, 43.05523681640625, 510.62432861328125, 433.01019287109375], [592.7269897460938, 34.737022399902344, 619.0603637695312, 73.6133804321289], [43.463775634765625, 67.26130676269531, 71.2881088256836, 107.71430969238281], [70.72459411621094, 18.6435546875, 162.22203063964844, 437.0], [71.00981140136719, 26.82696533203125, 147.68646240234375, 408.98052978515625]]}