{"categories": [0, 32, 34, 35, 56], "bboxes": [[319.2561950683594, 31.199005126953125, 607.1900634765625, 529.8634033203125], [319.2887878417969, 371.86767578125, 349.6112365722656, 402.4697265625], [325.0877685546875, 397.1040954589844, 362.8167724609375, 533.0], [493.4090576171875, 433.66082763671875, 620.1680908203125, 520.3065185546875], [0.02498626708984375, 122.36224365234375, 30.870241165161133, 221.38372802734375]]}