{"categories": [0, 41, 44, 45, 60, 63, 73], "bboxes": [[335.3214416503906, 1.0128250122070312, 547.3964233398438, 241.19448852539062], [434.9372253417969, 230.9207763671875, 524.8928833007812, 328.265380859375], [550.4727172851562, 300.5635986328125, 635.5452270507812, 349.806396484375], [423.633056640625, 302.2076721191406, 458.93280029296875, 332.0217590332031], [303.78204345703125, 186.7617645263672, 639.0, 357.36248779296875], [0.0033111572265625, 107.40098571777344, 305.7869873046875, 356.62042236328125], [310.8683166503906, 177.93768310546875, 438.2217712402344, 326.5408020019531]]}