{"categories": [0, 24, 26, 40, 58], "bboxes": [[415.49981689453125, 107.70075988769531, 547.8334350585938, 370.1873779296875], [477.4129638671875, 141.28578186035156, 543.9248046875, 240.5348358154297], [509.2588806152344, 151.6202392578125, 535.4912719726562, 238.51876831054688], [197.87989807128906, 133.58030700683594, 229.3571319580078, 171.8822784423828], [338.625, 191.75469970703125, 363.57781982421875, 268.5108337402344]]}