{"categories": [0, 24, 26, 35, 41, 45, 55, 56, 60, 73], "bboxes": [[57.619873046875, 46.06721496582031, 295.3408203125, 430.656494140625], [341.70184326171875, 154.7047576904297, 450.251708984375, 312.79278564453125], [53.1899528503418, 255.20541381835938, 129.9166259765625, 348.9390563964844], [0.0, 189.5681610107422, 21.251319885253906, 238.2612762451172], [383.8109436035156, 388.1518249511719, 452.8678283691406, 452.9267883300781], [220.5899658203125, 380.64312744140625, 298.77386474609375, 446.276123046875], [229.7887725830078, 439.5733947753906, 380.3265380859375, 572.947265625], [245.38174438476562, 256.2197265625, 397.4738464355469, 368.6591796875], [18.548233032226562, 327.865478515625, 472.32421875, 623.1461181640625], [108.80567169189453, 20.070598602294922, 129.44619750976562, 66.076171875]]}