{"categories": [0, 34, 35], "bboxes": [[68.48681640625, 227.40823364257812, 259.195556640625, 467.1677551269531], [9.598278045654297, 316.4461669921875, 96.53384399414062, 346.44293212890625], [262.2246398925781, 348.1222839355469, 290.9521179199219, 391.4264221191406]]}