{"categories": [0, 14, 37], "bboxes": [[243.6884765625, 155.79190063476562, 342.86566162109375, 406.7019348144531], [544.7391357421875, 355.5910949707031, 561.1531982421875, 375.7575378417969], [250.20181274414062, 209.24977111816406, 383.6312561035156, 313.02984619140625]]}