{"categories": [0, 13], "bboxes": [[2.671478271484375, 26.237274169921875, 369.33465576171875, 422.8717041015625], [188.08090209960938, 233.97872924804688, 547.842041015625, 382.7999572753906]]}