{"categories": [0, 13, 56, 58], "bboxes": [[261.8712158203125, 73.68739318847656, 440.54718017578125, 399.0], [22.90936279296875, 155.62045288085938, 499.0, 392.4631652832031], [0.0, 143.41189575195312, 122.529052734375, 396.0111999511719], [252.0782470703125, 343.7401428222656, 324.17254638671875, 399.0]]}