{"categories": [0, 39, 41, 45, 55, 60, 68, 69, 73], "bboxes": [[336.66632080078125, 106.92404174804688, 509.5550537109375, 423.2776184082031], [81.40406036376953, 236.49566650390625, 100.2226791381836, 277.1494140625], [347.13873291015625, 246.15066528320312, 369.0411376953125, 266.4350280761719], [238.08213806152344, 314.2955017089844, 265.1555480957031, 348.5000305175781], [62.01756286621094, 224.01181030273438, 207.54090881347656, 312.1539611816406], [0.0, 242.19674682617188, 261.501708984375, 422.3500061035156], [161.15493774414062, 131.73422241210938, 239.33059692382812, 190.36447143554688], [231.09054565429688, 304.806640625, 344.5060119628906, 426.0], [460.62744140625, 160.17185974121094, 481.51470947265625, 184.5640106201172]]}