{"categories": [0, 27], "bboxes": [[2.107574462890625, 0.0, 525.49560546875, 470.31011962890625], [190.71156311035156, 392.0740661621094, 361.6597900390625, 476.6783752441406]]}