{"categories": [0, 6, 7, 9, 24, 26, 28], "bboxes": [[367.84674072265625, 168.5270538330078, 464.43719482421875, 423.84979248046875], [0.0, 0.0, 593.8385009765625, 424.0], [0.0, 0.0, 428.99639892578125, 424.0], [546.7168579101562, 144.26805114746094, 554.6344604492188, 158.62876892089844], [427.6264953613281, 212.75827026367188, 495.7929382324219, 286.46124267578125], [486.46795654296875, 276.06903076171875, 535.7770385742188, 318.27520751953125], [428.32135009765625, 287.1684875488281, 471.874267578125, 368.2596130371094]]}