{"categories": [0, 4, 14, 26, 56, 57, 61, 65, 72], "bboxes": [[168.87054443359375, 121.25172424316406, 295.41046142578125, 422.23773193359375], [451.1796875, 31.945844650268555, 466.48321533203125, 42.764984130859375], [450.97308349609375, 31.992589950561523, 466.79034423828125, 43.070491790771484], [269.992919921875, 337.7251281738281, 288.67144775390625, 384.3537292480469], [505.4162902832031, 301.1694641113281, 588.7086791992188, 425.0], [149.64894104003906, 336.5739440917969, 362.83990478515625, 421.2522888183594], [125.41578674316406, 341.7254333496094, 176.13414001464844, 423.7793884277344], [237.68569946289062, 338.30859375, 265.2347412109375, 358.7930908203125], [532.4411010742188, 212.1380157470703, 571.5230102539062, 311.39544677734375]]}