{"categories": [0, 24, 54, 67], "bboxes": [[289.7943420410156, 30.423477172851562, 497.0293273925781, 392.5865478515625], [354.7790832519531, 141.38473510742188, 499.0, 336.28948974609375], [145.6978759765625, 233.8463897705078, 175.748046875, 251.84080505371094], [295.321044921875, 103.77418518066406, 313.14508056640625, 133.29554748535156]]}