{"categories": [0, 67, 73, 79], "bboxes": [[0.0, 124.92027282714844, 243.801025390625, 634.32275390625], [316.6318664550781, 281.332763671875, 330.3339538574219, 304.16943359375], [31.787813186645508, 196.1813201904297, 84.98759460449219, 221.7416229248047], [62.823612213134766, 246.1082305908203, 179.62159729003906, 296.506591796875]]}