{"categories": [0, 16, 28, 56, 57, 58, 60, 62, 73], "bboxes": [[59.9910888671875, 111.21953582763672, 205.3526611328125, 335.2529296875], [360.668212890625, 208.57089233398438, 387.8853759765625, 237.6807861328125], [383.4952087402344, 177.22845458984375, 407.0849304199219, 199.23599243164062], [415.6322326660156, 162.810302734375, 474.0307922363281, 256.8831481933594], [0.0, 133.07711791992188, 63.98199462890625, 417.7073059082031], [188.55210876464844, 63.59006881713867, 228.0598602294922, 121.38009643554688], [168.63775634765625, 184.30221557617188, 388.65557861328125, 409.6479187011719], [163.34286499023438, 102.37909698486328, 195.65249633789062, 130.41873168945312], [513.6930541992188, 133.72120666503906, 558.4733276367188, 186.4780731201172]]}