{"categories": [0, 24, 26, 41, 45, 54, 57, 60], "bboxes": [[0.0, 58.60955810546875, 102.64988708496094, 402.0148620605469], [345.65618896484375, 301.72515869140625, 602.2429809570312, 423.85198974609375], [381.5184020996094, 318.2115783691406, 488.3516540527344, 393.7926940917969], [561.3831176757812, 220.07965087890625, 629.9154663085938, 332.34368896484375], [508.2137756347656, 213.18910217285156, 557.139892578125, 241.6153106689453], [226.08509826660156, 199.44003295898438, 286.5809020996094, 246.1614990234375], [0.75604248046875, 91.68037414550781, 428.8907775878906, 409.33807373046875], [6.34661865234375, 295.4757995605469, 347.9263610839844, 422.8054504394531]]}