{"categories": [0, 1, 2, 3], "bboxes": [[365.0597229003906, 58.39842224121094, 575.7838745117188, 459.9183349609375], [193.94125366210938, 150.68618774414062, 279.8382263183594, 295.1216125488281], [302.4664611816406, 93.15858459472656, 392.5165710449219, 156.24667358398438], [221.76124572753906, 201.74417114257812, 601.9923095703125, 466.2836608886719]]}