{"categories": [0, 27, 40, 41, 45, 53, 55, 60], "bboxes": [[165.61917114257812, 306.3857116699219, 259.9752197265625, 432.7052917480469], [155.7588348388672, 397.025634765625, 170.45912170410156, 425.62554931640625], [329.9717712402344, 460.07135009765625, 356.9614562988281, 530.042724609375], [350.9579162597656, 572.5191040039062, 401.8313293457031, 637.8245239257812], [250.50709533691406, 550.1405029296875, 353.7801513671875, 611.9871826171875], [222.0080108642578, 460.95831298828125, 285.44921875, 483.20697021484375], [202.72427368164062, 531.6605224609375, 254.1602783203125, 557.0185546875], [130.0578155517578, 387.2231750488281, 408.4305419921875, 630.7276611328125]]}