{"categories": [0, 43, 55], "bboxes": [[174.73883056640625, 78.65548706054688, 407.32568359375, 623.4481201171875], [109.60508728027344, 414.8232727050781, 132.27243041992188, 498.9024353027344], [0.0, 359.2121276855469, 145.8383331298828, 613.269287109375]]}