{"categories": [0, 9, 45, 55, 56, 57, 58, 65, 73], "bboxes": [[375.56854248046875, 46.40400695800781, 495.92626953125, 417.02850341796875], [74.92205810546875, 101.21153259277344, 86.88671875, 120.880126953125], [593.1015625, 234.8537139892578, 621.7130126953125, 251.0428009033203], [103.17005157470703, 393.698974609375, 181.35104370117188, 425.0], [192.16928100585938, 211.1871795654297, 273.0564270019531, 325.9449462890625], [189.64410400390625, 181.21446228027344, 326.58721923828125, 308.8482666015625], [30.543975830078125, 153.39723205566406, 222.08102416992188, 327.54302978515625], [357.0172119140625, 186.510009765625, 410.055419921875, 220.57675170898438], [459.1343994140625, 42.55780029296875, 578.277099609375, 76.29059600830078]]}