{"categories": [0, 2, 7, 41, 46, 47, 55, 56], "bboxes": [[284.6982421875, 112.7266845703125, 418.26983642578125, 479.0], [576.1355590820312, 105.53327941894531, 639.0, 207.61659240722656], [574.7835693359375, 105.41323852539062, 639.0, 211.30899047851562], [498.2324523925781, 308.004150390625, 525.9415283203125, 355.2003173828125], [0.0, 16.001480102539062, 502.00982666015625, 451.5494384765625], [37.81111145019531, 230.85565185546875, 77.01534271240234, 269.5800476074219], [470.4821472167969, 361.59136962890625, 548.80712890625, 456.21282958984375], [513.9674072265625, 192.79820251464844, 541.3885498046875, 238.06849670410156]]}