{"categories": [0, 35], "bboxes": [[51.093841552734375, 158.24649047851562, 299.8769226074219, 582.294189453125], [357.8572082519531, 231.96640014648438, 418.1672668457031, 309.3620910644531]]}