{"categories": [0, 1, 10, 24, 26], "bboxes": [[519.9700317382812, 199.41404724121094, 583.1544799804688, 381.3787841796875], [390.8940124511719, 263.81573486328125, 422.3023986816406, 337.46575927734375], [266.57879638671875, 284.1255798339844, 337.20062255859375, 446.6805725097656], [572.474853515625, 272.3547668457031, 607.2332763671875, 324.4300842285156], [101.23992919921875, 261.06097412109375, 153.998046875, 377.455810546875]]}