{"categories": [0, 24, 30], "bboxes": [[45.23460388183594, 0.0, 191.3211212158203, 436.0390625], [323.9875183105469, 141.36279296875, 374.4030456542969, 211.907470703125], [62.00508117675781, 569.772216796875, 405.380859375, 608.535400390625]]}