{"categories": [0, 41, 44, 45, 47, 60, 67, 72], "bboxes": [[0.0, 0.0, 302.83154296875, 464.3525085449219], [586.7846069335938, 301.4809875488281, 636.1494750976562, 358.7809753417969], [500.9659118652344, 294.10888671875, 526.642578125, 324.4095458984375], [455.8807678222656, 298.22723388671875, 545.0565795898438, 375.47674560546875], [377.2641296386719, 350.8807373046875, 418.0045471191406, 390.7305908203125], [133.393798828125, 291.20281982421875, 635.1300659179688, 467.2918701171875], [156.27716064453125, 359.9035949707031, 223.4840087890625, 398.6922302246094], [123.86128997802734, 95.10865020751953, 304.12896728515625, 270.4660949707031]]}