{"categories": [0, 34], "bboxes": [[60.792884826660156, 92.529541015625, 232.80752563476562, 463.53582763671875], [213.5903778076172, 218.545166015625, 317.248046875, 267.9490051269531]]}