{"categories": [0, 56, 60, 62, 63, 66, 67], "bboxes": [[38.239410400390625, 60.613006591796875, 377.02880859375, 447.2650451660156], [359.47247314453125, 303.0985412597656, 409.939697265625, 428.7106628417969], [180.13421630859375, 400.7636413574219, 639.0, 453.1838684082031], [3.1102142333984375, 2.8417587280273438, 129.2289276123047, 91.75789642333984], [503.8908996582031, 411.9513854980469, 639.0, 455.7939147949219], [513.7872314453125, 423.7926025390625, 636.1011962890625, 454.201904296875], [341.30352783203125, 219.80079650878906, 407.78643798828125, 268.4717102050781]]}