{"categories": [0, 24, 56, 60, 62], "bboxes": [[34.290435791015625, 181.72952270507812, 173.1201171875, 371.4887390136719], [341.6265563964844, 326.1755065917969, 370.2815856933594, 372.5842590332031], [156.0611572265625, 274.2548828125, 221.32223510742188, 373.53656005859375], [308.12579345703125, 240.31068420410156, 404.93182373046875, 310.8448181152344], [121.1021728515625, 141.1871795654297, 177.79806518554688, 175.9329376220703]]}