{"categories": [0, 39, 41, 44, 53, 56, 60, 67, 74], "bboxes": [[378.8219299316406, 50.94847106933594, 608.345947265625, 350.04351806640625], [529.0567626953125, 260.2237548828125, 598.3779296875, 424.25347900390625], [42.54602813720703, 329.976318359375, 110.54669952392578, 413.9376220703125], [309.1742858886719, 326.2563781738281, 418.7481994628906, 344.9112854003906], [257.6335144042969, 234.69668579101562, 444.0179138183594, 325.1405334472656], [594.8782958984375, 295.9809265136719, 639.0, 357.6184997558594], [229.6704559326172, 312.96014404296875, 634.7300415039062, 420.3551025390625], [208.42214965820312, 111.45651245117188, 235.65936279296875, 141.96099853515625], [207.5046844482422, 137.50296020507812, 250.0881805419922, 185.27313232421875]]}