{"categories": [0, 2, 17, 18], "bboxes": [[166.5863494873047, 218.12440490722656, 343.377197265625, 526.1555786132812], [411.0577392578125, 335.63763427734375, 479.0, 368.12225341796875], [0.9485931396484375, 310.969970703125, 364.45941162109375, 632.5659790039062], [449.4643249511719, 562.3084106445312, 479.0, 638.2488403320312]]}