{"categories": [0, 39, 41, 44, 45, 55, 57, 60, 73, 75], "bboxes": [[377.66204833984375, 73.66534423828125, 551.6529541015625, 326.1005554199219], [159.1603546142578, 76.58086395263672, 176.5546417236328, 96.90973663330078], [417.6269836425781, 173.22021484375, 449.2022399902344, 205.19021606445312], [434.96136474609375, 318.72747802734375, 537.62060546875, 338.0003662109375], [451.6283264160156, 316.2301025390625, 556.5579833984375, 358.552490234375], [169.4015655517578, 310.9798889160156, 210.6315155029297, 350.5478210449219], [17.375732421875, 119.79765319824219, 585.9723510742188, 404.825927734375], [37.254547119140625, 280.8616638183594, 629.0885009765625, 471.4565124511719], [31.713199615478516, 63.308013916015625, 97.8551025390625, 95.60975646972656], [66.8098373413086, 354.1747741699219, 159.53482055664062, 442.7486267089844]]}