{"categories": [0, 13, 26, 28, 31, 36, 37, 77], "bboxes": [[171.51815795898438, 58.21107482910156, 281.0630187988281, 362.778076171875], [9.097587585449219, 178.150634765625, 235.7535400390625, 358.30474853515625], [245.05792236328125, 172.19711303710938, 330.6256103515625, 264.949462890625], [247.16616821289062, 175.80865478515625, 330.0122375488281, 264.1321105957031], [545.1002197265625, 136.62355041503906, 639.0, 275.04168701171875], [548.36328125, 138.80084228515625, 639.0, 265.06884765625], [345.5492858886719, 147.94003295898438, 576.6443481445312, 319.2008056640625], [2.6959991455078125, 54.1851806640625, 150.38673400878906, 360.02276611328125]]}