{"categories": [0, 34, 35], "bboxes": [[377.2774658203125, 114.00341796875, 536.6326904296875, 374.9273376464844], [394.7496337890625, 93.09182739257812, 459.6094970703125, 156.14964294433594], [271.2519836425781, 286.2489929199219, 308.6072692871094, 317.2168884277344]]}