{"categories": [0, 32], "bboxes": [[1.5320167541503906, 21.64617919921875, 99.66477966308594, 214.47247314453125], [84.08175659179688, 102.72848510742188, 122.56976318359375, 142.5037078857422]]}