{"categories": [0, 25, 47, 49, 58], "bboxes": [[457.61773681640625, 129.6622772216797, 626.5449829101562, 395.0216064453125], [321.9554138183594, 67.93395233154297, 391.3291931152344, 116.62169647216797], [0.2883186340332031, 223.84921264648438, 58.38231658935547, 270.07086181640625], [174.14913940429688, 253.31166076660156, 319.7693786621094, 315.5343322753906], [364.6719665527344, 241.56613159179688, 495.0225524902344, 399.0]]}