{"categories": [0, 41], "bboxes": [[45.6900634765625, 43.85862731933594, 328.0887451171875, 416.06475830078125], [293.2542724609375, 328.7868957519531, 348.897216796875, 388.4343566894531]]}