{"categories": [0, 32, 38], "bboxes": [[30.478652954101562, 71.76210021972656, 182.487060546875, 402.22344970703125], [503.28509521484375, 188.47903442382812, 510.3243408203125, 194.74185180664062], [10.173049926757812, 104.59044647216797, 84.73590087890625, 199.741455078125]]}