{"categories": [0, 41, 45, 53, 55, 56, 58, 60, 65, 67, 73], "bboxes": [[426.4136657714844, 77.27984619140625, 625.373291015625, 432.21990966796875], [294.57330322265625, 286.1043701171875, 327.6861572265625, 333.8671875], [317.83331298828125, 213.42440795898438, 374.42919921875, 240.812744140625], [206.5889892578125, 283.4306335449219, 275.5175476074219, 322.3586730957031], [252.0437469482422, 215.38973999023438, 310.1308898925781, 249.60308837890625], [561.343017578125, 150.70452880859375, 639.0, 403.01971435546875], [203.0467071533203, 102.15293884277344, 273.3060302734375, 212.19764709472656], [148.4158477783203, 178.8983154296875, 520.0371704101562, 420.9293212890625], [202.773681640625, 262.2204284667969, 278.7404479980469, 287.0837097167969], [324.90167236328125, 300.85040283203125, 361.7568359375, 326.52496337890625], [435.8315734863281, 247.5377960205078, 472.9370422363281, 265.9245300292969]]}