{"categories": [0, 27, 45, 50, 55, 58, 60], "bboxes": [[160.15655517578125, 134.5452117919922, 394.29620361328125, 451.98590087890625], [238.60572814941406, 196.24176025390625, 262.0126953125, 280.260498046875], [227.7692413330078, 576.1361083984375, 304.9936218261719, 636.5234375], [13.37794303894043, 521.6908569335938, 74.1535415649414, 582.5756225585938], [47.4348030090332, 294.0821228027344, 154.50411987304688, 471.5601501464844], [335.4700622558594, 0.0, 477.0, 502.33465576171875], [0.0, 350.97210693359375, 400.1796875, 626.626708984375]]}