{"categories": [0, 29], "bboxes": [[47.165103912353516, 89.82687377929688, 108.53099060058594, 211.59640502929688], [99.52490234375, 51.07561492919922, 146.93161010742188, 70.58436584472656]]}