{"categories": [0, 32], "bboxes": [[64.49787139892578, 102.42941284179688, 242.44781494140625, 386.4510803222656], [258.0213623046875, 315.9140625, 304.3375244140625, 361.40081787109375]]}