{"categories": [0, 24, 30], "bboxes": [[152.88034057617188, 77.10536193847656, 205.23471069335938, 226.7681427001953], [356.3969421386719, 146.28958129882812, 438.2767639160156, 238.30374145507812], [312.2655029296875, 413.6648864746094, 535.944580078125, 478.0398864746094]]}