{"categories": [0, 41, 45, 54, 56, 60], "bboxes": [[3.5944671630859375, 127.36738586425781, 400.1353759765625, 475.810791015625], [348.7386779785156, 373.6678771972656, 420.1006774902344, 478.9751892089844], [440.9158630371094, 443.8468933105469, 481.4165954589844, 466.6337585449219], [331.1489562988281, 287.7735595703125, 404.1619567871094, 371.18609619140625], [0.2904930114746094, 345.84161376953125, 46.11985778808594, 442.28277587890625], [258.7502746582031, 377.01171875, 621.542236328125, 474.0340576171875]]}