{"categories": [0, 42, 43, 44, 46, 47, 48, 56, 60], "bboxes": [[286.5758972167969, 3.692596435546875, 639.0, 80.30020904541016], [5.4912261962890625, 51.463687896728516, 157.33998107910156, 145.5018310546875], [509.944580078125, 44.809814453125, 639.0, 115.52702331542969], [509.94207763671875, 40.414913177490234, 637.6891479492188, 114.42530822753906], [123.54901123046875, 324.51678466796875, 373.53082275390625, 413.70684814453125], [141.05453491210938, 328.0762023925781, 359.5970764160156, 407.3861389160156], [37.59162902832031, 47.701416015625, 520.1642456054688, 410.656005859375], [242.24285888671875, 0.0, 321.1861572265625, 60.899322509765625], [4.141021728515625, 25.398773193359375, 639.0, 468.2738342285156]]}