{"categories": [0, 39, 41, 43, 45, 55, 60, 73], "bboxes": [[4.5544281005859375, 22.053451538085938, 356.9295654296875, 479.0], [620.2520141601562, 74.53092956542969, 639.0, 117.75836181640625], [592.1575927734375, 85.21806335449219, 620.4874267578125, 114.36384582519531], [308.5265197753906, 293.47528076171875, 407.9107360839844, 389.79974365234375], [463.9201354980469, 390.34967041015625, 600.245361328125, 471.0208740234375], [225.61865234375, 319.1537780761719, 425.63836669921875, 479.0], [149.17916870117188, 292.84002685546875, 596.69970703125, 475.9876708984375], [4.476472854614258, 0.0, 44.258338928222656, 61.063568115234375]]}