{"categories": [0, 25, 26], "bboxes": [[73.56411743164062, 132.60743713378906, 193.93814086914062, 589.4041748046875], [225.2090301513672, 72.20541381835938, 450.05218505859375, 163.7393798828125], [399.50537109375, 207.79486083984375, 482.916015625, 413.2301025390625]]}