{"categories": [0, 34, 58, 67, 74], "bboxes": [[32.1534309387207, 157.38014221191406, 158.73170471191406, 494.643310546875], [47.41065216064453, 339.8225402832031, 105.96941375732422, 483.8946228027344], [135.40777587890625, 341.4322509765625, 184.25247192382812, 413.2774658203125], [164.6905975341797, 405.5588684082031, 180.9642791748047, 422.2098083496094], [388.1245422363281, 63.83363342285156, 425.5791931152344, 121.358154296875]]}