{"categories": [0, 2, 9, 10, 26], "bboxes": [[128.64942932128906, 261.84393310546875, 225.7283477783203, 556.3713989257812], [116.11540985107422, 326.22235107421875, 138.52456665039062, 347.177490234375], [3.8238182067871094, 143.2177734375, 13.219194412231445, 168.2989501953125], [218.49749755859375, 452.0722961425781, 306.68841552734375, 630.912109375], [128.83853149414062, 429.15936279296875, 150.17507934570312, 490.6282958984375]]}