{"categories": [0, 39, 56, 60, 62, 63, 73], "bboxes": [[184.34982299804688, 151.00857543945312, 306.9547119140625, 326.6277770996094], [381.64581298828125, 230.94851684570312, 408.3336181640625, 308.8701477050781], [159.77352905273438, 238.85137939453125, 292.4189147949219, 330.60491943359375], [295.4162902832031, 275.7190246582031, 499.0, 328.0500793457031], [96.3523178100586, 53.17302703857422, 336.4010314941406, 211.56552124023438], [402.34698486328125, 231.7400360107422, 499.0, 292.9142150878906], [304.4948425292969, 287.1460266113281, 386.5860290527344, 307.2654113769531]]}