{"categories": [0, 35, 38], "bboxes": [[244.77151489257812, 170.89292907714844, 412.3612976074219, 372.25811767578125], [283.9086608886719, 331.93975830078125, 320.3277282714844, 362.79541015625], [282.2288818359375, 448.4450988769531, 377.91326904296875, 494.9580993652344]]}