{"categories": [0, 24, 26, 48, 52], "bboxes": [[363.52056884765625, 0.0, 638.5001831054688, 473.662109375], [297.1078186035156, 139.39328002929688, 398.2052307128906, 250.24847412109375], [177.00164794921875, 288.8897705078125, 221.80233764648438, 376.64337158203125], [140.1023712158203, 244.1076202392578, 205.57569885253906, 289.63348388671875], [217.42996215820312, 273.34930419921875, 281.0011901855469, 293.03961181640625]]}