{"categories": [0, 10, 25, 34], "bboxes": [[235.98013305664062, 165.5831756591797, 406.4626770019531, 530.720703125], [130.14938354492188, 160.7631378173828, 286.3163146972656, 560.7752685546875], [176.53704833984375, 51.05534362792969, 423.7442626953125, 259.117431640625], [161.36563110351562, 127.60065460205078, 263.9598388671875, 359.3884582519531]]}