{"categories": [0, 26, 29], "bboxes": [[262.4795837402344, 46.7989501953125, 574.0491943359375, 414.9158935546875], [130.0644073486328, 93.62692260742188, 188.5352325439453, 154.5751953125], [150.55093383789062, 199.94480895996094, 223.63327026367188, 239.0149688720703]]}