{"categories": [0, 1, 26, 33], "bboxes": [[12.622238159179688, 49.57398986816406, 296.91375732421875, 466.7437744140625], [519.8524169921875, 200.77288818359375, 563.060302734375, 232.64706420898438], [357.9347839355469, 320.1220397949219, 461.4892883300781, 479.0], [302.4001159667969, 59.59577941894531, 331.0957336425781, 100.72311401367188]]}