{"categories": [0, 13, 34, 35], "bboxes": [[200.32461547851562, 120.00543212890625, 431.7940368652344, 633.0396118164062], [227.2935791015625, 282.64007568359375, 322.0361328125, 346.241943359375], [208.81808471679688, 140.2126922607422, 229.48486328125, 279.182373046875], [361.4454040527344, 368.6246032714844, 423.1609802246094, 443.4279479980469]]}