{"categories": [0, 25, 56, 67], "bboxes": [[113.54472351074219, 86.75686645507812, 422.29876708984375, 630.771484375], [0.0, 0.7000961303710938, 414.08441162109375, 164.4810791015625], [122.2016830444336, 501.9751892089844, 311.36175537109375, 622.2951049804688], [96.94422149658203, 369.5741271972656, 150.8992919921875, 429.4028015136719]]}