{"categories": [0, 26, 39, 44, 65, 72], "bboxes": [[289.33807373046875, 12.567047119140625, 625.7591552734375, 471.605224609375], [29.707752227783203, 259.0188903808594, 104.76795959472656, 396.8275451660156], [305.0085144042969, 396.82672119140625, 322.6634216308594, 453.99609375], [242.82765197753906, 397.4298400878906, 261.67352294921875, 426.4734802246094], [31.101158142089844, 226.06166076660156, 49.41192626953125, 278.603271484375], [176.79148864746094, 359.2286682128906, 239.59413146972656, 444.8334045410156]]}