{"categories": [0, 29, 38, 67], "bboxes": [[127.81593322753906, 49.85784912109375, 421.55560302734375, 509.0621337890625], [399.8696594238281, 536.1707153320312, 508.2507629394531, 568.0], [183.57521057128906, 240.86631774902344, 250.4938507080078, 276.76580810546875], [348.7970275878906, 253.148193359375, 371.0041809082031, 280.7392578125]]}