{"categories": [0, 16, 26, 28, 64, 69, 72], "bboxes": [[282.1021423339844, 31.2744140625, 478.2252502441406, 552.8591918945312], [287.91607666015625, 177.59060668945312, 335.78253173828125, 233.5611572265625], [85.82302856445312, 398.44586181640625, 435.4368591308594, 634.8344116210938], [110.96771240234375, 388.29766845703125, 418.82122802734375, 630.309814453125], [271.2633056640625, 383.3741455078125, 336.95367431640625, 425.6170654296875], [174.23818969726562, 249.32235717773438, 366.9016418457031, 416.5039978027344], [92.89216613769531, 15.118606567382812, 389.175537109375, 480.55230712890625]]}