{"categories": [0, 13, 24, 26, 28, 56], "bboxes": [[74.4954605102539, 84.83021545410156, 292.7652587890625, 499.40155029296875], [567.6677856445312, 206.99560546875, 620.5735473632812, 261.14788818359375], [379.19610595703125, 237.50552368164062, 466.2557373046875, 297.4643249511719], [275.10406494140625, 201.87811279296875, 390.21697998046875, 326.93603515625], [416.425537109375, 296.6557312011719, 491.94451904296875, 392.1964416503906], [248.70152282714844, 358.757568359375, 309.9011535644531, 506.2572021484375]]}