{"categories": [0, 27, 67], "bboxes": [[11.427459716796875, 28.585861206054688, 317.287841796875, 475.63720703125], [146.82383728027344, 208.34120178222656, 197.99192810058594, 477.52508544921875], [384.3004150390625, 283.1013488769531, 418.25726318359375, 366.2901306152344]]}