{"categories": [0, 35], "bboxes": [[308.22637939453125, 34.1568603515625, 449.2734375, 407.5921936035156], [184.60276794433594, 216.513671875, 221.4304962158203, 260.8517150878906]]}