{"categories": [0, 41, 54, 56, 60, 62, 65, 73], "bboxes": [[413.3145751953125, 166.22357177734375, 601.97802734375, 452.51177978515625], [191.99757385253906, 325.47528076171875, 244.85130310058594, 394.0465087890625], [421.5348205566406, 195.2752227783203, 465.2635192871094, 245.91868591308594], [216.64146423339844, 74.9931411743164, 249.78697204589844, 177.27532958984375], [26.764007568359375, 141.1104736328125, 530.2100830078125, 466.53045654296875], [314.6044921875, 71.7509994506836, 362.207763671875, 148.292236328125], [260.0621643066406, 192.35589599609375, 294.9510803222656, 207.61502075195312], [363.0322570800781, 354.90460205078125, 421.2297058105469, 414.55059814453125]]}