{"categories": [0, 8, 24, 25, 30, 31, 56], "bboxes": [[311.8770751953125, 81.82005310058594, 511.068359375, 474.062744140625], [46.2353515625, 70.75341796875, 225.00265502929688, 166.615478515625], [370.8681640625, 0.0, 447.38201904296875, 55.08160400390625], [43.260353088378906, 75.16775512695312, 221.48855590820312, 150.6433868408203], [139.20774841308594, 381.91546630859375, 601.162109375, 474.82928466796875], [147.4828643798828, 379.02099609375, 597.1029052734375, 466.7314453125], [166.55123901367188, 186.83827209472656, 198.25387573242188, 234.8088836669922]]}