{"categories": [0, 26, 41, 52, 60, 62, 65], "bboxes": [[0.0, 35.20062255859375, 402.3898010253906, 617.7576293945312], [0.39522552490234375, 376.4267883300781, 222.31375122070312, 613.149169921875], [407.5361633300781, 472.3266906738281, 479.0, 567.2147827148438], [165.5882568359375, 273.0369567871094, 355.79534912109375, 467.2543640136719], [229.03421020507812, 440.5498962402344, 479.0, 631.7254638671875], [385.0762634277344, 0.172943115234375, 479.0, 106.08492279052734], [332.04815673828125, 409.8884582519531, 365.2923583984375, 497.2958068847656]]}