{"categories": [0, 2, 3, 9, 58], "bboxes": [[211.82366943359375, 145.07875061035156, 338.5565185546875, 452.12322998046875], [191.46902465820312, 182.3690643310547, 366.2544250488281, 250.69740295410156], [148.5489959716797, 169.50347900390625, 174.33653259277344, 239.81954956054688], [330.804443359375, 91.02007293701172, 359.189697265625, 138.96969604492188], [56.64350128173828, 24.33943748474121, 97.90142059326172, 55.47051239013672]]}