{"categories": [0, 57, 65], "bboxes": [[320.2703857421875, 125.99183654785156, 442.5322265625, 476.21697998046875], [0.0, 332.0373229980469, 315.34759521484375, 472.7770080566406], [32.333648681640625, 325.85650634765625, 70.20599365234375, 343.9444580078125]]}