{"categories": [0, 2, 3, 7, 17, 26, 32], "bboxes": [[577.8867797851562, 127.74931335449219, 639.0, 357.14202880859375], [218.2978057861328, 136.4986572265625, 278.90399169921875, 197.4757080078125], [427.02093505859375, 268.7333984375, 448.7855224609375, 309.9036865234375], [505.0577087402344, 121.29375457763672, 587.5988159179688, 197.82772827148438], [1.983734130859375, 34.145782470703125, 155.14332580566406, 355.9934387207031], [499.6600036621094, 207.39566040039062, 522.010986328125, 256.2298583984375], [482.74853515625, 112.08972930908203, 505.38568115234375, 135.0036163330078]]}