{"categories": [0, 65], "bboxes": [[143.03517150878906, 24.908157348632812, 302.70062255859375, 317.60711669921875], [145.03195190429688, 132.9457244873047, 180.85263061523438, 160.0749053955078]]}