{"categories": [0, 52], "bboxes": [[206.59841918945312, 1.36285400390625, 630.5472412109375, 468.7155456542969], [146.20408630371094, 242.63754272460938, 226.62779235839844, 315.9175720214844]]}