{"categories": [0, 59, 79], "bboxes": [[31.091552734375, 70.71415710449219, 636.166015625, 469.1474609375], [23.600555419921875, 16.572433471679688, 571.02734375, 444.041015625], [63.85992431640625, 84.54810333251953, 244.47442626953125, 256.39593505859375]]}