{"categories": [0, 24, 34, 35], "bboxes": [[300.35540771484375, 122.99375915527344, 407.4595947265625, 360.44439697265625], [6.082897186279297, 23.53765869140625, 95.406494140625, 86.13153839111328], [263.50140380859375, 216.3436279296875, 312.4974365234375, 261.0964050292969], [159.09120178222656, 272.03533935546875, 201.01548767089844, 330.73065185546875]]}