{"categories": [0, 13, 28], "bboxes": [[133.64410400390625, 52.195892333984375, 272.20050048828125, 380.9584655761719], [10.87890625, 102.05253601074219, 630.1594848632812, 366.6517333984375], [52.69267272949219, 98.73880767822266, 88.87384033203125, 149.78184509277344]]}