{"categories": [0, 54, 59, 60, 77], "bboxes": [[0.0, 154.78030395507812, 336.722900390625, 603.729248046875], [138.5506591796875, 366.9033508300781, 198.89230346679688, 429.7964172363281], [0.938079833984375, 17.431793212890625, 611.0, 550.2652587890625], [66.869384765625, 391.7314758300781, 611.0, 606.4011840820312], [514.2493896484375, 119.47099304199219, 610.51025390625, 380.58062744140625]]}