{"categories": [0, 29], "bboxes": [[119.61357116699219, 236.7207489013672, 423.04461669921875, 622.4903564453125], [278.5924072265625, 343.25653076171875, 307.9215087890625, 395.2242431640625]]}