{"categories": [0, 39, 40, 56, 58, 60, 75], "bboxes": [[551.1148071289062, 114.55532836914062, 639.0, 398.6927795410156], [511.5022888183594, 181.18081665039062, 528.3471069335938, 245.80313110351562], [473.9217529296875, 216.89707946777344, 496.50555419921875, 252.1049346923828], [81.8847427368164, 217.9521026611328, 249.5050048828125, 425.990966796875], [0.1056671142578125, 162.03021240234375, 36.82381820678711, 236.0286865234375], [406.05938720703125, 223.0675506591797, 600.551025390625, 413.14300537109375], [1.4064922332763672, 210.80877685546875, 22.438125610351562, 235.341064453125]]}