{"categories": [0, 56, 60, 67], "bboxes": [[134.0250701904297, 14.625442504882812, 637.8603515625, 469.0987548828125], [251.6186065673828, 150.3811798095703, 324.89013671875, 254.26002502441406], [0.085357666015625, 207.23057556152344, 108.54610443115234, 257.7666015625], [143.0363006591797, 385.0165710449219, 261.067626953125, 463.8011169433594]]}