{"categories": [0, 13, 25, 26, 27, 28], "bboxes": [[125.16432189941406, 45.25975036621094, 342.38433837890625, 332.0], [4.207109451293945, 124.65235900878906, 59.61189270019531, 147.35438537597656], [144.55770874023438, 139.92236328125, 212.67388916015625, 316.76824951171875], [353.66131591796875, 205.59634399414062, 446.29388427734375, 316.7915954589844], [149.86154174804688, 115.18985748291016, 213.15982055664062, 320.5525207519531], [105.13575744628906, 127.61151885986328, 122.149169921875, 139.1189727783203]]}