{"categories": [0, 25, 57, 59, 63], "bboxes": [[98.75370788574219, 89.55216979980469, 262.4813232421875, 309.975341796875], [203.67083740234375, 149.55474853515625, 351.6572265625, 293.0545349121094], [36.582794189453125, 253.27484130859375, 446.14501953125, 471.89593505859375], [28.347335815429688, 195.21885681152344, 457.49993896484375, 470.13330078125], [458.0104064941406, 291.59185791015625, 512.97998046875, 340.89215087890625]]}