{"categories": [0, 27], "bboxes": [[37.323028564453125, 60.038970947265625, 382.0862121582031, 475.9064025878906], [473.8070373535156, 290.7416687011719, 516.199462890625, 461.5036315917969]]}