{"categories": [0, 40, 41, 44, 45, 54, 55, 56, 60, 62, 65, 67], "bboxes": [[307.6532287597656, 41.0153694152832, 421.5824890136719, 138.43040466308594], [462.30645751953125, 305.6114807128906, 538.8319702148438, 413.7655334472656], [535.9465942382812, 62.75370788574219, 584.1195678710938, 144.61404418945312], [15.032417297363281, 282.0958557128906, 201.097900390625, 363.5978698730469], [103.56597137451172, 261.8544006347656, 243.26675415039062, 372.1349792480469], [476.040283203125, 191.02867126464844, 519.46826171875, 229.8404083251953], [519.6912231445312, 243.9273681640625, 625.3270874023438, 311.71875], [498.0747985839844, 48.788394927978516, 631.6555786132812, 113.610595703125], [34.79400634765625, 64.44929504394531, 628.8125610351562, 479.0], [227.72836303710938, 17.067596435546875, 496.2943420410156, 158.2608184814453], [269.25750732421875, 151.9357147216797, 434.7437744140625, 479.0], [253.87179565429688, 28.0181884765625, 448.2562561035156, 479.0]]}