{"categories": [0, 35], "bboxes": [[246.3751983642578, 2.4093017578125, 514.1087036132812, 406.0242919921875], [70.50721740722656, 289.4263000488281, 219.02476501464844, 406.4991760253906]]}