{"categories": [0, 2, 9, 13, 26, 39, 41, 48, 52, 55, 56, 60, 66], "bboxes": [[77.76274108886719, 62.575286865234375, 376.50860595703125, 423.1392822265625], [413.33087158203125, 180.23095703125, 438.12353515625, 194.21420288085938], [553.6744995117188, 138.1197509765625, 571.4570922851562, 165.09408569335938], [0.0, 313.2076721191406, 111.44747924804688, 403.0576477050781], [392.96771240234375, 323.7943420410156, 599.729736328125, 378.6194152832031], [158.59400939941406, 356.0573425292969, 220.79832458496094, 425.0], [588.7765502929688, 347.9564208984375, 636.4104614257812, 402.44024658203125], [307.3970947265625, 184.8893280029297, 384.38037109375, 228.4470977783203], [306.839111328125, 187.17352294921875, 384.1217041015625, 227.75955200195312], [355.7579040527344, 361.1583557128906, 402.1626281738281, 378.5505065917969], [473.65301513671875, 215.907958984375, 520.4884033203125, 271.2956237792969], [283.35125732421875, 321.6554260253906, 629.2015380859375, 419.7661437988281], [47.16227722167969, 246.5012969970703, 121.283203125, 266.1619567871094]]}