{"categories": [0, 13, 34, 35], "bboxes": [[344.5010070800781, 136.7615966796875, 474.8248596191406, 376.8489990234375], [371.55029296875, 226.6846466064453, 630.268798828125, 335.06549072265625], [399.9762878417969, 108.95637512207031, 639.0, 159.04197692871094], [186.26544189453125, 204.04779052734375, 291.61029052734375, 293.7301025390625]]}