{"categories": [0, 41, 56, 62], "bboxes": [[0.0, 80.20835876464844, 112.59689331054688, 365.470458984375], [338.52105712890625, 273.6323547363281, 360.8482666015625, 320.3934631347656], [412.1003112792969, 167.06768798828125, 499.0, 358.3729248046875], [207.1009521484375, 67.33490753173828, 346.5989990234375, 196.28106689453125]]}