{"categories": [0, 30, 31], "bboxes": [[388.04193115234375, 153.7556915283203, 588.341064453125, 460.87957763671875], [244.31076049804688, 310.78594970703125, 419.6507873535156, 409.43341064453125], [69.06694030761719, 89.10542297363281, 293.87628173828125, 474.80206298828125]]}