{"categories": [0, 2, 24, 26, 35], "bboxes": [[310.2143249511719, 117.13441467285156, 443.3178405761719, 475.22894287109375], [493.87054443359375, 200.93057250976562, 532.6884155273438, 220.58425903320312], [415.4416198730469, 298.355712890625, 458.9433898925781, 357.000732421875], [415.2773742675781, 294.7645263671875, 458.6855773925781, 357.2066650390625], [297.0877685546875, 309.9388732910156, 338.48419189453125, 353.3726501464844]]}