{"categories": [0, 1, 33, 73], "bboxes": [[36.37291717529297, 397.4541320800781, 249.996826171875, 634.26904296875], [313.8184814453125, 468.4817810058594, 354.11248779296875, 494.5107116699219], [190.85646057128906, 90.2493667602539, 205.9006805419922, 103.6224594116211], [199.46958923339844, 482.21954345703125, 261.5590515136719, 566.0180053710938]]}