{"categories": [0, 57, 65], "bboxes": [[303.00189208984375, 5.396759033203125, 633.16259765625, 454.1957092285156], [9.08251953125, 216.2728271484375, 600.2411499023438, 454.03948974609375], [192.66482543945312, 329.6286315917969, 272.994384765625, 387.0833435058594]]}