{"categories": [0, 34, 35], "bboxes": [[136.2125701904297, 23.984039306640625, 297.40625, 418.5126647949219], [228.63619995117188, 176.7816162109375, 298.1668395996094, 268.26141357421875], [468.7261657714844, 269.3856201171875, 504.7837219238281, 313.92962646484375]]}