{"categories": [0, 13, 24, 30, 73], "bboxes": [[99.98448181152344, 134.12149047851562, 199.21922302246094, 405.2363586425781], [314.5625, 218.37994384765625, 363.16400146484375, 268.52783203125], [215.41343688964844, 150.6195068359375, 236.7078399658203, 203.78646850585938], [253.50221252441406, 384.5742492675781, 491.8575439453125, 468.5912780761719], [524.1409301757812, 87.64007568359375, 534.1644897460938, 132.45196533203125]]}