{"categories": [0, 26, 41, 45, 56, 57, 65, 73], "bboxes": [[260.176513671875, 206.57859802246094, 419.98895263671875, 588.5438842773438], [0.0, 458.84527587890625, 61.95268630981445, 553.6332397460938], [358.342529296875, 322.9097900390625, 377.8299560546875, 357.24224853515625], [118.28688049316406, 245.92263793945312, 158.2663116455078, 275.6274719238281], [316.88702392578125, 445.4211120605469, 422.7177734375, 566.3165283203125], [5.108879089355469, 410.64251708984375, 249.686279296875, 626.4690551757812], [327.89276123046875, 276.8592529296875, 353.16351318359375, 298.706787109375], [381.9334716796875, 377.0086975097656, 425.69281005859375, 409.7937927246094]]}