{"categories": [0, 36], "bboxes": [[137.223876953125, 126.78240966796875, 443.0, 379.5863952636719], [24.685779571533203, 445.19012451171875, 90.13557434082031, 600.9627075195312]]}