{"categories": [0, 6, 39, 41, 45, 55, 60, 72, 79], "bboxes": [[214.0337371826172, 24.97021484375, 439.7257080078125, 437.1827697753906], [0.0, 0.0, 625.08740234375, 448.6593322753906], [130.05352783203125, 371.37481689453125, 161.31570434570312, 443.92193603515625], [66.98628997802734, 376.2805480957031, 124.57422637939453, 442.5591125488281], [182.90133666992188, 373.307373046875, 247.30255126953125, 404.63427734375], [193.45138549804688, 369.0760498046875, 229.58645629882812, 387.83203125], [8.948310852050781, 352.7015075683594, 255.17044067382812, 445.8910217285156], [391.3828430175781, 73.75888061523438, 603.6364135742188, 442.8746643066406], [74.9981689453125, 351.1381530761719, 85.69207763671875, 375.5461730957031]]}