{"categories": [0, 24, 32, 34, 35], "bboxes": [[171.9961700439453, 22.4151611328125, 355.06719970703125, 292.0782470703125], [491.71014404296875, 160.93435668945312, 580.7273559570312, 248.06671142578125], [186.87503051757812, 194.784423828125, 206.63540649414062, 207.81976318359375], [219.0563201904297, 139.40155029296875, 233.64967346191406, 216.87310791015625], [379.3583984375, 190.802734375, 408.95477294921875, 236.05642700195312]]}