{"categories": [0, 41, 45, 53, 56, 60, 67], "bboxes": [[419.073974609375, 1.0949249267578125, 639.0, 273.1141357421875], [219.70281982421875, 157.37672424316406, 266.27532958984375, 238.1768035888672], [387.6412048339844, 212.2693634033203, 482.9570007324219, 245.7704315185547], [32.68205261230469, 163.39488220214844, 236.5282745361328, 306.5087890625], [182.23863220214844, 82.58988952636719, 224.17124938964844, 149.9368438720703], [27.275634765625, 178.80364990234375, 639.0, 479.0], [454.60784912109375, 166.7748565673828, 491.7298583984375, 184.45616149902344]]}