{"categories": [0, 32, 34, 35], "bboxes": [[331.3019104003906, 64.67776489257812, 534.2781372070312, 350.6380310058594], [232.41416931152344, 156.38404846191406, 248.88938903808594, 173.4632110595703], [341.65728759765625, 20.556121826171875, 362.95330810546875, 119.5867919921875], [227.0984649658203, 129.47378540039062, 269.470703125, 176.05386352539062]]}