{"categories": [0, 43, 48, 60], "bboxes": [[286.79693603515625, 0.0, 629.642822265625, 300.2921142578125], [470.39599609375, 413.50933837890625, 589.9146728515625, 433.67510986328125], [183.96238708496094, 322.41119384765625, 310.0721130371094, 454.430908203125], [5.549285888671875, 251.25704956054688, 633.5450439453125, 473.0765075683594]]}