{"categories": [0, 27, 60], "bboxes": [[34.7357177734375, 85.38937377929688, 267.48834228515625, 628.40576171875], [170.6521453857422, 204.6094970703125, 203.73387145996094, 385.71820068359375], [247.68426513671875, 548.6539306640625, 418.32537841796875, 637.1025390625]]}