{"categories": [0, 39, 40, 41, 45, 56, 60, 65, 67, 69, 73, 75], "bboxes": [[331.6817626953125, 47.85377502441406, 492.228271484375, 312.15447998046875], [208.6773223876953, 208.96194458007812, 233.17247009277344, 288.6199035644531], [115.47317504882812, 220.27682495117188, 139.93772888183594, 286.1840515136719], [131.7925567626953, 200.46429443359375, 160.69590759277344, 272.6652526855469], [24.70650863647461, 223.55520629882812, 118.66304016113281, 256.63287353515625], [0.03697013854980469, 243.2788848876953, 40.695274353027344, 316.997314453125], [12.11358642578125, 204.89700317382812, 423.5284118652344, 318.5346374511719], [309.4228820800781, 247.67311096191406, 348.3725891113281, 254.4651336669922], [345.4808044433594, 167.9135284423828, 379.6225280761719, 185.4148406982422], [128.9141387939453, 131.5281219482422, 200.5521697998047, 217.25086975097656], [113.42948913574219, 56.35044860839844, 123.48258972167969, 80.93258666992188], [173.41677856445312, 212.20216369628906, 195.24411010742188, 305.07464599609375]]}