{"categories": [0, 25, 27, 40, 41, 62], "bboxes": [[395.00885009765625, 84.20277404785156, 639.0, 472.357666015625], [86.03829956054688, 5.246368408203125, 239.49395751953125, 195.27540588378906], [163.52362060546875, 177.94680786132812, 185.71075439453125, 239.03936767578125], [187.15077209472656, 181.67898559570312, 228.97300720214844, 291.1318054199219], [2.9160938262939453, 291.6011047363281, 42.59381103515625, 347.1803894042969], [42.21653747558594, 4.5506591796875, 244.00294494628906, 248.38685607910156]]}