{"categories": [0, 13, 24, 26, 28, 34, 35], "bboxes": [[367.5010070800781, 163.3505401611328, 569.0266723632812, 402.75958251953125], [364.38848876953125, 165.90972900390625, 575.1907958984375, 222.55267333984375], [34.0152587890625, 248.34591674804688, 67.51445770263672, 313.1667175292969], [336.5234375, 91.2016372680664, 385.18316650390625, 127.37598419189453], [226.70835876464844, 128.887451171875, 252.9097137451172, 176.73825073242188], [385.5215759277344, 270.6603698730469, 437.6975402832031, 306.8193664550781], [281.9202880859375, 290.69580078125, 311.40509033203125, 328.57196044921875]]}