{"categories": [0, 44, 45, 62, 69], "bboxes": [[0.0, 0.0, 251.64625549316406, 422.3967590332031], [404.8641052246094, 234.97238159179688, 422.0473327636719, 314.2921447753906], [245.71267700195312, 234.3738555908203, 397.7852478027344, 298.15435791015625], [430.5580749511719, 106.7063980102539, 469.9004211425781, 151.84994506835938], [291.2319641113281, 192.26589965820312, 328.9557189941406, 235.25994873046875]]}