{"categories": [0, 45, 65, 67, 75], "bboxes": [[85.3035888671875, 240.18653869628906, 412.1293029785156, 636.9370727539062], [190.52708435058594, 68.38705444335938, 281.07940673828125, 92.06871032714844], [88.18663787841797, 387.6357116699219, 176.55218505859375, 454.2317199707031], [172.2080841064453, 359.4582824707031, 204.0461883544922, 426.9623107910156], [352.8124694824219, 216.25013732910156, 396.9224548339844, 279.81011962890625]]}