{"categories": [0, 41, 44, 45, 55, 56, 60], "bboxes": [[133.23606872558594, 109.35665893554688, 291.55914306640625, 303.2686767578125], [196.0040283203125, 422.15887451171875, 246.4320068359375, 479.0], [174.56944274902344, 363.39599609375, 243.2926483154297, 407.955322265625], [158.95945739746094, 280.8018493652344, 246.7112274169922, 333.6227722167969], [257.9079895019531, 314.0218811035156, 347.2821350097656, 383.2082214355469], [467.4937744140625, 256.296630859375, 550.89306640625, 472.77642822265625], [19.72369384765625, 278.81787109375, 548.3762817382812, 470.59271240234375]]}