{"categories": [0, 1, 13, 27, 43, 55, 56, 60], "bboxes": [[317.01123046875, 10.72119140625, 633.4425048828125, 409.99188232421875], [594.002197265625, 332.791015625, 639.0, 380.4541015625], [0.0607452392578125, 277.0785217285156, 81.79692077636719, 316.7177429199219], [484.9861755371094, 130.79452514648438, 513.5244140625, 256.24151611328125], [263.3883361816406, 307.99700927734375, 291.8420715332031, 366.5458984375], [253.50901794433594, 339.77203369140625, 364.30694580078125, 424.0], [155.73135375976562, 200.35707092285156, 268.35882568359375, 308.4988098144531], [0.0, 298.1468200683594, 492.6904296875, 418.5259704589844]]}