{"categories": [0, 3, 24, 28], "bboxes": [[263.4016418457031, 174.1241912841797, 383.3370056152344, 377.7872314453125], [51.515113830566406, 163.68133544921875, 268.0175476074219, 375.02264404296875], [152.7467041015625, 158.19532775878906, 277.1903076171875, 241.44212341308594], [378.7798767089844, 314.26824951171875, 417.5198669433594, 378.6614990234375]]}