{"categories": [0, 26, 30], "bboxes": [[324.96258544921875, 89.35264587402344, 636.1902465820312, 425.46826171875], [271.0887451171875, 297.1961975097656, 314.9173583984375, 359.0865783691406], [106.56719207763672, 347.13775634765625, 229.96087646484375, 415.64398193359375]]}