{"categories": [0, 56, 77], "bboxes": [[296.504638671875, 119.89105224609375, 634.20849609375, 418.235595703125], [4.142910003662109, 14.44378662109375, 120.26260375976562, 412.2634582519531], [284.587646484375, 342.2285461425781, 451.69927978515625, 421.9338684082031]]}