{"categories": [0, 1, 24, 26, 32], "bboxes": [[89.84992980957031, 115.31040954589844, 212.4412078857422, 370.38067626953125], [72.82890319824219, 161.61328125, 114.86978149414062, 191.92977905273438], [515.868408203125, 225.4675750732422, 541.6697998046875, 248.73280334472656], [533.4901123046875, 146.6082763671875, 574.7845458984375, 194.4984130859375], [105.96168518066406, 301.0076599121094, 138.25352478027344, 331.3722839355469]]}