{"categories": [0, 13, 26, 73], "bboxes": [[389.73443603515625, 2.0482330322265625, 637.6456909179688, 456.68218994140625], [23.96929931640625, 121.64895629882812, 608.8794555664062, 428.0259704589844], [413.2625427246094, 180.60894775390625, 602.0147705078125, 331.9437255859375], [455.10638427734375, 164.53387451171875, 529.8037109375, 213.31661987304688]]}