{"categories": [0, 30, 56], "bboxes": [[456.6873779296875, 51.999603271484375, 629.99658203125, 458.2879333496094], [436.6678161621094, 385.80548095703125, 637.28125, 478.703369140625], [33.089210510253906, 175.79330444335938, 109.77425384521484, 292.5478820800781]]}