{"categories": [0, 39, 40, 55, 56, 58, 60], "bboxes": [[29.739646911621094, 25.08746337890625, 216.511474609375, 370.8518981933594], [263.81964111328125, 177.44163513183594, 294.76519775390625, 288.8398742675781], [180.9247589111328, 221.42979431152344, 215.8225555419922, 270.8460998535156], [284.8507080078125, 325.18017578125, 342.36602783203125, 357.6982421875], [18.63866424560547, 232.62789916992188, 39.58234405517578, 372.1927185058594], [198.46929931640625, 259.56591796875, 224.64706420898438, 307.28057861328125], [183.80641174316406, 289.7033996582031, 467.2601318359375, 371.8720397949219]]}