{"categories": [0, 27, 67], "bboxes": [[28.643157958984375, 26.374679565429688, 310.5658874511719, 413.9461669921875], [183.0728759765625, 202.90049743652344, 213.60403442382812, 260.10498046875], [253.069091796875, 57.06101608276367, 281.82867431640625, 120.19004821777344]]}