{"categories": [0, 40, 41, 42, 43, 44, 60], "bboxes": [[256.4974365234375, 120.917724609375, 458.3016357421875, 329.47137451171875], [34.90821838378906, 142.6338653564453, 183.88160705566406, 634.1578979492188], [303.8871765136719, 249.4471435546875, 372.6813049316406, 374.71429443359375], [131.76263427734375, 426.3019714355469, 244.06576538085938, 639.0], [192.3433837890625, 430.3606262207031, 303.74945068359375, 639.0], [248.45298767089844, 457.1771240234375, 356.91900634765625, 634.6944580078125], [14.118362426757812, 276.14080810546875, 479.0, 622.67138671875]]}