{"categories": [0, 26, 49, 56, 62, 63, 64, 66, 67], "bboxes": [[242.69732666015625, 226.21710205078125, 392.270263671875, 421.86578369140625], [0.0, 185.95468139648438, 47.24716567993164, 278.7265319824219], [10.380184173583984, 174.43905639648438, 37.831241607666016, 194.57861328125], [96.54808044433594, 328.5948181152344, 248.3391876220703, 421.9411315917969], [72.41555786132812, 0.0, 142.04127502441406, 53.80002212524414], [1.5779991149902344, 37.678829193115234, 71.46817016601562, 118.54151916503906], [82.44268035888672, 209.34280395507812, 104.8130874633789, 231.78738403320312], [122.28791809082031, 191.31448364257812, 241.1208038330078, 225.15887451171875], [297.5653991699219, 268.137939453125, 328.6749572753906, 301.96917724609375]]}