{"categories": [0, 41, 54, 67], "bboxes": [[1.3953628540039062, 12.721481323242188, 161.80374145507812, 285.47314453125], [141.69061279296875, 0.2003927230834961, 173.45599365234375, 18.51242446899414], [172.00082397460938, 67.3460693359375, 289.80694580078125, 121.8077392578125], [114.26246643066406, 163.65737915039062, 140.27468872070312, 188.11798095703125]]}