{"categories": [0, 5, 24, 27, 67], "bboxes": [[344.3127136230469, 62.69073486328125, 610.394775390625, 476.56341552734375], [46.137481689453125, 51.75189208984375, 457.8322448730469, 340.5351257324219], [551.5985717773438, 195.84567260742188, 636.2433471679688, 374.9365539550781], [387.712646484375, 246.75830078125, 466.71038818359375, 422.16412353515625], [174.797119140625, 338.70550537109375, 214.4373779296875, 357.7916259765625]]}