{"categories": [0, 29], "bboxes": [[184.44882202148438, 125.61634063720703, 410.0887145996094, 378.6752014160156], [319.53570556640625, 155.0322265625, 394.93914794921875, 174.6966552734375]]}