{"categories": [0, 17], "bboxes": [[271.3475341796875, 0.0, 454.64874267578125, 262.3536071777344], [88.70127868652344, 140.15713500976562, 446.3995361328125, 426.0]]}