{"categories": [0, 34, 35, 56, 66], "bboxes": [[36.81175231933594, 141.67498779296875, 328.69854736328125, 627.83349609375], [166.7265167236328, 24.626388549804688, 201.5197296142578, 157.71031188964844], [1.9256210327148438, 444.60028076171875, 69.4771957397461, 505.3616943359375], [328.6959533691406, 84.22811126708984, 361.6521301269531, 108.23064422607422], [14.678619384765625, 8.471549987792969, 421.6827087402344, 161.8116455078125]]}