{"categories": [0, 13, 20], "bboxes": [[173.986572265625, 279.4925537109375, 343.92950439453125, 587.09375], [27.89617919921875, 220.710205078125, 474.0078430175781, 622.0711059570312], [221.2447967529297, 60.2603759765625, 399.50750732421875, 283.86236572265625]]}