{"categories": [0, 27, 28, 39, 41, 43, 56, 58], "bboxes": [[117.52715301513672, 37.94793701171875, 273.0443420410156, 485.12548828125], [181.2727813720703, 123.99180603027344, 204.8361053466797, 217.18443298339844], [235.96273803710938, 278.3648681640625, 355.4470520019531, 341.5826416015625], [45.64841842651367, 234.38568115234375, 67.34086608886719, 292.10479736328125], [40.429901123046875, 234.3375244140625, 67.85318756103516, 290.13848876953125], [332.33880615234375, 50.746524810791016, 344.606201171875, 169.03514099121094], [227.12884521484375, 276.6573486328125, 354.58489990234375, 405.6878662109375], [339.1170959472656, 310.7890930175781, 374.0, 375.0274963378906]]}