{"categories": [0, 25, 39, 52, 69, 71], "bboxes": [[171.16680908203125, 7.5667877197265625, 637.5510864257812, 474.52081298828125], [73.30229187011719, 0.0, 583.9132690429688, 272.09088134765625], [0.0, 177.69497680664062, 54.27189636230469, 343.0489196777344], [168.73968505859375, 278.09808349609375, 265.4721374511719, 312.27044677734375], [128.30978393554688, 336.39349365234375, 493.6916809082031, 469.2664794921875], [148.02615356445312, 412.19854736328125, 447.8505554199219, 473.1768798828125]]}