{"categories": [0, 24, 25, 26, 58], "bboxes": [[208.6640625, 164.88172912597656, 300.1103210449219, 422.5548095703125], [66.12116241455078, 215.84375, 94.84662628173828, 282.00634765625], [4.800201416015625, 128.2515869140625, 172.37059020996094, 204.51971435546875], [83.21686553955078, 221.04640197753906, 147.78335571289062, 340.6817321777344], [501.51275634765625, 271.8032531738281, 595.5719604492188, 341.6330871582031]]}