{"categories": [0, 25, 39, 41, 42, 45, 55, 56, 60, 67, 72, 73], "bboxes": [[368.01971435546875, 67.20606994628906, 476.8609619140625, 312.62225341796875], [269.48687744140625, 17.222782135009766, 293.1226806640625, 116.63818359375], [3.9834346771240234, 327.59869384765625, 30.95107078552246, 374.2965087890625], [225.74365234375, 291.19036865234375, 257.81982421875, 331.9517822265625], [252.6111602783203, 331.1760559082031, 274.8187561035156, 364.9976501464844], [531.9081420898438, 165.87110900878906, 577.8556518554688, 191.90138244628906], [157.81195068359375, 320.67852783203125, 265.99017333984375, 396.14935302734375], [385.8035888671875, 229.63357543945312, 547.6542358398438, 423.0], [38.356414794921875, 305.4173278808594, 413.4217834472656, 416.5660705566406], [378.9468688964844, 148.6294708251953, 389.4543151855469, 173.85801696777344], [213.28736877441406, 56.147308349609375, 246.66673278808594, 249.2784423828125], [569.6156616210938, 359.0597839355469, 619.0086059570312, 384.1769104003906]]}