{"categories": [0, 2, 37], "bboxes": [[95.9675521850586, 125.01544189453125, 265.6109619140625, 419.4046630859375], [5.363262176513672, 227.57284545898438, 30.01495361328125, 238.30859375], [396.12652587890625, 122.34478759765625, 502.78985595703125, 422.284423828125]]}