{"categories": [0, 9, 26, 27, 67], "bboxes": [[384.97064208984375, 47.38243103027344, 633.9631958007812, 472.05841064453125], [469.46087646484375, 55.18168640136719, 492.6241455078125, 79.52413940429688], [71.87467956542969, 283.5534362792969, 244.5148162841797, 433.3020935058594], [194.98837280273438, 197.57728576660156, 226.86019897460938, 248.29722595214844], [245.81321716308594, 213.08648681640625, 284.326171875, 270.7257385253906]]}