{"categories": [0, 5, 26, 27, 57, 67], "bboxes": [[222.59925842285156, 8.5836181640625, 485.18243408203125, 360.8865661621094], [0.0, 0.0, 126.4189224243164, 346.1628112792969], [24.05089569091797, 256.3875427246094, 278.9692687988281, 366.8189392089844], [131.5038299560547, 174.41213989257812, 157.1049346923828, 222.29757690429688], [0.0, 129.4229736328125, 489.2965087890625, 368.3601989746094], [139.09666442871094, 201.6092987060547, 167.3048553466797, 223.29103088378906]]}