{"categories": [0, 26, 39, 40, 56, 60, 73], "bboxes": [[324.20672607421875, 145.06900024414062, 559.8028564453125, 476.3402404785156], [531.87841796875, 291.43853759765625, 587.9619140625, 351.68115234375], [72.9455795288086, 225.80300903320312, 92.19486236572266, 291.1482238769531], [139.04856872558594, 328.86651611328125, 167.73890686035156, 390.6414794921875], [551.8130493164062, 360.9571533203125, 637.8075561523438, 473.84405517578125], [37.41851043701172, 263.6144714355469, 198.04962158203125, 366.3518371582031], [160.55465698242188, 350.62188720703125, 277.3374938964844, 410.6939697265625]]}