{"categories": [0, 30, 31], "bboxes": [[35.41688537597656, 57.95997619628906, 178.23867797851562, 403.43414306640625], [540.3943481445312, 345.4306640625, 623.0260620117188, 359.07666015625], [270.2909240722656, 113.40345764160156, 353.7265930175781, 403.0177001953125]]}