{"categories": [0, 57, 60, 65], "bboxes": [[62.76029968261719, 90.78941345214844, 347.14459228515625, 412.573486328125], [23.205352783203125, 362.91217041015625, 464.6184387207031, 425.02166748046875], [554.5274047851562, 369.7041320800781, 635.8611450195312, 423.1722717285156], [521.5178833007812, 264.6591491699219, 580.7887573242188, 324.3670959472656]]}