{"categories": [0, 2, 13, 32, 38], "bboxes": [[397.0057373046875, 7.7466583251953125, 562.2108764648438, 421.28594970703125], [161.0143280029297, 119.95994567871094, 194.6985626220703, 140.2393341064453], [0.4861278533935547, 125.88048553466797, 39.81122589111328, 159.87744140625], [122.144287109375, 26.684711456298828, 138.05404663085938, 41.8084602355957], [310.0684814453125, 204.0310821533203, 463.636474609375, 282.5806579589844]]}