{"categories": [0, 39, 40, 73], "bboxes": [[4.079620361328125, 0.0, 333.6165771484375, 475.0113220214844], [572.3538208007812, 45.04649353027344, 613.0446166992188, 92.34646606445312], [351.2037658691406, 395.66204833984375, 413.5790710449219, 478.8170166015625], [277.81072998046875, 208.16085815429688, 365.23980712890625, 268.8597106933594]]}