{"categories": [0, 18, 24, 42, 55, 56, 60, 73, 77], "bboxes": [[183.8855743408203, 89.45136260986328, 303.25933837890625, 275.957763671875], [9.392127990722656, 313.5539245605469, 157.84274291992188, 470.4158630371094], [349.37115478515625, 157.44810485839844, 429.2989501953125, 201.7254180908203], [355.125, 309.81121826171875, 395.80645751953125, 358.10882568359375], [195.47647094726562, 295.350830078125, 237.1788330078125, 319.36932373046875], [164.58212280273438, 201.07325744628906, 190.60595703125, 285.60235595703125], [113.83232116699219, 171.1707763671875, 455.752685546875, 468.9644775390625], [144.6953125, 418.01263427734375, 245.58352661132812, 467.9613037109375], [10.951446533203125, 318.259765625, 168.37930297851562, 469.6134033203125]]}