{"categories": [0, 32, 56], "bboxes": [[242.0139923095703, 98.332275390625, 616.76904296875, 511.1707763671875], [393.30670166015625, 44.36867904663086, 453.4864501953125, 108.74453735351562], [10.018890380859375, 253.95079040527344, 64.27146911621094, 343.7984619140625]]}