{"categories": [0, 40, 41, 42, 45, 56, 60, 64, 67, 72, 73], "bboxes": [[120.47769165039062, 11.706527709960938, 575.136474609375, 379.9580078125], [82.31175994873047, 281.0679931640625, 168.09286499023438, 426.0], [282.7431335449219, 140.24057006835938, 307.8224182128906, 167.87152099609375], [180.264892578125, 302.61920166015625, 231.73745727539062, 346.6243896484375], [511.89031982421875, 153.51756286621094, 565.5269165039062, 175.4803009033203], [462.7125549316406, 174.61997985839844, 599.6852416992188, 354.58819580078125], [7.21954345703125, 293.4757080078125, 639.0, 423.1124267578125], [417.2069091796875, 347.2735595703125, 506.83380126953125, 400.9453125], [28.935523986816406, 381.1363220214844, 92.6933364868164, 423.4334411621094], [566.4086303710938, 80.48651123046875, 638.0281372070312, 302.5549011230469], [461.6950988769531, 351.0667419433594, 632.4620361328125, 426.0]]}