{"categories": [0, 32, 38, 56], "bboxes": [[107.04418182373047, 93.14070129394531, 233.55377197265625, 366.0677490234375], [352.36236572265625, 322.6064147949219, 395.92962646484375, 369.6142272949219], [53.871788024902344, 2.888957977294922, 71.911376953125, 77.626220703125], [457.8891296386719, 128.96478271484375, 472.6225891113281, 164.17056274414062]]}