{"categories": [0, 2, 24, 26, 28, 58, 73], "bboxes": [[408.789306640625, 76.23593139648438, 544.1485595703125, 489.4695129394531], [0.07012176513671875, 149.20550537109375, 121.58551788330078, 495.1317138671875], [230.7123565673828, 439.77911376953125, 345.7109680175781, 505.22283935546875], [340.56982421875, 423.7156066894531, 400.0841064453125, 525.1929321289062], [149.8214569091797, 481.3064880371094, 417.59246826171875, 634.5628051757812], [552.6121826171875, 273.7036437988281, 620.4869384765625, 343.3110656738281], [270.74603271484375, 495.3777160644531, 370.4591064453125, 535.0489501953125]]}