{"categories": [0, 27, 32, 45, 47, 55, 60], "bboxes": [[197.3244171142578, 54.40675354003906, 622.45654296875, 446.89959716796875], [336.8592224121094, 251.331298828125, 406.4049377441406, 422.7894287109375], [484.98345947265625, 400.1948547363281, 529.142822265625, 428.2877502441406], [491.65869140625, 425.4158935546875, 553.1563720703125, 454.95013427734375], [450.8995666503906, 410.95086669921875, 498.5652160644531, 454.19317626953125], [278.3524475097656, 400.66705322265625, 520.7477416992188, 447.3548583984375], [144.9625701904297, 405.2839660644531, 624.2765502929688, 501.5174255371094]]}