{"categories": [0, 32, 34, 35, 56], "bboxes": [[319.93048095703125, 17.722984313964844, 379.384765625, 169.59664916992188], [300.79443359375, 173.1811065673828, 317.611328125, 187.3431854248047], [130.62176513671875, 87.24929809570312, 273.69573974609375, 241.14071655273438], [75.67715454101562, 94.50057220458984, 118.18266296386719, 125.56371307373047], [353.4100646972656, 431.7189025878906, 582.0608520507812, 592.7432250976562]]}