{"categories": [0, 39, 42, 44, 48, 52, 60, 63], "bboxes": [[0.0, 80.94931030273438, 417.0, 625.679931640625], [0.01541900634765625, 234.66259765625, 35.91080093383789, 341.504150390625], [140.74765014648438, 302.9381408691406, 166.6893310546875, 332.7639465332031], [141.11228942871094, 302.9435119628906, 165.9184112548828, 331.8879699707031], [76.78224182128906, 393.89501953125, 117.48605346679688, 426.82012939453125], [0.9573287963867188, 383.1598205566406, 48.885032653808594, 409.3674011230469], [3.9315567016601562, 301.602294921875, 163.40481567382812, 485.7567138671875], [255.5232696533203, 441.1748962402344, 415.58331298828125, 632.7488403320312]]}