{"categories": [0, 41, 42, 44, 45, 48, 53, 56, 57, 58, 60], "bboxes": [[0.0, 101.90898132324219, 178.4387969970703, 324.572021484375], [52.36822509765625, 292.0230407714844, 112.92973327636719, 371.6526794433594], [364.831787109375, 354.2095642089844, 415.588623046875, 370.3876647949219], [364.18939208984375, 354.04364013671875, 416.386474609375, 370.3270263671875], [109.11767578125, 344.7938537597656, 238.46990966796875, 374.0], [236.34817504882812, 160.66134643554688, 247.90499877929688, 185.55975341796875], [0.11050987243652344, 309.0564270019531, 52.67914581298828, 341.4907531738281], [1.4879188537597656, 215.0577392578125, 81.65609741210938, 307.9239501953125], [59.724517822265625, 155.60597229003906, 499.0, 357.7298583984375], [3.23406982421875, 0.0, 193.00428771972656, 184.50193786621094], [18.382919311523438, 292.9540100097656, 418.50360107421875, 372.8897399902344]]}