{"categories": [0, 24, 30], "bboxes": [[40.69036102294922, 160.1239013671875, 226.833740234375, 631.0557861328125], [255.13912963867188, 271.36248779296875, 327.5751037597656, 337.5673828125], [195.87191772460938, 451.0405578613281, 419.0262756347656, 569.9161376953125]]}