{"categories": [0, 32, 35, 38], "bboxes": [[104.72941589355469, 78.67741394042969, 293.144775390625, 409.20098876953125], [124.48934173583984, 11.086225509643555, 135.63633728027344, 24.601037979125977], [95.80224609375, 189.45738220214844, 124.056396484375, 216.36231994628906], [442.9964294433594, 7.144477844238281, 489.3117370605469, 97.08843994140625]]}