{"categories": [0, 24, 25, 37], "bboxes": [[264.1271667480469, 40.43782043457031, 363.6045837402344, 340.50665283203125], [354.349609375, 61.793434143066406, 385.475830078125, 102.3584213256836], [531.9373779296875, 29.861656188964844, 625.4287109375, 137.98126220703125], [213.2510986328125, 109.45321655273438, 387.3231201171875, 229.31863403320312]]}