{"categories": [0, 17], "bboxes": [[140.6064453125, 93.78485107421875, 359.01226806640625, 606.0306396484375], [12.873184204101562, 198.33859252929688, 344.1639404296875, 635.9404296875]]}