{"categories": [0, 19, 25, 33], "bboxes": [[481.3189697265625, 79.7198486328125, 597.1075439453125, 350.021240234375], [0.0, 101.07308959960938, 293.8239440917969, 392.1879577636719], [205.1731414794922, 25.383209228515625, 534.6558837890625, 127.39747619628906], [301.5476379394531, 190.0425567626953, 367.2452697753906, 246.6963653564453]]}