{"categories": [0, 2, 5, 7, 24, 26, 28], "bboxes": [[178.51986694335938, 269.9258117675781, 389.1782531738281, 541.7908935546875], [52.71710968017578, 105.3074951171875, 203.64956665039062, 224.13275146484375], [299.6727294921875, 79.48245239257812, 385.58184814453125, 132.74539184570312], [183.68780517578125, 68.81472778320312, 353.5362548828125, 149.6539764404297], [200.3315887451172, 504.633056640625, 348.27667236328125, 618.1055908203125], [138.30780029296875, 377.38629150390625, 190.56222534179688, 417.38690185546875], [71.31702423095703, 324.84161376953125, 288.1649169921875, 520.289794921875]]}