{"categories": [0, 2, 13, 17, 19, 56], "bboxes": [[335.15338134765625, 79.70236206054688, 562.2086181640625, 475.6508483886719], [19.24534797668457, 85.59526824951172, 61.96080780029297, 98.07804107666016], [329.497802734375, 92.10388946533203, 400.433837890625, 115.41939544677734], [586.1317749023438, 231.67018127441406, 639.0, 339.7911682128906], [0.0, 101.86813354492188, 350.09283447265625, 473.2663269042969], [78.02469635009766, 117.8703384399414, 95.29747772216797, 143.994140625]]}