{"categories": [0, 40, 41, 56, 62], "bboxes": [[234.09817504882812, 92.83692932128906, 588.5574951171875, 424.75421142578125], [215.1556396484375, 277.90863037109375, 283.7601318359375, 420.65081787109375], [185.12533569335938, 291.6126403808594, 236.17324829101562, 345.0923767089844], [49.943939208984375, 168.75189208984375, 182.05445861816406, 274.9411926269531], [1.9315681457519531, 99.4276123046875, 108.38099670410156, 204.18099975585938]]}