{"categories": [0, 2, 25, 32], "bboxes": [[180.74476623535156, 93.13124084472656, 400.865234375, 485.12530517578125], [0.0, 188.0031280517578, 41.59532928466797, 206.7421417236328], [395.9991149902344, 164.5335693359375, 453.0, 186.34613037109375], [372.46728515625, 189.37811279296875, 427.1197509765625, 246.35000610351562]]}