{"categories": [0, 41, 44, 45, 53, 55, 56, 60, 72, 73, 75], "bboxes": [[430.3055419921875, 5.60028076171875, 637.6202392578125, 467.383056640625], [483.67840576171875, 118.93682098388672, 503.761474609375, 150.48851013183594], [241.76324462890625, 76.69676971435547, 269.8211975097656, 168.21469116210938], [209.0524444580078, 142.92587280273438, 244.4866180419922, 163.02188110351562], [457.25030517578125, 239.07601928710938, 540.287841796875, 273.5220642089844], [298.29119873046875, 226.9278564453125, 438.79071044921875, 266.89263916015625], [92.52194213867188, 169.80374145507812, 202.04367065429688, 327.233642578125], [58.49220275878906, 254.22921752929688, 512.5401000976562, 456.5461730957031], [406.333251953125, 76.46417999267578, 451.34136962890625, 153.68673706054688], [273.4307861328125, 281.7553405761719, 439.0640869140625, 313.7398986816406], [451.4170227050781, 43.996009826660156, 473.9975280761719, 151.65582275390625]]}