{"categories": [0, 26, 27, 58], "bboxes": [[0.0, 133.14334106445312, 181.42605590820312, 491.2095031738281], [3.6855506896972656, 249.43472290039062, 96.26254272460938, 415.4963073730469], [115.625, 236.8601837158203, 159.82968139648438, 448.024658203125], [14.142623901367188, 1.0643234252929688, 303.65771484375, 232.89630126953125]]}