{"categories": [0, 26, 39, 41, 45, 63, 68, 69, 74], "bboxes": [[26.343826293945312, 5.1039886474609375, 353.14862060546875, 472.7218017578125], [31.54861831665039, 139.30279541015625, 153.2766571044922, 245.8988037109375], [572.4358520507812, 159.1858673095703, 606.8186645507812, 231.6742706298828], [386.72418212890625, 124.38578796386719, 432.30853271484375, 201.4340057373047], [404.7109680175781, 157.18038940429688, 524.3818359375, 231.52667236328125], [190.52191162109375, 441.4793395996094, 366.819091796875, 479.0], [493.05584716796875, 105.20361328125, 639.0, 197.5123291015625], [312.94866943359375, 141.5200958251953, 639.0, 479.0], [606.1716918945312, 0.0, 639.0, 34.61357498168945]]}