{"categories": [0, 41, 56, 58, 60], "bboxes": [[91.05120849609375, 160.63162231445312, 247.300048828125, 403.1711730957031], [243.37130737304688, 222.5632781982422, 260.2443542480469, 245.49720764160156], [44.613548278808594, 262.3919982910156, 188.56787109375, 423.0], [434.65545654296875, 133.6002960205078, 455.1392822265625, 150.8208465576172], [177.61781311035156, 222.8081512451172, 470.21356201171875, 319.52288818359375]]}