{"categories": [0, 26, 56, 57, 58, 74, 75], "bboxes": [[171.27764892578125, 84.06591796875, 336.8778076171875, 417.13323974609375], [558.6739501953125, 268.80322265625, 621.63427734375, 301.27777099609375], [180.68421936035156, 277.09027099609375, 370.01202392578125, 419.50921630859375], [218.283935546875, 298.505126953125, 623.3893432617188, 421.9443359375], [55.79083251953125, 286.0486145019531, 126.60879516601562, 342.1595153808594], [371.5737609863281, 109.25643920898438, 401.4013366699219, 155.3328857421875], [71.0277099609375, 314.0239562988281, 103.22586059570312, 340.3811950683594]]}