{"categories": [0, 24, 67], "bboxes": [[297.63140869140625, 0.0, 638.6101684570312, 472.20623779296875], [282.3529357910156, 206.40185546875, 398.3695373535156, 260.7728576660156], [100.72312927246094, 171.3175811767578, 180.70530700683594, 277.4100036621094]]}