{"categories": [0, 2, 24, 26, 56, 67], "bboxes": [[42.11659240722656, 64.41162109375, 285.42108154296875, 401.405517578125], [14.2071533203125, 143.810791015625, 83.53591918945312, 229.4012451171875], [7.416358947753906, 261.2995910644531, 216.44631958007812, 419.6999206542969], [196.5625, 226.2825927734375, 307.72332763671875, 415.288330078125], [325.3033752441406, 279.94281005859375, 556.6451416015625, 418.5423583984375], [129.14642333984375, 125.50533294677734, 189.81515502929688, 171.4804229736328]]}