{"categories": [0, 13, 29, 38], "bboxes": [[7.66839599609375, 93.30842590332031, 319.590087890625, 471.948974609375], [433.48516845703125, 144.8600616455078, 493.0123291015625, 177.15248107910156], [387.2869873046875, 258.97027587890625, 479.54193115234375, 324.68231201171875], [125.10994720458984, 168.64234924316406, 146.455810546875, 198.84019470214844]]}