{"categories": [0, 27, 40, 45, 55, 60, 75], "bboxes": [[162.46595764160156, 56.72392272949219, 343.610595703125, 386.67724609375], [284.81793212890625, 148.35693359375, 306.1424560546875, 221.68002319335938], [246.90780639648438, 326.4308166503906, 296.1106872558594, 453.4057312011719], [330.4452819824219, 239.51055908203125, 369.1622619628906, 256.3099670410156], [402.8028564453125, 246.7637176513672, 507.62115478515625, 422.69036865234375], [80.07174682617188, 294.50384521484375, 629.565673828125, 471.59466552734375], [541.323486328125, 264.95220947265625, 604.4046630859375, 384.749755859375]]}