{"categories": [0, 27], "bboxes": [[170.4479522705078, 3.282135009765625, 633.7210083007812, 471.009033203125], [358.7480163574219, 227.89407348632812, 407.0541687011719, 294.8240661621094]]}