{"categories": [0, 24, 30], "bboxes": [[81.16425323486328, 104.16470336914062, 244.78338623046875, 440.8381652832031], [347.2960510253906, 89.28478240966797, 427.8467712402344, 196.92440795898438], [6.693206787109375, 396.35455322265625, 311.43109130859375, 466.14520263671875]]}