{"categories": [0, 29, 43, 45, 54, 55, 56, 60], "bboxes": [[398.646728515625, 61.233245849609375, 623.2714233398438, 381.85406494140625], [295.3374938964844, 151.44244384765625, 325.7945251464844, 162.65414428710938], [87.14964294433594, 285.7738342285156, 194.0786590576172, 364.6075134277344], [65.94673919677734, 336.69989013671875, 220.11334228515625, 397.4141845703125], [282.4857482910156, 304.7646179199219, 328.0512390136719, 338.4122009277344], [390.90179443359375, 328.42730712890625, 439.92919921875, 362.2823486328125], [213.33694458007812, 154.20513916015625, 231.64077758789062, 209.957763671875], [67.61279296875, 172.76950073242188, 579.8557739257812, 396.4717102050781]]}