{"categories": [0, 26, 46], "bboxes": [[269.72589111328125, 73.52037048339844, 458.46636962890625, 392.0135498046875], [49.188995361328125, 156.3130645751953, 93.65640258789062, 255.0012969970703], [78.12315368652344, 254.49244689941406, 356.60162353515625, 478.4781494140625]]}