{"categories": [0, 26, 43, 45, 53, 54], "bboxes": [[357.30584716796875, 158.90139770507812, 633.8671875, 508.0894470214844], [0.3705558776855469, 300.8426208496094, 103.83525085449219, 508.2193908691406], [320.98162841796875, 426.2892761230469, 422.3045654296875, 447.2839050292969], [192.07540893554688, 343.0138854980469, 328.5658264160156, 376.8343200683594], [349.9781188964844, 294.03753662109375, 409.1234436035156, 349.18182373046875], [205.7212677001953, 288.27313232421875, 249.51499938964844, 324.25701904296875]]}