{"categories": [0, 25, 26, 27, 58], "bboxes": [[696.802734375, 194.92819213867188, 898.9288330078125, 734.231689453125], [49.78759765625, 0.0, 992.9984130859375, 159.552490234375], [203.9611358642578, 452.9400634765625, 267.2749938964844, 632.339599609375], [573.5556030273438, 291.710205078125, 601.0684204101562, 353.41619873046875], [870.9816284179688, 342.7222900390625, 1021.6030883789062, 598.9110107421875]]}