{"categories": [0, 27, 69], "bboxes": [[9.370025634765625, 117.98019409179688, 328.2628479003906, 1023.0], [331.368896484375, 287.9635009765625, 361.1224365234375, 367.11505126953125], [454.30780029296875, 764.7699584960938, 596.0, 1023.0]]}