{"categories": [0], "bboxes": [[345.91021728515625, 225.5950927734375, 541.7533569335938, 925.140869140625]]}