{"categories": [0, 26, 40, 41, 45, 56, 73], "bboxes": [[603.9846801757812, 75.88168334960938, 798.3532104492188, 664.150634765625], [2.6962623596191406, 604.2655639648438, 108.68728637695312, 674.7857055664062], [537.26708984375, 240.12823486328125, 559.2293701171875, 314.50323486328125], [8.881122589111328, 410.53363037109375, 59.69053268432617, 454.8787841796875], [1.1040420532226562, 453.26934814453125, 116.41883850097656, 510.9439697265625], [900.0607299804688, 350.3990783691406, 1022.1907348632812, 659.7197265625], [88.55289459228516, 142.72401428222656, 269.22174072265625, 218.5463104248047]]}