{"categories": [0, 9, 26, 27, 28, 41, 56, 57], "bboxes": [[665.443115234375, 265.42596435546875, 900.03466796875, 756.2621459960938], [448.87164306640625, 130.14813232421875, 528.8853149414062, 212.65335083007812], [791.806640625, 655.2149658203125, 915.86572265625, 765.4696044921875], [475.2725830078125, 391.41644287109375, 532.1527099609375, 546.4715576171875], [802.1710205078125, 563.8449096679688, 932.044189453125, 763.1151733398438], [738.4285278320312, 746.3342895507812, 803.5613403320312, 767.0], [335.3807067871094, 642.6930541992188, 537.3912353515625, 761.1262817382812], [888.9833984375, 586.8544921875, 1022.0118408203125, 754.377197265625]]}