{"categories": [0, 39, 62, 63, 65, 73], "bboxes": [[28.73560333251953, 38.807403564453125, 238.46142578125, 320.639404296875], [218.51223754882812, 154.23329162597656, 234.20098876953125, 205.25001525878906], [272.0099792480469, 88.73383331298828, 424.6656799316406, 235.90365600585938], [428.43597412109375, 208.74778747558594, 468.47454833984375, 250.87831115722656], [56.34687805175781, 179.59640502929688, 81.31520080566406, 199.86895751953125], [263.96575927734375, 3.4777450561523438, 499.0, 256.2071228027344]]}