{"categories": [0, 2, 11, 13, 24, 26, 41], "bboxes": [[320.4588623046875, 60.188201904296875, 454.32373046875, 342.89459228515625], [6.077075004577637, 149.89810180664062, 22.902374267578125, 163.06106567382812], [118.33377075195312, 52.045997619628906, 133.70127868652344, 71.29615020751953], [64.15963745117188, 173.15406799316406, 478.0594787597656, 350.8203125], [142.678466796875, 172.70465087890625, 257.6156921386719, 301.8452453613281], [281.2315673828125, 218.03085327148438, 371.15106201171875, 271.0692443847656], [414.3075256347656, 182.15634155273438, 435.4256896972656, 207.79855346679688]]}