{"categories": [0, 31], "bboxes": [[499.17047119140625, 115.42001342773438, 639.0, 304.24658203125], [156.79660034179688, 346.8962707519531, 381.7433166503906, 401.6711730957031]]}