{"categories": [0, 2, 13, 28, 61], "bboxes": [[447.2657470703125, 13.889755249023438, 576.9937744140625, 389.6337890625], [11.800338745117188, 121.34268188476562, 112.73104858398438, 298.6783752441406], [508.68310546875, 239.71316528320312, 598.53076171875, 396.4599914550781], [8.098602294921875, 314.29534912109375, 126.27947998046875, 496.77825927734375], [21.226730346679688, 315.9933166503906, 305.0440673828125, 583.11083984375]]}