{"categories": [0, 50, 53, 57, 60], "bboxes": [[137.5973358154297, 0.0, 479.0, 474.6384582519531], [452.2498779296875, 475.7168884277344, 479.0, 508.5066833496094], [336.13775634765625, 423.3870544433594, 479.0, 518.804931640625], [0.630035400390625, 277.5401611328125, 90.93959045410156, 634.8265380859375], [38.958465576171875, 384.98443603515625, 477.6143493652344, 629.7457885742188]]}