{"categories": [0, 41, 57, 59, 65], "bboxes": [[0.0, 79.8033447265625, 210.01934814453125, 370.40411376953125], [222.5026092529297, 297.6528625488281, 257.3936767578125, 362.7029724121094], [0.0, 90.02838134765625, 496.7164306640625, 365.5579833984375], [0.0, 41.165924072265625, 499.0, 369.96380615234375], [18.115957260131836, 307.2192077636719, 65.00361633300781, 342.7778015136719]]}