{"categories": [0, 27, 67], "bboxes": [[167.37985229492188, 66.68475341796875, 478.8092956542969, 626.5687866210938], [185.0449676513672, 291.31292724609375, 232.81040954589844, 366.5272216796875], [160.69314575195312, 354.6927490234375, 245.11212158203125, 440.74249267578125]]}