{"categories": [0, 13, 24, 25, 26, 36], "bboxes": [[346.072509765625, 110.31346130371094, 429.0623779296875, 399.6634521484375], [485.87591552734375, 183.79054260253906, 518.4126586914062, 210.76536560058594], [132.9805908203125, 131.3050537109375, 187.843994140625, 235.76547241210938], [303.7767333984375, 47.02024841308594, 506.5950927734375, 110.74900817871094], [331.96795654296875, 180.3150634765625, 368.79302978515625, 248.6669921875], [136.82652282714844, 304.5189514160156, 183.55442810058594, 325.6830139160156]]}