{"categories": [0, 32], "bboxes": [[254.56234741210938, 26.6634521484375, 494.4671325683594, 391.9143981933594], [258.1045837402344, 341.4857177734375, 308.5849304199219, 394.9005126953125]]}