{"categories": [0, 24, 26, 41, 43, 44, 48, 54, 55], "bboxes": [[396.9515075683594, 6.3742828369140625, 638.6351928710938, 416.954833984375], [247.08798217773438, 38.083919525146484, 318.4338684082031, 138.1236114501953], [273.72869873046875, 67.0183334350586, 313.7930908203125, 133.6756591796875], [536.3634643554688, 367.0960388183594, 554.6687622070312, 390.0564880371094], [61.39635467529297, 238.0640411376953, 110.29657745361328, 285.30621337890625], [312.3028869628906, 370.9257507324219, 362.0504455566406, 420.4651184082031], [2.0849685668945312, 264.36053466796875, 85.40290832519531, 342.17120361328125], [445.6805725097656, 345.615966796875, 539.6165771484375, 403.154541015625], [88.61795806884766, 275.1662292480469, 163.4481201171875, 353.8255310058594]]}