{"categories": [0, 2, 39, 41, 44, 45, 56, 58, 60], "bboxes": [[196.1504364013672, 110.78534698486328, 339.54022216796875, 299.00311279296875], [515.0174560546875, 0.7585182189941406, 634.279541015625, 36.90018081665039], [284.48175048828125, 255.2230682373047, 311.84100341796875, 325.8638916015625], [284.70831298828125, 322.10797119140625, 328.7144775390625, 370.1658935546875], [201.06570434570312, 327.5736999511719, 242.364990234375, 368.3752136230469], [208.31439208984375, 338.62200927734375, 289.7970275878906, 406.90228271484375], [171.69680786132812, 10.554277420043945, 189.56463623046875, 34.255889892578125], [609.02490234375, 3.240650177001953, 639.0, 37.92768859863281], [61.28330993652344, 276.5062255859375, 508.7506103515625, 472.52783203125]]}