{"categories": [0, 25, 29], "bboxes": [[417.5364990234375, 1.767974853515625, 601.0, 396.8536682128906], [111.24725341796875, 181.18856811523438, 215.90316772460938, 246.81561279296875], [207.35848999023438, 176.92306518554688, 254.355224609375, 243.7181396484375]]}