{"categories": [0, 13, 26, 41, 56], "bboxes": [[172.5745086669922, 166.4079132080078, 440.53814697265625, 468.15826416015625], [0.0, 336.4857482910156, 289.716552734375, 463.2082824707031], [461.6374206542969, 215.26406860351562, 549.6217651367188, 351.5319519042969], [452.0929260253906, 283.7323913574219, 474.2476501464844, 311.4242248535156], [341.291748046875, 299.7256164550781, 456.289794921875, 439.7083435058594]]}