{"categories": [0, 13, 24, 26, 67], "bboxes": [[38.58673095703125, 16.977340698242188, 315.71295166015625, 365.28289794921875], [0.0, 201.13357543945312, 499.0, 366.4393615722656], [65.43357849121094, 153.16265869140625, 193.31724548339844, 212.48974609375], [71.28816223144531, 155.01271057128906, 177.31507873535156, 210.0159149169922], [185.8977508544922, 92.56340789794922, 198.2036590576172, 112.19120025634766]]}