{"categories": [0, 17, 56, 65, 67], "bboxes": [[381.4906311035156, 0.0, 634.8800048828125, 476.15155029296875], [301.14630126953125, 112.80447387695312, 373.7099609375, 187.16098022460938], [81.69078063964844, 315.509521484375, 148.16175842285156, 470.22418212890625], [130.4774932861328, 323.11126708984375, 153.6125030517578, 369.359375], [298.66058349609375, 333.0686340332031, 340.849609375, 372.0411682128906]]}