{"categories": [0, 2, 7, 29], "bboxes": [[224.42874145507812, 75.42384338378906, 414.2132873535156, 372.2352294921875], [587.3512573242188, 73.35035705566406, 635.9669799804688, 103.30776977539062], [581.9345703125, 67.73793029785156, 636.7420654296875, 103.66349792480469], [82.43162536621094, 166.4645233154297, 132.02540588378906, 184.8257598876953]]}