{"categories": [0, 11, 34, 35], "bboxes": [[330.1697998046875, 211.01837158203125, 481.25335693359375, 474.94549560546875], [541.37890625, 3.5042238235473633, 559.28173828125, 29.506389617919922], [402.2460021972656, 286.43780517578125, 523.7078857421875, 321.82659912109375], [402.4283447265625, 392.5389709472656, 444.95684814453125, 421.8846130371094]]}