{"categories": [0, 41, 56, 57, 65, 67], "bboxes": [[35.01348876953125, 134.56982421875, 486.82562255859375, 476.81884765625], [519.13916015625, 180.35781860351562, 540.149169921875, 207.42889404296875], [0.0, 202.2384033203125, 259.0721740722656, 469.79742431640625], [0.0, 56.02953338623047, 248.42843627929688, 217.16693115234375], [293.1719665527344, 333.43206787109375, 333.3300476074219, 353.552001953125], [399.119873046875, 276.38201904296875, 437.5426025390625, 294.66131591796875]]}