{"categories": [0, 8, 13, 24, 25, 56], "bboxes": [[131.8042449951172, 83.50962829589844, 403.1175537109375, 475.2789306640625], [0.0, 124.29913330078125, 639.0, 461.5374755859375], [377.3681640625, 180.44642639160156, 639.0, 460.0260009765625], [595.5783081054688, 113.32826232910156, 639.0, 204.62437438964844], [0.0, 0.0, 409.9841613769531, 175.212890625], [528.41650390625, 128.9395294189453, 577.8011474609375, 179.47621154785156]]}