{"categories": [0, 26, 27, 55, 60], "bboxes": [[0.0, 6.144439697265625, 264.11224365234375, 561.806640625], [71.43939208984375, 373.308349609375, 175.0721893310547, 523.5588989257812], [148.50413513183594, 165.2403106689453, 166.0135040283203, 256.5416259765625], [219.95693969726562, 319.70587158203125, 420.6332092285156, 565.1633911132812], [7.931365966796875, 549.136474609375, 424.0, 634.8480224609375]]}