{"categories": [0, 26, 39, 40, 41, 45, 63], "bboxes": [[145.4739990234375, 47.437896728515625, 549.3534545898438, 339.6972961425781], [11.854049682617188, 98.3600082397461, 132.2049102783203, 338.8212585449219], [619.7215576171875, 125.4145736694336, 638.3626708984375, 203.73162841796875], [420.341796875, 339.91558837890625, 516.11279296875, 423.89373779296875], [76.91848754882812, 326.5954895019531, 145.4045867919922, 365.9444274902344], [0.0, 211.27780151367188, 70.27570343017578, 278.4295959472656], [539.6297607421875, 32.82991027832031, 605.489501953125, 76.4632339477539]]}