{"categories": [0, 2, 24, 25], "bboxes": [[522.2311401367188, 311.1961975097656, 588.1503295898438, 457.4117736816406], [54.10148620605469, 267.860107421875, 122.16511535644531, 284.83282470703125], [142.8889923095703, 378.60205078125, 183.7423858642578, 474.4156494140625], [496.171875, 266.10797119140625, 591.588623046875, 324.195556640625]]}