{"categories": [0, 32], "bboxes": [[2.6536636352539062, 0.0, 135.6168212890625, 417.43536376953125], [386.50946044921875, 245.96044921875, 461.8223876953125, 310.27880859375]]}