{"categories": [0, 2, 13, 24, 29, 35, 74], "bboxes": [[184.98602294921875, 195.83709716796875, 235.39248657226562, 304.63763427734375], [143.89308166503906, 222.61000061035156, 185.5057830810547, 245.6845245361328], [8.01174545288086, 207.11444091796875, 87.19264221191406, 236.37484741210938], [615.06640625, 306.39837646484375, 639.0, 329.29815673828125], [399.42962646484375, 61.98037338256836, 449.1953125, 91.15208435058594], [257.9677429199219, 385.12945556640625, 286.6765441894531, 426.0], [110.83586883544922, 116.99446105957031, 122.5820541381836, 131.090087890625]]}