{"categories": [0, 2, 7, 24, 26, 67], "bboxes": [[35.15452575683594, 135.2917022705078, 239.69776916503906, 618.0862426757812], [191.9945526123047, 233.13897705078125, 231.3192901611328, 274.1365051269531], [0.0, 0.0, 223.38229370117188, 484.3173828125], [373.680419921875, 227.7959747314453, 400.91668701171875, 263.40570068359375], [474.62017822265625, 203.94674682617188, 504.26788330078125, 304.05029296875], [94.01961517333984, 247.00267028808594, 120.47884368896484, 272.31671142578125]]}