{"categories": [0, 34, 56], "bboxes": [[114.3671646118164, 55.716278076171875, 276.59881591796875, 321.0855712890625], [177.1037139892578, 73.82191467285156, 223.92173767089844, 116.70028686523438], [454.3529052734375, 66.39192962646484, 499.0, 92.75365447998047]]}