{"categories": [0, 2, 10, 13, 16, 24], "bboxes": [[220.8531036376953, 78.96890258789062, 545.8533935546875, 626.89404296875], [187.3470458984375, 21.862369537353516, 209.92938232421875, 37.59368133544922], [111.40972137451172, 244.5852813720703, 166.11416625976562, 322.843994140625], [305.1774597167969, 377.3287658691406, 609.7628173828125, 630.8316650390625], [105.62664031982422, 267.8146667480469, 168.81182861328125, 430.6872253417969], [184.55599975585938, 358.02459716796875, 239.61917114257812, 454.10809326171875]]}