{"categories": [0, 41, 43, 44, 45, 48, 55, 56, 60, 67, 73], "bboxes": [[132.9357147216797, 21.793060302734375, 364.112548828125, 372.9997253417969], [419.19085693359375, 322.7144775390625, 472.51055908203125, 367.49176025390625], [274.2951354980469, 287.19635009765625, 294.3869934082031, 405.8436279296875], [498.7313232421875, 305.23333740234375, 525.0231323242188, 349.36370849609375], [15.474720001220703, 334.60186767578125, 117.21379089355469, 385.85986328125], [184.1763916015625, 366.7366638183594, 404.70654296875, 477.6057434082031], [173.8143310546875, 362.4333801269531, 418.05364990234375, 476.6505432128906], [554.3778686523438, 217.37979125976562, 637.8853149414062, 354.7577819824219], [0.0, 305.655029296875, 634.2703857421875, 466.89862060546875], [377.4971923828125, 157.458984375, 390.8656005859375, 192.47964477539062], [340.8977966308594, 327.8421936035156, 409.0110168457031, 360.0347595214844]]}