{"categories": [0, 26, 28, 45, 56], "bboxes": [[418.4361572265625, 75.63931274414062, 610.7828369140625, 396.6658630371094], [199.23861694335938, 299.0001220703125, 337.4570617675781, 423.2083740234375], [92.5137939453125, 217.03305053710938, 229.49639892578125, 416.3761291503906], [304.9765625, 311.9179382324219, 404.92181396484375, 348.7035827636719], [83.91935729980469, 210.62393188476562, 368.12091064453125, 415.0996398925781]]}