{"categories": [0, 26, 39, 40, 56, 57, 67], "bboxes": [[91.64762878417969, 89.63188171386719, 217.04649353027344, 485.416259765625], [179.23988342285156, 274.3954772949219, 208.96067810058594, 387.5484924316406], [24.635986328125, 171.72323608398438, 39.727622985839844, 223.45050048828125], [136.41172790527344, 192.3936004638672, 160.2661590576172, 258.28204345703125], [1.2673912048339844, 329.0531005859375, 91.31024169921875, 469.2679443359375], [1.2401008605957031, 342.2897033691406, 83.914794921875, 488.5988464355469], [182.1055145263672, 312.9364318847656, 206.84349060058594, 353.3200988769531]]}