{"categories": [0, 2, 24, 26, 29], "bboxes": [[159.56410217285156, 219.8355255126953, 424.69842529296875, 626.8312377929688], [379.173583984375, 287.6147155761719, 425.0, 313.0497741699219], [60.64485168457031, 286.0076599121094, 81.22584533691406, 318.8039855957031], [59.88654327392578, 280.0518798828125, 80.72583770751953, 315.94036865234375], [64.87040710449219, 356.01812744140625, 129.0452423095703, 388.82403564453125]]}