{"categories": [0, 2, 24, 25, 26, 28, 43, 45, 48, 54, 55, 56, 60, 63], "bboxes": [[88.43758392333984, 72.16078186035156, 204.16937255859375, 356.9718017578125], [3.9717140197753906, 138.83914184570312, 95.2764892578125, 192.54635620117188], [79.54127502441406, 213.35330200195312, 139.21261596679688, 341.1170349121094], [41.07383728027344, 0.0, 532.9290771484375, 192.9252471923828], [526.9920654296875, 229.73638916015625, 626.775390625, 347.24249267578125], [528.7572631835938, 222.01528930664062, 625.6992797851562, 342.2227478027344], [373.3016662597656, 251.73873901367188, 420.9418029785156, 329.1632385253906], [305.9105529785156, 476.54443359375, 375.8021545410156, 504.0], [395.3719482421875, 413.4916076660156, 569.6747436523438, 503.4919128417969], [569.0007934570312, 384.07769775390625, 637.0314331054688, 444.3238525390625], [351.76092529296875, 313.2164611816406, 485.65643310546875, 386.3948059082031], [434.54833984375, 264.88525390625, 482.2076416015625, 319.633544921875], [25.13580322265625, 313.13671875, 626.7824096679688, 501.62896728515625], [491.2580261230469, 229.94851684570312, 528.9927978515625, 274.91668701171875]]}