{"categories": [0, 13, 26, 27, 39, 45, 53, 56, 58, 60, 75], "bboxes": [[348.0880126953125, 144.3351287841797, 473.27569580078125, 421.77691650390625], [445.320068359375, 139.6919403076172, 538.1159057617188, 259.2873840332031], [225.42291259765625, 264.79266357421875, 300.0706787109375, 410.125], [261.6939392089844, 241.52330017089844, 289.9775085449219, 261.17279052734375], [519.2847900390625, 308.4499816894531, 529.2469482421875, 334.3591613769531], [32.47454833984375, 255.35543823242188, 68.4231185913086, 289.2655944824219], [295.203857421875, 289.4295654296875, 393.29254150390625, 340.24267578125], [87.29535675048828, 388.3975524902344, 220.98638916015625, 425.2821350097656], [36.489707946777344, 190.70477294921875, 82.15564727783203, 247.36669921875], [0.0, 350.066650390625, 210.09271240234375, 419.40325927734375], [44.75922393798828, 216.71914672851562, 67.14527130126953, 246.45562744140625]]}