{"categories": [0, 9], "bboxes": [[379.57073974609375, 365.76300048828125, 467.33380126953125, 618.953857421875], [171.22116088867188, 38.656761169433594, 274.5032653808594, 263.26788330078125]]}