{"categories": [0, 13, 24, 27], "bboxes": [[79.20388793945312, 50.608734130859375, 282.4484558105469, 611.2532958984375], [0.27069091796875, 217.8852081298828, 600.6240844726562, 566.0098266601562], [20.588348388671875, 193.29856872558594, 121.32191467285156, 367.47705078125], [460.9202880859375, 167.53590393066406, 485.614501953125, 228.91993713378906]]}