{"categories": [0, 16, 28], "bboxes": [[393.02978515625, 47.17790222167969, 547.5297241210938, 363.49530029296875], [50.781150817871094, 230.44052124023438, 116.82752227783203, 364.3774108886719], [344.1048278808594, 215.05419921875, 449.1144104003906, 372.7926025390625]]}