{"categories": [0, 34, 35], "bboxes": [[393.3630065917969, 86.28582763671875, 549.1458129882812, 345.37542724609375], [372.0654296875, 156.79681396484375, 482.3690185546875, 176.08953857421875], [227.4701690673828, 199.88206481933594, 257.5886535644531, 239.77235412597656]]}