{"categories": [0, 32, 34], "bboxes": [[185.59613037109375, 108.9200439453125, 331.36517333984375, 420.23211669921875], [170.52684020996094, 198.51913452148438, 204.36753845214844, 232.75070190429688], [292.23602294921875, 170.95274353027344, 370.297607421875, 200.6100311279297]]}