{"categories": [0, 33], "bboxes": [[9.583084106445312, 91.22691345214844, 277.13824462890625, 474.3173828125], [412.224853515625, 50.16600036621094, 587.9527587890625, 190.64706420898438]]}