{"categories": [0, 26, 27, 74], "bboxes": [[290.5325927734375, 26.969635009765625, 517.3177490234375, 424.65966796875], [586.2967529296875, 146.99136352539062, 638.4410400390625, 300.1619567871094], [342.901123046875, 152.37745666503906, 385.3656005859375, 387.55865478515625], [379.8396911621094, 1.121109962463379, 423.8072814941406, 21.467220306396484]]}