{"categories": [0, 13, 34, 35], "bboxes": [[276.2003173828125, 141.1493682861328, 365.48431396484375, 412.8944091796875], [395.475830078125, 181.95236206054688, 461.67584228515625, 208.95870971679688], [284.7478332519531, 188.30113220214844, 313.2956237792969, 246.73548889160156], [448.5877685546875, 245.40866088867188, 478.50732421875, 279.8874816894531]]}