{"categories": [0, 45, 62, 69], "bboxes": [[171.0394744873047, 130.385986328125, 326.8948974609375, 359.5433044433594], [93.36260223388672, 341.8071594238281, 174.5509033203125, 385.3321838378906], [579.1432495117188, 0.2848825454711914, 608.4008178710938, 24.900936126708984], [13.036590576171875, 345.562255859375, 639.0, 424.62347412109375]]}