{"categories": [0, 2, 27, 41, 45, 54, 55, 60, 73], "bboxes": [[316.10064697265625, 71.68759155273438, 544.7391967773438, 419.9903869628906], [516.6970825195312, 65.83712768554688, 557.7195434570312, 121.18515014648438], [226.4320068359375, 173.16465759277344, 289.760009765625, 284.7859191894531], [100.05738830566406, 295.5468444824219, 174.8848419189453, 410.8610534667969], [0.5042552947998047, 337.7778015136719, 36.70807647705078, 376.2218322753906], [81.36243438720703, 210.68997192382812, 185.8538818359375, 288.62994384765625], [230.2990264892578, 381.65185546875, 324.1983337402344, 420.711669921875], [6.99212646484375, 357.2808532714844, 440.143798828125, 420.9507141113281], [1.8128089904785156, 67.82258605957031, 78.03160095214844, 231.99717712402344]]}