{"categories": [0, 27, 67, 72, 73], "bboxes": [[1.0394439697265625, 15.946640014648438, 235.71031188964844, 420.08648681640625], [461.8144836425781, 185.53797912597656, 488.6331481933594, 211.6067657470703], [467.3190612792969, 282.17059326171875, 508.1955871582031, 314.66888427734375], [239.4208984375, 242.08883666992188, 339.67742919921875, 405.7655944824219], [29.912303924560547, 326.47686767578125, 55.7846794128418, 385.7772216796875]]}