{"categories": [0, 1, 11], "bboxes": [[210.5726318359375, 88.49844360351562, 394.07183837890625, 458.3330993652344], [107.83012390136719, 252.84341430664062, 217.1638946533203, 424.9367980957031], [323.7868347167969, 335.54779052734375, 351.2550964355469, 359.6761474609375]]}