{"categories": [0, 8, 27], "bboxes": [[326.29833984375, 68.34220886230469, 630.8285522460938, 423.46942138671875], [12.757707595825195, 199.568115234375, 50.76941680908203, 224.7493896484375], [367.75244140625, 218.01023864746094, 410.47882080078125, 421.23712158203125]]}