{"categories": [0, 30], "bboxes": [[50.09429168701172, 68.62612915039062, 283.1641540527344, 569.70068359375], [64.27371215820312, 581.6973266601562, 394.9898376464844, 632.1781616210938]]}