{"categories": [0, 13, 39, 41, 42, 44, 54, 56, 60], "bboxes": [[0.0, 2.044891357421875, 276.01788330078125, 419.2437438964844], [319.207275390625, 161.0042266845703, 369.19317626953125, 198.72743225097656], [410.7042541503906, 179.0476837158203, 450.4750061035156, 305.3045349121094], [345.720947265625, 229.95802307128906, 399.41094970703125, 304.0427551269531], [195.94662475585938, 156.61546325683594, 228.89483642578125, 228.68736267089844], [229.3368682861328, 164.33187866210938, 249.9396209716797, 210.21957397460938], [382.0160827636719, 359.80560302734375, 462.8103332519531, 404.76007080078125], [306.4546203613281, 228.91140747070312, 346.6851501464844, 308.8595275878906], [201.40489196777344, 200.29440307617188, 624.4652099609375, 417.9587707519531]]}