{"categories": [0, 39, 40, 41, 45, 56, 60], "bboxes": [[364.3287658691406, 246.24609375, 605.203125, 473.47039794921875], [269.5619201660156, 155.07797241210938, 289.7574157714844, 218.150634765625], [324.40643310546875, 248.9247283935547, 347.2989501953125, 304.1106872558594], [364.1669006347656, 234.5959014892578, 383.6447448730469, 268.62713623046875], [267.8578796386719, 252.59934997558594, 302.4999084472656, 273.61181640625], [489.59735107421875, 168.20199584960938, 615.2901000976562, 339.5649719238281], [212.39791870117188, 183.79791259765625, 398.6891174316406, 462.74786376953125]]}