{"categories": [0, 2, 56, 67], "bboxes": [[172.58578491210938, 34.69248962402344, 630.51171875, 476.30279541015625], [603.9451904296875, 62.029945373535156, 633.22509765625, 77.47396087646484], [603.4314575195312, 375.21197509765625, 623.6044311523438, 438.60870361328125], [286.9707946777344, 175.11790466308594, 325.7671203613281, 251.2447967529297]]}