{"categories": [0, 39, 41, 45, 57, 58, 65, 69, 73], "bboxes": [[112.15243530273438, 87.3211669921875, 319.3224182128906, 624.1736450195312], [437.75811767578125, 427.1336669921875, 460.160400390625, 499.80535888671875], [48.29877471923828, 318.9103088378906, 67.91609191894531, 347.0190124511719], [71.17891693115234, 339.5353698730469, 116.83300018310547, 355.6575622558594], [0.977630615234375, 347.7451171875, 123.45244598388672, 584.1458129882812], [54.38932800292969, 233.35980224609375, 81.30903625488281, 255.4713134765625], [359.063720703125, 282.8367919921875, 381.41162109375, 302.34185791015625], [283.36248779296875, 303.64447021484375, 445.81512451171875, 526.962158203125], [369.4673767089844, 294.4583740234375, 427.3757629394531, 312.509033203125]]}