{"categories": [0, 39, 41, 43, 45, 74], "bboxes": [[264.2656555175781, 116.40394592285156, 391.2961730957031, 483.72137451171875], [588.5532836914062, 254.05752563476562, 639.0, 385.1874084472656], [196.37841796875, 295.8548278808594, 218.170654296875, 327.9407653808594], [388.468505859375, 278.02911376953125, 405.9417724609375, 309.14227294921875], [520.0658569335938, 353.51409912109375, 553.8389282226562, 371.84466552734375], [263.2132873535156, 43.40604782104492, 290.7179260253906, 70.94681549072266]]}