{"categories": [0, 26, 32, 34, 35], "bboxes": [[45.117095947265625, 135.96827697753906, 170.0850830078125, 407.0771484375], [443.9947509765625, 297.4312438964844, 548.2766723632812, 391.5845031738281], [194.7257080078125, 206.0586395263672, 209.78182983398438, 219.3326873779297], [82.40708923339844, 117.62187194824219, 166.09144592285156, 207.1855010986328], [300.0207214355469, 254.37362670898438, 354.3092346191406, 305.8605041503906]]}