{"categories": [0, 24, 25, 56, 65], "bboxes": [[78.68669891357422, 24.66705322265625, 184.75262451171875, 452.2747802734375], [157.9794464111328, 203.7805633544922, 353.371337890625, 436.00897216796875], [0.8246040344238281, 6.478809356689453, 118.91719055175781, 105.99806213378906], [2.607036590576172, 196.2062530517578, 89.63597106933594, 271.25457763671875], [299.89794921875, 331.9747619628906, 350.7257080078125, 382.6297302246094]]}