{"categories": [0, 24, 30], "bboxes": [[124.13311767578125, 73.45799255371094, 247.1407470703125, 348.82037353515625], [283.6715087890625, 117.63040161132812, 346.19970703125, 169.70999145507812], [79.30252838134766, 339.7173156738281, 239.82083129882812, 361.6680603027344]]}