{"categories": [0, 26, 56, 57, 59, 60, 63], "bboxes": [[0.3227386474609375, 178.734619140625, 176.4181671142578, 351.05560302734375], [174.42942810058594, 10.975151062011719, 218.4396209716797, 80.84180450439453], [0.0, 373.8104248046875, 56.14262390136719, 541.7012939453125], [285.09075927734375, 205.806640625, 611.0, 450.10906982421875], [360.2449951171875, 288.0496826171875, 611.0, 445.04046630859375], [0.7570037841796875, 332.3248291015625, 321.50604248046875, 417.26177978515625], [84.43132781982422, 277.0960998535156, 248.8558349609375, 359.2698059082031]]}