{"categories": [0, 32, 34, 35], "bboxes": [[0.05821990966796875, 153.85711669921875, 222.91146850585938, 407.98236083984375], [545.7874145507812, 137.9525909423828, 567.7350463867188, 154.87196350097656], [252.36593627929688, 124.46981811523438, 401.4089050292969, 173.76132202148438], [188.60435485839844, 155.20263671875, 227.3144073486328, 208.52615356445312]]}