{"categories": [0, 27, 39, 45, 51, 53, 56, 60], "bboxes": [[0.0, 0.29461669921875, 148.53494262695312, 422.2703552246094], [318.30316162109375, 64.16151428222656, 332.5992431640625, 99.01628112792969], [140.57745361328125, 41.31406021118164, 160.71481323242188, 95.08894348144531], [237.46426391601562, 171.37603759765625, 281.3029479980469, 187.14315795898438], [275.4178161621094, 178.63299560546875, 305.2281188964844, 192.01199340820312], [155.30990600585938, 254.75674438476562, 296.9226379394531, 321.5359802246094], [551.6028442382812, 187.5963592529297, 639.0, 420.71258544921875], [114.81925964355469, 155.4342498779297, 607.18701171875, 415.72760009765625]]}