{"categories": [0, 57, 60, 65], "bboxes": [[39.266937255859375, 40.00146484375, 264.58831787109375, 354.9382629394531], [26.441238403320312, 55.23164367675781, 474.87005615234375, 326.1973876953125], [0.0, 275.6811828613281, 499.0, 363.9292297363281], [243.16732788085938, 177.4595489501953, 255.49075317382812, 195.4194793701172]]}