{"categories": [0, 16, 39, 41, 45, 56, 60, 62, 63, 64, 65, 66, 69, 73], "bboxes": [[221.10989379882812, 4.15777587890625, 335.7607727050781, 408.1412353515625], [324.7138977050781, 231.1205291748047, 337.9475402832031, 262.5997314453125], [64.9670639038086, 269.3243408203125, 88.00269317626953, 333.40399169921875], [113.74110412597656, 255.6492919921875, 137.51803588867188, 280.244873046875], [550.2642822265625, 189.6472930908203, 627.1346435546875, 250.89060974121094], [128.35202026367188, 274.4029846191406, 274.87921142578125, 424.7164001464844], [3.0639495849609375, 234.09506225585938, 262.325439453125, 412.4740295410156], [344.32183837890625, 106.60985565185547, 379.72076416015625, 139.03872680664062], [146.47865295410156, 200.0386505126953, 250.1870574951172, 297.2799072265625], [18.554813385009766, 311.9796142578125, 38.421775817871094, 328.96258544921875], [108.25564575195312, 322.7383728027344, 147.31863403320312, 343.4512634277344], [154.50341796875, 258.891845703125, 231.99127197265625, 289.57720947265625], [521.091064453125, 232.0675048828125, 639.0, 423.2392578125], [104.8233642578125, 319.3761291503906, 150.20443725585938, 343.6202087402344]]}