{"categories": [0, 5, 7, 25, 26], "bboxes": [[424.1011962890625, 190.59446716308594, 583.27197265625, 629.2513427734375], [316.766357421875, 108.17454528808594, 639.0, 453.0794677734375], [326.25396728515625, 111.83218383789062, 627.1181640625, 469.4978942871094], [54.31696319580078, 266.5723876953125, 88.24605560302734, 289.722412109375], [339.09222412109375, 299.04400634765625, 397.921630859375, 391.73077392578125]]}