{"categories": [0, 36], "bboxes": [[8.903076171875, 220.8694610595703, 360.3212585449219, 533.1134033203125], [277.83734130859375, 2.497241973876953, 407.8343505859375, 83.83761596679688]]}