{"categories": [0, 39, 45, 60, 71], "bboxes": [[0.0, 216.4451904296875, 118.67665100097656, 461.59210205078125], [439.71478271484375, 215.9711456298828, 455.60296630859375, 258.7591552734375], [406.8902893066406, 258.57568359375, 497.9574890136719, 283.523193359375], [267.23028564453125, 258.2065124511719, 402.91729736328125, 338.1650085449219], [307.0406494140625, 274.0255126953125, 499.0, 382.98681640625]]}