{"categories": [0, 35], "bboxes": [[76.46659851074219, 29.955726623535156, 229.4535675048828, 274.17572021484375], [573.74755859375, 198.38803100585938, 637.7578125, 288.440185546875]]}