{"categories": [0, 2, 32, 38, 65], "bboxes": [[16.356170654296875, 45.02314758300781, 189.42843627929688, 417.33868408203125], [404.36468505859375, 161.6242218017578, 548.2451171875, 279.17523193359375], [508.33038330078125, 336.3405456542969, 541.5248413085938, 367.7871398925781], [428.827392578125, 330.59100341796875, 608.7598876953125, 424.73675537109375], [74.88908386230469, 241.19100952148438, 142.44444274902344, 282.8108215332031]]}