{"categories": [0, 24, 60, 67, 73], "bboxes": [[239.4221649169922, 4.517730712890625, 499.0, 358.4219665527344], [5.650604248046875, 1.9747161865234375, 160.84564208984375, 243.4969482421875], [3.16412353515625, 308.369873046875, 184.02293395996094, 373.47119140625], [240.0255126953125, 81.76353454589844, 332.24383544921875, 248.07090759277344], [146.989501953125, 102.12167358398438, 351.3968505859375, 339.1337585449219]]}