{"categories": [0, 37], "bboxes": [[15.135284423828125, 43.80316162109375, 260.2386779785156, 340.53228759765625], [0.0, 259.9298400878906, 383.3077392578125, 341.2306213378906]]}