{"categories": [0, 39, 42, 73, 74, 75], "bboxes": [[275.1466064453125, 91.16033935546875, 551.0006103515625, 472.02532958984375], [183.52926635742188, 222.0233917236328, 199.12234497070312, 265.5141296386719], [309.2477111816406, 279.22607421875, 332.9067687988281, 326.5369873046875], [204.98020935058594, 277.9205322265625, 311.9241027832031, 333.27410888671875], [554.1046142578125, 166.6349639892578, 577.94091796875, 198.06346130371094], [230.24188232421875, 183.7242431640625, 255.62899780273438, 254.003173828125]]}