{"categories": [0, 65], "bboxes": [[70.7762451171875, 107.5177001953125, 457.82879638671875, 472.51519775390625], [272.35394287109375, 257.9648132324219, 305.4490966796875, 356.8698425292969]]}