{"categories": [0, 29], "bboxes": [[219.12429809570312, 60.68162536621094, 445.3420715332031, 417.136474609375], [409.4516296386719, 86.05240631103516, 488.3060607910156, 109.61852264404297]]}