{"categories": [0, 39, 41, 43, 45, 48, 53, 56, 57, 60, 67], "bboxes": [[0.0, 125.14251708984375, 242.64093017578125, 424.90460205078125], [363.8826599121094, 208.26602172851562, 392.8928527832031, 276.4232177734375], [291.8835144042969, 220.20523071289062, 319.8735046386719, 274.5909729003906], [236.30072021484375, 279.1765441894531, 311.98992919921875, 297.0943908691406], [462.44903564453125, 237.1749267578125, 500.861328125, 261.4780578613281], [185.3426513671875, 289.558837890625, 276.6485595703125, 339.1805419921875], [202.53111267089844, 244.53738403320312, 275.2452697753906, 273.8623352050781], [218.28509521484375, 170.87213134765625, 304.50042724609375, 243.6302490234375], [111.646728515625, 168.66070556640625, 506.0498046875, 254.7364501953125], [167.63885498046875, 211.0757293701172, 527.898193359375, 410.21697998046875], [402.8485412597656, 384.0864562988281, 423.7691345214844, 416.4696350097656]]}