{"categories": [0, 24, 30, 31], "bboxes": [[433.8984375, 106.09123229980469, 545.7332763671875, 398.729736328125], [59.2628173828125, 190.5050506591797, 117.62786865234375, 257.43170166015625], [505.08209228515625, 149.77932739257812, 536.4824829101562, 416.5949401855469], [188.5287322998047, 163.20706176757812, 252.1228485107422, 400.6440734863281]]}