{"categories": [0, 2, 13, 32, 34], "bboxes": [[20.649620056152344, 45.025970458984375, 264.3287658691406, 418.4156799316406], [402.0535888671875, 286.080322265625, 623.7843017578125, 351.11285400390625], [228.374755859375, 227.76705932617188, 639.0, 346.1122131347656], [304.61541748046875, 38.887691497802734, 322.69085693359375, 56.3802604675293], [433.46844482421875, 125.3714828491211, 449.173095703125, 157.76174926757812]]}