{"categories": [0, 34, 38], "bboxes": [[175.0298309326172, 91.40164184570312, 257.1785583496094, 343.11260986328125], [298.9228515625, 238.6385498046875, 332.87579345703125, 262.7330627441406], [184.57054138183594, 164.51803588867188, 255.06361389160156, 286.2974853515625]]}