{"categories": [0, 56, 57, 60, 65, 67, 73], "bboxes": [[144.98817443847656, 131.32432556152344, 394.5203857421875, 605.1400146484375], [343.5707092285156, 377.998046875, 479.0, 594.0665893554688], [291.5246276855469, 383.17889404296875, 479.0, 625.8092651367188], [0.0, 505.15203857421875, 265.46685791015625, 623.0628051757812], [0.9212112426757812, 547.6974487304688, 37.74938201904297, 572.1377563476562], [0.6985092163085938, 546.763671875, 37.15269470214844, 572.375732421875], [25.187515258789062, 535.2213745117188, 100.10926818847656, 586.3313598632812]]}