{"categories": [0, 35, 56], "bboxes": [[342.1453552246094, 122.9294204711914, 452.0651550292969, 372.43328857421875], [129.6090087890625, 179.24771118164062, 155.61111450195312, 208.83657836914062], [29.19415283203125, 83.47759246826172, 55.115806579589844, 97.0837631225586]]}