{"categories": [0, 25, 27, 56, 67], "bboxes": [[210.45611572265625, 73.08070373535156, 496.0174560546875, 470.9683837890625], [104.50096130371094, 60.48528289794922, 465.26556396484375, 262.0869445800781], [165.4393310546875, 237.61517333984375, 187.72390747070312, 318.22015380859375], [21.11138153076172, 293.3524475097656, 78.31104278564453, 425.8652038574219], [207.4412078857422, 323.9237060546875, 265.7520446777344, 366.09930419921875]]}