{"categories": [0, 2, 7, 25, 29], "bboxes": [[317.6779479980469, 142.2484588623047, 548.4495849609375, 400.53076171875], [513.2155151367188, 99.40383911132812, 541.9906616210938, 114.16949462890625], [511.9691162109375, 96.8184814453125, 542.872314453125, 114.01991271972656], [270.0973205566406, 77.80123901367188, 292.2526550292969, 89.83421325683594], [317.9808044433594, 232.0332794189453, 362.5699157714844, 255.8580780029297]]}