{"categories": [0, 17], "bboxes": [[445.04205322265625, 169.0985107421875, 544.99267578125, 394.01702880859375], [101.17933654785156, 144.22933959960938, 431.93389892578125, 398.0064392089844]]}