{"categories": [0, 13, 17], "bboxes": [[354.120849609375, 32.51226806640625, 499.0, 617.184326171875], [296.88262939453125, 168.18316650390625, 395.74859619140625, 202.01058959960938], [9.121017456054688, 27.019378662109375, 264.86968994140625, 602.793701171875]]}