{"categories": [0, 25, 26, 41, 52, 54], "bboxes": [[42.52717590332031, 82.44969177246094, 348.65130615234375, 484.019287109375], [245.99029541015625, 98.52577209472656, 365.59088134765625, 203.2138214111328], [0.23779296875, 306.49432373046875, 108.61272430419922, 487.4354248046875], [229.30865478515625, 69.62126159667969, 264.1601257324219, 116.65284729003906], [113.92817687988281, 194.4401397705078, 172.7517852783203, 295.5068664550781], [119.74948120117188, 288.7336120605469, 179.71145629882812, 395.3370056152344]]}