{"categories": [0, 54], "bboxes": [[61.57603454589844, 60.308319091796875, 545.3091430664062, 590.5804443359375], [173.7308349609375, 342.3728332519531, 307.8382263183594, 442.7785949707031]]}