{"categories": [0, 24, 32, 34, 35], "bboxes": [[152.89085388183594, 34.414947509765625, 416.1690673828125, 403.943603515625], [0.15058135986328125, 389.5373840332031, 53.144229888916016, 445.7886047363281], [502.8078308105469, 284.2547302246094, 523.899658203125, 301.2787170410156], [403.9775085449219, 171.2887725830078, 589.5491333007812, 215.1772003173828], [206.0565185546875, 331.839111328125, 269.893798828125, 401.47235107421875]]}