{"categories": [0, 56, 65, 74], "bboxes": [[0.0, 40.32069396972656, 233.00204467773438, 362.7060546875], [143.44534301757812, 225.97898864746094, 251.38385009765625, 371.85882568359375], [244.27719116210938, 80.57801818847656, 303.0012512207031, 119.90884399414062], [22.389877319335938, 22.213035583496094, 86.15275573730469, 84.86053466796875]]}