{"categories": [0, 39, 42, 46, 47, 49, 54, 72], "bboxes": [[1.4033966064453125, 4.651397705078125, 215.42857360839844, 411.9842529296875], [169.78941345214844, 132.12774658203125, 188.9386444091797, 177.25149536132812], [481.23675537109375, 0.42842864990234375, 515.4285278320312, 46.810176849365234], [157.72891235351562, 173.44764709472656, 207.93496704101562, 200.79527282714844], [208.33578491210938, 210.75880432128906, 250.01681518554688, 243.8962860107422], [184.19113159179688, 219.18789672851562, 220.469482421875, 248.5875244140625], [201.4110565185547, 178.01170349121094, 224.3781280517578, 193.81809997558594], [88.79356384277344, 22.549545288085938, 357.20660400390625, 421.37872314453125]]}