{"categories": [0, 27, 58, 62], "bboxes": [[215.40573120117188, 64.44905090332031, 567.435791015625, 419.90020751953125], [208.6822967529297, 272.8672180175781, 266.8916931152344, 421.9339294433594], [248.438232421875, 272.1833190917969, 308.21734619140625, 415.2964782714844], [518.0320434570312, 206.73663330078125, 547.0050659179688, 228.17141723632812]]}