{"categories": [0, 39, 40, 57, 65], "bboxes": [[262.0249938964844, 122.98397827148438, 478.6849670410156, 635.640869140625], [337.23699951171875, 405.98846435546875, 360.7532958984375, 469.4462890625], [320.9753112792969, 392.6932678222656, 351.9120178222656, 448.0478820800781], [5.5584259033203125, 349.54180908203125, 332.0665283203125, 629.9686889648438], [261.93115234375, 385.64501953125, 325.2216796875, 461.523681640625]]}