{"categories": [0, 2, 26, 28, 56], "bboxes": [[80.05284881591797, 25.526412963867188, 332.53973388671875, 473.90576171875], [415.8165283203125, 155.572998046875, 561.6840209960938, 319.5298156738281], [536.2884521484375, 412.0858154296875, 639.0, 479.0], [537.9662475585938, 368.9117431640625, 636.7074584960938, 476.7469482421875], [538.87646484375, 354.3625793457031, 565.443359375, 443.5698547363281]]}