{"categories": [0, 32], "bboxes": [[118.43446350097656, 108.11251831054688, 286.78680419921875, 369.7359619140625], [374.3441162109375, 357.7530517578125, 422.84625244140625, 405.79339599609375]]}