{"categories": [0, 29, 38, 41], "bboxes": [[65.30301666259766, 92.49378967285156, 245.00772094726562, 499.0], [27.563928604125977, 354.1927185058594, 75.72083282470703, 374.1223449707031], [192.8046875, 143.1754608154297, 307.5411376953125, 341.85369873046875], [227.57748413085938, 285.4300537109375, 332.0, 493.173583984375]]}