{"categories": [0, 9, 27, 67], "bboxes": [[66.87364196777344, 128.98365783691406, 274.226806640625, 635.5524291992188], [269.8052978515625, 79.05244445800781, 300.2882080078125, 111.91961669921875], [183.4921112060547, 255.06285095214844, 217.7711639404297, 323.9688720703125], [241.10951232910156, 438.3908386230469, 263.94720458984375, 466.8850402832031]]}