{"categories": [0, 7, 38], "bboxes": [[338.03448486328125, 166.7196807861328, 433.86773681640625, 439.6258544921875], [601.4989013671875, 329.213623046875, 638.4168701171875, 425.834228515625], [239.3556365966797, 152.51553344726562, 263.2571716308594, 220.18136596679688]]}