{"categories": [0, 40], "bboxes": [[24.234466552734375, 152.916748046875, 362.8924865722656, 632.8026123046875], [310.2235107421875, 453.2702331542969, 377.22113037109375, 569.2031860351562]]}