{"categories": [0, 29, 34, 35], "bboxes": [[389.8533935546875, 128.85459899902344, 527.0432739257812, 410.797119140625], [438.0975036621094, 417.6038513183594, 533.2562255859375, 433.4750671386719], [479.7039794921875, 111.5421371459961, 488.78167724609375, 143.02975463867188], [478.6163635253906, 253.018798828125, 516.7164916992188, 280.86419677734375]]}