{"categories": [0, 24, 26, 57, 65, 74], "bboxes": [[470.3380126953125, 114.46329498291016, 574.254638671875, 328.4052734375], [357.3995666503906, 137.45504760742188, 398.5962219238281, 231.3819580078125], [262.9739074707031, 236.34095764160156, 290.0832824707031, 282.2808837890625], [21.132003784179688, 144.85739135742188, 431.80352783203125, 395.0412292480469], [547.4429321289062, 110.86277770996094, 561.4540405273438, 133.47682189941406], [134.74026489257812, 62.029300689697266, 152.33184814453125, 83.77536010742188]]}