{"categories": [0, 32, 38], "bboxes": [[190.11814880371094, 163.72491455078125, 575.299560546875, 369.6334228515625], [186.62855529785156, 337.4558410644531, 220.9620819091797, 361.1064758300781], [200.25860595703125, 331.5906066894531, 300.77044677734375, 372.6834411621094]]}