{"categories": [0, 39, 41, 43, 45, 53, 60, 73, 74], "bboxes": [[543.1380615234375, 14.773056030273438, 639.0, 397.61163330078125], [362.5546875, 256.3103332519531, 441.6846923828125, 421.1820373535156], [256.4245300292969, 390.14788818359375, 300.7817687988281, 424.0], [393.34442138671875, 333.0096435546875, 588.2683715820312, 421.88909912109375], [192.08917236328125, 296.98992919921875, 301.9464111328125, 390.72039794921875], [552.85205078125, 381.8323669433594, 631.9761962890625, 420.2270202636719], [133.7279052734375, 254.48817443847656, 639.0, 421.51275634765625], [444.78515625, 274.713623046875, 541.6887817382812, 364.829833984375], [492.4352111816406, 0.7223796844482422, 524.0274658203125, 29.571866989135742]]}