{"categories": [0, 39, 40, 41, 43, 45, 55, 56, 60, 63], "bboxes": [[304.1265869140625, 126.45079040527344, 499.0, 328.92913818359375], [123.63013458251953, 277.8665466308594, 164.6204833984375, 330.3132019042969], [249.19654846191406, 302.3037414550781, 285.52178955078125, 331.0], [35.86192321777344, 190.67019653320312, 95.15995788574219, 251.19757080078125], [197.9349822998047, 184.6016845703125, 242.7582244873047, 212.70608520507812], [164.77215576171875, 291.6185607910156, 228.30926513671875, 331.0], [167.9634246826172, 202.26449584960938, 246.4607391357422, 256.9737548828125], [359.7803955078125, 91.97572326660156, 427.500732421875, 173.93739318847656], [12.76788330078125, 163.05258178710938, 371.80230712890625, 323.30914306640625], [44.35763168334961, 142.2803497314453, 91.08616638183594, 167.6939239501953]]}