{"categories": [0, 2, 17, 26], "bboxes": [[504.3319091796875, 114.46351623535156, 639.0, 422.09539794921875], [139.25218200683594, 349.6142272949219, 165.57188415527344, 361.1177062988281], [94.03746032714844, 315.0055847167969, 504.5150146484375, 420.2786560058594], [449.4952392578125, 241.10794067382812, 534.1839599609375, 361.9010925292969]]}