{"categories": [0, 56, 62, 63], "bboxes": [[3.3255767822265625, 74.61308288574219, 368.4691162109375, 465.87890625], [535.894775390625, 212.6946258544922, 638.9971923828125, 445.47314453125], [0.23848724365234375, 300.3878479003906, 88.45704650878906, 479.0], [509.4562683105469, 434.8671875, 636.855224609375, 477.76025390625]]}