{"categories": [0, 40, 41, 45, 46, 54, 57, 58, 59, 60, 62, 67, 73, 77], "bboxes": [[397.439697265625, 161.73538208007812, 622.0439453125, 417.5259704589844], [186.6378936767578, 247.85821533203125, 212.18360900878906, 303.144775390625], [254.0244903564453, 287.5196533203125, 284.8597717285156, 335.4239501953125], [226.57870483398438, 265.6102600097656, 267.5362548828125, 292.0391540527344], [0.0, 338.9460754394531, 34.11161804199219, 361.7740173339844], [148.05337524414062, 331.11480712890625, 190.11727905273438, 368.5233154296875], [4.928199768066406, 179.0400390625, 180.70993041992188, 288.2209777832031], [414.2177429199219, 90.70307159423828, 439.3774719238281, 116.83185577392578], [2.577880859375, 360.1282043457031, 270.50103759765625, 475.7532043457031], [51.15861511230469, 226.6420135498047, 466.94171142578125, 465.0943603515625], [432.32781982421875, 31.21554183959961, 540.8585205078125, 109.68739318847656], [105.98795318603516, 333.0455322265625, 149.85977172851562, 358.71539306640625], [280.1097412109375, 418.2262878417969, 402.01202392578125, 477.7929992675781], [548.6015625, 75.1575927734375, 578.36572265625, 119.77886962890625]]}