{"categories": [0, 25, 41, 56, 57, 62, 65, 66], "bboxes": [[72.03677368164062, 138.68748474121094, 278.2875061035156, 470.87884521484375], [80.39949035644531, 4.0462799072265625, 195.36170959472656, 187.92918395996094], [220.3748016357422, 52.42814636230469, 257.03424072265625, 94.75955200195312], [400.7817687988281, 322.52490234375, 639.0, 472.81622314453125], [405.1277160644531, 317.6692810058594, 639.0, 477.8311462402344], [278.5048522949219, 35.51677322387695, 408.2893371582031, 125.49131774902344], [195.42169189453125, 160.6759033203125, 215.36941528320312, 190.52493286132812], [0.938720703125, 214.0330352783203, 93.58087158203125, 321.67059326171875]]}