{"categories": [0, 23, 65], "bboxes": [[91.66939544677734, 139.05628967285156, 268.36090087890625, 369.4228515625], [260.3388366699219, 10.953903198242188, 495.9559631347656, 309.23638916015625], [244.9252471923828, 181.23245239257812, 271.0126037597656, 191.35678100585938]]}