{"categories": [0, 40, 41, 43, 45, 53, 54, 55, 58, 75], "bboxes": [[394.8338317871094, 147.37094116210938, 527.7890625, 310.122314453125], [429.698974609375, 488.68798828125, 454.63140869140625, 540.3228759765625], [205.63150024414062, 444.09991455078125, 239.13436889648438, 476.299560546875], [258.4937744140625, 456.09844970703125, 272.85443115234375, 505.1107177734375], [129.7161865234375, 143.60848999023438, 234.233642578125, 197.84393310546875], [301.0716857910156, 333.5193786621094, 361.5144348144531, 374.3881530761719], [295.46380615234375, 291.082275390625, 351.72515869140625, 331.7122802734375], [227.9762725830078, 296.2740478515625, 284.1089172363281, 328.29296875], [110.09477233886719, 16.36876678466797, 216.5426788330078, 203.93768310546875], [130.13108825683594, 149.66592407226562, 185.39683532714844, 196.02606201171875]]}