{"categories": [0, 27], "bboxes": [[0.0, 106.02618408203125, 163.47332763671875, 633.3218383789062], [166.13116455078125, 324.7927551269531, 218.3695068359375, 436.6340637207031]]}