{"categories": [0, 41, 57, 65, 74], "bboxes": [[236.69793701171875, 73.04087829589844, 609.9891967773438, 471.13824462890625], [218.69822692871094, 356.2851867675781, 246.8906707763672, 403.3649597167969], [58.92449951171875, 185.36961364746094, 617.75244140625, 478.87774658203125], [0.0, 309.5884094238281, 37.195037841796875, 323.0468444824219], [142.02734375, 199.888916015625, 163.38168334960938, 220.94046020507812]]}