{"categories": [0, 7, 8, 24, 26, 28, 73], "bboxes": [[310.9697265625, 103.41336059570312, 525.1990356445312, 471.1736755371094], [0.0, 32.69915771484375, 602.0, 606.5112915039062], [0.0, 59.279083251953125, 602.0, 611.8697509765625], [301.80865478515625, 181.07188415527344, 413.07781982421875, 284.6252746582031], [164.39483642578125, 190.4597625732422, 238.62014770507812, 324.82220458984375], [435.76727294921875, 396.1397399902344, 547.236328125, 452.4109191894531], [445.1901550292969, 331.1913757324219, 545.4469604492188, 390.8529357910156]]}