{"categories": [0, 1, 2, 5, 13, 32, 34], "bboxes": [[288.0818176269531, 86.09980773925781, 426.1497497558594, 386.03631591796875], [152.727783203125, 250.16954040527344, 325.70379638671875, 408.48419189453125], [568.74609375, 119.77050018310547, 619.2955322265625, 150.29554748535156], [615.6431884765625, 114.22884368896484, 639.0, 145.12155151367188], [1.7167015075683594, 167.21002197265625, 39.1087532043457, 185.0770263671875], [515.2680053710938, 162.11566162109375, 528.2826538085938, 174.55349731445312], [387.5005187988281, 167.2659149169922, 479.6055603027344, 209.78831481933594]]}