{"categories": [0, 3, 11, 25, 26, 39, 72], "bboxes": [[347.2249450683594, 104.84468078613281, 475.4007873535156, 405.95294189453125], [498.7456970214844, 117.857177734375, 535.198486328125, 152.01315307617188], [576.5950317382812, 30.140411376953125, 589.7702026367188, 49.873451232910156], [298.8056640625, 40.86347961425781, 468.83349609375, 120.46257019042969], [267.64630126953125, 230.8542938232422, 327.57379150390625, 295.06512451171875], [161.65924072265625, 41.24603271484375, 173.3802490234375, 71.27191162109375], [126.82740783691406, 22.859588623046875, 234.7722625732422, 298.82525634765625]]}