{"categories": [0, 13, 17], "bboxes": [[64.05194854736328, 88.91497802734375, 204.35498046875, 586.740966796875], [0.0, 198.31614685058594, 76.28184509277344, 311.0727233886719], [181.01510620117188, 208.64613342285156, 339.5213317871094, 615.0064697265625]]}