{"categories": [0, 31], "bboxes": [[416.3833923339844, 120.62864685058594, 556.5592041015625, 306.81829833984375], [13.343757629394531, 333.8521728515625, 201.88418579101562, 408.44696044921875]]}