{"categories": [0, 36], "bboxes": [[117.55504608154297, 333.0541687011719, 252.2420654296875, 541.919677734375], [118.8831787109375, 525.01025390625, 234.642333984375, 578.5185546875]]}