{"categories": [0, 39, 41, 45, 55, 56, 60, 65, 67, 75], "bboxes": [[369.3326416015625, 163.85423278808594, 639.0, 469.69775390625], [156.4690399169922, 37.54645919799805, 174.98268127441406, 88.07376098632812], [308.6659240722656, 341.41455078125, 338.7348327636719, 389.4627685546875], [230.11534118652344, 342.2062683105469, 294.52935791015625, 385.2173767089844], [336.4565734863281, 334.1969299316406, 366.6992492675781, 360.9572448730469], [320.3354797363281, 331.81982421875, 470.8504943847656, 475.60601806640625], [110.32974243164062, 267.12518310546875, 417.6310119628906, 425.8612060546875], [135.20054626464844, 366.38653564453125, 194.8417510986328, 390.95166015625], [190.62417602539062, 270.5080261230469, 205.82501220703125, 290.8055114746094], [311.8035583496094, 68.87973022460938, 324.6718444824219, 112.651123046875]]}