{"categories": [0, 24, 27, 41, 56, 57, 71], "bboxes": [[470.8034362792969, 28.156829833984375, 639.0, 420.8312683105469], [0.0, 336.4173583984375, 74.99613952636719, 422.6363525390625], [552.943115234375, 110.98417663574219, 570.818603515625, 174.5623016357422], [295.829833984375, 111.00743865966797, 343.04736328125, 179.16152954101562], [310.58477783203125, 347.84375, 376.85955810546875, 424.16510009765625], [23.391433715820312, 326.7202453613281, 374.36419677734375, 420.6484069824219], [347.5432434082031, 377.61822509765625, 379.2692565917969, 402.90777587890625]]}