{"categories": [0, 28, 39, 45, 49, 54, 56, 60, 61, 63, 64, 67, 73], "bboxes": [[384.1715087890625, 159.06578063964844, 589.0298461914062, 414.79339599609375], [523.3455810546875, 249.1066436767578, 637.70458984375, 417.75946044921875], [0.5013236999511719, 192.11328125, 12.865120887756348, 255.48446655273438], [197.29159545898438, 302.9059753417969, 229.45840454101562, 317.0876770019531], [130.80152893066406, 280.6285400390625, 149.5811004638672, 292.94952392578125], [159.44044494628906, 278.6900329589844, 180.6096954345703, 295.7883605957031], [0.0, 231.9895477294922, 74.74989318847656, 424.710205078125], [48.74501037597656, 241.30502319335938, 540.7501831054688, 413.7297058105469], [397.3099670410156, 201.257568359375, 460.3161926269531, 292.9458312988281], [143.94007873535156, 203.4117889404297, 308.67779541015625, 302.3115539550781], [116.74537658691406, 239.02755737304688, 141.4983673095703, 253.94754028320312], [454.55804443359375, 325.4410705566406, 493.16912841796875, 353.9449157714844], [455.6884765625, 325.24005126953125, 494.0184326171875, 353.57427978515625]]}