{"categories": [0, 24, 26, 39, 41, 43, 45, 49, 50, 53, 60], "bboxes": [[0.0, 21.927169799804688, 213.81417846679688, 287.67364501953125], [369.81951904296875, 184.77540588378906, 449.04901123046875, 260.7631530761719], [366.9054870605469, 185.53656005859375, 448.6631164550781, 256.1846618652344], [154.77842712402344, 207.4638671875, 214.14439392089844, 393.121337890625], [0.0, 303.9946594238281, 63.16828536987305, 479.3199157714844], [17.489978790283203, 490.6441650390625, 60.74564743041992, 636.817138671875], [69.31380462646484, 307.1022644042969, 157.05389404296875, 363.5466003417969], [384.6357421875, 544.4239501953125, 477.54766845703125, 631.1065673828125], [115.51893615722656, 452.4913635253906, 389.17950439453125, 561.6802368164062], [234.39654541015625, 304.294921875, 387.871826171875, 348.71759033203125], [0.0, 262.13128662109375, 479.0, 634.9859619140625]]}