{"categories": [0, 40, 41, 42, 44, 45, 56, 60, 73], "bboxes": [[181.58200073242188, 211.52955627441406, 317.5328369140625, 339.094970703125], [291.721435546875, 475.65716552734375, 329.6707763671875, 568.6738891601562], [144.83302307128906, 414.54779052734375, 178.02088928222656, 466.59130859375], [236.4279022216797, 426.84844970703125, 263.592529296875, 453.99139404296875], [233.81851196289062, 427.06195068359375, 267.75433349609375, 455.00457763671875], [205.1605224609375, 607.608642578125, 259.3324890136719, 637.6444091796875], [294.82318115234375, 226.79891967773438, 319.91131591796875, 282.55670166015625], [26.915496826171875, 317.82220458984375, 419.2242126464844, 626.311767578125], [44.481239318847656, 490.4556884765625, 206.00180053710938, 585.8101806640625]]}