{"categories": [0, 35], "bboxes": [[238.82839965820312, 78.66998291015625, 433.2229919433594, 494.2261962890625], [424.4166259765625, 297.4777526855469, 537.8847045898438, 420.0614318847656]]}