{"categories": [0, 32, 35], "bboxes": [[233.1407928466797, 274.72222900390625, 638.0, 610.8997802734375], [311.4107666015625, 116.05901336669922, 343.7132568359375, 147.67626953125], [252.62149047851562, 475.6485290527344, 350.0334167480469, 575.568115234375]]}