{"categories": [0, 27], "bboxes": [[199.42547607421875, 51.20274353027344, 424.37310791015625, 420.46368408203125], [463.775390625, 159.2132110595703, 496.88043212890625, 260.4649658203125]]}