{"categories": [0, 23, 39], "bboxes": [[72.89717864990234, 254.7115478515625, 213.5286865234375, 474.82684326171875], [263.94970703125, 141.62156677246094, 331.37408447265625, 315.60614013671875], [185.04281616210938, 381.31268310546875, 218.77243041992188, 446.16943359375]]}