{"categories": [0, 27, 45, 55, 60, 77], "bboxes": [[2.322978973388672, 131.5252685546875, 66.2501220703125, 345.4501953125], [216.3498992919922, 176.78822326660156, 238.7465057373047, 240.9217987060547], [184.2677001953125, 230.5168914794922, 217.0379638671875, 239.4021759033203], [186.5157928466797, 276.5993347167969, 336.64044189453125, 390.9277648925781], [91.69723510742188, 331.8807067871094, 423.0, 639.0], [149.5032501220703, 360.9732971191406, 217.2516326904297, 424.7702331542969]]}