{"categories": [0, 62, 65, 67, 79], "bboxes": [[153.2587890625, 120.0191650390625, 349.9829406738281, 422.00775146484375], [93.00489807128906, 168.9539337158203, 174.7284698486328, 271.0022277832031], [512.0814208984375, 303.7672424316406, 550.08203125, 326.8799743652344], [43.94950866699219, 352.4725646972656, 73.78270721435547, 382.8710632324219], [270.1424560546875, 190.20053100585938, 284.55755615234375, 207.08441162109375]]}