{"categories": [0, 29, 32, 34, 35], "bboxes": [[422.8890686035156, 49.93733215332031, 639.0, 417.1927490234375], [57.71803283691406, 184.10325622558594, 76.81976318359375, 203.1949920654297], [57.80507278442383, 184.02259826660156, 76.57274627685547, 203.44407653808594], [248.06137084960938, 18.361507415771484, 354.0455627441406, 145.19271850585938], [200.5293426513672, 174.7721710205078, 258.001953125, 221.93174743652344]]}