{"categories": [0, 26, 56, 65], "bboxes": [[302.99835205078125, 59.322853088378906, 450.896240234375, 296.0736389160156], [120.43719482421875, 147.25584411621094, 153.00213623046875, 172.0460968017578], [418.6327209472656, 100.6520767211914, 478.3074645996094, 239.35910034179688], [115.66941833496094, 253.65061950683594, 143.2725067138672, 273.15411376953125]]}