{"categories": [0, 45, 56], "bboxes": [[327.0010681152344, 33.289093017578125, 639.0, 412.8418273925781], [23.76881217956543, 310.3294982910156, 69.06634521484375, 331.9438781738281], [238.62008666992188, 237.93438720703125, 309.8769226074219, 318.83038330078125]]}