{"categories": [0, 38], "bboxes": [[125.30793762207031, 138.294677734375, 207.2478485107422, 377.9884033203125], [168.30169677734375, 248.2626190185547, 261.802978515625, 299.9279479980469]]}