{"categories": [0, 35], "bboxes": [[411.87078857421875, 5.1450347900390625, 519.9063110351562, 456.9715576171875], [443.9586486816406, 271.0041809082031, 509.8879089355469, 321.2402038574219]]}