{"categories": [0, 11, 24, 41, 46, 47, 75], "bboxes": [[532.6978759765625, 150.53041076660156, 638.5472412109375, 472.516845703125], [317.6576232910156, 120.89019012451172, 355.1352233886719, 161.42202758789062], [59.0643310546875, 234.022216796875, 223.3250732421875, 479.0], [512.1363525390625, 346.0084533691406, 543.42333984375, 435.2778015136719], [310.18511962890625, 178.02029418945312, 344.80712890625, 207.17727661132812], [446.6213073730469, 413.70465087890625, 515.2240600585938, 443.3133544921875], [512.0628051757812, 346.96405029296875, 543.4639282226562, 437.3365478515625]]}