{"categories": [0, 27, 56, 60, 62, 63, 73, 74], "bboxes": [[356.8597412109375, 128.59681701660156, 470.80377197265625, 461.59942626953125], [284.77325439453125, 206.023193359375, 330.35076904296875, 315.149169921875], [493.538330078125, 224.37457275390625, 591.8232421875, 401.609619140625], [11.207000732421875, 152.41033935546875, 164.24310302734375, 260.39215087890625], [389.89190673828125, 50.760135650634766, 421.41497802734375, 75.97935485839844], [116.99073791503906, 265.3185729980469, 271.9873046875, 353.8000793457031], [143.1654052734375, 390.8165283203125, 316.90887451171875, 473.36236572265625], [2.173121452331543, 0.32315635681152344, 33.13207244873047, 20.568645477294922]]}