{"categories": [0, 41, 45, 55, 56, 60, 67], "bboxes": [[0.0, 42.255401611328125, 124.1304931640625, 277.5574645996094], [184.018798828125, 277.0519714355469, 218.49392700195312, 342.3277893066406], [332.24444580078125, 358.04888916015625, 389.3203125, 398.59539794921875], [11.710868835449219, 307.16650390625, 182.00796508789062, 425.2288818359375], [43.58452606201172, 267.53045654296875, 172.76077270507812, 325.64581298828125], [7.4127349853515625, 286.1029052734375, 487.645263671875, 424.738037109375], [251.95648193359375, 176.76141357421875, 286.86505126953125, 191.5797119140625]]}