{"categories": [0, 41, 45, 47, 56, 57, 59, 60, 62, 68, 71, 73], "bboxes": [[231.59219360351562, 55.718414306640625, 328.7671203613281, 408.0890808105469], [121.26429748535156, 240.84388732910156, 146.47703552246094, 276.10205078125], [390.7998046875, 235.26368713378906, 462.74462890625, 267.96044921875], [406.06524658203125, 232.76043701171875, 456.45880126953125, 255.71441650390625], [107.2907943725586, 151.61407470703125, 146.23410034179688, 241.29644775390625], [0.0, 270.21514892578125, 281.3460693359375, 420.48516845703125], [563.5028686523438, 174.31637573242188, 638.5171508789062, 319.682373046875], [279.8403625488281, 370.7777099609375, 495.1047668457031, 424.4248046875], [378.8121643066406, 153.39418029785156, 471.3532409667969, 226.9758758544922], [203.2173309326172, 41.13614273071289, 224.17662048339844, 94.41944885253906], [169.69287109375, 202.25665283203125, 239.62017822265625, 223.2431640625], [360.63262939453125, 276.4896240234375, 459.733154296875, 400.368896484375]]}