{"categories": [0, 13, 24, 35, 56], "bboxes": [[137.78163146972656, 354.3559875488281, 313.73577880859375, 532.8507690429688], [283.75054931640625, 321.523681640625, 485.64776611328125, 398.67340087890625], [363.9880065917969, 373.79388427734375, 395.2501525878906, 403.22357177734375], [135.354736328125, 485.1790771484375, 161.57470703125, 514.127197265625], [181.2519989013672, 148.4448699951172, 214.5706329345703, 190.35435485839844]]}