{"categories": [0, 40, 56, 60, 63, 66], "bboxes": [[18.28387451171875, 130.58160400390625, 319.3350830078125, 371.0626525878906], [291.15740966796875, 126.10033416748047, 308.91351318359375, 162.4835968017578], [0.6126747131347656, 100.9874267578125, 117.05239868164062, 174.757080078125], [192.50503540039062, 144.77481079101562, 499.0, 366.4727478027344], [264.867919921875, 102.52957153320312, 471.18212890625, 281.84429931640625], [299.467529296875, 200.50682067871094, 381.627197265625, 273.62823486328125]]}