{"categories": [0, 2, 3, 7, 74], "bboxes": [[308.6462097167969, 170.92437744140625, 485.6083679199219, 554.0007934570312], [260.00543212890625, 295.8207702636719, 507.96661376953125, 478.6233215332031], [106.60074615478516, 295.9360046386719, 332.4092712402344, 565.59765625], [70.46226501464844, 257.4290771484375, 511.0, 551.9005737304688], [423.8321228027344, 158.27757263183594, 440.0741271972656, 180.2905731201172]]}