{"categories": [0, 43, 56, 60, 65, 73, 76], "bboxes": [[234.31808471679688, 115.11698913574219, 437.4401550292969, 395.1756591796875], [394.1156311035156, 247.8922882080078, 450.0284729003906, 290.5387878417969], [0.8543739318847656, 185.78550720214844, 38.47666931152344, 243.17701721191406], [147.84033203125, 134.85198974609375, 327.25445556640625, 232.63583374023438], [216.2374725341797, 262.63214111328125, 257.7848205566406, 291.6827392578125], [50.9486083984375, 340.8304748535156, 105.86477661132812, 379.8472595214844], [393.6689758300781, 243.38929748535156, 455.3971252441406, 301.9248352050781]]}