{"categories": [0, 26, 55, 56, 57, 73], "bboxes": [[319.36676025390625, 110.38592529296875, 639.0, 626.6146850585938], [76.06764221191406, 427.08441162109375, 195.3588104248047, 578.6430053710938], [317.0509338378906, 288.07159423828125, 444.9252624511719, 382.41253662109375], [98.80557250976562, 337.20947265625, 195.08517456054688, 436.59130859375], [62.5404052734375, 406.1512145996094, 564.8972778320312, 626.571044921875], [244.96441650390625, 86.37690734863281, 292.923583984375, 120.31442260742188]]}