{"categories": [0, 27, 57, 59], "bboxes": [[2.0612335205078125, 115.40814208984375, 322.33502197265625, 446.41278076171875], [526.9407348632812, 264.13531494140625, 584.9904174804688, 432.96771240234375], [0.0, 223.46493530273438, 639.0, 442.5437927246094], [0.0, 31.795867919921875, 635.5181274414062, 421.1218566894531]]}