{"categories": [0, 2, 38, 73], "bboxes": [[401.8054504394531, 0.0, 639.0, 379.53265380859375], [10.868267059326172, 0.0, 112.80889892578125, 35.446739196777344], [207.21876525878906, 307.61077880859375, 411.843017578125, 408.95684814453125], [307.06707763671875, 213.378662109375, 365.29742431640625, 257.54290771484375]]}