{"categories": [0, 1, 3, 25, 56], "bboxes": [[381.306884765625, 102.40757751464844, 478.99871826171875, 229.59349060058594], [56.2902946472168, 148.9515838623047, 84.07730102539062, 176.00498962402344], [0.1383056640625, 146.63890075683594, 69.30821990966797, 271.70611572265625], [235.57601928710938, 112.15055084228516, 265.2003479003906, 125.70471954345703], [100.15046691894531, 138.92123413085938, 125.29684448242188, 171.18563842773438]]}