{"categories": [0, 36], "bboxes": [[96.89932250976562, 99.16299438476562, 367.2666320800781, 520.8544921875], [80.16651916503906, 456.00689697265625, 154.2145233154297, 581.0065307617188]]}