{"categories": [0, 39, 53, 57, 59, 77], "bboxes": [[373.4395446777344, 35.06455993652344, 638.5784912109375, 471.46441650390625], [273.7309265136719, 230.089599609375, 306.0705871582031, 283.0640869140625], [313.2867126464844, 226.9312744140625, 408.3552551269531, 288.7708740234375], [209.8656768798828, 89.71249389648438, 314.3562927246094, 220.89254760742188], [11.171539306640625, 293.9449462890625, 486.3164978027344, 468.64306640625], [356.9560241699219, 301.11199951171875, 454.7693176269531, 379.31781005859375]]}