{"categories": [0, 24, 26, 27, 39, 56, 65, 67, 73, 79], "bboxes": [[8.673431396484375, 18.064407348632812, 169.76173400878906, 369.78277587890625], [0.0, 308.6451416015625, 35.938934326171875, 374.0], [215.1326904296875, 294.4482116699219, 301.651123046875, 367.5352478027344], [40.61983871459961, 163.4296112060547, 59.94611740112305, 241.26609802246094], [4.676148414611816, 13.028125762939453, 19.93817901611328, 47.14809036254883], [394.8691101074219, 201.4891357421875, 489.2067565917969, 372.9925537109375], [267.61669921875, 316.6914367675781, 282.3275146484375, 330.9769592285156], [293.9134521484375, 91.6776123046875, 309.0517578125, 109.10635375976562], [4.099180221557617, 163.1842803955078, 42.88499450683594, 176.96742248535156], [336.81524658203125, 151.9259033203125, 349.53912353515625, 167.04769897460938]]}