{"categories": [0, 26, 36], "bboxes": [[97.39164733886719, 40.193328857421875, 286.1944580078125, 579.68115234375], [318.8797607421875, 294.201171875, 396.64617919921875, 426.2706298828125], [96.1300277709961, 571.1322631835938, 255.84475708007812, 625.3495483398438]]}