{"categories": [0, 13, 24, 30, 31], "bboxes": [[296.6882629394531, 162.3334197998047, 384.6141662597656, 450.23992919921875], [350.8515930175781, 270.2414245605469, 546.2976684570312, 383.0404357910156], [399.7823181152344, 233.26870727539062, 474.1327819824219, 273.6961975097656], [177.15533447265625, 396.81414794921875, 291.0804748535156, 476.3468017578125], [171.79885864257812, 143.58262634277344, 253.6527099609375, 355.1195068359375]]}