{"categories": [0, 26, 27, 40, 45, 56, 60], "bboxes": [[11.744163513183594, 85.68402099609375, 148.43057250976562, 369.8116455078125], [332.4917907714844, 316.7135925292969, 399.3451232910156, 374.0], [98.73861694335938, 159.36807250976562, 124.21075439453125, 218.12789916992188], [360.3705749511719, 249.11512756347656, 383.0779724121094, 292.6261901855469], [144.52088928222656, 232.54428100585938, 183.84996032714844, 254.4534912109375], [327.3297119140625, 144.78201293945312, 369.74566650390625, 237.81655883789062], [135.0762939453125, 213.8380584716797, 388.74969482421875, 367.8944091796875]]}