{"categories": [0, 16, 24, 26, 39, 41, 45, 49, 56, 58, 60, 63, 67, 73, 75], "bboxes": [[413.1956787109375, 142.87863159179688, 639.0, 422.5788879394531], [296.2375793457031, 281.4002990722656, 429.5700988769531, 430.0], [135.81956481933594, 313.7892150878906, 257.5618591308594, 353.2802429199219], [139.26922607421875, 314.10260009765625, 258.80474853515625, 353.5367431640625], [176.32823181152344, 210.08099365234375, 201.9943084716797, 303.25732421875], [215.32603454589844, 278.41046142578125, 243.9595489501953, 312.83685302734375], [14.212677001953125, 286.8544616699219, 97.3325424194336, 314.5934753417969], [15.991851806640625, 253.79379272460938, 92.6157455444336, 304.6550598144531], [271.84637451171875, 155.3336639404297, 346.99652099609375, 206.19712829589844], [40.165000915527344, 124.81073760986328, 83.7581787109375, 182.54263305664062], [1.2196197509765625, 267.72283935546875, 322.05010986328125, 427.8819580078125], [102.05181884765625, 345.30963134765625, 298.8061218261719, 424.43463134765625], [214.25697326660156, 352.44091796875, 269.98114013671875, 382.45086669921875], [1.248748779296875, 317.04364013671875, 87.49002075195312, 345.54730224609375], [11.550459861755371, 155.3730010986328, 29.021270751953125, 181.89146423339844]]}