{"categories": [0, 27, 57, 65, 67], "bboxes": [[266.0286865234375, 2.6450347900390625, 629.7841796875, 475.4989013671875], [160.8389892578125, 198.69277954101562, 186.44558715820312, 319.9541320800781], [2.209869384765625, 228.85008239746094, 118.95623779296875, 438.7965087890625], [9.40301513671875, 403.0914001464844, 150.00311279296875, 452.9800720214844], [1.6328487396240234, 445.05450439453125, 65.25859832763672, 479.0]]}