{"categories": [0, 13, 34, 35, 56], "bboxes": [[241.36212158203125, 0.0, 510.74676513671875, 351.39935302734375], [227.97178649902344, 13.2447509765625, 280.05120849609375, 70.16802978515625], [505.40850830078125, 83.1823959350586, 639.0, 115.96517181396484], [475.0785827636719, 102.57614135742188, 507.7974548339844, 135.9713897705078], [448.4255676269531, 7.583126068115234, 493.5657043457031, 60.62791061401367]]}