{"categories": [0, 13, 17, 56], "bboxes": [[317.637939453125, 206.74391174316406, 448.19061279296875, 423.6683349609375], [475.3554382324219, 28.234920501708984, 589.5015869140625, 57.232547760009766], [0.0, 181.67059326171875, 361.1397705078125, 425.84649658203125], [619.15673828125, 38.828704833984375, 638.689208984375, 61.60955810546875]]}