{"categories": [0, 41, 56, 60, 67], "bboxes": [[203.8755340576172, 0.0, 499.0, 363.177734375], [87.23893737792969, 279.3567199707031, 184.72532653808594, 374.0], [187.3311309814453, 218.98196411132812, 254.0917205810547, 341.7716369628906], [13.265365600585938, 288.7973327636719, 346.77069091796875, 369.6163635253906], [105.88916015625, 205.7733917236328, 119.61679077148438, 228.35032653808594]]}