{"categories": [0, 2, 9, 25, 26, 56], "bboxes": [[426.101318359375, 134.8840789794922, 551.7804565429688, 476.4080810546875], [258.29400634765625, 282.0874938964844, 522.962890625, 396.9392395019531], [26.48592758178711, 90.9603500366211, 86.02871704101562, 141.7672882080078], [153.42105102539062, 206.07400512695312, 243.39944458007812, 287.2079162597656], [16.162200927734375, 236.293701171875, 99.86754608154297, 370.69512939453125], [169.31288146972656, 289.1773376464844, 196.28965759277344, 327.9946594238281]]}