{"categories": [0, 27, 56], "bboxes": [[1.4167098999023438, 58.86134338378906, 183.47515869140625, 333.90087890625], [410.0997619628906, 165.14132690429688, 435.7258605957031, 252.62713623046875], [381.19757080078125, 210.09884643554688, 494.9268798828125, 335.0]]}