{"categories": [0, 27, 40, 41, 56, 57, 67], "bboxes": [[334.4237365722656, 125.83526611328125, 573.3193359375, 413.74322509765625], [159.92135620117188, 273.32427978515625, 197.35601806640625, 424.49468994140625], [347.8406066894531, 224.64463806152344, 362.5902404785156, 251.8822479248047], [431.50335693359375, 405.156005859375, 511.81927490234375, 425.0], [532.5811767578125, 223.79257202148438, 606.61474609375, 380.4004211425781], [220.7147979736328, 233.78054809570312, 637.3480224609375, 416.9197082519531], [425.9926452636719, 182.6915283203125, 452.4334411621094, 216.56314086914062]]}