{"categories": [0, 2, 41, 72], "bboxes": [[32.4595947265625, 64.11972045898438, 311.44879150390625, 477.4910583496094], [614.3385620117188, 73.1627197265625, 631.4735717773438, 96.53807067871094], [29.31458282470703, 276.8691711425781, 62.11833953857422, 326.5824279785156], [267.77069091796875, 16.683609008789062, 454.265625, 333.0186767578125]]}