{"categories": [0, 27], "bboxes": [[338.32269287109375, 87.10850524902344, 635.320556640625, 444.31304931640625], [179.90457153320312, 228.2185516357422, 253.07403564453125, 443.8807373046875]]}