{"categories": [0, 16, 41, 57, 64, 65], "bboxes": [[109.00724792480469, 81.78178405761719, 452.39666748046875, 475.5574951171875], [323.3940734863281, 86.24249267578125, 421.0609436035156, 176.7613525390625], [496.6735534667969, 363.0050964355469, 528.3682861328125, 417.8407287597656], [0.0, 128.58432006835938, 410.3979797363281, 479.0], [545.5847778320312, 371.8673400878906, 575.0209350585938, 402.3654479980469], [523.9262084960938, 427.55029296875, 609.6719360351562, 447.8311767578125]]}