{"categories": [0, 54, 67, 74], "bboxes": [[1.526031494140625, 109.0841064453125, 386.1646423339844, 636.0325927734375], [126.3715591430664, 417.97406005859375, 249.53271484375, 557.8779907226562], [221.380615234375, 225.26492309570312, 276.6689758300781, 293.8847961425781], [416.5092468261719, 292.355224609375, 429.0425720214844, 314.27728271484375]]}