{"categories": [0, 16, 24, 25, 26, 35, 58], "bboxes": [[315.3298034667969, 0.0, 408.1775207519531, 303.0115966796875], [289.5863037109375, 277.3680114746094, 460.3846435546875, 466.1647033691406], [0.27584075927734375, 25.724803924560547, 63.71509552001953, 147.4560546875], [426.9604797363281, 48.38842010498047, 628.9971923828125, 187.59402465820312], [389.41961669921875, 126.5133056640625, 407.63787841796875, 203.99786376953125], [1.2309494018554688, 398.35040283203125, 46.71666717529297, 477.3902587890625], [462.0971984863281, 119.88430786132812, 502.8356018066406, 177.05081176757812]]}