{"categories": [0, 38], "bboxes": [[238.53298950195312, 64.87812805175781, 375.3649597167969, 393.47442626953125], [39.8331298828125, 128.1778564453125, 92.16401672363281, 271.5142517089844]]}