{"categories": [0, 17, 25, 29], "bboxes": [[293.746337890625, 141.55905151367188, 403.57025146484375, 384.7503967285156], [266.13995361328125, 282.62646484375, 400.76220703125, 421.7838134765625], [84.12871551513672, 23.768966674804688, 313.1278381347656, 237.63026428222656], [432.49481201171875, 174.9141082763672, 527.8736572265625, 269.3304138183594]]}