{"categories": [0, 56, 62, 63, 66, 67, 77], "bboxes": [[43.04212951660156, 174.49151611328125, 234.9939422607422, 407.22528076171875], [317.16644287109375, 398.4356994628906, 475.057861328125, 628.6064453125], [48.54698181152344, 205.8072052001953, 105.38336181640625, 296.38604736328125], [241.13819885253906, 183.7676239013672, 316.93280029296875, 298.4605712890625], [251.3082733154297, 249.72457885742188, 301.0670471191406, 293.4631042480469], [155.47764587402344, 204.63128662109375, 169.51783752441406, 257.9985656738281], [390.0225524902344, 270.5235595703125, 476.7303771972656, 364.95428466796875]]}