{"categories": [0, 45, 71, 79], "bboxes": [[377.94622802734375, 112.51747131347656, 581.61962890625, 345.173095703125], [236.4864044189453, 204.41709899902344, 407.532958984375, 309.9407043457031], [23.621978759765625, 280.37371826171875, 623.630126953125, 461.50347900390625], [160.5743408203125, 275.962890625, 219.826171875, 341.25927734375]]}