{"categories": [0, 26, 27, 62], "bboxes": [[209.01119995117188, 139.84841918945312, 337.6446838378906, 477.5857238769531], [389.04034423828125, 357.9250183105469, 425.78765869140625, 406.9229431152344], [291.8526306152344, 195.68045043945312, 312.9281921386719, 275.6290283203125], [357.6893615722656, 1.6185874938964844, 593.80908203125, 83.49441528320312]]}