{"categories": [0, 48, 54, 55, 60, 67], "bboxes": [[0.0, 83.0595703125, 291.02630615234375, 472.568603515625], [154.50186157226562, 203.94491577148438, 242.63424682617188, 347.0226745605469], [156.52345275878906, 200.90953063964844, 244.6753692626953, 282.9889831542969], [425.8300476074219, 315.8448486328125, 485.7039489746094, 363.516845703125], [164.93829345703125, 312.76373291015625, 636.138916015625, 474.133544921875], [550.5797119140625, 93.20870971679688, 601.100341796875, 149.9818115234375]]}