{"categories": [0, 30], "bboxes": [[537.2830200195312, 146.1988525390625, 639.0, 418.8817138671875], [85.35989379882812, 371.4778747558594, 213.32827758789062, 401.3067932128906]]}