{"categories": [0, 27, 43, 55, 56, 60, 79], "bboxes": [[119.42034912109375, 41.38554382324219, 343.4201354980469, 508.90533447265625], [340.0248718261719, 255.8597412109375, 369.7176818847656, 424.78155517578125], [173.30935668945312, 413.75390625, 190.99273681640625, 527.0963134765625], [101.22625732421875, 522.6114501953125, 261.586669921875, 612.0323486328125], [8.368927001953125, 486.5377502441406, 164.135009765625, 556.2962036132812], [0.0, 464.3977966308594, 410.699951171875, 636.2462768554688], [243.4679412841797, 297.8238525390625, 264.0670471191406, 385.8157958984375]]}