{"categories": [0, 27, 41, 42, 44, 45, 55, 56, 60], "bboxes": [[118.11262512207031, 34.953529357910156, 359.68719482421875, 285.8032531738281], [608.5065307617188, 101.98359680175781, 630.7647094726562, 210.64503479003906], [428.9289855957031, 241.71617126464844, 456.3258972167969, 277.8663024902344], [245.96029663085938, 240.105224609375, 313.5238952636719, 276.47003173828125], [258.439453125, 239.7286376953125, 311.03009033203125, 272.5755615234375], [0.32723045349121094, 328.53399658203125, 31.003509521484375, 366.8251953125], [445.2243347167969, 324.38372802734375, 495.9424133300781, 381.72808837890625], [405.9932861328125, 301.06951904296875, 585.5875854492188, 347.44488525390625], [12.90118408203125, 274.5471496582031, 639.0, 419.6907043457031]]}