{"categories": [0, 13], "bboxes": [[179.19810485839844, 84.46012878417969, 565.7745971679688, 423.26031494140625], [0.0, 231.4036865234375, 639.0, 418.67999267578125]]}