{"categories": [0, 39, 41, 45, 55, 60, 67], "bboxes": [[88.26919555664062, 76.67828369140625, 342.5397644042969, 424.1381530761719], [452.9077453613281, 186.3577423095703, 484.3871154785156, 293.0769348144531], [504.41705322265625, 228.29830932617188, 534.1637573242188, 272.4745178222656], [224.558349609375, 295.1208190917969, 272.3386535644531, 324.7759094238281], [369.45147705078125, 310.48834228515625, 427.7227783203125, 350.363525390625], [121.01829528808594, 234.65731811523438, 608.8033447265625, 420.2070007324219], [576.7496948242188, 132.12826538085938, 603.7005004882812, 189.1070556640625]]}