{"categories": [0, 10, 26, 38], "bboxes": [[329.06689453125, 318.98614501953125, 429.92626953125, 604.9732666015625], [174.52114868164062, 327.8640441894531, 227.15789794921875, 406.2290344238281], [209.24752807617188, 472.495849609375, 275.88873291015625, 550.4278564453125], [409.97528076171875, 509.97406005859375, 440.54534912109375, 545.1924438476562]]}