{"categories": [0, 40, 41, 42, 43, 44, 56, 60, 73], "bboxes": [[324.7532958984375, 54.82078552246094, 595.798583984375, 341.0316162109375], [216.15945434570312, 322.6944885253906, 262.1837463378906, 428.0], [409.65753173828125, 324.4047546386719, 458.49652099609375, 396.8237609863281], [147.4115447998047, 367.1583557128906, 210.54917907714844, 386.0751647949219], [129.95712280273438, 345.81610107421875, 223.2625732421875, 371.0596923828125], [351.05963134765625, 336.0780029296875, 387.1734619140625, 354.41131591796875], [0.0, 231.89344787597656, 91.30601501464844, 388.69561767578125], [0.0, 307.25738525390625, 634.2401123046875, 421.57147216796875], [43.23052215576172, 379.2188720703125, 176.54293823242188, 426.0439453125]]}