{"categories": [0, 27, 62], "bboxes": [[463.62152099609375, 79.33036041259766, 581.2756958007812, 255.16769409179688], [499.6202697753906, 146.0288543701172, 519.3056640625, 248.3337860107422], [408.3358459472656, 249.60304260253906, 618.339599609375, 390.74273681640625]]}