{"categories": [0, 41, 43, 44, 45, 51, 52, 56, 60], "bboxes": [[4.6291351318359375, 0.0, 181.93943786621094, 201.52845764160156], [362.4085388183594, 160.50457763671875, 393.9967346191406, 206.34048461914062], [158.49554443359375, 117.42919921875, 223.14541625976562, 139.3935546875], [160.4608612060547, 116.56331634521484, 228.88270568847656, 142.12628173828125], [272.54150390625, 175.4945068359375, 349.67962646484375, 223.09674072265625], [267.728271484375, 370.7131042480469, 374.2508544921875, 447.7232360839844], [45.986419677734375, 283.03851318359375, 114.5118408203125, 337.9779052734375], [329.2122497558594, 76.80682373046875, 413.7445983886719, 165.58558654785156], [15.00634765625, 144.15870666503906, 631.1422119140625, 472.10455322265625]]}