{"categories": [0, 26, 40, 41, 42, 44, 55, 56, 60], "bboxes": [[25.259437561035156, 110.56295776367188, 128.04885864257812, 411.9140319824219], [150.6544647216797, 210.053955078125, 190.7903594970703, 280.1355285644531], [308.3663330078125, 269.86505126953125, 332.29486083984375, 308.657958984375], [320.1994934082031, 335.7213439941406, 342.4480895996094, 363.2059020996094], [44.73196029663086, 382.3647155761719, 77.45608520507812, 461.3992004394531], [45.63420104980469, 382.4643249511719, 77.05589294433594, 460.9938659667969], [56.53034210205078, 481.0721130371094, 111.14635467529297, 544.4366455078125], [186.2632598876953, 243.71099853515625, 213.69203186035156, 290.5804443359375], [48.80238342285156, 231.67440795898438, 405.71295166015625, 621.539794921875]]}