{"categories": [0, 24, 26, 28, 56, 72, 73], "bboxes": [[43.280155181884766, 14.824600219726562, 108.87478637695312, 205.24488830566406], [243.08718872070312, 301.32135009765625, 391.3265075683594, 374.0], [91.91474151611328, 76.4508056640625, 123.97246551513672, 127.51318359375], [347.5473937988281, 225.46392822265625, 442.8698425292969, 374.0], [226.723388671875, 214.0411834716797, 446.89813232421875, 374.0], [428.42425537109375, 3.038726806640625, 497.970458984375, 268.22796630859375], [401.9906005859375, 70.61714172363281, 434.6051025390625, 90.07916259765625]]}