{"categories": [0, 37], "bboxes": [[306.36749267578125, 53.90545654296875, 479.02288818359375, 575.3641357421875], [81.64912414550781, 181.08602905273438, 568.3991088867188, 440.2956848144531]]}