{"categories": [0, 8, 46, 56], "bboxes": [[357.0201721191406, 159.66372680664062, 579.9569702148438, 471.0717468261719], [34.06536865234375, 209.43846130371094, 632.968017578125, 526.9228515625], [418.6602478027344, 411.28729248046875, 528.1831665039062, 497.63262939453125], [161.22386169433594, 222.82601928710938, 192.13926696777344, 271.2224426269531]]}