{"categories": [0, 51, 57, 63, 66, 77], "bboxes": [[67.12266540527344, 128.04739379882812, 430.346435546875, 391.3257141113281], [372.7905578613281, 313.229248046875, 405.3883972167969, 353.8294677734375], [37.371307373046875, 81.96417236328125, 633.943359375, 435.23333740234375], [64.41931915283203, 138.39065551757812, 264.53985595703125, 303.1144714355469], [97.20178985595703, 247.01675415039062, 223.72320556640625, 283.3012390136719], [462.5477294921875, 260.71466064453125, 574.7574462890625, 372.57135009765625]]}