{"categories": [0, 1, 36, 39, 58], "bboxes": [[73.74273681640625, 80.0105972290039, 332.03314208984375, 314.403564453125], [0.0, 362.20843505859375, 56.50702667236328, 421.32696533203125], [266.5096130371094, 187.74139404296875, 345.3502502441406, 301.9436340332031], [496.26080322265625, 84.39813232421875, 508.2772216796875, 118.406494140625], [0.0, 91.08749389648438, 144.11233520507812, 409.6822814941406]]}