{"categories": [0, 13, 39, 41, 45, 56, 58, 60], "bboxes": [[118.74237060546875, 155.29515075683594, 369.4713439941406, 470.23687744140625], [360.193359375, 324.3374938964844, 497.6710205078125, 473.3163757324219], [304.6388854980469, 231.03074645996094, 322.1062316894531, 292.0626525878906], [278.9230651855469, 242.95916748046875, 305.8115539550781, 287.96173095703125], [324.4795227050781, 254.06976318359375, 381.7749938964844, 286.87127685546875], [82.45256805419922, 299.16217041015625, 273.618896484375, 477.27532958984375], [468.484375, 78.88850402832031, 487.353515625, 98.09236145019531], [0.5158615112304688, 183.22618103027344, 140.79815673828125, 270.8695068359375]]}