{"categories": [0, 27], "bboxes": [[10.526260375976562, 46.74957275390625, 339.80767822265625, 419.2757263183594], [382.0207214355469, 245.26336669921875, 430.8050842285156, 369.80682373046875]]}