{"categories": [0, 38, 56], "bboxes": [[258.5024108886719, 122.117431640625, 357.8960266113281, 418.54400634765625], [392.2295227050781, 228.39639282226562, 451.5094299316406, 317.4853210449219], [199.26620483398438, 61.48277282714844, 264.27569580078125, 132.13621520996094]]}