{"categories": [0, 19, 38, 57], "bboxes": [[189.72073364257812, 76.31558227539062, 423.2574768066406, 419.8095397949219], [0.0, 122.31503295898438, 235.36465454101562, 396.3956604003906], [404.3539733886719, 284.4442138671875, 601.4846801757812, 403.12103271484375], [0.0, 140.92828369140625, 394.9928894042969, 405.05499267578125]]}