{"categories": [0, 26, 39, 40, 41, 58, 60, 73, 74], "bboxes": [[412.4223327636719, 52.34727478027344, 585.4984741210938, 473.33367919921875], [178.67974853515625, 205.54318237304688, 261.0418701171875, 360.1262512207031], [69.96975708007812, 366.80596923828125, 118.38203430175781, 478.21722412109375], [268.4312438964844, 215.76882934570312, 298.7031555175781, 281.0898742675781], [252.95852661132812, 455.1103515625, 287.2447204589844, 479.0], [124.20780944824219, 94.44326782226562, 165.11289978027344, 153.68136596679688], [7.3798370361328125, 326.62823486328125, 340.35992431640625, 475.96337890625], [153.49105834960938, 177.3865203857422, 202.64004516601562, 205.38026428222656], [254.414794921875, 27.485139846801758, 277.6654052734375, 56.72492980957031]]}