{"categories": [0, 32], "bboxes": [[365.79168701171875, 100.75250244140625, 555.6483154296875, 371.6925964355469], [216.087890625, 334.9305725097656, 255.76779174804688, 374.4189758300781]]}