{"categories": [0, 25, 29, 79], "bboxes": [[111.31688690185547, 136.2617645263672, 273.6183166503906, 471.78326416015625], [0.0, 99.91084289550781, 79.13481903076172, 133.66212463378906], [0.0, 311.5008239746094, 53.72602081298828, 356.4257507324219], [459.15863037109375, 353.0013122558594, 499.9090576171875, 406.7120056152344]]}