{"categories": [0, 26, 58, 67, 75], "bboxes": [[335.61016845703125, 52.431121826171875, 418.66839599609375, 298.11224365234375], [494.2110595703125, 135.34536743164062, 530.6124267578125, 241.22482299804688], [96.83136749267578, 143.4109344482422, 140.2969970703125, 250.8927764892578], [126.18250274658203, 326.6356506347656, 153.47933959960938, 348.3532409667969], [237.2270050048828, 115.28805541992188, 267.3364562988281, 203.1683349609375]]}