{"categories": [0, 27, 41, 61, 62, 63, 67], "bboxes": [[123.20552062988281, 98.19454956054688, 479.0, 639.0], [236.1891632080078, 254.2954559326172, 275.2655334472656, 291.69830322265625], [186.47360229492188, 390.2220764160156, 205.23577880859375, 412.1698913574219], [145.7471923828125, 526.8441772460938, 192.944091796875, 597.9349975585938], [213.953125, 303.6550598144531, 297.4578857421875, 422.2735900878906], [212.85873413085938, 302.8358154296875, 296.44219970703125, 423.9638671875], [295.72576904296875, 352.2049255371094, 322.490234375, 392.1614685058594]]}