{"categories": [0, 59, 73], "bboxes": [[390.3128967285156, 145.72171020507812, 575.9515380859375, 372.0592346191406], [107.07241821289062, 14.565093994140625, 625.0787353515625, 479.0], [317.697509765625, 153.7084197998047, 422.80718994140625, 297.5057373046875]]}