{"categories": [0, 24, 56, 59, 60, 62], "bboxes": [[395.490478515625, 128.77853393554688, 639.0, 417.9630432128906], [2.1077880859375, 251.26376342773438, 149.7276611328125, 385.5741882324219], [29.457054138183594, 219.1975860595703, 71.30537414550781, 244.69667053222656], [2.423126220703125, 387.7453308105469, 638.8035888671875, 474.9894104003906], [13.813201904296875, 385.321533203125, 620.6370849609375, 476.62744140625], [9.645599365234375, 46.445892333984375, 471.97808837890625, 218.6461181640625]]}