{"categories": [0, 39, 41, 45, 58, 60, 67, 71], "bboxes": [[0.0, 340.6913757324219, 92.16220092773438, 632.0543212890625], [153.52719116210938, 577.303466796875, 172.45608520507812, 629.715087890625], [333.9580078125, 514.5405883789062, 366.5087890625, 569.1546020507812], [288.9165954589844, 432.079833984375, 327.7325744628906, 457.21136474609375], [2.4184207916259766, 237.01344299316406, 31.971712112426758, 292.0137634277344], [38.840118408203125, 389.4096984863281, 417.76214599609375, 629.090576171875], [67.02840423583984, 596.4312133789062, 118.34929656982422, 634.0735473632812], [202.3853759765625, 610.4647827148438, 298.1725769042969, 634.6021118164062]]}