{"categories": [0, 26, 41, 56, 67], "bboxes": [[246.83555603027344, 94.68867492675781, 460.71539306640625, 370.02734375], [197.33322143554688, 242.1506805419922, 234.59695434570312, 277.55224609375], [38.98302459716797, 342.29541015625, 77.35565948486328, 374.0], [44.10281753540039, 288.40911865234375, 113.06864929199219, 345.9351806640625], [149.28221130371094, 139.1500244140625, 167.45021057128906, 158.20834350585938]]}