{"categories": [0, 39, 43, 45, 46, 47, 49, 55, 60, 73, 74], "bboxes": [[79.43876647949219, 111.87344360351562, 299.2196044921875, 470.6682434082031], [62.77442932128906, 253.69259643554688, 90.00749206542969, 328.8276672363281], [295.7823181152344, 358.9620361328125, 334.8585510253906, 409.01702880859375], [488.7814025878906, 291.5604553222656, 582.3439331054688, 323.8143615722656], [243.2887725830078, 341.07794189453125, 276.7537536621094, 362.83489990234375], [389.3814697265625, 312.3632507324219, 423.69921875, 336.4801330566406], [333.3302001953125, 309.8046569824219, 359.31201171875, 336.9550476074219], [420.50341796875, 315.00390625, 637.923583984375, 436.47650146484375], [156.1422119140625, 270.64361572265625, 608.9915161132812, 468.535400390625], [417.3379821777344, 316.2190856933594, 639.0, 434.1289978027344], [473.53936767578125, 2.937326431274414, 524.96142578125, 56.11808776855469]]}