{"categories": [0, 61], "bboxes": [[39.621856689453125, 135.5003204345703, 302.7603454589844, 629.3939208984375], [349.51507568359375, 348.265869140625, 472.7734375, 501.51129150390625]]}