{"categories": [0, 1, 29], "bboxes": [[194.03993225097656, 15.050384521484375, 299.0, 179.122802734375], [59.80449676513672, 62.58967971801758, 211.91439819335938, 176.51528930664062], [20.40018653869629, 90.24488830566406, 67.73158264160156, 126.61247253417969]]}