{"categories": [0, 24, 26, 56, 60, 74], "bboxes": [[159.73443603515625, 162.8382568359375, 326.75390625, 695.692138671875], [153.794921875, 252.81707763671875, 240.52041625976562, 459.69769287109375], [189.73953247070312, 256.2687072753906, 227.327880859375, 451.8504333496094], [457.7046813964844, 257.73333740234375, 501.2943420410156, 328.1617431640625], [425.97283935546875, 245.16116333007812, 511.82611083984375, 326.0458679199219], [432.1423645019531, 60.99856948852539, 460.8686828613281, 96.06013488769531]]}