{"categories": [0], "bboxes": [[146.83277893066406, 8.481979370117188, 440.75836181640625, 332.0]]}