{"categories": [0, 41, 45, 47, 49, 50, 58, 60, 65, 75], "bboxes": [[20.609283447265625, 4.62030029296875, 570.2540283203125, 540.3170776367188], [670.4302978515625, 447.89349365234375, 799.0, 553.0], [379.59600830078125, 442.6265563964844, 641.8706665039062, 535.8230590820312], [254.01507568359375, 520.7290649414062, 338.98028564453125, 553.0], [591.9972534179688, 515.5259399414062, 678.4310913085938, 553.0], [2.0153274536132812, 444.2637939453125, 236.2872314453125, 550.7645874023438], [15.026229858398438, 149.27146911621094, 136.90660095214844, 388.64801025390625], [74.9305419921875, 354.1624450683594, 796.2242431640625, 553.0], [631.9008178710938, 379.2449951171875, 702.9550170898438, 463.8155517578125], [673.2091064453125, 454.0234680175781, 795.922119140625, 553.0]]}