{"categories": [0, 27, 33, 37], "bboxes": [[108.03649139404297, 139.0118408203125, 324.3778991699219, 431.63873291015625], [223.91632080078125, 224.74462890625, 247.90292358398438, 323.9256591796875], [2.049896240234375, 309.1184387207031, 494.0105285644531, 444.1383361816406], [6.2042999267578125, 315.5223388671875, 501.20159912109375, 442.39862060546875]]}