{"categories": [0, 41, 56, 57], "bboxes": [[19.06158447265625, 119.08793640136719, 311.6362609863281, 599.0], [353.607177734375, 301.03680419921875, 386.62255859375, 334.0206298828125], [671.9593505859375, 482.2831115722656, 772.220458984375, 597.7107543945312], [9.263557434082031, 407.33270263671875, 141.132568359375, 593.7603759765625]]}