{"categories": [0, 7, 8, 13, 27, 28, 40, 41, 56, 60], "bboxes": [[572.821533203125, 77.89605712890625, 799.0, 522.2506103515625], [488.68365478515625, 7.323673248291016, 719.8727416992188, 81.69117736816406], [140.47366333007812, 3.4888534545898438, 716.52880859375, 104.92780303955078], [459.8004150390625, 76.76353454589844, 654.3428955078125, 192.3224334716797], [125.43153381347656, 261.5592956542969, 158.5271759033203, 324.2720031738281], [698.0545043945312, 32.59548568725586, 732.5675659179688, 86.52394104003906], [430.02606201171875, 301.63287353515625, 463.94573974609375, 349.11041259765625], [350.3797607421875, 332.0218200683594, 391.049072265625, 386.5566711425781], [626.7901611328125, 74.53199005126953, 684.558349609375, 166.5166015625], [303.9962158203125, 300.5450439453125, 641.1807250976562, 457.30865478515625]]}