{"categories": [0], "bboxes": [[9.993331909179688, 34.12763977050781, 475.5679931640625, 322.51312255859375]]}