{"categories": [0, 41, 60, 73], "bboxes": [[138.3841094970703, 4.4265899658203125, 479.2520751953125, 335.62493896484375], [3.7747669219970703, 290.67987060546875, 54.614158630371094, 353.0], [3.1605224609375, 273.86590576171875, 499.0, 351.4990234375], [0.0, 264.9954833984375, 140.78347778320312, 331.35107421875]]}