{"categories": [0, 1, 13, 38, 73], "bboxes": [[667.9150390625, 285.88409423828125, 725.9344482421875, 419.26702880859375], [453.7757263183594, 325.5570983886719, 491.2110290527344, 414.6568908691406], [155.33383178710938, 297.6290588378906, 187.19366455078125, 336.5547180175781], [718.4054565429688, 337.2297668457031, 747.6167602539062, 371.6034240722656], [171.5521697998047, 139.01925659179688, 629.9319458007812, 359.0952453613281]]}