{"categories": [0, 39, 41, 45, 56, 58, 60, 67], "bboxes": [[0.0, 145.59629821777344, 297.384765625, 529.7010498046875], [493.528564453125, 387.021240234375, 520.610107421875, 461.28057861328125], [393.4537658691406, 335.623046875, 439.8817443847656, 455.022216796875], [301.5368347167969, 424.8406066894531, 358.4610290527344, 449.1568908691406], [651.37109375, 393.6783752441406, 749.7554931640625, 528.5962524414062], [748.80126953125, 207.40536499023438, 799.0, 312.6764831542969], [81.686767578125, 428.3865966796875, 636.68701171875, 508.50494384765625], [160.39341735839844, 386.9981384277344, 240.51072692871094, 440.0086364746094]]}