{"categories": [0, 13, 27, 62, 67], "bboxes": [[415.88458251953125, 54.23883056640625, 789.4288940429688, 571.0122680664062], [40.971466064453125, 463.5584716796875, 676.4705810546875, 566.0916748046875], [485.5780334472656, 208.61158752441406, 526.5086059570312, 260.4554443359375], [6.661468505859375, 0.0, 787.91064453125, 522.2971801757812], [597.6239013671875, 403.046875, 624.60107421875, 431.08319091796875]]}