{"categories": [0, 2, 13, 24, 38, 74], "bboxes": [[135.48797607421875, 151.4271697998047, 331.0081787109375, 473.87890625], [266.4425048828125, 233.6362762451172, 511.251708984375, 345.37091064453125], [93.92109680175781, 242.66859436035156, 166.3787384033203, 293.5639343261719], [9.730937957763672, 256.81805419921875, 43.60382843017578, 328.0020751953125], [96.8502426147461, 300.3014831542969, 129.41903686523438, 325.8639221191406], [608.1131591796875, 126.58914947509766, 661.62060546875, 178.57594299316406]]}