{"categories": [0, 27, 56], "bboxes": [[334.1156005859375, 123.86482238769531, 498.3541259765625, 501.59576416015625], [406.9039611816406, 203.92807006835938, 427.4926452636719, 245.08059692382812], [514.0093383789062, 311.1402587890625, 601.2108764648438, 502.5963134765625]]}