{"categories": [0, 56, 60, 63, 66], "bboxes": [[9.082061767578125, 30.216583251953125, 270.96954345703125, 357.6754455566406], [506.1497802734375, 305.9385070800781, 549.0, 361.9607238769531], [104.1162109375, 229.3252716064453, 549.0, 355.0860595703125], [182.02938842773438, 162.9522705078125, 382.9927673339844, 296.2774658203125], [198.42831420898438, 254.0172882080078, 325.4407653808594, 292.239501953125]]}