{"categories": [0, 27, 39, 41, 56, 60, 67, 73, 75], "bboxes": [[381.86822509765625, 98.93359375, 587.0154418945312, 383.27581787109375], [270.78961181640625, 173.59445190429688, 293.74871826171875, 232.80612182617188], [718.6839599609375, 319.6619873046875, 734.8427734375, 365.43572998046875], [677.6624145507812, 359.015380859375, 699.5464477539062, 392.5341796875], [362.11566162109375, 311.18853759765625, 412.28082275390625, 379.581787109375], [8.225555419921875, 385.38812255859375, 432.7181396484375, 530.650634765625], [0.0, 400.435791015625, 23.949867248535156, 426.7625732421875], [451.271240234375, 370.4761657714844, 537.59765625, 387.5581359863281], [729.477294921875, 227.27967834472656, 754.2666015625, 269.31390380859375]]}