{"categories": [0, 2, 25, 26], "bboxes": [[164.15562438964844, 180.85958862304688, 276.7471618652344, 429.7313537597656], [359.11651611328125, 229.23974609375, 396.67657470703125, 262.6106262207031], [163.50564575195312, 99.60014343261719, 256.79827880859375, 175.19483947753906], [165.10137939453125, 238.06155395507812, 197.97427368164062, 313.9015197753906]]}