{"categories": [0, 26], "bboxes": [[403.0644836425781, 196.3170623779297, 504.9352722167969, 477.4149169921875], [395.5373229980469, 313.1836242675781, 433.5262756347656, 372.3045959472656]]}