{"categories": [0, 56, 67, 76], "bboxes": [[36.557151794433594, 198.7047119140625, 186.1187744140625, 493.562744140625], [4.934196472167969, 29.607284545898438, 206.05752563476562, 359.90484619140625], [183.95106506347656, 105.98843383789062, 219.7764434814453, 426.3396911621094], [183.29623413085938, 145.7275848388672, 227.58523559570312, 467.612548828125]]}