{"categories": [0, 9, 39, 40, 41, 42, 52, 55, 56, 58, 60, 74], "bboxes": [[83.29592895507812, 46.58982849121094, 366.8578186035156, 417.86181640625], [330.0690002441406, 105.47807312011719, 358.2346496582031, 156.64649963378906], [375.37457275390625, 331.79840087890625, 414.46173095703125, 446.129150390625], [101.16554260253906, 308.4999694824219, 188.7864532470703, 512.7149658203125], [44.084129333496094, 408.66455078125, 122.83451080322266, 548.9517211914062], [399.0592346191406, 536.8936767578125, 422.6013488769531, 580.3282470703125], [306.3001403808594, 395.20843505859375, 359.4983215332031, 425.70867919921875], [177.604736328125, 521.5989379882812, 289.97808837890625, 599.0], [3.2186203002929688, 240.81382751464844, 97.26514434814453, 426.53466796875], [324.0686340332031, 35.90899658203125, 506.1520080566406, 229.49267578125], [0.0, 375.65728759765625, 785.53662109375, 594.1458129882812], [496.9408264160156, 0.0, 573.2622680664062, 55.15290069580078]]}