{"categories": [0, 13, 17, 56, 73], "bboxes": [[239.5285186767578, 123.17330932617188, 471.5443115234375, 531.2928466796875], [97.09683227539062, 305.6819152832031, 683.6595458984375, 513.9293212890625], [69.90054321289062, 217.681884765625, 125.77459716796875, 302.5958251953125], [506.763916015625, 381.4095153808594, 608.4422607421875, 526.8834228515625], [318.30517578125, 228.13568115234375, 400.4454345703125, 323.50048828125]]}