{"categories": [0, 26, 27, 41, 56, 73], "bboxes": [[78.31011962890625, 53.563934326171875, 399.9807434082031, 629.0594482421875], [641.8848876953125, 534.118896484375, 717.16162109375, 637.8348388671875], [516.921630859375, 279.33709716796875, 546.5087890625, 336.70159912109375], [337.4100341796875, 405.64373779296875, 387.31048583984375, 481.997802734375], [4.888286590576172, 575.355712890625, 108.02607727050781, 636.9407958984375], [381.8923034667969, 295.85174560546875, 581.37255859375, 467.065185546875]]}