{"categories": [0, 27, 73], "bboxes": [[31.278770446777344, 115.89071655273438, 267.3209533691406, 783.1304931640625], [300.0568542480469, 168.38607788085938, 336.9945373535156, 356.7042541503906], [133.42616271972656, 253.65866088867188, 290.173583984375, 425.7477111816406]]}