{"categories": [0, 24, 26, 41, 65, 73], "bboxes": [[315.85406494140625, 76.36553955078125, 499.0, 370.2624206542969], [188.2044677734375, 177.5947265625, 288.9562072753906, 275.4827880859375], [188.86032104492188, 164.2691650390625, 283.6814880371094, 262.11297607421875], [331.16546630859375, 276.5443115234375, 374.0081787109375, 342.38836669921875], [298.7545166015625, 317.4078369140625, 371.98583984375, 373.25775146484375], [21.43085479736328, 28.117416381835938, 154.79891967773438, 261.76593017578125]]}