{"categories": [0, 26, 41, 56, 58, 63], "bboxes": [[107.45968627929688, 359.9512939453125, 328.7195129394531, 643.3407592773438], [123.33207702636719, 503.54730224609375, 224.28123474121094, 636.9850463867188], [247.3016357421875, 506.9034423828125, 276.27325439453125, 528.623291015625], [116.34964752197266, 428.4912109375, 336.07720947265625, 671.033447265625], [367.79107666015625, 392.0268249511719, 449.0, 633.3837280273438], [268.90234375, 477.87384033203125, 378.4697265625, 533.427001953125]]}