{"categories": [0, 7, 9, 26, 27, 39, 73], "bboxes": [[76.615966796875, 88.26885986328125, 236.168212890625, 483.111572265625], [204.78384399414062, 87.45689392089844, 476.3473205566406, 213.77720642089844], [42.042076110839844, 151.15467834472656, 51.03202819824219, 165.55189514160156], [572.2326049804688, 66.16193389892578, 640.0408325195312, 174.03518676757812], [116.19739532470703, 162.39132690429688, 139.45855712890625, 246.72430419921875], [499.4454345703125, 41.0841178894043, 522.2410888671875, 109.01800537109375], [711.4617309570312, 420.6019287109375, 763.1848754882812, 465.47412109375]]}