{"categories": [0, 26, 38], "bboxes": [[109.11650085449219, 3.121856689453125, 316.204345703125, 596.033935546875], [328.47113037109375, 288.6121826171875, 380.40185546875, 405.584228515625], [422.98358154296875, 326.62506103515625, 449.68743896484375, 397.65118408203125]]}