{"categories": [0, 26], "bboxes": [[163.96910095214844, 438.6561279296875, 211.21665954589844, 611.076416015625], [398.2518310546875, 453.56719970703125, 432.79339599609375, 523.1367797851562]]}