{"categories": [0, 13, 24, 38, 56], "bboxes": [[62.263832092285156, 95.935546875, 170.03021240234375, 562.0980224609375], [104.54859924316406, 20.916725158691406, 395.814453125, 196.0616455078125], [52.96603012084961, 122.89447021484375, 79.36522674560547, 202.55386352539062], [477.07159423828125, 186.1779327392578, 615.1798706054688, 312.7940979003906], [578.0278930664062, 12.005840301513672, 682.9867553710938, 130.7255401611328]]}