{"categories": [0, 24, 26], "bboxes": [[119.84950256347656, 295.0589599609375, 386.79071044921875, 634.2118530273438], [305.885009765625, 545.5425415039062, 417.746337890625, 632.7621459960938], [174.8022918701172, 443.2188720703125, 300.29168701171875, 635.8541259765625]]}