{"categories": [0, 39, 67, 72, 73], "bboxes": [[10.446998596191406, 83.91339111328125, 234.86016845703125, 777.61669921875], [235.8109588623047, 202.28073120117188, 245.0891571044922, 229.05340576171875], [370.16943359375, 348.3337097167969, 401.43206787109375, 387.0505065917969], [80.65621948242188, 198.52011108398438, 538.555419921875, 755.3819580078125], [330.0096740722656, 331.4634704589844, 370.7256774902344, 393.8598327636719]]}