{"categories": [0], "bboxes": [[90.39212036132812, 141.16104125976562, 615.6839599609375, 595.1756591796875]]}