{"categories": [0, 27, 56], "bboxes": [[368.5904846191406, 59.67149353027344, 783.4814453125, 529.1200561523438], [441.213134765625, 304.5055236816406, 503.82696533203125, 526.6896362304688], [8.039497375488281, 337.1701354980469, 57.018211364746094, 362.5260314941406]]}