{"categories": [0, 56, 60, 75], "bboxes": [[16.964019775390625, 5.0539093017578125, 354.3266296386719, 399.0], [337.0499572753906, 243.4733428955078, 451.8187561035156, 387.3807373046875], [334.5975036621094, 217.6290740966797, 508.1543884277344, 380.72723388671875], [379.31365966796875, 88.17037200927734, 431.1800537109375, 211.22525024414062]]}