{"categories": [0, 58, 74], "bboxes": [[2.0592803955078125, 26.509918212890625, 312.33831787109375, 445.4902648925781], [460.33349609375, 362.9449768066406, 499.0, 450.4563903808594], [282.14520263671875, 356.2388610839844, 297.0062255859375, 376.1365051269531]]}