{"categories": [0, 27, 39, 41, 56, 60, 63, 66, 67, 72], "bboxes": [[193.0697479248047, 120.73974609375, 381.1495361328125, 564.192626953125], [645.9775390625, 360.59326171875, 668.19384765625, 390.58453369140625], [311.0723571777344, 379.1031799316406, 360.9466857910156, 441.6675109863281], [515.4032592773438, 489.6860656738281, 565.5012817382812, 577.32373046875], [497.36224365234375, 343.6455078125, 597.0296020507812, 481.3096923828125], [445.2416687011719, 472.1126403808594, 778.4954833984375, 591.6857299804688], [266.5238952636719, 429.5270690917969, 505.9045715332031, 594.5584106445312], [308.65020751953125, 524.6781005859375, 416.72760009765625, 583.8162841796875], [253.6236572265625, 307.9504089355469, 272.5162353515625, 355.3222961425781], [348.8066711425781, 201.88919067382812, 474.2285461425781, 370.9894714355469]]}