{"categories": [0, 41, 57, 60, 63, 65, 73], "bboxes": [[6.0219268798828125, 186.11595153808594, 476.96551513671875, 593.029541015625], [507.7249450683594, 484.52386474609375, 562.735107421875, 534.4783325195312], [637.1656494140625, 382.5977478027344, 797.10498046875, 591.9668579101562], [387.30853271484375, 508.9649658203125, 646.3192749023438, 595.173095703125], [467.99151611328125, 307.8930358886719, 747.9772338867188, 502.1366882324219], [557.852294921875, 522.8206176757812, 639.605224609375, 554.8054809570312], [471.27520751953125, 310.0523376464844, 748.3007202148438, 502.5253601074219]]}