{"categories": [0, 56, 67], "bboxes": [[217.0404510498047, 198.51666259765625, 498.35882568359375, 530.0820922851562], [626.503662109375, 146.95855712890625, 723.366455078125, 211.88162231445312], [211.39920043945312, 339.15606689453125, 248.1514892578125, 393.48583984375]]}