{"categories": [0, 2, 40, 42, 43, 45, 51, 55, 58, 60, 73, 75, 79], "bboxes": [[3.9147720336914062, 122.90765380859375, 185.20306396484375, 391.802734375], [0.0, 170.58758544921875, 50.9000358581543, 281.0072326660156], [30.036277770996094, 341.0772399902344, 86.59783172607422, 470.7645568847656], [81.13954162597656, 388.021484375, 185.5192108154297, 411.52667236328125], [81.36915588378906, 389.0102233886719, 188.14833068847656, 412.3009948730469], [0.0, 394.0274963378906, 58.046180725097656, 445.5750427246094], [145.45396423339844, 388.78289794921875, 173.3114471435547, 401.02618408203125], [0.0, 401.4840393066406, 17.484495162963867, 428.7112731933594], [169.2679901123047, 245.6146240234375, 284.13104248046875, 477.754150390625], [0.0, 373.40087890625, 246.2496337890625, 497.26318359375], [124.23094177246094, 441.2640380859375, 204.1333465576172, 464.7275390625], [203.8784942626953, 379.2064208984375, 255.2193145751953, 485.17657470703125], [112.38571166992188, 239.75938415527344, 131.82398986816406, 259.0355529785156]]}