{"categories": [0, 2], "bboxes": [[455.4849853515625, 66.81795501708984, 535.65576171875, 243.42510986328125], [332.5440368652344, 46.198585510253906, 443.1722106933594, 75.6313705444336]]}