{"categories": [0, 8, 13, 24, 25, 26, 56, 60], "bboxes": [[352.6646728515625, 181.13455200195312, 588.2326049804688, 733.853515625], [0.0, 130.7452392578125, 677.0, 547.7642211914062], [0.0, 410.32537841796875, 294.2254943847656, 743.5846557617188], [74.3205795288086, 335.4394226074219, 262.5768127441406, 523.1871337890625], [476.88262939453125, 88.20563507080078, 523.1171875, 275.1024475097656], [73.93826293945312, 270.31597900390625, 276.6752624511719, 516.9317016601562], [507.8627624511719, 162.05397033691406, 666.1931762695312, 520.7728881835938], [0.5807723999023438, 255.82354736328125, 109.87016296386719, 480.01025390625]]}