{"categories": [0, 9, 11, 24, 26], "bboxes": [[330.93536376953125, 281.23046875, 526.9315185546875, 581.415283203125], [271.2821044921875, 106.60868835449219, 300.35113525390625, 175.86158752441406], [83.77601623535156, 272.98590087890625, 147.540283203125, 368.1531982421875], [517.592529296875, 451.5534362792969, 752.2525634765625, 590.349365234375], [667.6781005859375, 478.0257568359375, 797.7069091796875, 598.5992431640625]]}