{"categories": [0, 25, 27, 39, 77], "bboxes": [[370.4940185546875, 16.110137939453125, 799.0, 618.3607177734375], [53.467742919921875, 203.1873016357422, 115.44670104980469, 590.6217651367188], [477.6222839355469, 370.77813720703125, 549.72021484375, 595.4822998046875], [322.2554016113281, 437.6613464355469, 445.5877380371094, 610.0008544921875], [136.02523803710938, 171.33067321777344, 208.46005249023438, 292.18804931640625]]}