{"categories": [0, 27, 73], "bboxes": [[22.35720443725586, 30.083999633789062, 145.57058715820312, 368.93927001953125], [185.2952423095703, 114.50108337402344, 203.1717987060547, 189.9582977294922], [29.722915649414062, 190.66754150390625, 99.05511474609375, 249.85067749023438]]}