{"categories": [0, 41, 63], "bboxes": [[175.26242065429688, 131.73004150390625, 489.2699279785156, 400.20843505859375], [754.1340942382812, 356.7806701660156, 799.0, 408.9352111816406], [369.536376953125, 317.0411376953125, 594.0515747070312, 478.2939453125]]}