{"categories": [0, 41, 60, 63, 73], "bboxes": [[485.8764343261719, 76.01083374023438, 798.53076171875, 492.0442199707031], [314.6763916015625, 246.51486206054688, 368.54693603515625, 338.5018005371094], [55.451416015625, 332.4245910644531, 623.582763671875, 494.5140686035156], [373.97161865234375, 227.67913818359375, 528.9667358398438, 353.15869140625], [108.63990783691406, 332.69256591796875, 484.2239990234375, 367.96124267578125]]}