{"categories": [0], "bboxes": [[272.42095947265625, 33.43251037597656, 486.6424560546875, 373.34259033203125]]}