{"categories": [0, 26, 27, 67], "bboxes": [[500.24786376953125, 38.08268737792969, 795.4070434570312, 519.118408203125], [309.0622863769531, 394.254150390625, 410.7328186035156, 501.9091796875], [607.3179321289062, 259.2038269042969, 671.1032104492188, 391.1108703613281], [371.533935546875, 199.14700317382812, 610.6714477539062, 325.0480651855469]]}