{"categories": [0, 41, 56], "bboxes": [[173.93650817871094, 99.66229248046875, 595.9242553710938, 799.0], [0.0, 677.17626953125, 80.45226287841797, 797.60498046875], [33.87669372558594, 411.8689270019531, 102.6524658203125, 558.23095703125]]}