{"categories": [0, 13, 27, 45, 75], "bboxes": [[244.75485229492188, 62.577880859375, 463.7928771972656, 518.078125], [0.0, 156.6050567626953, 102.28910064697266, 194.3974151611328], [304.242431640625, 92.33831024169922, 350.623046875, 124.03470611572266], [441.9350891113281, 209.9171600341797, 502.1534118652344, 252.59544372558594], [73.25035095214844, 90.52572631835938, 108.60549926757812, 163.08164978027344]]}