{"categories": [0, 26, 27], "bboxes": [[219.60911560058594, 25.526641845703125, 544.870849609375, 784.085693359375], [0.0, 370.03717041015625, 136.65451049804688, 762.0661010742188], [312.404052734375, 290.066162109375, 352.56207275390625, 625.8367919921875]]}