{"categories": [0, 27, 60], "bboxes": [[369.106689453125, 87.30136108398438, 621.266845703125, 729.5360107421875], [406.2176818847656, 222.03160095214844, 470.8241271972656, 451.587890625], [394.67437744140625, 718.6641845703125, 708.8071899414062, 794.3780517578125]]}