{"categories": [0, 8, 32], "bboxes": [[153.87142944335938, 77.57672119140625, 358.1990051269531, 511.55517578125], [685.571044921875, 286.77911376953125, 721.0328369140625, 302.93182373046875], [426.0323181152344, 34.76367950439453, 492.0939636230469, 100.06778717041016]]}