{"categories": [0, 2, 26], "bboxes": [[13.653610229492188, 5.7889404296875, 277.9217529296875, 759.2591552734375], [454.8852233886719, 222.3182373046875, 528.71435546875, 367.06512451171875], [346.194580078125, 313.3870849609375, 492.9150390625, 489.86627197265625]]}