{"categories": [0, 65], "bboxes": [[202.42449951171875, 135.37432861328125, 443.8148193359375, 491.74102783203125], [203.65126037597656, 140.83529663085938, 222.62232971191406, 157.84759521484375]]}