{"categories": [0, 39, 40, 41, 58, 60, 74], "bboxes": [[207.98190307617188, 144.69383239746094, 574.4832763671875, 596.0096435546875], [745.1185913085938, 71.90988159179688, 784.6152954101562, 206.31637573242188], [558.0374145507812, 464.5347900390625, 633.8728637695312, 598.0582275390625], [129.6363983154297, 467.98675537109375, 296.2093505859375, 597.7498168945312], [421.39666748046875, 6.873943328857422, 495.1951904296875, 107.81996154785156], [352.97198486328125, 509.06170654296875, 796.9890747070312, 595.5293579101562], [263.0500793457031, 80.78353881835938, 297.1921691894531, 169.18528747558594]]}