{"categories": [0, 24, 27, 39, 67], "bboxes": [[31.289596557617188, 114.18838500976562, 251.74375915527344, 470.8471374511719], [535.5931396484375, 142.88027954101562, 597.3701171875, 271.4026794433594], [155.51992797851562, 232.8883056640625, 194.4735107421875, 322.19659423828125], [213.78594970703125, 287.8026428222656, 235.2613525390625, 358.8564758300781], [258.54522705078125, 232.9427032470703, 297.0880126953125, 288.66143798828125]]}