{"categories": [0, 60, 63, 65, 73], "bboxes": [[0.0, 35.3206787109375, 473.881103515625, 590.614013671875], [245.06658935546875, 309.7188720703125, 778.9129638671875, 592.4138793945312], [385.9240417480469, 113.46951293945312, 525.0108642578125, 152.220947265625], [279.8238220214844, 144.94728088378906, 337.0453796386719, 174.31761169433594], [229.62335205078125, 447.2552795410156, 421.076171875, 564.5248413085938]]}