{"categories": [0, 1, 3, 8, 13, 26, 28, 67], "bboxes": [[280.5162353515625, 51.164886474609375, 508.85772705078125, 522.7047119140625], [440.6075439453125, 189.86074829101562, 657.5982666015625, 531.0], [425.33203125, 115.20828247070312, 658.5634765625, 515.4619140625], [0.0, 61.2945556640625, 640.1458740234375, 304.6005554199219], [7.0877685546875, 145.62486267089844, 209.54190063476562, 270.7843322753906], [319.5686950683594, 299.42547607421875, 344.4712829589844, 351.23699951171875], [538.714111328125, 246.16891479492188, 636.5980224609375, 387.7098693847656], [324.327392578125, 254.3970947265625, 355.74273681640625, 284.01123046875]]}