{"categories": [0, 41], "bboxes": [[67.301513671875, 128.84396362304688, 538.9157104492188, 778.0340576171875], [112.84037780761719, 655.4651489257812, 207.39967346191406, 796.3091430664062]]}