{"categories": [0, 25, 27], "bboxes": [[325.8415832519531, 0.0, 783.2977294921875, 531.0], [665.2660522460938, 12.540420532226562, 745.0082397460938, 123.46415710449219], [437.313720703125, 199.5555419921875, 643.5906982421875, 506.97039794921875]]}