{"categories": [0, 34], "bboxes": [[299.60711669921875, 64.18379211425781, 537.9334716796875, 356.01727294921875], [7.770313262939453, 14.39508056640625, 91.53384399414062, 301.6729736328125]]}