{"categories": [0, 59], "bboxes": [[25.0263671875, 1.2071533203125, 660.4403686523438, 532.7232055664062], [35.557220458984375, 202.865966796875, 770.9901123046875, 541.501220703125]]}