{"categories": [0, 25, 27, 73], "bboxes": [[361.45550537109375, 108.38723754882812, 619.5335083007812, 506.9512023925781], [103.13190460205078, 135.91151428222656, 305.71875, 401.219482421875], [374.1755065917969, 280.8150329589844, 461.9165954589844, 494.8006286621094], [602.6002197265625, 335.1968994140625, 696.66455078125, 481.2681884765625]]}