{"categories": [0], "bboxes": [[242.32032775878906, 197.09812927246094, 509.42645263671875, 594.97021484375]]}