{"categories": [0, 26, 58, 73], "bboxes": [[440.98162841796875, 137.6554412841797, 648.4374389648438, 590.861328125], [167.50498962402344, 367.6911315917969, 336.72015380859375, 592.8228759765625], [592.96826171875, 265.7120361328125, 792.7020263671875, 597.6193237304688], [458.8812561035156, 291.052001953125, 606.5528564453125, 475.7733154296875]]}