{"categories": [0, 13, 58], "bboxes": [[29.398414611816406, 98.87261962890625, 254.89144897460938, 698.62939453125], [55.330780029296875, 424.9322509765625, 531.0, 655.2279052734375], [252.6126708984375, 128.0388641357422, 293.377685546875, 173.6754913330078]]}