{"categories": [0, 40, 41, 56, 60, 73], "bboxes": [[450.0340576171875, 75.56596374511719, 773.557373046875, 519.9266357421875], [470.1395263671875, 335.5102233886719, 530.68115234375, 506.3228454589844], [0.0, 314.89495849609375, 20.81305694580078, 434.55419921875], [252.92825317382812, 496.1337585449219, 495.9991149902344, 528.2236938476562], [3.0270233154296875, 365.620361328125, 367.6805419921875, 518.861572265625], [5.192169189453125, 409.3382568359375, 205.70901489257812, 485.89276123046875]]}