{"categories": [0, 24, 26, 27, 28], "bboxes": [[190.6195068359375, 147.2679901123047, 338.5933837890625, 623.8114624023438], [329.5885925292969, 193.49380493164062, 424.8472595214844, 319.2136535644531], [381.16265869140625, 411.62725830078125, 449.0093994140625, 538.9301147460938], [388.7328796386719, 204.30816650390625, 417.4329528808594, 316.49542236328125], [430.7581787109375, 426.3243408203125, 485.7216796875, 578.5925903320312]]}