{"categories": [0, 27, 65, 73], "bboxes": [[318.46624755859375, 48.51872253417969, 760.2026977539062, 533.8712158203125], [551.133056640625, 264.3083190917969, 592.27392578125, 411.8276062011719], [453.1231384277344, 415.4193115234375, 472.1283874511719, 437.94610595703125], [451.6259765625, 414.6007995605469, 473.54083251953125, 439.6257629394531]]}