{"categories": [0, 27, 28, 56, 57], "bboxes": [[29.685760498046875, 117.6390380859375, 274.1974182128906, 413.49017333984375], [655.7476196289062, 161.77963256835938, 677.2407836914062, 215.40435791015625], [328.249267578125, 275.72393798828125, 492.11761474609375, 403.5361328125], [8.665901184082031, 184.77691650390625, 153.23379516601562, 430.73785400390625], [542.0062255859375, 170.73678588867188, 794.9716796875, 408.9111633300781]]}