{"categories": [0], "bboxes": [[84.90718078613281, 165.22418212890625, 470.87628173828125, 788.3275756835938]]}