{"categories": [0, 14, 39, 41], "bboxes": [[442.939697265625, 37.83375549316406, 797.68798828125, 522.5986938476562], [326.3952941894531, 204.09829711914062, 451.3708190917969, 377.5440979003906], [717.3038330078125, 475.7522277832031, 775.6744384765625, 531.7734985351562], [0.0, 403.86517333984375, 30.511245727539062, 524.4661254882812]]}