{"categories": [0, 6, 26, 27, 41, 45], "bboxes": [[498.5823059082031, 56.96490478515625, 799.0, 580.128173828125], [3.70489501953125, 84.06935119628906, 769.22021484375, 579.0260620117188], [627.8889770507812, 451.87066650390625, 703.0801391601562, 593.3767700195312], [171.49502563476562, 355.01141357421875, 279.23779296875, 587.4356079101562], [219.61468505859375, 573.7803955078125, 311.21868896484375, 599.0], [532.4539794921875, 470.8793029785156, 624.3447265625, 515.1077880859375]]}