{"categories": [0, 27, 73], "bboxes": [[37.90282440185547, 101.0775146484375, 243.92288208007812, 787.564453125], [133.10069274902344, 248.96484375, 174.7751007080078, 327.8846435546875], [0.44493675231933594, 22.705429077148438, 26.323408126831055, 123.13349914550781]]}