{"categories": [0, 57], "bboxes": [[366.20697021484375, 5.3461151123046875, 752.5394897460938, 513.1358642578125], [96.84674072265625, 81.74839782714844, 799.0, 516.1600341796875]]}