{"categories": [0, 24, 56, 58, 60, 63, 66, 72], "bboxes": [[300.63873291015625, 57.44535827636719, 499.0, 365.80780029296875], [234.947265625, 144.99966430664062, 324.0986328125, 251.98934936523438], [97.46297454833984, 143.14682006835938, 120.94684600830078, 184.1480712890625], [117.35321807861328, 113.70040893554688, 164.45230102539062, 165.78289794921875], [0.0, 202.69775390625, 443.5885009765625, 370.5042724609375], [158.68121337890625, 192.46636962890625, 294.46270751953125, 318.5867004394531], [204.62652587890625, 322.12042236328125, 278.490966796875, 356.65570068359375], [358.76617431640625, 47.40191650390625, 486.2081298828125, 277.109130859375]]}