{"categories": [0, 56], "bboxes": [[319.853759765625, 130.75003051757812, 523.7620239257812, 526.2821044921875], [280.4227294921875, 247.9696044921875, 311.79437255859375, 356.114990234375]]}