{"categories": [0, 34, 35], "bboxes": [[0.0, 137.42718505859375, 367.53887939453125, 724.1323852539062], [266.4183349609375, 65.4759292602539, 423.58966064453125, 277.1680603027344], [286.739501953125, 467.0150451660156, 402.412841796875, 541.080078125]]}