{"categories": [0, 24, 32], "bboxes": [[515.7324829101562, 9.63446044921875, 684.5559692382812, 531.5767211914062], [338.8738708496094, 113.7564468383789, 459.2100524902344, 278.10784912109375], [617.8816528320312, 255.57540893554688, 712.2644653320312, 342.0199279785156]]}