{"categories": [0, 27], "bboxes": [[359.06292724609375, 83.13151550292969, 746.5119018554688, 528.66650390625], [460.71221923828125, 303.55352783203125, 516.2582397460938, 530.3455200195312]]}