{"categories": [0, 1, 26, 40], "bboxes": [[93.97761535644531, 76.263916015625, 544.1905517578125, 707.1433715820312], [387.31573486328125, 335.5269775390625, 751.8905639648438, 723.6300048828125], [420.303466796875, 96.75923156738281, 529.721923828125, 417.090576171875], [468.08074951171875, 284.9615478515625, 557.0562133789062, 390.08892822265625]]}