{"categories": [0, 3, 4, 13, 28], "bboxes": [[245.8752899169922, 220.43948364257812, 280.47430419921875, 341.4217834472656], [82.21089935302734, 193.935302734375, 146.55792236328125, 270.6817321777344], [3.65478515625, 0.0, 354.7119140625, 256.69342041015625], [211.10653686523438, 297.29010009765625, 284.2167053222656, 369.35833740234375], [0.0, 287.1690368652344, 31.493824005126953, 346.5506286621094]]}