{"categories": [0], "bboxes": [[16.803558349609375, 96.75291442871094, 600.4010009765625, 468.36798095703125]]}