{"categories": [0, 2, 5, 7], "bboxes": [[129.08494567871094, 31.04083251953125, 410.4326171875, 307.5201721191406], [65.4169921875, 165.54827880859375, 89.08343505859375, 187.77923583984375], [111.6218490600586, 149.00503540039062, 191.06057739257812, 227.9334716796875], [112.04927062988281, 152.8031005859375, 193.47093200683594, 232.07891845703125]]}