{"categories": [0, 27], "bboxes": [[12.873519897460938, 18.491958618164062, 291.69085693359375, 322.24237060546875], [178.77371215820312, 194.06451416015625, 241.28274536132812, 331.1160888671875]]}