{"categories": [0, 26, 67, 73], "bboxes": [[9.187042236328125, 8.43231201171875, 315.1770324707031, 497.1864318847656], [0.0, 166.2467498779297, 50.16516876220703, 250.1353302001953], [251.4897918701172, 240.3428955078125, 283.6132507324219, 319.720703125], [231.0179443359375, 407.0335998535156, 312.814208984375, 495.9000549316406]]}