{"categories": [0, 27, 28, 39, 56, 57, 63, 73, 76], "bboxes": [[376.1941223144531, 12.639984130859375, 797.934814453125, 484.3521423339844], [550.7931518554688, 200.20399475097656, 611.3151245117188, 486.76458740234375], [127.92799377441406, 318.20526123046875, 436.824462890625, 480.61090087890625], [350.043212890625, 87.89601135253906, 371.96380615234375, 186.2339324951172], [758.7598266601562, 75.45103454589844, 799.0, 351.76123046875], [29.441864013671875, 256.87237548828125, 799.0, 484.62176513671875], [263.282958984375, 73.64408874511719, 368.53369140625, 168.0552215576172], [220.4540557861328, 155.3776092529297, 313.98809814453125, 188.43540954589844], [614.2492065429688, 263.87017822265625, 682.4861450195312, 322.26824951171875]]}