{"categories": [0, 41, 56, 60, 62, 66], "bboxes": [[352.87738037109375, 22.643508911132812, 608.5551147460938, 376.76251220703125], [492.63336181640625, 375.0938415527344, 547.2539672851562, 412.5472717285156], [190.74801635742188, 171.6137237548828, 262.4907531738281, 218.3765411376953], [44.62103271484375, 361.82080078125, 625.784423828125, 416.8876953125], [2.0184478759765625, 194.9363250732422, 254.46397399902344, 376.11761474609375], [124.10444641113281, 370.66461181640625, 461.55914306640625, 408.181640625]]}