{"categories": [0, 1, 39, 56], "bboxes": [[141.21826171875, 75.71328735351562, 545.9854736328125, 530.9891357421875], [710.6631469726562, 201.59713745117188, 799.0, 533.0], [574.3775634765625, 204.2212371826172, 609.9056396484375, 275.86859130859375], [387.26226806640625, 411.0166015625, 568.86865234375, 531.29736328125]]}