{"categories": [0, 56, 60], "bboxes": [[126.11668395996094, 194.33172607421875, 310.6363525390625, 785.70556640625], [43.729766845703125, 454.88653564453125, 93.85586547851562, 545.94189453125], [1.9135627746582031, 443.2785339355469, 101.38954162597656, 547.864501953125]]}