{"categories": [0, 13, 26, 56, 60], "bboxes": [[0.0, 41.12408447265625, 326.52081298828125, 528.8407592773438], [623.0828857421875, 454.6722412109375, 795.478515625, 518.1387329101562], [339.79608154296875, 384.020263671875, 551.4171142578125, 463.0399169921875], [643.2818603515625, 173.9009552001953, 714.168212890625, 274.8708190917969], [597.5114135742188, 292.1490173339844, 796.5568237304688, 464.1107482910156]]}