{"categories": [0, 2, 39, 41, 56, 60, 67], "bboxes": [[108.15147399902344, 46.453033447265625, 428.72235107421875, 449.87347412109375], [663.8916015625, 189.02684020996094, 707.3843994140625, 283.57769775390625], [295.767822265625, 364.8011779785156, 319.0784912109375, 428.2060241699219], [317.63116455078125, 356.3039245605469, 352.20513916015625, 428.9659729003906], [83.6253662109375, 471.83209228515625, 364.6613464355469, 534.4854736328125], [148.74217224121094, 388.7580871582031, 431.3206787109375, 524.1292724609375], [627.4469604492188, 254.67868041992188, 649.6148071289062, 282.9156799316406]]}