{"categories": [0, 27], "bboxes": [[90.56107330322266, 29.72601318359375, 322.439697265625, 346.9200134277344], [424.5477294921875, 123.0136947631836, 456.454345703125, 303.112548828125]]}