{"categories": [0, 40, 41, 56, 60, 62, 65, 73], "bboxes": [[347.94671630859375, 20.68487548828125, 754.9100952148438, 607.0191040039062], [147.56288146972656, 470.69976806640625, 188.8566436767578, 586.6008911132812], [147.2408447265625, 479.383544921875, 189.194091796875, 573.4383544921875], [263.468505859375, 394.97528076171875, 400.33355712890625, 556.1036987304688], [3.9508056640625, 531.1093139648438, 424.6065673828125, 615.7839965820312], [414.6976013183594, 99.11615753173828, 524.016845703125, 229.33084106445312], [260.12127685546875, 289.33477783203125, 459.40673828125, 428.16314697265625], [321.2795715332031, 557.8515014648438, 413.1539611816406, 589.1465454101562]]}