{"categories": [0, 34], "bboxes": [[70.15341186523438, 69.16804504394531, 185.96633911132812, 346.69683837890625], [446.8160095214844, 23.438907623291016, 570.145263671875, 61.00063705444336]]}