{"categories": [0, 26, 39, 41, 56, 60], "bboxes": [[67.66061401367188, 139.80662536621094, 237.51651000976562, 643.794189453125], [71.83586120605469, 320.4080810546875, 112.87654113769531, 451.7152099609375], [74.45072174072266, 174.61387634277344, 84.53534698486328, 201.5328826904297], [295.6022033691406, 236.6665802001953, 313.6364440917969, 270.6716003417969], [38.65724182128906, 267.35870361328125, 95.17381286621094, 359.881103515625], [313.0579528808594, 226.78253173828125, 509.5953063964844, 326.3973388671875]]}