{"categories": [0, 27], "bboxes": [[0.0, 0.0, 470.39617919921875, 526.96533203125], [306.69525146484375, 297.2590637207031, 393.21923828125, 504.0102844238281]]}