{"categories": [0, 41, 55, 59], "bboxes": [[3.3118743896484375, 130.39666748046875, 388.0518798828125, 596.9049072265625], [547.6173095703125, 458.0137634277344, 603.907470703125, 512.2123413085938], [415.63189697265625, 452.1595764160156, 552.1204833984375, 530.465087890625], [0.0, 400.8377380371094, 723.1329345703125, 590.0390014648438]]}