{"categories": [0, 11, 26, 28, 39, 56, 60, 63, 66], "bboxes": [[222.36378479003906, 39.59228515625, 429.68243408203125, 409.80718994140625], [512.3766479492188, 625.9132080078125, 586.2221069335938, 795.7978515625], [513.4340209960938, 454.89166259765625, 599.0, 575.8576049804688], [85.69034576416016, 280.4331970214844, 139.04977416992188, 355.2594299316406], [160.3052978515625, 396.0897216796875, 201.54757690429688, 459.068115234375], [485.719970703125, 673.9208374023438, 561.9349365234375, 796.2304077148438], [13.9991455078125, 342.52264404296875, 514.2140502929688, 769.8436889648438], [201.75485229492188, 349.2970886230469, 334.8465881347656, 494.8269958496094], [174.0955047607422, 502.3351135253906, 301.7567138671875, 617.8587036132812]]}