{"categories": [0, 26, 56, 57, 58], "bboxes": [[135.383056640625, 15.976577758789062, 401.65032958984375, 518.135986328125], [146.69573974609375, 200.3239288330078, 294.7816467285156, 493.98931884765625], [689.0459594726562, 501.77020263671875, 799.0, 529.4578247070312], [0.2505760192871094, 414.6382751464844, 33.197723388671875, 529.5732421875], [482.77923583984375, 13.865234375, 799.0, 519.1477661132812]]}