{"categories": [0, 3, 36], "bboxes": [[472.6788330078125, 6.81805419921875, 725.0267333984375, 380.4296569824219], [234.2508544921875, 120.6317138671875, 786.8896484375, 429.0029296875], [625.7510986328125, 185.52880859375, 755.6229248046875, 269.3142395019531]]}