{"categories": [0], "bboxes": [[677.114501953125, 104.13206481933594, 744.6279296875, 312.44305419921875]]}