{"categories": [0, 27, 28, 56, 62, 63, 66, 73], "bboxes": [[614.540771484375, 68.92678833007812, 799.0, 589.3441162109375], [147.96237182617188, 207.13815307617188, 240.5396728515625, 440.6178283691406], [346.9049987792969, 394.00030517578125, 658.353271484375, 598.8423461914062], [368.0101318359375, 357.0741271972656, 652.6007080078125, 598.3211669921875], [248.98916625976562, 292.67608642578125, 375.3154602050781, 390.42523193359375], [246.0003662109375, 293.6830749511719, 393.82086181640625, 425.5613098144531], [263.843017578125, 388.7050476074219, 381.72442626953125, 421.6219177246094], [0.0, 114.05465698242188, 29.63477325439453, 213.497802734375]]}