{"categories": [0, 45, 74], "bboxes": [[0.0, 142.48548889160156, 108.19184875488281, 414.31451416015625], [292.5884094238281, 450.722412109375, 363.1513366699219, 525.6614379882812], [257.48944091796875, 135.05845642089844, 280.155029296875, 155.37501525878906]]}