{"categories": [0], "bboxes": [[273.57574462890625, 184.84071350097656, 371.2952880859375, 325.51934814453125]]}