{"categories": [0, 1, 3], "bboxes": [[41.817283630371094, 85.45883178710938, 156.6112060546875, 445.3493957519531], [147.30645751953125, 259.80975341796875, 185.36407470703125, 326.4093017578125], [389.6000671386719, 164.7697296142578, 773.66845703125, 463.69244384765625]]}