{"categories": [0, 26, 39, 41, 56, 58, 60, 67, 75], "bboxes": [[476.0230712890625, 137.0675811767578, 779.100830078125, 401.24578857421875], [0.0, 319.1368103027344, 59.589630126953125, 422.8501281738281], [340.02154541015625, 49.58601379394531, 352.513916015625, 70.6988296508789], [161.1178741455078, 351.97784423828125, 220.06349182128906, 389.88214111328125], [106.58442687988281, 236.52894592285156, 338.6666259765625, 394.410888671875], [739.1170654296875, 141.8516082763672, 769.384033203125, 164.0495147705078], [0.7722320556640625, 362.2201843261719, 384.574951171875, 454.2848815917969], [607.5314331054688, 334.3165283203125, 646.6388549804688, 356.35546875], [52.28440856933594, 325.93505859375, 103.61744689941406, 430.2296142578125]]}