{"categories": [0, 26, 27, 76], "bboxes": [[302.8662109375, 0.0, 790.1708984375, 524.073486328125], [480.269287109375, 450.2884521484375, 539.2003173828125, 498.784912109375], [535.3624877929688, 144.01734924316406, 661.6358032226562, 476.72943115234375], [529.1756591796875, 142.7548065185547, 663.471435546875, 479.90985107421875]]}