{"categories": [0, 39, 40, 43, 56, 57, 60, 63, 74], "bboxes": [[224.20053100585938, 193.37814331054688, 495.5685119628906, 525.8092041015625], [429.05108642578125, 168.7762908935547, 442.2110595703125, 224.10560607910156], [96.59701538085938, 395.5811462402344, 138.56382751464844, 465.6484069824219], [6.304344177246094, 480.7019958496094, 133.47976684570312, 513.7736206054688], [638.4804077148438, 299.90966796875, 682.5067749023438, 349.73333740234375], [171.09500122070312, 336.70538330078125, 791.977783203125, 529.70166015625], [0.0, 409.8429260253906, 243.75836181640625, 525.1770629882812], [742.298583984375, 402.4593811035156, 798.62060546875, 451.3926696777344], [645.4482421875, 179.30706787109375, 680.177734375, 215.32989501953125]]}