{"categories": [0, 56, 57, 59, 67], "bboxes": [[318.4612731933594, 285.83721923828125, 638.96142578125, 595.2471923828125], [0.8051567077636719, 442.13714599609375, 126.22357177734375, 595.1362915039062], [179.72637939453125, 255.78897094726562, 799.0, 584.0059814453125], [554.1629638671875, 515.7265625, 799.0, 593.3056640625], [291.7775573730469, 322.1982727050781, 324.2298889160156, 355.2098083496094]]}