{"categories": [0, 24, 39, 41, 45, 55, 60, 65, 71, 73], "bboxes": [[6.88104248046875, 14.329864501953125, 306.2568054199219, 525.1611328125], [0.0, 133.50686645507812, 126.90785217285156, 385.3744201660156], [642.244873046875, 23.022430419921875, 663.3487548828125, 95.58137512207031], [563.3024291992188, 283.14129638671875, 599.2540893554688, 322.01422119140625], [411.61602783203125, 379.0668640136719, 451.65142822265625, 411.4339294433594], [463.5456237792969, 468.51324462890625, 534.0450439453125, 532.0], [127.26483154296875, 349.2745361328125, 799.0, 528.565185546875], [546.5164184570312, 495.6781921386719, 598.7280883789062, 532.0], [744.0032958984375, 287.95001220703125, 799.0, 302.40728759765625], [552.3212280273438, 124.9017562866211, 654.7765502929688, 243.0975341796875]]}