{"categories": [0, 41, 60, 67, 73, 74], "bboxes": [[13.52880859375, 0.0, 227.7508544921875, 296.1008605957031], [0.3251776695251465, 237.35870361328125, 10.555744171142578, 267.036865234375], [5.6996002197265625, 274.20391845703125, 427.76409912109375, 369.9407958984375], [357.6688232421875, 106.26470947265625, 389.3734130859375, 155.80899047851562], [10.362030029296875, 292.47283935546875, 347.7649841308594, 370.00970458984375], [136.15985107421875, 273.3851623535156, 148.46444702148438, 285.8600158691406]]}