{"categories": [0, 27, 56], "bboxes": [[129.34783935546875, 96.6707763671875, 455.70660400390625, 597.3680419921875], [244.5601806640625, 230.8535614013672, 295.9295654296875, 372.7564697265625], [0.3889656066894531, 345.1667175292969, 72.26069641113281, 477.2680358886719]]}