{"categories": [0, 24, 26, 28, 41, 56, 57, 59, 60, 67], "bboxes": [[414.9200744628906, 159.38536071777344, 673.640869140625, 443.0833740234375], [245.65960693359375, 176.4029998779297, 291.33575439453125, 225.3923797607422], [244.30812072753906, 176.03814697265625, 291.85052490234375, 224.2130126953125], [9.66455078125, 186.1103515625, 299.1195068359375, 345.045654296875], [260.57611083984375, 221.5960235595703, 315.10479736328125, 284.2379455566406], [624.8651123046875, 314.32733154296875, 799.0, 505.90655517578125], [0.0, 390.1845703125, 202.7396697998047, 529.5750122070312], [37.45042419433594, 316.79412841796875, 524.6590576171875, 524.6970825195312], [126.13583374023438, 277.11083984375, 536.916748046875, 512.2196655273438], [245.97911071777344, 237.5645751953125, 275.63671875, 253.82504272460938]]}