{"categories": [0, 39, 41, 56, 62, 63], "bboxes": [[422.03271484375, 119.93634033203125, 777.362060546875, 768.7854614257812], [183.69992065429688, 557.2469482421875, 254.7066650390625, 774.30908203125], [134.0520477294922, 395.0006103515625, 175.4719696044922, 447.4951171875], [427.60467529296875, 578.4613647460938, 504.84564208984375, 662.8433227539062], [175.49087524414062, 340.6582946777344, 393.7539367675781, 566.131103515625], [162.45579528808594, 353.6814270019531, 402.896240234375, 571.9217529296875]]}