{"categories": [0, 39, 41, 54], "bboxes": [[0.0, 37.77845764160156, 426.61798095703125, 520.0], [568.1318969726562, 227.31118774414062, 643.6547241210938, 367.9335021972656], [363.0434265136719, 209.10079956054688, 405.9223327636719, 269.6469421386719], [624.3528442382812, 235.46044921875, 649.4544067382812, 264.58721923828125]]}