{"categories": [0, 2, 56], "bboxes": [[575.6879272460938, 182.5623321533203, 710.3624877929688, 446.08502197265625], [85.5673828125, 369.6534729003906, 122.56570434570312, 390.4586486816406], [485.1627197265625, 304.1298828125, 607.362548828125, 441.01080322265625]]}