{"categories": [0, 17, 24, 26], "bboxes": [[364.6930236816406, 106.24383544921875, 744.6168212890625, 559.6978759765625], [0.0, 266.0736999511719, 259.19427490234375, 433.0168151855469], [136.07830810546875, 268.47021484375, 241.60153198242188, 376.15582275390625], [91.10444641113281, 412.08392333984375, 164.28518676757812, 487.41839599609375]]}