{"categories": [0, 27, 39, 56, 57], "bboxes": [[227.94752502441406, 138.8301544189453, 600.1387329101562, 521.555419921875], [244.45689392089844, 227.99575805664062, 282.7115783691406, 335.0754089355469], [286.8822021484375, 283.64276123046875, 329.8509521484375, 346.6783447265625], [589.4669189453125, 225.52513122558594, 799.0, 534.0], [31.9012451171875, 60.1094970703125, 759.5869140625, 495.5447998046875]]}