{"categories": [0, 27, 40, 41, 56, 60, 63, 71], "bboxes": [[301.95660400390625, 134.0651397705078, 799.0, 523.312255859375], [541.3088989257812, 344.22198486328125, 615.5291137695312, 528.0245361328125], [146.87200927734375, 446.7066345214844, 219.6771240234375, 531.0], [28.949199676513672, 471.3780822753906, 111.52497863769531, 529.1690063476562], [357.9022521972656, 242.3583984375, 429.0814514160156, 331.9671630859375], [0.0, 402.8142395019531, 358.5592346191406, 525.1236572265625], [456.24078369140625, 292.1930236816406, 489.1630859375, 324.4907531738281], [677.9940185546875, 273.38604736328125, 799.0, 320.4185791015625]]}