{"categories": [0, 24, 65, 72, 73], "bboxes": [[97.69813537597656, 38.84461975097656, 312.17327880859375, 308.281494140625], [13.555774688720703, 246.52760314941406, 74.05320739746094, 310.0], [188.80618286132812, 242.6190948486328, 292.44537353515625, 286.11004638671875], [270.5444641113281, 1.5206756591796875, 578.4058837890625, 302.78375244140625], [183.01100158691406, 238.4772186279297, 292.6455078125, 287.3330993652344]]}