{"categories": [0, 27, 56, 62, 73], "bboxes": [[292.2506103515625, 211.53990173339844, 538.6187744140625, 597.8935546875], [563.162109375, 433.6825256347656, 624.4942626953125, 595.6903686523438], [738.6659545898438, 426.20965576171875, 799.0, 459.366455078125], [103.11878204345703, 271.3685607910156, 176.705078125, 367.6721496582031], [208.4716339111328, 158.666015625, 640.056884765625, 421.4954833984375]]}