{"categories": [0, 3, 62], "bboxes": [[11.225936889648438, 49.153228759765625, 451.06610107421875, 590.78125], [340.9227294921875, 465.00604248046875, 430.7545166015625, 571.6797485351562], [724.2696533203125, 153.16563415527344, 791.724609375, 197.7643280029297]]}