{"categories": [0, 34, 35], "bboxes": [[251.4332733154297, 129.61973571777344, 439.32989501953125, 390.69085693359375], [405.3099060058594, 126.0528793334961, 441.6665344238281, 215.63336181640625], [395.31829833984375, 306.2537841796875, 426.36138916015625, 332.93450927734375]]}