{"categories": [0, 35], "bboxes": [[247.03379821777344, 29.32135009765625, 639.130859375, 587.3165283203125], [72.24008178710938, 527.016357421875, 161.7352294921875, 601.3909912109375]]}