{"categories": [0, 2, 24, 26, 60], "bboxes": [[72.99539184570312, 2.5084228515625, 340.9753723144531, 528.3596801757812], [0.0, 183.60826110839844, 102.62153625488281, 245.41441345214844], [319.92169189453125, 326.7849426269531, 355.561767578125, 414.7433776855469], [0.0, 279.748046875, 40.59666061401367, 376.12939453125], [520.6264038085938, 341.29449462890625, 657.5497436523438, 503.28607177734375]]}