{"categories": [0, 27, 39, 75], "bboxes": [[112.44926452636719, 22.228256225585938, 385.68927001953125, 321.1171875], [276.6609802246094, 187.28958129882812, 360.8186950683594, 306.2429504394531], [52.28977584838867, 285.9194030761719, 83.11125183105469, 344.2380676269531], [54.90950393676758, 285.1331787109375, 81.16964721679688, 331.2242431640625]]}