{"categories": [0, 1, 2, 13, 24, 39, 41, 60, 73], "bboxes": [[0.0, 99.13302612304688, 377.9310302734375, 518.9071044921875], [478.6018981933594, 118.0046157836914, 607.6348876953125, 295.5495910644531], [232.52232360839844, 87.2463150024414, 573.90625, 304.56634521484375], [727.3194580078125, 148.9263153076172, 798.8828125, 324.504150390625], [429.2488708496094, 108.77557373046875, 524.7784423828125, 261.7602844238281], [457.1991882324219, 328.9830017089844, 486.4189758300781, 387.5442810058594], [400.2287292480469, 318.8348083496094, 428.5182189941406, 349.6274719238281], [175.38150024414062, 314.6684875488281, 764.4786376953125, 524.2727661132812], [6.866172790527344, 286.86456298828125, 96.09407806396484, 318.333984375]]}