{"categories": [0, 57], "bboxes": [[28.429107666015625, 64.8187255859375, 350.8249816894531, 372.6982116699219], [31.087814331054688, 157.17755126953125, 482.09906005859375, 374.0]]}