{"categories": [0, 27, 41], "bboxes": [[432.84613037109375, 44.06634521484375, 790.1190795898438, 524.6420288085938], [466.3798522949219, 275.20916748046875, 483.4426574707031, 351.72216796875], [434.6247863769531, 379.50616455078125, 465.0662536621094, 417.45770263671875]]}