{"categories": [0, 28, 41, 45, 60, 63, 65, 67, 73], "bboxes": [[423.4581298828125, 156.33349609375, 765.488525390625, 536.6370849609375], [720.4810791015625, 315.3983154296875, 787.6964111328125, 556.732421875], [9.731462478637695, 489.405517578125, 67.40580749511719, 577.099609375], [78.87682342529297, 452.99456787109375, 151.77859497070312, 494.95294189453125], [32.719818115234375, 398.28167724609375, 712.284423828125, 599.0], [287.8869934082031, 503.90838623046875, 680.651123046875, 596.8527221679688], [95.87076568603516, 489.94384765625, 191.96884155273438, 523.2277221679688], [478.90966796875, 496.365966796875, 562.845947265625, 528.748291015625], [286.40087890625, 451.7611999511719, 490.13873291015625, 518.6664428710938]]}