{"categories": [0, 27], "bboxes": [[222.43710327148438, 304.029296875, 578.6610107421875, 786.7269287109375], [188.2625732421875, 615.3069458007812, 290.3036193847656, 787.9822387695312]]}