{"categories": [0, 12, 39, 62, 73], "bboxes": [[279.4730224609375, 132.74166870117188, 392.5914306640625, 360.54107666015625], [380.19903564453125, 176.17745971679688, 494.6287841796875, 360.8810729980469], [21.348861694335938, 37.43910217285156, 525.0441284179688, 322.4283447265625], [78.68299865722656, 17.310625076293945, 171.87322998046875, 75.20877838134766], [38.98023223876953, 203.30706787109375, 130.92474365234375, 258.2167663574219]]}