{"categories": [0, 2, 25, 39, 56, 60], "bboxes": [[111.85552978515625, 15.600677490234375, 340.896728515625, 796.3155517578125], [2.6966018676757812, 67.23175811767578, 52.91197967529297, 99.91645050048828], [30.118980407714844, 8.363101959228516, 172.81979370117188, 52.49998092651367], [84.1190414428711, 172.61605834960938, 96.58000946044922, 209.45166015625], [364.8222351074219, 286.5816650390625, 471.8272399902344, 476.44635009765625], [0.0, 199.07785034179688, 102.31059265136719, 343.6969909667969]]}