{"categories": [0, 2, 26, 67], "bboxes": [[331.5777587890625, 84.50180053710938, 716.8460693359375, 517.4263916015625], [159.1073455810547, 157.97262573242188, 286.45587158203125, 266.6453857421875], [493.7684326171875, 209.0653533935547, 663.734619140625, 515.1349487304688], [548.0447998046875, 151.71780395507812, 609.5081787109375, 197.157470703125]]}