{"categories": [0, 13, 41, 57, 60, 66, 73], "bboxes": [[292.2557373046875, 122.69417572021484, 386.8712158203125, 242.1015625], [38.98906707763672, 205.54574584960938, 271.8529052734375, 368.5120544433594], [343.60919189453125, 205.6301727294922, 371.51025390625, 248.55357360839844], [42.324851989746094, 207.67440795898438, 281.7417297363281, 365.3700256347656], [244.16714477539062, 197.75628662109375, 495.5433044433594, 363.97808837890625], [145.35150146484375, 214.9606475830078, 195.82656860351562, 241.8643341064453], [286.77581787109375, 238.3465118408203, 366.904296875, 276.53436279296875]]}