{"categories": [0, 26], "bboxes": [[169.80360412597656, 293.49298095703125, 227.0137176513672, 492.50836181640625], [281.6070556640625, 331.0025329589844, 332.4747314453125, 427.3394470214844]]}