{"categories": [0, 27, 40, 41, 56, 60, 67, 73], "bboxes": [[431.1304931640625, 149.91226196289062, 622.914306640625, 515.0924072265625], [363.5506286621094, 194.1403350830078, 396.2778625488281, 302.1714172363281], [720.1867065429688, 446.71551513671875, 757.8986206054688, 520.44873046875], [639.6658325195312, 492.47515869140625, 678.2352905273438, 531.0], [588.5869750976562, 369.50213623046875, 688.3942260742188, 482.87493896484375], [536.3363647460938, 457.1036376953125, 795.9381713867188, 526.8076171875], [570.856201171875, 211.45071411132812, 589.182861328125, 236.24917602539062], [622.4475708007812, 461.82781982421875, 732.6056518554688, 499.11077880859375]]}