{"categories": [0, 2, 47, 58, 75], "bboxes": [[67.51423645019531, 72.49374389648438, 273.11712646484375, 390.3442687988281], [178.2979736328125, 245.7916717529297, 226.35604858398438, 273.0496826171875], [41.804656982421875, 103.07664489746094, 545.42822265625, 439.17431640625], [601.0701904296875, 350.13824462890625, 705.626708984375, 451.72515869140625], [605.2550048828125, 401.3345642089844, 657.5477294921875, 456.2140808105469]]}