{"categories": [0, 40, 41, 45, 56, 60, 71], "bboxes": [[3.8377685546875, 97.463134765625, 331.5614013671875, 560.93505859375], [533.0630493164062, 515.8017578125, 599.0, 732.6719970703125], [1.4818191528320312, 452.9486083984375, 59.06182098388672, 613.501708984375], [1.9174156188964844, 638.6375122070312, 98.21444702148438, 735.8910522460938], [280.2044982910156, 303.33685302734375, 340.1595764160156, 370.0137939453125], [37.048858642578125, 387.94769287109375, 599.0, 772.8353881835938], [0.0, 714.9108276367188, 293.2830810546875, 799.0]]}