{"categories": [0, 2, 5, 7, 24], "bboxes": [[440.55670166015625, 59.16632080078125, 799.0, 612.9381713867188], [0.0, 0.308563232421875, 118.83786010742188, 342.1008605957031], [0.0, 0.0, 799.0, 500.8226013183594], [45.1639404296875, 2.2709503173828125, 799.0, 376.26068115234375], [432.2828369140625, 241.46041870117188, 672.3968505859375, 531.73291015625]]}