{"categories": [0, 13, 24, 25, 26, 28, 56, 58], "bboxes": [[122.23477172851562, 60.871368408203125, 241.9735107421875, 477.1744079589844], [1.5949764251708984, 241.6643524169922, 36.57203674316406, 300.1431884765625], [166.30731201171875, 123.83721923828125, 258.2689208984375, 277.31939697265625], [0.0, 19.84423065185547, 314.9264221191406, 115.26276397705078], [184.1609344482422, 133.33187866210938, 253.0718231201172, 262.82342529296875], [50.257118225097656, 313.41815185546875, 162.78805541992188, 404.17156982421875], [4.670387268066406, 184.39329528808594, 29.473529815673828, 225.62940979003906], [282.53057861328125, 192.3401641845703, 327.62139892578125, 270.8902282714844]]}