{"categories": [0, 27, 56], "bboxes": [[342.2825622558594, 50.721832275390625, 736.6910400390625, 582.005615234375], [444.5831604003906, 325.813232421875, 492.2547912597656, 538.4968872070312], [238.28652954101562, 400.10107421875, 302.2861633300781, 448.6405029296875]]}