{"categories": [0, 2, 7, 26, 27, 41], "bboxes": [[18.086654663085938, 62.36952209472656, 514.0012817382812, 507.0], [144.39210510253906, 0.0, 200.85435485839844, 24.454099655151367], [17.44316864013672, 12.493995666503906, 203.83038330078125, 138.29925537109375], [1.6522445678710938, 116.45201873779297, 129.11251831054688, 215.05166625976562], [452.81463623046875, 203.0825653076172, 467.7640380859375, 264.03387451171875], [295.4953918457031, 151.08058166503906, 323.9201354980469, 194.59788513183594]]}