{"categories": [0, 36, 57], "bboxes": [[27.409637451171875, 300.7125549316406, 321.5173645019531, 779.3212890625], [234.90957641601562, 666.2440185546875, 449.1284484863281, 799.0], [1.913299560546875, 435.0562438964844, 527.8734130859375, 782.3955078125]]}