{"categories": [0, 27, 59, 60], "bboxes": [[35.3759765625, 88.19964599609375, 451.9430847167969, 642.4539794921875], [469.5982971191406, 267.9020690917969, 532.914306640625, 572.15478515625], [664.25, 527.8414916992188, 799.0, 634.5671997070312], [661.4468383789062, 529.0950927734375, 799.0, 639.6636962890625]]}