{"categories": [0, 27, 39, 56, 63, 75], "bboxes": [[90.84310913085938, 65.36019897460938, 643.0860595703125, 519.013427734375], [329.3686218261719, 302.7557373046875, 390.8711853027344, 407.06353759765625], [692.1537475585938, 438.58245849609375, 734.0625610351562, 525.5514526367188], [0.0, 178.50469970703125, 142.3346710205078, 526.0], [639.7697143554688, 415.7442321777344, 781.3486938476562, 524.5283203125], [529.2843627929688, 484.0925598144531, 573.1467895507812, 526.0]]}