{"categories": [0, 8, 9, 13], "bboxes": [[482.2249755859375, 483.0673828125, 739.9031982421875, 730.052978515625], [179.81378173828125, 629.7477416992188, 799.0, 799.0], [287.7303161621094, 307.5370788574219, 306.3825378417969, 344.8471374511719], [419.546142578125, 639.3857421875, 793.5364990234375, 790.424072265625]]}