{"categories": [0, 2, 45, 52, 56, 63, 64, 66, 73], "bboxes": [[279.34173583984375, 18.57574462890625, 448.95654296875, 328.5589294433594], [237.1323699951172, 69.89745330810547, 263.9871520996094, 91.51508331298828], [460.2897033691406, 290.0170593261719, 499.0, 329.8777160644531], [263.11602783203125, 145.8135986328125, 345.24322509765625, 192.43930053710938], [330.2735290527344, 83.06904602050781, 358.9100646972656, 108.51470947265625], [54.55066680908203, 172.83700561523438, 238.53518676757812, 322.84063720703125], [152.91046142578125, 307.2444763183594, 183.76040649414062, 330.7708435058594], [220.51832580566406, 300.37933349609375, 314.09454345703125, 331.07537841796875], [3.0656018257141113, 278.9600830078125, 12.169254302978516, 316.08843994140625]]}