{"categories": [0, 26, 27], "bboxes": [[315.3149719238281, 87.38339233398438, 511.1148986816406, 704.230712890625], [342.4873962402344, 446.350341796875, 492.4270324707031, 573.2407836914062], [403.9326171875, 234.64234924316406, 426.49981689453125, 271.396240234375]]}