{"categories": [0, 32], "bboxes": [[131.68942260742188, 20.012359619140625, 340.4330139160156, 493.6560974121094], [184.32916259765625, 345.0535583496094, 229.62973022460938, 368.4086608886719]]}