{"categories": [0, 39, 41, 60, 62, 65, 67, 73], "bboxes": [[417.1600341796875, 36.561859130859375, 799.0, 587.7020263671875], [370.4642333984375, 338.8655700683594, 413.30316162109375, 431.1157531738281], [0.3508148193359375, 341.838623046875, 26.159849166870117, 404.5986328125], [5.922149658203125, 378.17425537109375, 534.78466796875, 596.4817504882812], [291.1671447753906, 3.5139846801757812, 610.5093994140625, 205.4085693359375], [71.91156768798828, 383.70806884765625, 146.39605712890625, 401.378662109375], [32.121070861816406, 556.3696899414062, 136.803466796875, 595.8145141601562], [66.49186706542969, 381.72894287109375, 149.11473083496094, 404.5765380859375]]}