{"categories": [0, 27, 35, 53, 56], "bboxes": [[314.9545593261719, 40.93324279785156, 455.5268249511719, 328.16748046875], [277.3648681640625, 123.54036712646484, 305.5924072265625, 280.0612487792969], [319.4200134277344, 152.55381774902344, 364.0289001464844, 206.05665588378906], [321.6893005371094, 221.30862426757812, 357.4088439941406, 236.58746337890625], [139.04786682128906, 136.75009155273438, 209.95884704589844, 310.918701171875]]}