{"categories": [0, 27, 39, 45, 56, 60, 65, 73], "bboxes": [[68.52110290527344, 62.239654541015625, 394.87274169921875, 576.0], [586.2355346679688, 193.46282958984375, 616.7179565429688, 289.17584228515625], [539.3527221679688, 258.6543884277344, 551.9203491210938, 300.8622131347656], [234.0403594970703, 284.3352966308594, 307.0916748046875, 324.8140563964844], [723.8270874023438, 321.8705749511719, 799.0, 528.759033203125], [234.33682250976562, 323.03094482421875, 532.4000244140625, 539.7040405273438], [497.4326477050781, 281.4960632324219, 566.3433227539062, 399.7198791503906], [727.8948364257812, 259.3309631347656, 795.8810424804688, 283.7946472167969]]}