{"categories": [0, 37, 59], "bboxes": [[11.32244873046875, 28.860260009765625, 399.0257568359375, 320.50341796875], [14.8470458984375, 303.8336181640625, 381.8740539550781, 330.6805419921875], [0.0, 235.15792846679688, 383.02642822265625, 330.3625793457031]]}