{"categories": [0, 1, 14, 26, 28], "bboxes": [[108.47473907470703, 77.04034423828125, 306.78692626953125, 617.034423828125], [17.402587890625, 320.772705078125, 572.3851928710938, 734.500732421875], [387.7920837402344, 302.267822265625, 485.6131286621094, 361.18511962890625], [96.17858123779297, 162.88865661621094, 209.85791015625, 352.37164306640625], [339.8416748046875, 342.5390319824219, 550.14306640625, 479.2592468261719]]}