{"categories": [0, 49], "bboxes": [[335.3238525390625, 29.14251708984375, 756.7298583984375, 526.4340209960938], [716.403076171875, 97.6434326171875, 739.6680908203125, 127.89204406738281]]}