{"categories": [0, 56, 57, 60, 63, 64, 66, 73], "bboxes": [[123.4498291015625, 4.9097900390625, 418.197509765625, 420.38677978515625], [395.6878967285156, 18.550460815429688, 495.8797302246094, 357.1392822265625], [703.9287109375, 76.990478515625, 798.665283203125, 229.51156616210938], [18.409507751464844, 0.0, 262.9344482421875, 119.61982727050781], [409.4786376953125, 315.8890380859375, 799.0, 525.8546142578125], [352.36285400390625, 397.7984924316406, 405.9091796875, 468.9723205566406], [538.1578979492188, 501.5627136230469, 737.9334106445312, 532.8379516601562], [128.44168090820312, 350.1253662109375, 331.5041809082031, 521.0401000976562]]}