{"categories": [0, 2, 67], "bboxes": [[471.6525573730469, 18.962844848632812, 719.703369140625, 524.9990234375], [699.8452758789062, 254.7615203857422, 797.0735473632812, 391.56689453125], [373.7261962890625, 222.01412963867188, 403.3172607421875, 261.1981506347656]]}