{"categories": [0, 13, 24, 26, 28, 39, 58], "bboxes": [[327.54168701171875, 155.54908752441406, 489.72369384765625, 463.911376953125], [156.99171447753906, 247.20556640625, 583.5325927734375, 417.701904296875], [123.7557373046875, 346.6533508300781, 211.73855590820312, 430.2651672363281], [278.9954528808594, 209.06121826171875, 346.9462585449219, 342.0640869140625], [443.1294860839844, 283.6366271972656, 564.7774047851562, 361.4383850097656], [439.6293640136719, 395.0550537109375, 459.4333190917969, 452.5501708984375], [1.5264873504638672, 170.3499755859375, 59.07493591308594, 387.43817138671875]]}