{"categories": [0, 3, 17, 56], "bboxes": [[325.172119140625, 146.9228515625, 396.87420654296875, 317.720947265625], [357.22650146484375, 215.90452575683594, 614.6616821289062, 372.2108154296875], [26.314388275146484, 172.8503875732422, 115.85992431640625, 452.166259765625], [601.0916748046875, 169.8406219482422, 632.8992919921875, 215.45069885253906]]}