{"categories": [0, 57, 63, 67, 73], "bboxes": [[473.71063232421875, 81.84791564941406, 669.4038696289062, 484.14398193359375], [97.84768676757812, 327.8374328613281, 864.53173828125, 683.474609375], [742.3037109375, 291.9215393066406, 883.0107421875, 415.9262390136719], [368.0616760253906, 341.1784362792969, 402.7076721191406, 432.6968078613281], [366.474365234375, 338.6924133300781, 405.84002685546875, 433.4029846191406]]}