{"categories": [0, 29], "bboxes": [[626.8095092773438, 139.22598266601562, 872.2510375976562, 657.0711669921875], [478.4795837402344, 288.8340148925781, 583.6860961914062, 335.8596496582031]]}