{"categories": [0, 39, 40, 41, 45, 71], "bboxes": [[77.60064697265625, 379.072021484375, 726.93505859375, 1006.2265625], [441.900146484375, 138.42584228515625, 479.58233642578125, 226.5262451171875], [276.2424621582031, 146.71353149414062, 317.5553894042969, 223.47210693359375], [397.0635070800781, 174.8670196533203, 436.3105163574219, 231.95359802246094], [319.6477355957031, 189.50875854492188, 361.9566955566406, 218.31094360351562], [534.4984741210938, 250.34329223632812, 658.3412475585938, 286.9176940917969]]}