{"categories": [0, 17, 24, 26], "bboxes": [[470.5948791503906, 156.32891845703125, 590.74072265625, 482.66943359375], [307.3379211425781, 252.3129425048828, 951.0540771484375, 612.6680908203125], [846.1450805664062, 327.36419677734375, 922.2216186523438, 422.86065673828125], [842.3652954101562, 329.6159973144531, 921.4338989257812, 419.6916809082031]]}