{"categories": [0, 39, 40, 41, 45, 56, 57, 60, 73], "bboxes": [[273.1268310546875, 109.79568481445312, 469.2294921875, 321.93792724609375], [541.5617065429688, 276.5627746582031, 577.6126098632812, 381.4880065917969], [216.94557189941406, 263.0638122558594, 242.56211853027344, 309.0403137207031], [503.40216064453125, 320.89825439453125, 540.6259155273438, 370.99127197265625], [330.3778991699219, 283.1771545410156, 371.8268737792969, 312.3702087402344], [3.1384658813476562, 161.72457885742188, 209.55001831054688, 385.9928283691406], [411.74371337890625, 170.39859008789062, 639.0, 382.2850646972656], [159.5113983154297, 265.802001953125, 596.9624633789062, 417.57550048828125], [425.0453186035156, 369.9031677246094, 554.376220703125, 411.1885681152344]]}