{"categories": [0, 2, 3, 7, 9, 24], "bboxes": [[266.8808898925781, 330.108154296875, 480.2506408691406, 767.0], [80.05538940429688, 365.1093444824219, 282.9187316894531, 443.0442810058594], [124.89787292480469, 423.5518798828125, 619.1187744140625, 719.3426513671875], [825.3855590820312, 340.4853515625, 856.5281372070312, 374.67779541015625], [882.9739379882812, 249.14076232910156, 906.0963745117188, 303.31219482421875], [598.5178833007812, 377.9881591796875, 682.7129516601562, 503.75433349609375]]}