{"categories": [0, 13, 24, 26, 28], "bboxes": [[531.3014526367188, 57.318756103515625, 736.8130493164062, 629.2613525390625], [234.39544677734375, 234.5550079345703, 812.8075561523438, 542.99267578125], [151.1533203125, 427.3877258300781, 238.82583618164062, 555.7611694335938], [187.463623046875, 424.2744140625, 357.26275634765625, 621.4278564453125], [672.6520385742188, 360.39825439453125, 846.7369995117188, 621.3973388671875]]}