{"categories": [0, 11, 17, 41], "bboxes": [[441.1083679199219, 162.58941650390625, 540.4855346679688, 400.36431884765625], [552.8965454101562, 115.1009521484375, 585.3460083007812, 180.47772216796875], [718.12841796875, 158.15699768066406, 1013.521484375, 427.5919189453125], [715.4166259765625, 288.3769226074219, 759.0987548828125, 344.2421569824219]]}