{"categories": [0, 34], "bboxes": [[366.2828369140625, 560.8193359375, 686.1270751953125, 858.44677734375], [263.44635009765625, 455.7717590332031, 404.9368896484375, 548.8575439453125]]}