{"categories": [0, 24, 56, 62, 65, 66, 73], "bboxes": [[165.4405517578125, 245.88270568847656, 521.4273681640625, 674.2840576171875], [732.8592529296875, 507.3954772949219, 889.7261962890625, 676.902099609375], [675.8453369140625, 433.964111328125, 763.38720703125, 539.8704833984375], [0.0, 488.456298828125, 110.97297668457031, 663.3570556640625], [495.8898010253906, 444.8232727050781, 527.0437622070312, 480.3562316894531], [2.5075454711914062, 648.876708984375, 176.58755493164062, 681.6539306640625], [29.758054733276367, 178.31231689453125, 63.29676055908203, 222.96420288085938]]}