{"categories": [0, 1, 10, 58], "bboxes": [[173.4044189453125, 434.8954162597656, 219.133056640625, 579.72607421875], [247.86036682128906, 506.7261962890625, 295.2372741699219, 578.537353515625], [76.22883605957031, 524.8168334960938, 108.68167114257812, 596.6864624023438], [370.9515075683594, 196.33975219726562, 400.8891906738281, 242.17098999023438]]}