{"categories": [0, 32, 35, 56], "bboxes": [[30.449081420898438, 20.145065307617188, 366.6483154296875, 433.20361328125], [326.12591552734375, 375.5649108886719, 391.228515625, 436.9490661621094], [446.7332763671875, 107.71625518798828, 469.521728515625, 132.9313507080078], [581.794677734375, 23.849224090576172, 631.7293701171875, 94.40855407714844]]}