{"categories": [0, 8, 37, 50, 51, 58], "bboxes": [[445.90118408203125, 216.57699584960938, 635.4965209960938, 523.4736328125], [0.0, 299.4560241699219, 599.841552734375, 888.955078125], [18.914443969726562, 301.9637451171875, 502.849609375, 808.8870849609375], [361.0962219238281, 751.939697265625, 407.1225280761719, 838.884765625], [256.6578063964844, 683.939453125, 379.6046447753906, 801.30224609375], [224.7605743408203, 786.7224731445312, 499.19830322265625, 1016.0326538085938]]}