{"categories": [0, 4, 32, 34], "bboxes": [[66.25016021728516, 76.03575134277344, 310.4488830566406, 458.8248291015625], [219.54931640625, 4.732810020446777, 355.94189453125, 35.73214340209961], [451.6918029785156, 271.9646911621094, 475.3207092285156, 296.8951721191406], [307.76593017578125, 39.53448486328125, 449.11492919921875, 136.48216247558594]]}