{"categories": [0, 1, 28, 38, 56, 67], "bboxes": [[137.9697265625, 56.333984375, 415.84112548828125, 601.780029296875], [1.8597183227539062, 243.0274658203125, 219.25653076171875, 628.4462890625], [18.506221771240234, 226.43756103515625, 143.8446807861328, 380.34881591796875], [258.49273681640625, 320.8624267578125, 391.1207275390625, 387.01312255859375], [316.04071044921875, 3.3411903381347656, 369.11590576171875, 61.605098724365234], [83.06027221679688, 153.61749267578125, 109.68287658691406, 177.93338012695312]]}