{"categories": [0, 13, 24, 28, 32, 37, 38, 39], "bboxes": [[2.8834915161132812, 18.547134399414062, 150.22607421875, 320.835205078125], [6.8481292724609375, 129.54641723632812, 491.405517578125, 310.5863952636719], [378.1659851074219, 246.3173065185547, 449.0832214355469, 326.6376037597656], [286.2071838378906, 256.7134704589844, 446.5504455566406, 328.4264831542969], [52.36664962768555, 301.117431640625, 71.60637664794922, 317.335693359375], [17.813980102539062, 137.17202758789062, 358.19183349609375, 242.86441040039062], [151.66128540039062, 200.15176391601562, 216.48052978515625, 322.5107727050781], [395.2540588378906, 167.87811279296875, 409.7107238769531, 204.91302490234375]]}