{"categories": [0, 1, 37, 38], "bboxes": [[73.91828918457031, 76.99517822265625, 156.845947265625, 346.5989685058594], [351.252685546875, 219.00628662109375, 380.2855224609375, 261.2691345214844], [249.90293884277344, 118.4140625, 528.920166015625, 255.1231689453125], [120.79402160644531, 200.1190185546875, 149.42079162597656, 237.93466186523438]]}