{"categories": [0, 25, 26, 74], "bboxes": [[55.25723648071289, 242.0753173828125, 154.601318359375, 495.446533203125], [188.49514770507812, 286.15789794921875, 285.1006164550781, 432.47564697265625], [81.67044067382812, 300.52471923828125, 150.01815795898438, 438.4652099609375], [149.43502807617188, 101.15000915527344, 216.82815551757812, 221.6698455810547]]}