{"categories": [0, 25, 26, 73, 74, 75], "bboxes": [[492.65185546875, 202.93313598632812, 547.344482421875, 336.8557434082031], [131.07958984375, 33.997161865234375, 426.06854248046875, 147.57786560058594], [490.6886291503906, 275.37841796875, 510.7353820800781, 315.46697998046875], [36.498836517333984, 312.444580078125, 139.7149658203125, 375.27655029296875], [585.4653930664062, 186.0723114013672, 639.0, 251.6044158935547], [118.89015197753906, 363.7352294921875, 155.6097869873047, 416.1845703125]]}