{"categories": [0, 14, 40, 41, 45, 53, 56, 60, 65], "bboxes": [[397.30096435546875, 114.3458251953125, 639.0, 415.93536376953125], [63.0004997253418, 74.78768920898438, 78.3820571899414, 96.11680603027344], [389.9384765625, 190.1263427734375, 431.05096435546875, 252.00714111328125], [291.92462158203125, 273.2928161621094, 325.90887451171875, 332.4178771972656], [188.75161743164062, 347.7498779296875, 249.82150268554688, 397.55767822265625], [196.32220458984375, 296.1213684082031, 294.7705383300781, 345.2398376464844], [415.40740966796875, 178.38275146484375, 534.2540893554688, 226.02334594726562], [69.05293273925781, 197.16549682617188, 536.0928344726562, 420.2213439941406], [137.11546325683594, 374.126953125, 177.06602478027344, 404.82330322265625]]}