{"categories": [0, 2, 24, 30, 34], "bboxes": [[238.52334594726562, 136.21157836914062, 292.1423034667969, 278.37921142578125], [0.0, 294.38873291015625, 47.67302322387695, 321.727294921875], [340.7717590332031, 165.8067626953125, 369.4894104003906, 206.41311645507812], [321.3850402832031, 138.40573120117188, 401.4737854003906, 183.67807006835938], [259.3939208984375, 236.22955322265625, 273.93408203125, 271.3984680175781]]}