{"categories": [0, 25, 27, 58, 67], "bboxes": [[82.94247436523438, 223.5124969482422, 210.683837890625, 377.95654296875], [0.0, 151.51075744628906, 205.12493896484375, 325.1986083984375], [124.99742126464844, 304.2524108886719, 191.71376037597656, 379.9576110839844], [0.0, 0.0, 152.220947265625, 79.30794525146484], [374.566162109375, 153.76502990722656, 395.90594482421875, 183.3231658935547]]}