{"categories": [0, 13], "bboxes": [[297.16534423828125, 88.8829345703125, 395.804931640625, 327.8080749511719], [98.54824829101562, 195.79750061035156, 402.434814453125, 313.16668701171875]]}