{"categories": [0, 24, 26, 39, 40, 41, 45, 55, 60, 68, 71, 73], "bboxes": [[125.86080932617188, 200.20913696289062, 294.0380859375, 475.3639221191406], [3.6216583251953125, 294.9973449707031, 76.15814208984375, 376.2768859863281], [49.66680145263672, 330.6397399902344, 115.5352554321289, 377.0948181152344], [620.135498046875, 159.38868713378906, 637.6480712890625, 207.9828643798828], [423.1275939941406, 155.26309204101562, 442.4464416503906, 207.04592895507812], [511.7289123535156, 260.9092102050781, 534.6834106445312, 294.9697570800781], [488.5780944824219, 380.13812255859375, 632.0120849609375, 458.884765625], [318.5893859863281, 346.4544677734375, 425.6516418457031, 452.1868896484375], [248.4835968017578, 362.8383483886719, 625.4708862304688, 473.7503356933594], [412.11285400390625, 236.88987731933594, 516.5587158203125, 292.52569580078125], [539.8067016601562, 284.7862243652344, 634.1909790039062, 299.6708068847656], [544.1188354492188, 100.6563720703125, 565.0731811523438, 142.896728515625]]}