{"categories": [0], "bboxes": [[275.2573547363281, 107.44221496582031, 417.1075134277344, 394.5750732421875]]}