{"categories": [0, 16, 27], "bboxes": [[173.4486083984375, 149.94692993164062, 270.3772888183594, 402.6902770996094], [76.11697387695312, 320.87335205078125, 227.41738891601562, 487.27886962890625], [114.08171844482422, 189.56031799316406, 135.1219024658203, 255.84288024902344]]}