{"categories": [0, 39, 41, 45, 71, 79], "bboxes": [[392.937255859375, 104.73757934570312, 532.8179931640625, 247.462158203125], [341.85296630859375, 191.00714111328125, 368.14892578125, 276.2506103515625], [294.4667053222656, 178.50086975097656, 327.5987854003906, 228.7490997314453], [14.976264953613281, 328.2676086425781, 54.162628173828125, 372.5977478027344], [353.29364013671875, 230.91732788085938, 588.6043090820312, 321.9935607910156], [379.0685119628906, 373.0075378417969, 410.2544250488281, 391.6343688964844]]}