{"categories": [0, 17, 25, 32, 56], "bboxes": [[234.53244018554688, 148.713623046875, 463.4168395996094, 424.16632080078125], [591.094482421875, 119.04302215576172, 630.35302734375, 151.58413696289062], [222.4940643310547, 82.57395935058594, 307.0244140625, 122.51046752929688], [424.966796875, 353.9903564453125, 476.04486083984375, 406.68756103515625], [97.63114166259766, 132.32394409179688, 131.77572631835938, 165.4422607421875]]}