{"categories": [0, 32, 56], "bboxes": [[70.50318908691406, 147.7035675048828, 324.3455810546875, 477.73455810546875], [197.9574737548828, 406.3011169433594, 269.8638916015625, 478.8251647949219], [236.67703247070312, 109.20004272460938, 263.65142822265625, 126.76492309570312]]}