{"categories": [0, 29], "bboxes": [[62.6412353515625, 39.019989013671875, 210.58456420898438, 324.2781066894531], [222.8309783935547, 121.14629364013672, 272.20660400390625, 141.08566284179688]]}