{"categories": [0, 65], "bboxes": [[18.145004272460938, 24.764923095703125, 303.1103515625, 402.8945007324219], [426.3453063964844, 274.6698303222656, 445.0477600097656, 296.0417785644531]]}