{"categories": [0, 1], "bboxes": [[332.97967529296875, 152.69647216796875, 404.98809814453125, 290.46759033203125], [195.3145751953125, 202.0646514892578, 347.52569580078125, 299.90380859375]]}