{"categories": [0, 24, 30, 31], "bboxes": [[143.41409301757812, 133.54019165039062, 262.21917724609375, 366.92279052734375], [182.51573181152344, 154.6864013671875, 242.1355743408203, 240.42718505859375], [251.73895263671875, 119.60403442382812, 294.03814697265625, 195.42254638671875], [146.46949768066406, 61.9639892578125, 220.6869659423828, 193.6121368408203]]}