{"categories": [0, 25, 40, 45, 46, 55, 56, 60, 75], "bboxes": [[192.4202880859375, 136.64990234375, 320.08770751953125, 478.5135498046875], [26.47064208984375, 3.6558074951171875, 284.2764587402344, 311.5552978515625], [49.275413513183594, 302.9603576660156, 78.24443054199219, 378.5118103027344], [179.41261291503906, 341.5606689453125, 249.23020935058594, 380.7913818359375], [103.66146087646484, 173.65415954589844, 120.5866470336914, 204.56358337402344], [82.87153625488281, 256.39361572265625, 190.67918395996094, 361.21588134765625], [40.8560791015625, 242.127685546875, 107.00888061523438, 331.349853515625], [18.553466796875, 315.3790283203125, 297.44903564453125, 492.14849853515625], [37.569190979003906, 335.8971252441406, 57.516761779785156, 365.5725402832031]]}