{"categories": [0, 30, 31], "bboxes": [[70.71743774414062, 226.864013671875, 255.9896240234375, 368.619384765625], [22.738536834716797, 255.32928466796875, 118.54182434082031, 270.589111328125], [255.53077697753906, 312.93072509765625, 314.13592529296875, 357.7939453125]]}