{"categories": [0, 27, 57, 59], "bboxes": [[249.19778442382812, 45.87425231933594, 417.9834289550781, 285.0849609375], [164.22581481933594, 137.90147399902344, 187.71397399902344, 250.50718688964844], [390.74041748046875, 128.79928588867188, 499.0, 247.12127685546875], [12.859512329101562, 151.94090270996094, 497.39825439453125, 374.0]]}