{"categories": [0, 24, 26, 38], "bboxes": [[265.86151123046875, 74.41746520996094, 352.56610107421875, 256.441650390625], [134.0247039794922, 280.8606872558594, 203.6271514892578, 344.3861389160156], [132.8208770751953, 289.4957580566406, 201.3544464111328, 344.4413757324219], [257.1230163574219, 178.9625701904297, 288.6232604980469, 256.79547119140625]]}