{"categories": [0, 39, 56, 65, 68, 73, 74], "bboxes": [[118.266845703125, 144.29293823242188, 546.0757446289062, 478.5553283691406], [87.68550872802734, 205.80828857421875, 109.19339752197266, 243.50070190429688], [300.7359924316406, 327.2247314453125, 379.0282897949219, 447.58209228515625], [512.3888549804688, 216.15878295898438, 545.7965698242188, 238.98056030273438], [531.737060546875, 150.0540771484375, 592.3746337890625, 188.3702392578125], [11.278104782104492, 429.4755554199219, 54.80096435546875, 445.6879577636719], [137.31153869628906, 204.15057373046875, 163.6351776123047, 236.79537963867188]]}