{"categories": [0, 37], "bboxes": [[165.244873046875, 174.15145874023438, 383.4503173828125, 353.5165710449219], [118.29096984863281, 311.098876953125, 235.51109313964844, 377.23492431640625]]}