{"categories": [0, 1, 5, 13, 24], "bboxes": [[105.32322692871094, 128.240478515625, 219.15586853027344, 291.5916442871094], [24.510208129882812, 154.8419189453125, 159.26466369628906, 248.10897827148438], [121.5249252319336, 76.86148071289062, 265.71331787109375, 174.80816650390625], [89.89546203613281, 187.31280517578125, 387.415283203125, 293.63287353515625], [209.5872039794922, 243.6324005126953, 271.5011901855469, 297.2507629394531]]}