{"categories": [0, 24, 56, 60, 65], "bboxes": [[129.19284057617188, 100.78697204589844, 483.9766540527344, 610.8247680664062], [0.0, 374.6402282714844, 99.23658752441406, 533.7749633789062], [444.7648620605469, 226.68983459472656, 635.7689208984375, 520.0555419921875], [325.36944580078125, 243.70677185058594, 473.38470458984375, 401.65924072265625], [286.4528503417969, 245.29197692871094, 330.8491516113281, 304.4430847167969]]}