{"categories": [0, 39, 65], "bboxes": [[142.62664794921875, 86.541748046875, 364.4876708984375, 497.5389404296875], [152.47007751464844, 380.8639221191406, 171.71742248535156, 424.2491149902344], [110.81813049316406, 218.9248504638672, 165.58131408691406, 261.6646423339844]]}