{"categories": [0, 13, 24, 25, 26], "bboxes": [[168.67677307128906, 115.2346420288086, 300.09588623046875, 369.7051086425781], [322.6751708984375, 226.17919921875, 584.7279663085938, 384.21588134765625], [183.21365356445312, 179.32130432128906, 220.87252807617188, 235.32908630371094], [117.24051666259766, 53.55086135864258, 316.8565368652344, 138.0691680908203], [446.984130859375, 262.94024658203125, 555.06005859375, 307.2069091796875]]}