{"categories": [0, 27, 58, 60], "bboxes": [[84.29524230957031, 98.34709167480469, 195.1295623779297, 367.56622314453125], [134.17794799804688, 138.99111938476562, 151.57037353515625, 202.03094482421875], [376.8302307128906, 82.01904296875, 468.1169738769531, 244.23989868164062], [3.3013572692871094, 183.95936584472656, 88.01063537597656, 325.39251708984375]]}