{"categories": [0, 27, 56, 57, 60, 63, 73], "bboxes": [[163.7944793701172, 27.553863525390625, 458.50201416015625, 311.8922119140625], [274.93878173828125, 186.46490478515625, 293.52886962890625, 254.84783935546875], [124.48049926757812, 184.42010498046875, 215.3665771484375, 281.7724304199219], [38.28352355957031, 167.11170959472656, 498.07672119140625, 323.25140380859375], [1.55072021484375, 274.4848327636719, 406.87982177734375, 329.2666931152344], [34.23480224609375, 282.37664794921875, 251.4271240234375, 317.83209228515625], [138.0488739013672, 303.4868469238281, 366.96478271484375, 328.3672790527344]]}