{"categories": [0, 35, 56], "bboxes": [[232.17758178710938, 181.6676483154297, 302.9623718261719, 321.28546142578125], [355.5400695800781, 266.04180908203125, 373.7193908691406, 287.82501220703125], [423.5940856933594, 180.66770935058594, 461.7617492675781, 199.17250061035156]]}