{"categories": [0, 24, 31], "bboxes": [[278.9139404296875, 131.16183471679688, 342.7733154296875, 292.0012512207031], [174.73387145996094, 135.8965301513672, 212.7570037841797, 183.74327087402344], [205.44400024414062, 172.77500915527344, 257.1459655761719, 230.7161407470703]]}