{"categories": [0, 40, 41, 45], "bboxes": [[271.14501953125, 37.087005615234375, 619.293701171875, 422.52569580078125], [0.0, 346.4849853515625, 23.759857177734375, 423.56329345703125], [199.32455444335938, 372.7124938964844, 266.349853515625, 422.9422912597656], [120.24937438964844, 398.4101867675781, 175.0925750732422, 422.3420104980469]]}