{"categories": [0, 13, 32, 38, 46, 47], "bboxes": [[6.782947540283203, 70.59713745117188, 100.44068908691406, 329.0092468261719], [271.2410888671875, 165.9131622314453, 499.0, 210.9965057373047], [300.1761779785156, 281.15521240234375, 309.1169128417969, 288.6058349609375], [255.29103088378906, 217.9490966796875, 314.9455261230469, 243.41384887695312], [105.7890625, 249.81663513183594, 130.17120361328125, 267.291748046875], [102.36532592773438, 246.7959442138672, 167.62277221679688, 269.0539855957031]]}