{"categories": [0, 27, 33, 65], "bboxes": [[5.836204528808594, 51.42381286621094, 171.46456909179688, 531.318603515625], [356.9074401855469, 204.80218505859375, 378.2701110839844, 261.2666320800781], [84.42919921875, 188.90953063964844, 605.4906005859375, 522.6281127929688], [203.9532928466797, 48.675567626953125, 226.5940704345703, 84.49008178710938]]}