{"categories": [0, 35, 56], "bboxes": [[28.897178649902344, 29.84033203125, 179.593994140625, 575.459228515625], [246.11160278320312, 290.31756591796875, 327.8948669433594, 346.2149658203125], [430.58990478515625, 314.8800048828125, 489.346923828125, 350.75830078125]]}