{"categories": [0, 26, 39, 40, 41, 45, 54, 73], "bboxes": [[341.94915771484375, 89.153564453125, 624.7291259765625, 468.99365234375], [289.628662109375, 201.23373413085938, 363.1551513671875, 302.5960693359375], [303.4793395996094, 126.72406005859375, 323.2674255371094, 216.87161254882812], [1.3776092529296875, 54.493221282958984, 30.20043182373047, 130.150634765625], [177.2447967529297, 251.45425415039062, 247.94297790527344, 331.0736389160156], [399.197021484375, 384.8914794921875, 509.187255859375, 443.9305419921875], [472.3128662109375, 227.51441955566406, 537.1307983398438, 277.0685119628906], [244.6017608642578, 118.40064239501953, 282.70294189453125, 127.54309844970703]]}