{"categories": [0, 45, 56, 57, 59, 62, 65], "bboxes": [[144.86412048339844, 66.94558715820312, 252.26914978027344, 325.707275390625], [463.6204528808594, 342.63104248046875, 497.9090270996094, 374.0], [8.449493408203125, 24.226062774658203, 149.80247497558594, 144.63929748535156], [227.42198181152344, 36.83080291748047, 495.6746826171875, 280.43609619140625], [282.2174072265625, 79.49066162109375, 492.9442138671875, 287.29876708984375], [198.43963623046875, 0.5696840286254883, 241.4639892578125, 17.577869415283203], [264.7204284667969, 49.99964141845703, 291.4422302246094, 63.384483337402344]]}