{"categories": [0, 29, 58], "bboxes": [[28.759414672851562, 118.42456817626953, 174.2675018310547, 285.0], [199.7578125, 204.9585418701172, 275.2055969238281, 276.6801452636719], [1.3445854187011719, 152.30577087402344, 73.51115417480469, 229.30458068847656]]}