{"categories": [0, 5, 6, 26, 27, 67], "bboxes": [[255.93099975585938, 93.37574768066406, 494.9141540527344, 338.6649169921875], [0.0, 0.0, 451.71246337890625, 325.85516357421875], [0.0, 0.0, 499.0, 342.978271484375], [195.9080810546875, 158.4686737060547, 324.50213623046875, 343.0], [116.4281005859375, 173.5202178955078, 130.71205139160156, 212.62071228027344], [453.4609680175781, 249.71536254882812, 494.8330383300781, 290.1943664550781]]}