{"categories": [0, 26, 56, 57, 73], "bboxes": [[329.42547607421875, 36.681671142578125, 496.66082763671875, 340.17767333984375], [1.5248680114746094, 123.611083984375, 81.00897216796875, 234.11886596679688], [0.6040496826171875, 223.71592712402344, 197.92970275878906, 372.8731689453125], [3.02655029296875, 91.33406066894531, 471.6351623535156, 344.87420654296875], [253.73497009277344, 97.84227752685547, 311.7776794433594, 158.2169952392578]]}