{"categories": [0, 16, 17, 24, 26], "bboxes": [[394.41912841796875, 198.63523864746094, 581.7703857421875, 469.330322265625], [180.5961151123047, 331.9667663574219, 263.1741027832031, 389.1882019042969], [421.17755126953125, 332.2069091796875, 622.2125854492188, 639.0], [477.2693786621094, 266.3320007324219, 547.5358276367188, 355.2592468261719], [485.7017517089844, 291.985595703125, 539.8914184570312, 351.69708251953125]]}