{"categories": [0, 32], "bboxes": [[240.35232543945312, 117.80137634277344, 490.2285461425781, 327.2449951171875], [211.98526000976562, 179.59768676757812, 251.27536010742188, 217.06524658203125]]}