{"categories": [0, 38], "bboxes": [[403.11517333984375, 63.13103485107422, 453.777099609375, 221.59988403320312], [378.0887756347656, 146.14675903320312, 410.4241638183594, 187.03439331054688]]}