{"categories": [0, 29, 34, 35], "bboxes": [[171.66018676757812, 96.46915435791016, 265.42095947265625, 266.4761047363281], [243.8501739501953, 125.69383239746094, 266.4197692871094, 138.35133361816406], [220.2373809814453, 73.44160461425781, 237.7386932373047, 122.00823974609375], [309.6003723144531, 219.8314971923828, 336.2213439941406, 245.8928680419922]]}