{"categories": [0, 41, 42, 43, 44, 45, 53, 56, 60], "bboxes": [[240.7822265625, 107.69418334960938, 468.859375, 355.0917053222656], [68.46542358398438, 396.8001403808594, 208.14300537109375, 476.0279235839844], [559.6552734375, 225.7918701171875, 633.1129150390625, 259.5971374511719], [172.80335998535156, 367.9869689941406, 260.09307861328125, 414.2088928222656], [558.7200927734375, 230.9913330078125, 613.2191162109375, 261.7544860839844], [435.1919860839844, 342.1158142089844, 625.7569580078125, 465.0735778808594], [364.65460205078125, 327.12451171875, 443.15203857421875, 374.9974365234375], [0.0, 181.60386657714844, 154.84634399414062, 386.58441162109375], [53.025054931640625, 245.0288543701172, 602.9417724609375, 474.74908447265625]]}