{"categories": [0, 1, 25], "bboxes": [[211.76296997070312, 160.03224182128906, 321.1164245605469, 305.051025390625], [159.1690673828125, 216.2099609375, 359.74517822265625, 334.70257568359375], [173.30148315429688, 87.88345336914062, 309.74151611328125, 186.0916748046875]]}