{"categories": [0, 13, 28, 63, 66], "bboxes": [[101.36782836914062, 104.8345947265625, 211.52322387695312, 293.287841796875], [59.45793151855469, 285.79302978515625, 494.22918701171875, 371.84771728515625], [272.492919921875, 242.0967559814453, 467.00726318359375, 296.556396484375], [293.6828918457031, 155.23487854003906, 445.2413024902344, 276.4140930175781], [468.4787292480469, 276.30548095703125, 499.0, 299.72015380859375]]}