{"categories": [0, 33, 37], "bboxes": [[47.62526321411133, 101.51580047607422, 118.77035522460938, 283.53900146484375], [171.2018280029297, 87.42557525634766, 189.7722625732422, 107.5088882446289], [175.98239135742188, 147.92276000976562, 362.0429992675781, 210.7733154296875]]}