{"categories": [0, 8, 13, 41], "bboxes": [[66.1981201171875, 0.0, 274.31304931640625, 239.4574432373047], [5.2136077880859375, 22.88629913330078, 499.0, 255.64715576171875], [87.72416687011719, 28.53321075439453, 473.814453125, 241.11474609375], [223.48829650878906, 152.06011962890625, 239.6745147705078, 166.059326171875]]}