{"categories": [0, 32, 56, 60, 63, 65], "bboxes": [[5.4164886474609375, 226.725830078125, 206.3035430908203, 496.59454345703125], [236.76425170898438, 231.23670959472656, 254.61105346679688, 252.12010192871094], [337.632080078125, 240.12591552734375, 374.0, 497.297119140625], [147.30540466308594, 328.15673828125, 265.90399169921875, 492.72979736328125], [152.33261108398438, 327.71417236328125, 232.73532104492188, 349.10186767578125], [193.4009552001953, 226.11770629882812, 236.0902557373047, 250.066650390625]]}