{"categories": [0, 37], "bboxes": [[191.9169464111328, 247.78424072265625, 362.41033935546875, 537.7965087890625], [171.57766723632812, 96.02289581298828, 206.42352294921875, 118.52788543701172]]}