{"categories": [0, 29, 32], "bboxes": [[352.238525390625, 27.328994750976562, 558.4426879882812, 425.94415283203125], [355.63525390625, 99.18919372558594, 426.751953125, 159.75355529785156], [122.3985824584961, 185.232421875, 129.52755737304688, 193.051025390625]]}