{"categories": [0, 16, 27, 41, 57, 65, 77], "bboxes": [[278.7027893066406, 11.503768920898438, 499.0, 365.0821533203125], [19.09246826171875, 312.70098876953125, 329.9333801269531, 374.0], [384.2126159667969, 96.92779541015625, 432.1695251464844, 200.05426025390625], [148.27391052246094, 200.91058349609375, 198.68678283691406, 248.52188110351562], [28.52447509765625, 129.78518676757812, 467.7008361816406, 373.8327941894531], [293.6676025390625, 320.2086486816406, 359.37646484375, 360.2935485839844], [242.79563903808594, 310.66058349609375, 322.8198547363281, 373.2659912109375]]}