{"categories": [0, 2, 26, 29], "bboxes": [[245.80020141601562, 73.11651611328125, 526.316650390625, 421.6299743652344], [201.77902221679688, 257.7326354980469, 252.40081787109375, 296.1379699707031], [0.0, 225.86053466796875, 35.414939880371094, 273.9951171875], [476.4464416503906, 149.8546142578125, 533.1809692382812, 217.98483276367188]]}