{"categories": [0, 1, 13, 24], "bboxes": [[165.3579864501953, 196.60305786132812, 234.84449768066406, 363.8698425292969], [319.2036437988281, 244.43527221679688, 353.8022155761719, 329.1620788574219], [151.38742065429688, 140.0467529296875, 180.75836181640625, 150.18121337890625], [314.8035583496094, 194.73794555664062, 356.9590148925781, 254.45965576171875]]}