{"categories": [0, 3, 24], "bboxes": [[217.93789672851562, 18.123748779296875, 531.529052734375, 434.9827880859375], [150.58006286621094, 174.91342163085938, 543.0786743164062, 436.0], [505.97979736328125, 313.0354919433594, 545.6813354492188, 433.7893981933594]]}