{"categories": [0, 34, 35], "bboxes": [[31.17652130126953, 149.57904052734375, 146.10000610351562, 341.77972412109375], [76.46455383300781, 124.21453857421875, 113.71699523925781, 165.8138427734375], [233.34365844726562, 254.75389099121094, 264.89453125, 286.1065368652344]]}