{"categories": [0, 40, 41, 45, 58, 60, 73], "bboxes": [[415.0761413574219, 241.81771850585938, 598.355224609375, 593.655029296875], [193.2427978515625, 337.884765625, 222.6181640625, 393.931884765625], [380.5368957519531, 397.1061706542969, 415.9994201660156, 455.8755187988281], [318.00927734375, 279.0664367675781, 358.1778564453125, 303.2599182128906], [499.84246826171875, 69.86514282226562, 543.9242553710938, 171.95217895507812], [126.11697387695312, 253.86712646484375, 481.9580993652344, 564.9393310546875], [239.30606079101562, 337.61126708984375, 337.5306701660156, 368.91717529296875]]}