{"categories": [0, 2, 33], "bboxes": [[241.8351593017578, 245.5892333984375, 389.112548828125, 584.2659912109375], [266.5699157714844, 14.152421951293945, 334.8482360839844, 58.139060974121094], [391.29766845703125, 95.74531555175781, 559.4081420898438, 203.62586975097656]]}