{"categories": [0, 9, 13, 26, 28], "bboxes": [[444.13623046875, 159.72842407226562, 513.6378173828125, 335.3371276855469], [453.5321960449219, 0.19263458251953125, 478.9382019042969, 25.432788848876953], [0.0, 247.24581909179688, 63.73185729980469, 333.9307556152344], [450.1853332519531, 230.1188201904297, 472.0876770019531, 265.38037109375], [328.42724609375, 278.0970764160156, 413.078125, 369.7575988769531]]}