{"categories": [0, 13, 24, 26, 41, 56, 58, 73], "bboxes": [[294.0531921386719, 58.00175476074219, 405.3222961425781, 287.078857421875], [85.13038635253906, 108.80204772949219, 389.86090087890625, 262.12860107421875], [289.2323303222656, 162.0739288330078, 316.6121520996094, 203.19166564941406], [290.3330993652344, 140.67982482910156, 360.6691589355469, 203.8173370361328], [370.3253479003906, 140.3372039794922, 393.6821594238281, 162.53233337402344], [92.61902618408203, 112.60844421386719, 168.31234741210938, 247.45042419433594], [1.2274398803710938, 5.387720108032227, 33.222660064697266, 42.90081787109375], [177.53184509277344, 138.9225616455078, 217.69700622558594, 159.84483337402344]]}