{"categories": [0, 57, 65], "bboxes": [[353.613525390625, 76.7939453125, 499.0, 374.0], [1.4633045196533203, 324.8796081542969, 64.3282699584961, 374.0], [101.41167449951172, 0.0, 124.38164520263672, 13.678043365478516]]}