{"categories": [0, 13, 24, 26, 36], "bboxes": [[215.4337158203125, 18.878219604492188, 353.2913818359375, 272.22271728515625], [92.69595336914062, 197.77914428710938, 626.1680908203125, 420.3836975097656], [74.38481140136719, 225.03424072265625, 107.01559448242188, 251.27642822265625], [73.61430358886719, 224.9778289794922, 107.68281555175781, 250.6809844970703], [285.7331237792969, 197.95632934570312, 338.8942565917969, 270.5479431152344]]}