{"categories": [0, 2, 7, 58], "bboxes": [[261.6847839355469, 69.513916015625, 432.1738586425781, 317.3535461425781], [156.4863739013672, 117.89586639404297, 334.01983642578125, 276.25262451171875], [165.82696533203125, 114.06510162353516, 326.6829833984375, 284.07904052734375], [2.2785186767578125, 115.29564666748047, 80.39112091064453, 257.0080261230469]]}