{"categories": [0, 2, 6, 7, 28], "bboxes": [[165.34893798828125, 42.35106658935547, 242.03121948242188, 183.77313232421875], [355.2303466796875, 245.1096649169922, 392.61627197265625, 260.7982177734375], [4.67669677734375, 159.50421142578125, 404.14141845703125, 330.6083984375], [22.314010620117188, 103.13131713867188, 382.34027099609375, 331.15234375], [89.78156280517578, 213.2607879638672, 128.1307373046875, 248.14634704589844]]}