{"categories": [0, 13, 24, 35, 56], "bboxes": [[212.718017578125, 68.17188262939453, 324.5877685546875, 236.31820678710938], [288.8062438964844, 112.65406036376953, 475.3742370605469, 190.85540771484375], [38.415733337402344, 67.26549530029297, 55.36128234863281, 107.77144622802734], [5.245931625366211, 146.5253143310547, 47.520301818847656, 177.1979217529297], [379.92572021484375, 136.906005859375, 438.50433349609375, 193.28411865234375]]}