{"categories": [0, 32], "bboxes": [[68.48783874511719, 135.1162567138672, 359.969482421875, 624.3733520507812], [33.19268035888672, 8.896602630615234, 109.61827850341797, 86.38601684570312]]}