{"categories": [0, 1, 2, 13, 26, 73, 74], "bboxes": [[193.41757202148438, 129.66378784179688, 391.9081115722656, 374.32464599609375], [486.2701416015625, 127.80186462402344, 639.0, 339.60809326171875], [95.46903228759766, 41.83769989013672, 121.44307708740234, 55.039154052734375], [51.84202575683594, 230.62527465820312, 386.073486328125, 406.3985290527344], [20.23236083984375, 76.75105285644531, 67.60565185546875, 159.53994750976562], [290.10626220703125, 239.22071838378906, 399.93109130859375, 314.27911376953125], [399.002197265625, 51.808250427246094, 414.97845458984375, 80.7770004272461]]}