{"categories": [0, 25, 41, 45, 46, 55, 56, 58, 60, 75, 77], "bboxes": [[59.310298919677734, 108.77598571777344, 169.4727783203125, 399.00531005859375], [37.42866516113281, 1.8861465454101562, 343.50927734375, 171.77908325195312], [170.6091766357422, 373.506103515625, 227.62635803222656, 408.151123046875], [204.08790588378906, 309.5256042480469, 352.03765869140625, 410.6739196777344], [121.966064453125, 206.5735626220703, 193.71417236328125, 296.95587158203125], [120.62934875488281, 397.86590576171875, 323.1026611328125, 490.96942138671875], [153.3426055908203, 287.7285461425781, 218.43971252441406, 399.0066833496094], [2.8863601684570312, 130.10061645507812, 78.96920776367188, 287.07562255859375], [15.499725341796875, 286.2174377441406, 372.0, 491.6836242675781], [2.6790199279785156, 216.3861083984375, 61.88014602661133, 274.2164611816406], [36.94462203979492, 43.224365234375, 69.75614929199219, 83.52497863769531]]}