{"categories": [0, 7, 8, 24, 30, 56], "bboxes": [[40.8932991027832, 27.503616333007812, 140.55711364746094, 213.42501831054688], [377.7261657714844, 55.50397491455078, 497.4272766113281, 105.80472564697266], [380.99786376953125, 31.506431579589844, 499.0, 102.7488021850586], [358.07562255859375, 127.4271469116211, 378.5235595703125, 183.9163818359375], [197.8264617919922, 288.7945251464844, 342.04803466796875, 314.1581115722656], [0.8589515686035156, 114.6113052368164, 16.966001510620117, 142.76333618164062]]}