{"categories": [0, 24, 30, 31], "bboxes": [[469.99688720703125, 277.4736328125, 503.099365234375, 351.62359619140625], [116.81267547607422, 283.64617919921875, 152.65969848632812, 333.23809814453125], [197.20465087890625, 387.3697814941406, 305.05853271484375, 402.8785095214844], [74.86294555664062, 387.4847717285156, 195.32223510742188, 410.1137390136719]]}