{"categories": [0, 2, 7, 69], "bboxes": [[234.8197021484375, 189.06382751464844, 318.1165771484375, 336.4659423828125], [0.0, 227.29730224609375, 40.344268798828125, 260.3946228027344], [55.32006072998047, 157.8878173828125, 277.89019775390625, 306.0155334472656], [15.85113525390625, 320.4953918457031, 357.2157897949219, 575.3779296875]]}