{"categories": [0, 45, 55, 60, 61, 79], "bboxes": [[38.65179443359375, 168.6107177734375, 160.89915466308594, 327.2677001953125], [193.73678588867188, 177.08642578125, 280.6263427734375, 231.16342163085938], [167.9588623046875, 233.09963989257812, 203.785400390625, 262.6807861328125], [130.97586059570312, 186.2708282470703, 273.79486083984375, 321.1552734375], [337.6767883300781, 176.40892028808594, 499.0, 330.0], [258.1537170410156, 125.06983184814453, 281.3480529785156, 136.1553497314453]]}