{"categories": [0, 24, 56, 63, 73], "bboxes": [[129.66204833984375, 156.68495178222656, 346.65386962890625, 423.536865234375], [269.9106750488281, 366.31646728515625, 422.1383361816406, 464.49468994140625], [52.76228332519531, 246.4461212158203, 183.3519287109375, 423.8297119140625], [241.0228729248047, 198.4334716796875, 276.0130310058594, 235.9974365234375], [213.00714111328125, 266.7543640136719, 291.9967956542969, 303.6383361816406]]}