{"categories": [0, 24, 26, 62, 73, 74], "bboxes": [[253.38702392578125, 66.14117431640625, 312.67626953125, 299.3199462890625], [299.57080078125, 134.9362030029297, 320.11517333984375, 172.1914520263672], [299.2059326171875, 125.40721130371094, 319.72100830078125, 171.8092803955078], [349.0474853515625, 0.3714179992675781, 430.21331787109375, 112.23492431640625], [377.6771545410156, 270.8387145996094, 409.6155700683594, 282.2937316894531], [132.69192504882812, 72.60054016113281, 148.29544067382812, 88.50245666503906]]}