{"categories": [0, 2, 26, 27, 58], "bboxes": [[0.0, 155.12823486328125, 247.58859252929688, 499.0], [114.43701171875, 131.3771209716797, 168.94564819335938, 177.89027404785156], [303.8917236328125, 352.5010070800781, 374.0, 428.7809753417969], [76.39181518554688, 438.9804382324219, 110.97373962402344, 499.0], [6.836818695068359, 47.8676872253418, 60.97842025756836, 122.68815612792969]]}