{"categories": [0, 45, 46, 47, 49, 50, 58], "bboxes": [[201.87246704101562, 74.61181640625, 307.2002868652344, 316.6224365234375], [0.0, 166.84588623046875, 20.00119400024414, 195.10324096679688], [46.7708740234375, 17.442245483398438, 494.42828369140625, 260.8458251953125], [163.2687530517578, 157.7800750732422, 225.9075164794922, 192.91136169433594], [160.65992736816406, 156.09884643554688, 229.9257049560547, 194.29122924804688], [35.7296142578125, 247.7711639404297, 130.6839141845703, 319.71453857421875], [301.6573791503906, 176.69155883789062, 382.3020324707031, 254.91046142578125]]}