{"categories": [0, 41, 46, 73, 79], "bboxes": [[253.12567138671875, 0.0, 497.08990478515625, 370.65753173828125], [26.05118751525879, 224.8857421875, 67.19280242919922, 268.2225036621094], [153.32579040527344, 133.92428588867188, 175.3610382080078, 172.5098876953125], [82.68643951416016, 300.3862609863281, 130.1189422607422, 331.9126892089844], [44.09075927734375, 197.14068603515625, 55.68633270263672, 230.24295043945312]]}