{"categories": [0, 32], "bboxes": [[162.54039001464844, 166.1284637451172, 273.01690673828125, 405.8328857421875], [249.6917266845703, 218.6984405517578, 272.2626647949219, 243.99244689941406]]}