{"categories": [0, 13, 39, 41, 44, 45, 56, 60, 63], "bboxes": [[259.8990783691406, 152.94606018066406, 363.3260803222656, 273.50732421875], [305.5282287597656, 129.36337280273438, 324.6406555175781, 144.590576171875], [185.7182159423828, 208.5648193359375, 206.3073272705078, 274.8372802734375], [282.4893493652344, 309.8472900390625, 310.7127990722656, 354.33172607421875], [339.0070495605469, 253.22393798828125, 369.2765808105469, 289.94329833984375], [281.1312255859375, 271.4485168457031, 358.49395751953125, 336.1393737792969], [335.4989013671875, 355.1189270019531, 508.677978515625, 477.9981994628906], [53.127105712890625, 268.83740234375, 609.009521484375, 465.973388671875], [357.9986267089844, 235.66815185546875, 398.7344665527344, 275.4288330078125]]}