{"categories": [0, 2, 3, 8, 37], "bboxes": [[56.13998794555664, 112.20762634277344, 154.31558227539062, 348.6181640625], [0.8879776000976562, 263.0372314453125, 66.11034393310547, 334.7947998046875], [0.0, 417.2945861816406, 110.87896728515625, 497.4225769042969], [253.34593200683594, 217.94956970214844, 331.80767822265625, 260.9968566894531], [54.03508758544922, 239.27960205078125, 187.62838745117188, 329.42999267578125]]}