{"categories": [0, 24, 39, 45, 48, 52, 56, 60], "bboxes": [[419.03790283203125, 49.18135070800781, 613.0026245117188, 283.7373046875], [106.50704193115234, 382.6754150390625, 243.12295532226562, 464.62359619140625], [515.3251342773438, 302.93035888671875, 567.9397583007812, 398.58367919921875], [464.73291015625, 267.9158935546875, 539.033935546875, 310.1019287109375], [366.693603515625, 309.74102783203125, 437.6014404296875, 369.7913818359375], [318.4383239746094, 231.8515625, 344.6728820800781, 267.2715759277344], [113.76788330078125, 8.983192443847656, 262.6126403808594, 174.857177734375], [132.62245178222656, 218.54449462890625, 614.02685546875, 462.265380859375]]}