{"categories": [0, 25, 26], "bboxes": [[251.9845428466797, 80.96912384033203, 328.719970703125, 319.39801025390625], [372.21575927734375, 80.99845886230469, 472.5853271484375, 174.8970489501953], [392.9162292480469, 174.4458770751953, 413.9778747558594, 219.7327423095703]]}