{"categories": [0, 38], "bboxes": [[335.70526123046875, 37.876380920410156, 437.3231201171875, 270.5398864746094], [65.91604614257812, 89.81036376953125, 145.34799194335938, 128.4960479736328]]}