{"categories": [0, 1, 2, 3, 36], "bboxes": [[324.40191650390625, 124.98978424072266, 359.5859375, 210.87664794921875], [0.02167510986328125, 149.32008361816406, 84.6670150756836, 225.7751922607422], [0.0, 113.71450805664062, 24.783878326416016, 151.82687377929688], [101.29630279541016, 154.16534423828125, 163.66433715820312, 221.71109008789062], [202.18699645996094, 202.50843811035156, 251.65232849121094, 245.67210388183594]]}