{"categories": [0, 73, 77], "bboxes": [[0.0, 82.91841125488281, 107.65306091308594, 370.84954833984375], [92.57001495361328, 191.7279052734375, 147.56263732910156, 218.44515991210938], [253.16464233398438, 112.62130737304688, 316.1433410644531, 188.431884765625]]}