{"categories": [0, 36], "bboxes": [[303.2170715332031, 61.996376037597656, 481.4220886230469, 243.0272216796875], [361.7026062011719, 232.6112060546875, 483.7289123535156, 275.1993103027344]]}