{"categories": [0, 43, 45, 48, 49, 50, 60], "bboxes": [[188.39344787597656, 1.8706207275390625, 426.29998779296875, 341.64154052734375], [393.0861511230469, 226.7999267578125, 469.4620056152344, 246.2125244140625], [426.3319396972656, 109.72537994384766, 496.5293273925781, 148.95993041992188], [271.1607666015625, 249.31475830078125, 381.699951171875, 356.8984375], [160.83900451660156, 261.65655517578125, 234.49925231933594, 304.75115966796875], [280.51483154296875, 168.29226684570312, 345.203125, 203.77813720703125], [81.81022644042969, 163.2758026123047, 499.0, 374.0]]}