{"categories": [0, 16, 30, 56], "bboxes": [[78.70840454101562, 0.0, 304.9785461425781, 376.5589599609375], [81.55284118652344, 262.7998352050781, 107.50518798828125, 280.2820739746094], [199.08444213867188, 346.7300109863281, 377.6828918457031, 424.1660461425781], [414.5697021484375, 176.10354614257812, 529.97607421875, 370.3082580566406]]}