{"categories": [0, 36, 38, 40], "bboxes": [[195.46217346191406, 129.33563232421875, 249.5892791748047, 317.43878173828125], [472.05450439453125, 209.12017822265625, 493.3380126953125, 294.9304504394531], [264.01861572265625, 276.0715026855469, 298.60870361328125, 345.7187805175781], [349.50006103515625, 246.69891357421875, 379.891845703125, 324.4708251953125]]}