{"categories": [0, 17, 24], "bboxes": [[129.52859497070312, 169.3091583251953, 202.6639404296875, 366.7904052734375], [367.26873779296875, 113.02438354492188, 538.1991577148438, 383.4475402832031], [121.06282806396484, 196.2904510498047, 160.52545166015625, 260.86248779296875]]}