{"categories": [0, 24, 32, 38, 56], "bboxes": [[106.48092651367188, 176.50375366210938, 221.521240234375, 487.1728820800781], [266.633544921875, 198.26548767089844, 283.517333984375, 206.6373748779297], [247.19927978515625, 11.00147819519043, 258.0694580078125, 21.49275779724121], [84.60800170898438, 182.74314880371094, 116.63107299804688, 270.53076171875], [208.93814086914062, 216.27490234375, 240.92767333984375, 263.1249084472656]]}