{"categories": [0, 24, 29], "bboxes": [[395.6088562011719, 121.27081298828125, 467.1899108886719, 408.5665283203125], [379.2366027832031, 244.41775512695312, 407.7327575683594, 317.7118225097656], [544.0830078125, 324.3448181152344, 570.9942626953125, 336.9286804199219]]}