{"categories": [0, 29], "bboxes": [[308.872314453125, 163.22422790527344, 486.34368896484375, 425.74871826171875], [411.3525085449219, 297.7268371582031, 450.4631042480469, 315.4719543457031]]}