{"categories": [0, 27, 73, 74], "bboxes": [[8.784225463867188, 151.7125701904297, 318.16937255859375, 473.7476806640625], [164.66319274902344, 296.6505432128906, 201.02015686035156, 429.9931335449219], [48.3963623046875, 0.0, 601.6448364257812, 479.0], [262.92974853515625, 19.433530807495117, 364.1812744140625, 76.59376525878906]]}