{"categories": [0, 26, 27, 28], "bboxes": [[51.89802551269531, 98.43310546875, 310.799072265625, 568.8475952148438], [295.88372802734375, 247.64022827148438, 445.350341796875, 383.7485656738281], [157.5283660888672, 185.72401428222656, 199.8197784423828, 312.3858337402344], [12.917919158935547, 477.52496337890625, 121.36929321289062, 623.7986450195312]]}