{"categories": [0, 2, 26, 41, 56, 67], "bboxes": [[222.5767822265625, 2.029693603515625, 369.3934326171875, 480.0], [82.12873077392578, 146.7313232421875, 221.800537109375, 196.71908569335938], [344.540771484375, 164.67669677734375, 387.9124755859375, 286.19989013671875], [278.45745849609375, 94.8172607421875, 298.6783447265625, 114.54597473144531], [525.425048828125, 177.64080810546875, 638.4600830078125, 334.65869140625], [279.2055358886719, 94.64732360839844, 298.4053039550781, 113.85110473632812]]}