{"categories": [0, 29], "bboxes": [[99.42340087890625, 40.931640625, 280.2495422363281, 481.173095703125], [147.4611358642578, 13.793188095092773, 198.0950469970703, 33.027259826660156]]}