{"categories": [0, 3], "bboxes": [[254.2678680419922, 39.90380859375, 432.3173828125, 294.2357482910156], [100.33393859863281, 53.41703796386719, 529.2186279296875, 352.90924072265625]]}