{"categories": [0, 13], "bboxes": [[10.715461730957031, 64.3319320678711, 128.58059692382812, 312.3838806152344], [207.457275390625, 135.74278259277344, 334.97161865234375, 201.37013244628906]]}