{"categories": [0, 2, 5, 7, 13, 20, 25, 26, 63], "bboxes": [[101.65910339355469, 37.554168701171875, 230.4029998779297, 267.2362976074219], [358.6011657714844, 328.96380615234375, 482.2590026855469, 398.0], [23.60102081298828, 332.43731689453125, 139.07064819335938, 394.31005859375], [358.9670104980469, 331.96484375, 488.7704772949219, 397.140380859375], [103.56449890136719, 114.28472137451172, 356.96807861328125, 262.58001708984375], [95.968505859375, 233.8699493408203, 389.1696472167969, 398.0], [234.33563232421875, 15.494647979736328, 394.22076416015625, 129.32308959960938], [322.32330322265625, 155.6756134033203, 357.82269287109375, 184.50132751464844], [157.7035675048828, 111.60836029052734, 211.7827606201172, 136.763671875]]}