{"categories": [0, 32, 35], "bboxes": [[407.4793701171875, 169.08883666992188, 538.7106323242188, 450.5683898925781], [187.974609375, 157.0886688232422, 197.0308837890625, 167.43577575683594], [166.53509521484375, 187.38232421875, 204.66845703125, 217.29354858398438]]}