{"categories": [0, 24, 29], "bboxes": [[240.0907440185547, 152.4591064453125, 287.92620849609375, 274.0925598144531], [229.6340789794922, 170.6103515625, 250.20274353027344, 224.6954345703125], [115.94684600830078, 196.08287048339844, 135.1712646484375, 206.62001037597656]]}