{"categories": [0, 7, 25], "bboxes": [[160.93429565429688, 36.55886459350586, 263.69781494140625, 152.85006713867188], [0.7091522216796875, 102.15238952636719, 142.0686492919922, 208.9097442626953], [96.0589828491211, 115.35150146484375, 125.1781997680664, 162.12713623046875]]}