{"categories": [0, 1, 3, 43, 45, 46, 58], "bboxes": [[210.18948364257812, 82.1021728515625, 351.4333801269531, 388.2856750488281], [100.87933349609375, 207.67376708984375, 439.87445068359375, 411.652587890625], [1.5864410400390625, 235.64111328125, 105.47715759277344, 387.23052978515625], [172.24510192871094, 204.4660186767578, 196.6388702392578, 237.6927032470703], [52.31378936767578, 207.8857421875, 76.90624237060547, 223.122314453125], [528.048095703125, 134.73556518554688, 588.8870849609375, 176.84255981445312], [216.674072265625, 51.618690490722656, 297.152099609375, 210.369140625]]}