{"categories": [0, 1, 2, 7, 24, 26, 36], "bboxes": [[267.2435302734375, 184.15321350097656, 633.6470336914062, 434.77410888671875], [236.25799560546875, 263.7593078613281, 291.26153564453125, 332.5927429199219], [423.72088623046875, 173.1801300048828, 485.34246826171875, 217.38136291503906], [422.9165954589844, 173.84152221679688, 486.6925964355469, 219.03811645507812], [201.29953002929688, 390.1064147949219, 277.2586364746094, 414.1812438964844], [487.69342041015625, 273.7977600097656, 548.0238647460938, 341.0136413574219], [378.4330139160156, 386.8230895996094, 513.6950073242188, 546.8285522460938]]}