{"categories": [0, 39, 40, 41, 56, 60, 74], "bboxes": [[393.238037109375, 90.28382110595703, 444.84857177734375, 262.5364685058594], [261.09375, 155.2550506591797, 281.12091064453125, 234.01976013183594], [221.90625, 190.08587646484375, 241.85031127929688, 222.85751342773438], [182.09756469726562, 186.56336975097656, 194.98892211914062, 213.97642517089844], [372.85223388671875, 190.0205841064453, 499.0, 328.47314453125], [127.87952423095703, 185.30966186523438, 334.4035949707031, 328.1662902832031], [401.4095764160156, 30.105331420898438, 423.5997009277344, 50.30775451660156]]}