{"categories": [0, 27], "bboxes": [[129.6298065185547, 19.259307861328125, 420.640625, 622.4862060546875], [233.9798583984375, 183.35885620117188, 271.693115234375, 410.2798156738281]]}