{"categories": [0, 13, 39, 65, 79], "bboxes": [[188.4967498779297, 18.59814453125, 392.47198486328125, 489.5533142089844], [0.2267608642578125, 326.6664123535156, 399.0, 483.6375427246094], [352.96795654296875, 156.99984741210938, 396.29296875, 283.9719543457031], [124.29463195800781, 270.4973449707031, 154.37001037597656, 302.4351501464844], [280.46612548828125, 98.37206268310547, 334.3233642578125, 115.26207733154297]]}