{"categories": [0, 1, 13, 38, 56, 58], "bboxes": [[185.45074462890625, 23.36749267578125, 306.5041809082031, 356.9715270996094], [577.3134765625, 106.09072875976562, 609.5604248046875, 140.81590270996094], [0.0, 145.39332580566406, 92.78895568847656, 194.6339874267578], [374.7481384277344, 214.90093994140625, 403.0027160644531, 290.8638610839844], [581.6138305664062, 109.47311401367188, 601.7256469726562, 140.17572021484375], [551.0309448242188, 108.04458618164062, 582.2615356445312, 139.6610107421875]]}