{"categories": [0, 29, 39, 40, 41, 42, 44, 45, 48, 60, 71], "bboxes": [[220.30841064453125, 37.069976806640625, 440.41546630859375, 307.4043273925781], [68.81522369384766, 147.95164489746094, 122.84268951416016, 158.99449157714844], [178.76266479492188, 305.6358642578125, 199.37884521484375, 374.0], [432.239990234375, 145.06613159179688, 444.5196533203125, 176.35604858398438], [229.4576416015625, 339.7384948730469, 275.1297607421875, 374.0], [332.1474609375, 281.85150146484375, 351.3057861328125, 314.814453125], [52.029930114746094, 215.88668823242188, 100.22785186767578, 264.46881103515625], [198.7509307861328, 212.26466369628906, 255.43959045410156, 249.6066131591797], [347.7364501953125, 333.39501953125, 445.814208984375, 369.96588134765625], [17.6326904296875, 271.59375, 482.66412353515625, 370.44049072265625], [436.79449462890625, 310.2000427246094, 488.0145263671875, 336.7718811035156]]}