{"categories": [0, 8, 24, 56], "bboxes": [[200.34292602539062, 449.1460876464844, 355.4876403808594, 625.8057250976562], [0.0, 436.97540283203125, 428.0, 631.0823364257812], [220.1397705078125, 567.8564453125, 358.070556640625, 633.471435546875], [195.61505126953125, 474.6782531738281, 225.048583984375, 545.9922485351562]]}