{"categories": [0, 38], "bboxes": [[181.5574493408203, 153.87161254882812, 241.68885803222656, 374.0], [167.2552032470703, 269.0148010253906, 190.1661834716797, 345.4933166503906]]}