{"categories": [0, 9, 27, 30], "bboxes": [[68.93983459472656, 150.34487915039062, 150.80194091796875, 301.3669738769531], [191.78477478027344, 224.00454711914062, 199.3520050048828, 242.96414184570312], [101.99541473388672, 177.1309356689453, 113.19835662841797, 226.94590759277344], [92.9964599609375, 291.2760009765625, 163.93447875976562, 312.793212890625]]}