{"categories": [0, 32, 34, 35], "bboxes": [[130.32144165039062, 8.838127136230469, 317.7876281738281, 224.445068359375], [462.509765625, 121.96684265136719, 475.59503173828125, 132.53494262695312], [278.3778991699219, 105.1688232421875, 293.5178527832031, 156.78359985351562], [117.56179809570312, 138.95733642578125, 156.45681762695312, 185.36080932617188]]}