{"categories": [0, 24, 34], "bboxes": [[87.9256591796875, 193.68711853027344, 173.06509399414062, 387.66400146484375], [353.45489501953125, 188.29107666015625, 388.5628662109375, 240.09820556640625], [436.8634033203125, 275.0376281738281, 472.7340087890625, 309.1689147949219]]}