{"categories": [0, 13, 27, 56, 58], "bboxes": [[234.89907836914062, 53.02702331542969, 329.8216857910156, 296.4666748046875], [281.92120361328125, 103.68562316894531, 499.0, 196.94847106933594], [210.53057861328125, 75.8033447265625, 223.44644165039062, 140.24656677246094], [235.36392211914062, 154.71678161621094, 245.26187133789062, 209.8759002685547], [43.24236297607422, 88.95150756835938, 105.63896942138672, 143.2303009033203]]}