{"categories": [0, 26, 27, 41, 60, 73], "bboxes": [[235.93222045898438, 106.28985595703125, 476.1515197753906, 630.21630859375], [50.246639251708984, 521.451904296875, 159.130615234375, 622.7939453125], [280.7071838378906, 276.8529052734375, 318.7062683105469, 527.9796752929688], [114.27456665039062, 165.8025665283203, 130.66351318359375, 191.75779724121094], [33.55706024169922, 358.9300842285156, 82.62289428710938, 405.7518615722656], [37.300880432128906, 469.76300048828125, 75.74352264404297, 485.2254638671875]]}