{"categories": [0, 3, 7, 9], "bboxes": [[126.40426635742188, 132.38894653320312, 231.00131225585938, 292.5079040527344], [0.0, 203.57470703125, 126.23731994628906, 308.2366027832031], [93.50981140136719, 117.57183074951172, 357.3118896484375, 262.2501525878906], [40.75431442260742, 36.2777099609375, 60.70273971557617, 89.20215606689453]]}