{"categories": [0, 13, 26, 29], "bboxes": [[82.52373504638672, 111.43379211425781, 265.3352966308594, 447.9066162109375], [48.737823486328125, 254.37733459472656, 592.4969482421875, 423.58099365234375], [256.17938232421875, 242.30947875976562, 357.117919921875, 296.6874084472656], [130.32284545898438, 315.6427307128906, 207.96441650390625, 384.0829772949219]]}