{"categories": [0, 27, 41, 73], "bboxes": [[68.5056381225586, 41.629638671875, 250.72042846679688, 494.018310546875], [277.3307189941406, 127.85931396484375, 324.0320129394531, 245.767578125], [444.0381774902344, 195.34523010253906, 470.5420837402344, 236.4788055419922], [350.4908447265625, 264.0943908691406, 465.18499755859375, 372.3525085449219]]}