{"categories": [0, 27], "bboxes": [[6.596954345703125, 76.02389526367188, 190.3817901611328, 385.702880859375], [336.3047790527344, 167.54083251953125, 354.2062072753906, 227.10592651367188]]}