{"categories": [0, 8], "bboxes": [[169.63510131835938, 116.43193054199219, 399.6495056152344, 405.580322265625], [0.667449951171875, 145.2274932861328, 572.78955078125, 427.051513671875]]}