{"categories": [0, 39, 41, 45, 55, 56, 60], "bboxes": [[203.0035400390625, 2.499420166015625, 374.0, 495.5311279296875], [0.049976348876953125, 363.07342529296875, 66.65484619140625, 495.5025634765625], [203.04644775390625, 236.22711181640625, 224.55197143554688, 282.820556640625], [96.33301544189453, 226.74383544921875, 196.26058959960938, 276.94964599609375], [222.57443237304688, 318.11541748046875, 271.2515563964844, 365.166259765625], [126.5308837890625, 174.30374145507812, 169.11029052734375, 194.84909057617188], [5.1785125732421875, 196.96875, 342.34576416015625, 494.45477294921875]]}