{"categories": [0, 26, 39, 40, 41, 58, 67, 73], "bboxes": [[215.77496337890625, 0.0, 496.7330322265625, 370.1104736328125], [113.69269561767578, 297.50762939453125, 166.20643615722656, 372.1527099609375], [196.6662139892578, 173.85939025878906, 253.6974334716797, 244.2110137939453], [304.19140625, 289.56109619140625, 321.510498046875, 309.01116943359375], [160.13246154785156, 343.5467224121094, 197.11695861816406, 373.7206726074219], [244.89443969726562, 0.0, 380.7676086425781, 268.1575927734375], [197.7828369140625, 346.5463562011719, 244.5494384765625, 373.9690856933594], [62.561283111572266, 7.082889556884766, 145.6103057861328, 78.24723815917969]]}