{"categories": [0, 17], "bboxes": [[77.75687408447266, 80.31892395019531, 235.46990966796875, 457.76495361328125], [0.0, 197.05137634277344, 377.8455505371094, 472.6649169921875]]}