{"categories": [0, 38, 62], "bboxes": [[91.00398254394531, 199.45851135253906, 315.8607177734375, 471.25579833984375], [38.684146881103516, 386.2480773925781, 130.2418975830078, 450.4672546386719], [0.0, 0.0, 334.0, 174.7662353515625]]}