{"categories": [0, 2, 29], "bboxes": [[147.61859130859375, 188.01377868652344, 447.0, 632.4036865234375], [2.788797378540039, 291.584716796875, 43.20934295654297, 311.14056396484375], [104.69738006591797, 180.57106018066406, 183.56179809570312, 212.5534210205078]]}