{"categories": [0, 24, 26, 67], "bboxes": [[4.758491516113281, 119.34941864013672, 147.3994140625, 369.85980224609375], [221.65396118164062, 221.3214874267578, 369.6375427246094, 369.41107177734375], [380.95526123046875, 241.32461547851562, 465.67236328125, 349.9155578613281], [326.06915283203125, 165.48660278320312, 349.6812744140625, 180.01605224609375]]}