{"categories": [0, 9, 25, 26, 27], "bboxes": [[169.20797729492188, 57.13511657714844, 245.37255859375, 324.161865234375], [184.11801147460938, 37.74159240722656, 193.49923706054688, 51.54289245605469], [408.355224609375, 0.4820404052734375, 456.92413330078125, 262.64215087890625], [405.40960693359375, 208.03982543945312, 439.10723876953125, 260.6468200683594], [294.0364685058594, 108.28901672363281, 304.6049499511719, 153.01780700683594]]}