{"categories": [0, 39, 45, 57, 72], "bboxes": [[36.577537536621094, 184.96292114257812, 280.8563537597656, 370.5283508300781], [378.70355224609375, 144.47320556640625, 420.4049072265625, 263.65386962890625], [418.2851867675781, 218.62432861328125, 480.7748718261719, 266.73651123046875], [30.655681610107422, 329.996826171875, 82.81019592285156, 374.0], [33.553680419921875, 74.83628845214844, 499.0, 374.0]]}