{"categories": [0, 32], "bboxes": [[49.064727783203125, 52.24311828613281, 339.240966796875, 310.215087890625], [107.39541625976562, 270.9924011230469, 145.5904998779297, 305.7428283691406]]}