{"categories": [0, 2, 3, 7, 24, 25], "bboxes": [[225.42501831054688, 157.8966522216797, 353.2059631347656, 365.263427734375], [0.0, 205.55210876464844, 552.7007446289062, 632.8757934570312], [459.41253662109375, 288.022705078125, 639.0, 622.8507080078125], [51.2015380859375, 132.59764099121094, 579.2267456054688, 496.94439697265625], [431.8531494140625, 230.86663818359375, 479.466552734375, 269.8125915527344], [341.30657958984375, 6.552330017089844, 479.608154296875, 115.69093322753906]]}