{"categories": [0, 39, 41, 45, 47, 50, 51, 56, 60, 73, 79], "bboxes": [[312.36297607421875, 20.813629150390625, 499.0, 280.0], [124.93682098388672, 188.2633056640625, 170.88226318359375, 280.0], [196.38247680664062, 195.64439392089844, 213.34228515625, 235.3813018798828], [255.29769897460938, 143.5458221435547, 275.2217712402344, 156.31068420410156], [227.75404357910156, 0.9784774780273438, 252.4514923095703, 29.626541137695312], [213.79515075683594, 265.64874267578125, 236.9827117919922, 280.0], [205.90927124023438, 257.2838439941406, 222.981689453125, 280.0], [174.97161865234375, 125.78400421142578, 189.14944458007812, 159.34417724609375], [51.186859130859375, 150.09559631347656, 412.60333251953125, 277.1340637207031], [282.8384094238281, 202.13714599609375, 397.6375427246094, 248.96444702148438], [304.9494934082031, 104.1518783569336, 326.8415832519531, 127.16838836669922]]}