{"categories": [0, 39, 41, 56, 62, 68, 73, 77], "bboxes": [[307.028564453125, 44.61784362792969, 428.53240966796875, 326.01904296875], [214.06332397460938, 246.12429809570312, 234.78076171875, 290.2132873535156], [435.5597229003906, 322.2552185058594, 465.2693176269531, 333.0], [10.96243667602539, 286.6483154296875, 97.88264465332031, 333.0], [176.87664794921875, 99.73277282714844, 301.4595947265625, 209.26524353027344], [407.0166015625, 150.84689331054688, 460.29638671875, 222.12237548828125], [444.21258544921875, 216.33273315429688, 494.1478271484375, 228.842041015625], [391.67138671875, 7.0689802169799805, 409.19036865234375, 37.3604621887207]]}