{"categories": [0, 1, 5, 24, 34], "bboxes": [[245.1955108642578, 125.03865051269531, 333.932861328125, 323.98553466796875], [174.7081298828125, 224.3707275390625, 365.0992431640625, 328.26416015625], [0.0, 0.0, 481.39569091796875, 307.84613037109375], [177.04611206054688, 112.64176940917969, 245.63671875, 203.16920471191406], [411.1076354980469, 222.54318237304688, 433.0928039550781, 326.7257385253906]]}