{"categories": [0, 39, 43, 44, 45, 55, 56, 60], "bboxes": [[356.7989196777344, 104.70567321777344, 613.7041015625, 504.361328125], [360.7398681640625, 199.49588012695312, 395.34954833984375, 302.088134765625], [201.5526580810547, 442.55218505859375, 224.72715759277344, 514.60400390625], [20.638671875, 434.33636474609375, 109.58786010742188, 460.17498779296875], [470.27935791015625, 472.9124755859375, 624.1610717773438, 552.12890625], [163.5107421875, 469.8394775390625, 418.38848876953125, 619.8392333984375], [54.71599578857422, 167.6337890625, 161.05520629882812, 253.46685791015625], [20.50701904296875, 406.3013916015625, 626.9771728515625, 628.250244140625]]}