{"categories": [0, 25, 26, 34], "bboxes": [[254.63455200195312, 24.9185791015625, 373.6034240722656, 406.3385314941406], [371.9605712890625, 5.263343811035156, 569.3011474609375, 117.7662124633789], [422.494873046875, 126.4935073852539, 478.5693359375, 240.40597534179688], [50.38148498535156, 81.14103698730469, 195.56460571289062, 161.47288513183594]]}