{"categories": [0, 41, 54, 72], "bboxes": [[113.41365051269531, 166.0568389892578, 359.038330078125, 491.421875], [246.32130432128906, 323.1184387207031, 276.4863586425781, 358.3049011230469], [342.58251953125, 327.6180725097656, 372.5093994140625, 351.2348937988281], [244.05645751953125, 183.44480895996094, 398.67181396484375, 488.71197509765625]]}