{"categories": [0, 24, 38], "bboxes": [[39.4442138671875, 27.673583984375, 410.07989501953125, 475.091552734375], [144.8362274169922, 170.97317504882812, 334.486572265625, 430.7992858886719], [429.71923828125, 171.05174255371094, 585.6275024414062, 472.7508544921875]]}