{"categories": [0, 2, 24, 30], "bboxes": [[37.49822998046875, 42.125091552734375, 186.93849182128906, 472.5439758300781], [141.61790466308594, 119.43307495117188, 169.72019958496094, 153.03012084960938], [33.0304069519043, 95.40047454833984, 103.45451354980469, 207.52362060546875], [256.5061950683594, 180.8951873779297, 305.3980407714844, 188.2461395263672]]}