{"categories": [0, 1, 2, 7, 39], "bboxes": [[462.81195068359375, 315.86669921875, 519.1104125976562, 511.8719482421875], [199.17013549804688, 381.29022216796875, 399.6053161621094, 512.0762939453125], [54.77630615234375, 277.88507080078125, 109.48385620117188, 321.6175537109375], [138.26702880859375, 139.3396759033203, 494.4981689453125, 520.0045166015625], [593.081298828125, 218.288818359375, 629.30078125, 319.11505126953125]]}