{"categories": [0, 2, 32, 35], "bboxes": [[97.9868392944336, 125.89910125732422, 236.92718505859375, 371.43902587890625], [143.6590576171875, 0.13836288452148438, 338.4391174316406, 61.020938873291016], [25.410839080810547, 323.197509765625, 59.595584869384766, 357.3619384765625], [372.4166259765625, 278.0752868652344, 397.78009033203125, 297.6034240722656]]}