{"categories": [0, 2, 7, 24, 25, 32, 56, 67], "bboxes": [[184.0464630126953, 88.46456909179688, 306.4297180175781, 430.3568420410156], [275.7487487792969, 80.82586669921875, 356.0, 141.26878356933594], [2.8380813598632812, 20.560752868652344, 229.057373046875, 176.19921875], [299.42083740234375, 290.3956604003906, 336.603271484375, 331.0726013183594], [3.243694305419922, 146.45721435546875, 102.90231323242188, 198.78036499023438], [100.31536865234375, 398.6413879394531, 157.89962768554688, 450.1497497558594], [335.67596435546875, 192.14453125, 356.0, 330.52288818359375], [301.58343505859375, 221.75341796875, 317.74072265625, 242.68014526367188]]}