{"categories": [0, 2, 5, 7, 17], "bboxes": [[219.1464080810547, 119.79419708251953, 303.8821105957031, 351.6368713378906], [402.1619567871094, 177.62811279296875, 424.2528991699219, 214.02423095703125], [396.4242248535156, 153.53807067871094, 499.0, 189.55601501464844], [399.1874084472656, 151.45260620117188, 497.2676696777344, 190.57672119140625], [180.20997619628906, 111.66883087158203, 406.6234130859375, 293.3423156738281]]}