{"categories": [0, 14, 17, 19], "bboxes": [[283.4101257324219, 83.1148452758789, 380.1420593261719, 324.88433837890625], [487.2638244628906, 97.5357894897461, 537.153564453125, 150.67559814453125], [149.95297241210938, 250.4481964111328, 286.5331726074219, 411.5233154296875], [0.04131507873535156, 279.04693603515625, 58.16344451904297, 403.46832275390625]]}