{"categories": [0, 10, 26], "bboxes": [[255.24752807617188, 102.81690216064453, 340.8996276855469, 353.86785888671875], [517.8175048828125, 115.71144104003906, 609.9234619140625, 384.6580810546875], [135.27774047851562, 1.771529197692871, 154.6705322265625, 29.582386016845703]]}