{"categories": [0, 2, 13, 24, 26, 30, 60], "bboxes": [[543.936279296875, 145.41050720214844, 612.44677734375, 375.99322509765625], [319.9847412109375, 172.541259765625, 374.033203125, 233.57296752929688], [0.0, 297.2379150390625, 374.3699951171875, 482.037109375], [187.36309814453125, 270.2470397949219, 260.0387268066406, 318.8783264160156], [242.54531860351562, 288.1837158203125, 302.2637023925781, 314.7698974609375], [318.8871154785156, 243.66038513183594, 458.3550109863281, 462.537841796875], [5.29248046875, 293.6150817871094, 371.0470275878906, 390.3106994628906]]}