{"categories": [0, 30], "bboxes": [[349.8785705566406, 14.593826293945312, 475.2757873535156, 375.9071044921875], [344.217041015625, 339.8329772949219, 493.55841064453125, 391.3816833496094]]}