{"categories": [0, 39, 41, 53, 57, 60, 63, 67, 73], "bboxes": [[20.059982299804688, 104.94915771484375, 215.53025817871094, 369.0906982421875], [434.9024963378906, 157.07546997070312, 469.6847229003906, 245.3936767578125], [239.73329162597656, 306.0206298828125, 278.8998107910156, 356.9088134765625], [141.09793090820312, 343.0002746582031, 206.40835571289062, 374.0], [2.162933349609375, 301.23419189453125, 97.74259185791016, 372.6016845703125], [120.39140319824219, 221.45364379882812, 490.71234130859375, 374.0], [398.33978271484375, 262.6281433105469, 499.0, 366.6481018066406], [366.9617614746094, 251.42681884765625, 402.9873352050781, 267.39984130859375], [281.91015625, 229.9776611328125, 381.39013671875, 273.16943359375]]}