{"categories": [0, 39, 41, 44, 45, 56, 60], "bboxes": [[22.706527709960938, 141.8043975830078, 175.2023468017578, 317.7755126953125], [189.67724609375, 265.7977600097656, 218.99267578125, 363.3981628417969], [334.0241394042969, 364.1149597167969, 364.0691833496094, 422.7972717285156], [212.56365966796875, 259.3011779785156, 259.7584228515625, 283.7092590332031], [280.3932189941406, 334.1922912597656, 330.2580871582031, 378.9906921386719], [419.3381652832031, 336.9521484375, 586.334228515625, 602.5603637695312], [98.00384521484375, 269.9908752441406, 457.20928955078125, 576.6025390625]]}