{"categories": [0, 30, 37], "bboxes": [[55.631065368652344, 203.09841918945312, 172.49298095703125, 333.0125427246094], [99.29405212402344, 284.2728576660156, 464.80804443359375, 332.0838317871094], [87.2550048828125, 281.7516174316406, 496.39886474609375, 334.3846130371094]]}