{"categories": [0, 29, 52, 54, 56, 58, 60], "bboxes": [[163.74671936035156, 24.387115478515625, 479.0, 628.33447265625], [121.05020904541016, 33.85927963256836, 174.23666381835938, 53.97970962524414], [0.3506183624267578, 483.8895263671875, 33.393653869628906, 531.539306640625], [186.82708740234375, 433.6584777832031, 230.16433715820312, 492.3556823730469], [0.06296539306640625, 359.5698547363281, 94.21588897705078, 482.6009826660156], [3.0929088592529297, 248.8753662109375, 62.654930114746094, 360.29656982421875], [0.0, 464.5967102050781, 394.5516052246094, 633.5508422851562]]}