{"categories": [0, 41, 45, 55, 56, 60], "bboxes": [[387.02197265625, 51.564537048339844, 559.7236328125, 279.1058044433594], [553.8395385742188, 277.9740905761719, 616.7280883789062, 358.9737243652344], [253.970458984375, 5.3365373611450195, 315.8673095703125, 31.452564239501953], [100.99267578125, 286.71636962890625, 516.111328125, 423.0], [0.41861724853515625, 328.74481201171875, 80.91221618652344, 420.98883056640625], [116.62896728515625, 5.234615325927734, 379.22479248046875, 116.56301879882812]]}