{"categories": [0, 2, 29, 32, 35], "bboxes": [[316.927734375, 70.16405487060547, 409.40478515625, 300.4391784667969], [269.45391845703125, 134.07998657226562, 328.357421875, 182.13702392578125], [234.38729858398438, 37.42055892944336, 262.6904602050781, 45.55253982543945], [175.15101623535156, 278.79046630859375, 188.1178436279297, 294.15850830078125], [104.63410949707031, 212.15911865234375, 130.7318878173828, 237.47650146484375]]}