{"categories": [0, 1, 3, 40, 45], "bboxes": [[476.822021484375, 18.923599243164062, 637.5914306640625, 474.87432861328125], [467.5030212402344, 65.86446380615234, 504.3805236816406, 134.90182495117188], [1.4246025085449219, 133.09060668945312, 67.76902770996094, 311.3429260253906], [240.4373321533203, 131.19932556152344, 260.94677734375, 168.34828186035156], [221.3236083984375, 329.43865966796875, 293.41864013671875, 394.33642578125]]}