{"categories": [0, 27, 39, 56, 57, 60], "bboxes": [[235.7123260498047, 90.00919342041016, 403.68316650390625, 331.3192443847656], [317.1234130859375, 164.96917724609375, 346.9151611328125, 308.2647705078125], [48.27397155761719, 272.4256591796875, 72.29872131347656, 332.825439453125], [430.189453125, 144.57342529296875, 499.0, 245.2471923828125], [133.39498901367188, 192.05538940429688, 465.4248352050781, 324.4362487792969], [36.25621795654297, 290.4317626953125, 226.6619873046875, 329.2974853515625]]}