{"categories": [0, 13, 20, 56], "bboxes": [[375.1107482910156, 209.8024444580078, 443.7464904785156, 382.62884521484375], [425.6156311035156, 56.04124069213867, 630.3642578125, 85.06336975097656], [193.70596313476562, 117.60151672363281, 473.2787780761719, 390.13116455078125], [451.8553161621094, 173.26025390625, 485.1029357910156, 229.47824096679688]]}