{"categories": [0, 41, 45, 56, 61], "bboxes": [[152.39248657226562, 163.40716552734375, 281.4989013671875, 418.88043212890625], [486.822998046875, 240.73573303222656, 532.8368530273438, 302.70611572265625], [237.68502807617188, 273.3816223144531, 308.4996643066406, 327.4709167480469], [520.3328857421875, 216.44358825683594, 624.2384033203125, 313.1009521484375], [561.4862060546875, 280.7245178222656, 627.9178466796875, 352.5920104980469]]}