{"categories": [0, 40, 41, 42, 43, 44, 45, 60, 69, 71], "bboxes": [[88.20418548583984, 0.0, 250.44891357421875, 281.34808349609375], [163.31358337402344, 262.7721252441406, 192.5254669189453, 309.5118103027344], [107.98686218261719, 309.8994140625, 152.4745330810547, 356.17462158203125], [589.913818359375, 450.7239990234375, 633.993408203125, 480.0], [256.11541748046875, 44.551578521728516, 265.33111572265625, 63.749446868896484], [21.850093841552734, 274.9546203613281, 55.374637603759766, 342.0552673339844], [3.051431655883789, 174.51898193359375, 56.8829345703125, 199.2357177734375], [8.82757568359375, 262.7247314453125, 635.1388549804688, 477.91021728515625], [237.54623413085938, 176.51504516601562, 463.9590759277344, 268.9560852050781], [451.2767333984375, 177.34703063964844, 541.589111328125, 202.24961853027344]]}