{"categories": [0, 24, 32, 34, 35], "bboxes": [[88.57691955566406, 206.4452667236328, 265.83868408203125, 470.451171875], [315.3965148925781, 194.15042114257812, 332.0, 255.125], [241.12010192871094, 384.7235107421875, 254.90565490722656, 398.562744140625], [72.1041259765625, 268.69488525390625, 131.09771728515625, 302.65704345703125], [130.19007873535156, 314.7046203613281, 156.90431213378906, 351.3788757324219]]}