{"categories": [0, 33, 56], "bboxes": [[491.68096923828125, 304.9773254394531, 573.4078979492188, 490.6451721191406], [438.0453186035156, 71.66614532470703, 572.12548828125, 225.87945556640625], [359.82342529296875, 402.3329772949219, 387.80908203125, 428.1733703613281]]}