{"categories": [0, 2], "bboxes": [[189.27023315429688, 90.47285461425781, 254.75909423828125, 225.45396423339844], [35.59709167480469, 108.22447204589844, 166.2279510498047, 217.62831115722656]]}