{"categories": [0, 1, 38, 56], "bboxes": [[103.34921264648438, 29.502182006835938, 372.54266357421875, 416.65087890625], [7.582794189453125, 254.24818420410156, 561.376953125, 422.00457763671875], [322.9875793457031, 170.92938232421875, 593.843994140625, 299.2756042480469], [38.9515380859375, 256.16082763671875, 315.1707763671875, 418.169921875]]}