{"categories": [0, 39, 60, 63, 66, 67, 73], "bboxes": [[328.1048583984375, 0.0, 630.0105590820312, 464.29315185546875], [27.18084716796875, 236.7685546875, 88.15498352050781, 379.1317138671875], [4.8641204833984375, 146.9623565673828, 500.73211669921875, 468.73309326171875], [104.48291015625, 300.18463134765625, 422.569580078125, 423.16229248046875], [151.18621826171875, 316.929443359375, 400.06805419921875, 423.0072021484375], [4.441364288330078, 171.40638732910156, 69.17732238769531, 225.66026306152344], [65.53826904296875, 237.8028564453125, 223.03851318359375, 346.990234375]]}