{"categories": [0, 1, 3, 7, 9, 13, 20, 69], "bboxes": [[227.354736328125, 207.1370849609375, 335.8143310546875, 388.22552490234375], [0.0, 247.35369873046875, 69.7125244140625, 405.90692138671875], [441.5596008300781, 214.66297912597656, 479.3611755371094, 281.9744567871094], [13.852767944335938, 138.3843231201172, 458.97930908203125, 380.42218017578125], [583.15576171875, 184.3992462158203, 598.3341064453125, 206.9813690185547], [562.9345703125, 237.84912109375, 627.62109375, 267.3941955566406], [62.63847351074219, 0.9729461669921875, 441.884521484375, 356.28955078125], [153.94088745117188, 211.68939208984375, 247.94586181640625, 306.70794677734375]]}