{"categories": [0, 9, 13, 24, 56, 63], "bboxes": [[385.2247009277344, 9.941230773925781, 461.2741394042969, 171.22283935546875], [366.4822998046875, 73.07910919189453, 378.0181884765625, 86.12419891357422], [79.99524688720703, 218.82264709472656, 198.20428466796875, 321.6756896972656], [372.9842224121094, 116.05979919433594, 401.0840759277344, 158.0364532470703], [465.6312561035156, 204.49729919433594, 499.0, 306.77044677734375], [119.83578491210938, 218.21652221679688, 199.72283935546875, 257.64178466796875]]}