{"categories": [0, 13, 24, 58, 73], "bboxes": [[173.69363403320312, 158.19357299804688, 315.780517578125, 344.9483337402344], [157.87509155273438, 235.82086181640625, 451.3362731933594, 374.0], [328.4050598144531, 202.28485107421875, 390.8163146972656, 239.75784301757812], [444.9106750488281, 110.66769409179688, 499.0, 368.4001770019531], [109.39228820800781, 274.8099365234375, 149.6412811279297, 294.18359375]]}