{"categories": [0, 14, 33], "bboxes": [[307.6636047363281, 201.2146453857422, 356.3604431152344, 311.348388671875], [181.05775451660156, 217.67660522460938, 188.3759307861328, 227.97467041015625], [366.4757995605469, 102.92855834960938, 412.6573181152344, 157.27120971679688]]}