{"categories": [0, 3, 8], "bboxes": [[155.50009155273438, 52.93894958496094, 290.057861328125, 188.83883666992188], [39.35536193847656, 171.10997009277344, 329.611572265625, 471.7423095703125], [287.75799560546875, 64.83367156982422, 331.214599609375, 102.1649398803711]]}