{"categories": [0, 20, 23], "bboxes": [[259.3111572265625, 155.69052124023438, 498.916748046875, 330.0817565917969], [0.0, 52.868072509765625, 315.31005859375, 323.7811279296875], [213.0332794189453, 0.0, 499.0, 223.77951049804688]]}