{"categories": [0, 57, 58, 65, 73], "bboxes": [[51.52887725830078, 71.04568481445312, 242.177978515625, 473.5207214355469], [0.6295928955078125, 314.2464599609375, 81.09769439697266, 477.9244384765625], [0.0, 157.54898071289062, 70.99346160888672, 411.7782287597656], [205.84881591796875, 76.52960205078125, 217.51950073242188, 95.08937072753906], [297.329833984375, 405.1387634277344, 318.0, 423.5431823730469]]}