{"categories": [0, 1, 13, 24, 38, 39, 56], "bboxes": [[70.68208312988281, 39.32707214355469, 217.32203674316406, 272.7672119140625], [17.811195373535156, 130.21778869628906, 270.7530822753906, 276.34320068359375], [217.875, 139.51785278320312, 490.56585693359375, 266.7389831542969], [16.32282257080078, 36.74947738647461, 122.82405853271484, 157.60302734375], [4.527240753173828, 136.59384155273438, 63.50429916381836, 270.08154296875], [253.5272979736328, 131.601318359375, 269.6240234375, 165.6591796875], [202.1402587890625, 2.443157196044922, 250.74530029296875, 46.811981201171875]]}