{"categories": [0, 5, 26], "bboxes": [[340.09912109375, 199.35305786132812, 497.27008056640625, 350.4747619628906], [76.17813110351562, 34.88884735107422, 458.1485290527344, 219.36349487304688], [364.223876953125, 284.9488525390625, 427.52752685546875, 350.16650390625]]}