{"categories": [0, 39, 41, 42, 43, 44, 45, 49, 51, 56, 60, 65], "bboxes": [[110.85736846923828, 4.997222900390625, 323.072265625, 223.59791564941406], [481.6229553222656, 259.58489990234375, 519.796630859375, 337.58453369140625], [206.2762451171875, 268.73095703125, 258.92022705078125, 315.0433349609375], [396.590087890625, 284.7916259765625, 452.96490478515625, 325.06451416015625], [267.5814208984375, 178.08837890625, 308.91851806640625, 214.91775512695312], [149.0968780517578, 146.80874633789062, 170.40025329589844, 224.07742309570312], [270.6560974121094, 211.39349365234375, 416.7443542480469, 291.5528564453125], [278.4134521484375, 345.3182373046875, 330.1160888671875, 380.4698486328125], [589.3054809570312, 442.3150329589844, 639.0, 479.0], [2.9014434814453125, 122.79364013671875, 50.853397369384766, 178.02484130859375], [0.0, 200.45211791992188, 624.8471069335938, 470.3080749511719], [347.75738525390625, 101.99076843261719, 397.32208251953125, 142.4300537109375]]}