{"categories": [0, 27, 55, 60, 65, 73], "bboxes": [[214.56338500976562, 13.473251342773438, 458.8141784667969, 326.03900146484375], [336.3660583496094, 98.02015686035156, 348.3774108886719, 124.63459777832031], [318.40289306640625, 213.38192749023438, 364.12042236328125, 234.52737426757812], [125.73707580566406, 254.41961669921875, 304.03363037109375, 331.192626953125], [243.4607391357422, 195.80006408691406, 256.1209411621094, 210.37062072753906], [145.38131713867188, 278.9686584472656, 271.0779113769531, 329.4610290527344]]}