{"categories": [0, 2, 5, 7, 24, 26, 33, 58], "bboxes": [[122.96428680419922, 243.89926147460938, 181.57183837890625, 426.7342224121094], [294.45208740234375, 244.9740753173828, 319.82965087890625, 283.1114501953125], [360.69415283203125, 256.3057861328125, 373.4371337890625, 304.28497314453125], [296.15557861328125, 234.4771728515625, 353.22613525390625, 283.6805419921875], [82.85095977783203, 246.06793212890625, 115.28612518310547, 311.9288330078125], [138.29147338867188, 275.1065673828125, 178.335205078125, 347.881591796875], [182.83505249023438, 168.1712188720703, 225.68060302734375, 197.6553192138672], [262.8808288574219, 146.3891143798828, 303.6912536621094, 188.79518127441406]]}