{"categories": [0, 26, 57, 59, 62, 63, 64, 66], "bboxes": [[316.2685852050781, 174.4783935546875, 593.20849609375, 419.08447265625], [347.7446594238281, 388.3560791015625, 451.2159118652344, 426.78424072265625], [11.402862548828125, 36.83790588378906, 303.8061218261719, 316.92724609375], [6.2899322509765625, 29.23223876953125, 382.2733154296875, 363.6622619628906], [295.114013671875, 82.97760772705078, 452.5968017578125, 186.64718627929688], [71.92102813720703, 245.1966552734375, 230.28244018554688, 312.3330078125], [420.9908752441406, 221.28712463378906, 454.7751770019531, 246.6899871826172], [299.912353515625, 203.56138610839844, 406.9661865234375, 295.6327819824219]]}