{"categories": [0, 2, 3, 7, 56], "bboxes": [[187.10890197753906, 81.88770294189453, 246.25440979003906, 225.61587524414062], [408.57958984375, 103.62236022949219, 497.2774658203125, 168.8040313720703], [359.8029479980469, 123.08981323242188, 395.2372131347656, 171.05548095703125], [244.88711547851562, 125.56324768066406, 300.9992370605469, 172.92433166503906], [80.89659118652344, 138.035400390625, 108.777587890625, 173.42889404296875]]}