{"categories": [0, 2, 28, 34, 35], "bboxes": [[296.5048522949219, 229.15509033203125, 391.7569274902344, 389.67840576171875], [393.5478210449219, 48.866844177246094, 431.5222473144531, 73.3875961303711], [527.5835571289062, 76.34269714355469, 555.3526000976562, 98.83895874023438], [318.8005065917969, 187.079833984375, 358.8721008300781, 231.9688720703125], [433.74786376953125, 313.8210754394531, 453.36871337890625, 335.0350646972656]]}