{"categories": [0, 32, 56], "bboxes": [[66.65289306640625, 210.2750244140625, 145.4978790283203, 368.58441162109375], [360.7954406738281, 376.24871826171875, 381.2081604003906, 396.51373291015625], [0.0, 8.935867309570312, 639.0, 259.2337646484375]]}