{"categories": [0, 2, 67], "bboxes": [[123.08778381347656, 74.49853515625, 272.1719970703125, 482.33209228515625], [0.0, 114.31175994873047, 17.91916275024414, 141.92724609375], [222.8868408203125, 115.07158660888672, 233.126953125, 130.52340698242188]]}