{"categories": [0, 2, 33, 67], "bboxes": [[108.05262756347656, 123.94358825683594, 183.45799255371094, 348.42608642578125], [56.147010803222656, 138.0160675048828, 118.25919342041016, 155.1357879638672], [312.8122253417969, 217.25592041015625, 373.1910095214844, 329.80267333984375], [342.5348205566406, 213.65786743164062, 360.6413879394531, 238.02243041992188]]}