{"categories": [0, 24, 41, 45, 54, 55, 60, 73, 74], "bboxes": [[101.75045776367188, 216.32382202148438, 344.86383056640625, 548.9666748046875], [97.76577758789062, 215.59938049316406, 182.63092041015625, 311.59619140625], [0.7511577606201172, 228.1053924560547, 39.15928649902344, 304.8284606933594], [296.4241027832031, 383.31134033203125, 453.2798767089844, 487.32550048828125], [398.66412353515625, 297.4547119140625, 450.5699462890625, 368.60015869140625], [301.1594543457031, 385.9624328613281, 444.9642639160156, 475.3838806152344], [205.96578979492188, 451.12823486328125, 477.6605529785156, 633.4226684570312], [309.12664794921875, 537.1676025390625, 455.06597900390625, 632.472900390625], [209.4347686767578, 122.27918243408203, 233.27281188964844, 148.11642456054688]]}