{"categories": [0, 27, 45, 61, 73], "bboxes": [[111.5934066772461, 59.2745361328125, 336.6468811035156, 415.53411865234375], [240.6145782470703, 193.60995483398438, 267.6180725097656, 273.2303771972656], [376.11907958984375, 259.5643615722656, 507.4871826171875, 342.8782653808594], [265.2100830078125, 285.9891357421875, 361.2738037109375, 422.0631103515625], [289.4252014160156, 261.9781188964844, 337.2411193847656, 280.0365905761719]]}