{"categories": [0, 2, 9, 24, 26, 28, 39, 58, 67, 73], "bboxes": [[211.8778533935547, 85.66749572753906, 351.03350830078125, 417.80816650390625], [366.110595703125, 143.8560791015625, 409.97021484375, 177.99172973632812], [408.3645935058594, 44.570274353027344, 423.6001892089844, 70.11724853515625], [387.49908447265625, 133.48611450195312, 471.60601806640625, 260.1979675292969], [298.3969421386719, 151.15200805664062, 345.1884460449219, 262.28082275390625], [560.3623046875, 227.31692504882812, 639.0, 415.3454284667969], [468.1396484375, 405.3783874511719, 485.260498046875, 424.0], [262.82037353515625, 21.718589782714844, 322.95941162109375, 106.29169464111328], [74.85335540771484, 128.41387939453125, 86.44327545166016, 157.42324829101562], [531.407470703125, 225.761962890625, 601.6314697265625, 285.619384765625]]}