{"categories": [0, 37], "bboxes": [[353.09295654296875, 161.856201171875, 433.75653076171875, 329.0778503417969], [295.39617919921875, 173.3285369873047, 436.22406005859375, 211.24082946777344]]}