{"categories": [0, 24, 29, 32, 34], "bboxes": [[88.73287963867188, 71.43295288085938, 363.7705993652344, 393.7010192871094], [520.517578125, 230.05250549316406, 567.4793701171875, 247.8682403564453], [334.47113037109375, 183.01730346679688, 382.29339599609375, 200.32711791992188], [627.8358764648438, 237.69439697265625, 639.0, 248.27114868164062], [364.88677978515625, 141.9075927734375, 416.7958984375, 152.50592041015625]]}