{"categories": [0, 32, 39, 41, 45, 46, 56, 60], "bboxes": [[288.3789367675781, 12.416374206542969, 388.6518249511719, 108.85215759277344], [403.0038146972656, 138.70217895507812, 424.1017761230469, 156.35873413085938], [54.2552604675293, 78.14442443847656, 78.05094146728516, 123.69790649414062], [368.708984375, 139.17849731445312, 383.84576416015625, 160.04946899414062], [255.21426391601562, 180.1142120361328, 312.0317687988281, 211.01283264160156], [260.6919250488281, 134.9825897216797, 292.6725769042969, 155.8392791748047], [31.95724868774414, 223.6801300048828, 130.7288055419922, 280.0], [109.62760925292969, 84.29012298583984, 478.6474609375, 268.6182556152344]]}