{"categories": [0, 39, 56, 67], "bboxes": [[180.5791473388672, 5.962890625, 458.84820556640625, 322.9440612792969], [193.21107482910156, 55.01323699951172, 216.64906311035156, 89.61666107177734], [182.73776245117188, 265.4079284667969, 211.36825561523438, 316.9783630371094], [253.7969207763672, 127.28130340576172, 290.45806884765625, 139.6258544921875]]}