{"categories": [0, 24, 30, 31, 36], "bboxes": [[552.6998291015625, 249.916748046875, 616.0235595703125, 382.163818359375], [572.9044799804688, 267.25640869140625, 612.6878051757812, 317.60687255859375], [529.0376586914062, 371.3302001953125, 609.5017700195312, 385.00946044921875], [270.88665771484375, 324.92828369140625, 365.135986328125, 489.845947265625], [269.9157409667969, 328.92413330078125, 366.4692077636719, 491.42108154296875]]}