{"categories": [0, 2, 26, 49, 74, 77], "bboxes": [[27.638900756835938, 37.95301818847656, 226.67626953125, 329.602294921875], [169.4677734375, 151.32810974121094, 200.588623046875, 172.36524963378906], [356.48065185546875, 175.28897094726562, 444.35888671875, 328.1284484863281], [183.61383056640625, 213.46810913085938, 209.22003173828125, 245.03787231445312], [215.48863220214844, 303.45263671875, 227.1259307861328, 317.998779296875], [1.1344261169433594, 128.69590759277344, 61.42765808105469, 317.46856689453125]]}