{"categories": [0, 13, 34, 35], "bboxes": [[226.91859436035156, 48.63721466064453, 422.716796875, 298.9758605957031], [181.85667419433594, 196.54098510742188, 489.297119140625, 223.16635131835938], [216.15350341796875, 72.36053466796875, 266.53253173828125, 140.97752380371094], [146.5054473876953, 213.1369171142578, 175.07655334472656, 259.69921875]]}