{"categories": [0, 26, 32, 38, 46, 47], "bboxes": [[25.38168716430664, 129.84170532226562, 92.7279052734375, 328.718017578125], [187.5463104248047, 299.59637451171875, 206.57762145996094, 374.3424072265625], [305.7537841796875, 267.931640625, 318.538818359375, 279.48590087890625], [215.24253845214844, 220.1798553466797, 286.9622802734375, 268.7717590332031], [152.68931579589844, 343.1356201171875, 168.20079040527344, 362.04071044921875], [135.06173706054688, 347.1751708984375, 153.84295654296875, 362.36700439453125]]}