{"categories": [0, 2, 26, 37, 38, 58, 65], "bboxes": [[383.62640380859375, 105.5714111328125, 557.7326049804688, 476.131103515625], [532.6630859375, 156.88926696777344, 638.9659423828125, 289.45367431640625], [225.06349182128906, 209.563720703125, 319.39935302734375, 332.86590576171875], [223.5342254638672, 223.0271759033203, 318.2740478515625, 344.2567138671875], [344.6627197265625, 217.21188354492188, 457.36395263671875, 321.1553649902344], [0.6856021881103516, 257.3830871582031, 63.60221862792969, 340.9018249511719], [472.0726318359375, 235.63003540039062, 493.5140380859375, 254.32308959960938]]}