{"categories": [0, 27], "bboxes": [[246.1667938232422, 60.96525573730469, 377.1895751953125, 329.47705078125], [295.580322265625, 143.88079833984375, 312.83758544921875, 207.90090942382812]]}