{"categories": [0, 2, 9, 27, 55, 67], "bboxes": [[18.69451904296875, 34.60066223144531, 355.9297180175781, 328.364013671875], [0.0, 173.67645263671875, 65.56615447998047, 233.64382934570312], [352.31341552734375, 34.44398498535156, 379.2982177734375, 68.48822021484375], [462.24688720703125, 263.6419372558594, 483.5103759765625, 300.4203796386719], [259.87677001953125, 177.7900390625, 286.8914794921875, 197.29318237304688], [176.49810791015625, 128.03244018554688, 261.57379150390625, 226.35025024414062]]}