{"categories": [0, 27, 50], "bboxes": [[143.36248779296875, 22.99041748046875, 330.67388916015625, 331.9595947265625], [224.48072814941406, 140.61268615722656, 266.05841064453125, 307.7230224609375], [24.29979705810547, 202.4330596923828, 126.62517547607422, 288.69500732421875]]}