{"categories": [0, 8, 37], "bboxes": [[178.43409729003906, 98.42611694335938, 268.1629943847656, 205.89102172851562], [169.94949340820312, 148.12591552734375, 299.6415710449219, 245.94537353515625], [174.3483428955078, 153.00758361816406, 297.3755187988281, 243.5469207763672]]}