{"categories": [0, 1, 2, 34, 35], "bboxes": [[460.8727722167969, 49.50520324707031, 582.8990478515625, 329.392333984375], [221.1988983154297, 20.095237731933594, 268.9153747558594, 107.83924865722656], [437.6848449707031, 0.8589954376220703, 511.1477355957031, 41.21910858154297], [455.50347900390625, 35.34429931640625, 501.0150146484375, 157.47763061523438], [204.71107482910156, 138.88055419921875, 251.8059844970703, 189.14254760742188]]}