{"categories": [0, 27, 39, 40, 41, 42, 44, 45, 56, 58, 60, 63, 67, 75], "bboxes": [[355.815673828125, 58.44432067871094, 497.3079833984375, 324.62615966796875], [185.34011840820312, 60.56101989746094, 199.50167846679688, 108.45549011230469], [154.76022338867188, 123.82293701171875, 199.52932739257812, 159.55532836914062], [158.9619140625, 164.951416015625, 187.81655883789062, 236.93017578125], [390.37994384765625, 239.9916534423828, 420.607177734375, 263.7940368652344], [286.42327880859375, 244.36795043945312, 385.63037109375, 259.627197265625], [202.1523895263672, 239.23971557617188, 227.1272430419922, 268.7797546386719], [62.30371856689453, 234.9813995361328, 209.1746826171875, 289.1698913574219], [50.988346099853516, 187.28802490234375, 106.93914794921875, 206.07803344726562], [193.6236114501953, 135.19644165039062, 253.3108673095703, 209.53485107421875], [61.55122375488281, 170.0988006591797, 492.32305908203125, 368.32281494140625], [338.3361511230469, 186.48452758789062, 451.8140563964844, 273.8687744140625], [84.18827819824219, 287.3714904785156, 162.38356018066406, 312.4771423339844], [199.63540649414062, 174.05374145507812, 226.09381103515625, 243.38803100585938]]}