{"categories": [0, 45, 53, 60, 68], "bboxes": [[35.91783905029297, 51.121246337890625, 277.2845153808594, 353.2048645019531], [560.3834838867188, 228.11578369140625, 608.6177368164062, 259.6561584472656], [126.79138946533203, 170.63914489746094, 357.25347900390625, 281.797607421875], [558.9756469726562, 237.94528198242188, 638.5055541992188, 352.1106872558594], [173.85614013671875, 0.04820442199707031, 346.37054443359375, 46.85469055175781]]}