{"categories": [0, 2, 14, 32, 34, 35], "bboxes": [[225.59942626953125, 79.30062866210938, 268.3255615234375, 152.44561767578125], [386.16119384765625, 0.3715839385986328, 412.979736328125, 13.469861030578613], [167.7144012451172, 302.9095153808594, 186.65126037597656, 310.6710510253906], [153.35414123535156, 315.6572570800781, 162.21080017089844, 323.0838317871094], [251.90550231933594, 63.661293029785156, 258.99359130859375, 86.85004425048828], [213.7605438232422, 324.9752197265625, 227.4800567626953, 336.4847412109375]]}