{"categories": [0, 33], "bboxes": [[243.85116577148438, 488.89984130859375, 292.1078796386719, 623.6582641601562], [132.99990844726562, 19.37603759765625, 352.50225830078125, 209.9534912109375]]}