{"categories": [0, 3], "bboxes": [[235.09963989257812, 2.056396484375, 468.3132019042969, 223.43948364257812], [232.55752563476562, 82.74420928955078, 456.2368469238281, 286.8777770996094]]}