{"categories": [0, 24, 32, 34], "bboxes": [[53.325286865234375, 127.63170623779297, 107.86019897460938, 260.98077392578125], [148.33486938476562, 166.60989379882812, 179.80718994140625, 220.72561645507812], [245.88002014160156, 35.31645202636719, 285.65545654296875, 74.38864135742188], [383.54705810546875, 219.98931884765625, 413.32708740234375, 284.8062744140625]]}