{"categories": [0, 24, 25, 26], "bboxes": [[10.752342224121094, 137.00674438476562, 219.49057006835938, 635.5523681640625], [361.5389099121094, 174.2144775390625, 426.0, 368.66796875], [7.76275634765625, 94.77217864990234, 354.8091125488281, 223.69186401367188], [135.46966552734375, 366.4172058105469, 249.07211303710938, 470.9909973144531]]}