{"categories": [0, 58, 77], "bboxes": [[259.9005432128906, 154.7659149169922, 423.6806945800781, 371.88861083984375], [4.742744445800781, 131.87091064453125, 85.16759490966797, 318.16351318359375], [379.77789306640625, 65.1690444946289, 467.3359375, 155.63677978515625]]}