{"categories": [0, 36], "bboxes": [[148.4449462890625, 3.9576263427734375, 278.2519836425781, 290.381591796875], [128.187744140625, 270.6247253417969, 291.335205078125, 298.8150329589844]]}