{"categories": [0, 34, 35], "bboxes": [[77.89212036132812, 91.21695709228516, 179.66653442382812, 303.2095642089844], [228.5127410888672, 44.68400573730469, 260.6303405761719, 107.83819580078125], [257.0007629394531, 209.64585876464844, 275.1105041503906, 237.55287170410156]]}