{"categories": [0, 35, 36], "bboxes": [[233.46270751953125, 127.08446502685547, 484.171142578125, 334.5246887207031], [422.66912841796875, 263.5467834472656, 494.1622314453125, 331.0650939941406], [257.2464904785156, 310.1008605957031, 493.0998840332031, 363.6076354980469]]}