{"categories": [0, 39, 41, 57, 65, 73], "bboxes": [[136.84353637695312, 82.31759643554688, 326.4464111328125, 479.0], [418.47021484375, 409.4403991699219, 441.25518798828125, 447.0600891113281], [385.8575134277344, 412.72625732421875, 410.8523864746094, 443.7525634765625], [295.9517822265625, 303.4353332519531, 450.4871826171875, 414.4373474121094], [145.94715881347656, 390.3826904296875, 159.73631286621094, 413.73492431640625], [161.54644775390625, 365.7781677246094, 203.518310546875, 401.1534729003906]]}