{"categories": [0, 10, 24, 25, 26, 35, 39, 41, 49, 54, 56, 60, 63, 73], "bboxes": [[300.2449951171875, 0.016239166259765625, 368.7742919921875, 120.4942626953125], [12.030685424804688, 73.9541015625, 53.217559814453125, 151.76388549804688], [46.70576095581055, 177.039794921875, 123.99095153808594, 215.58230590820312], [242.92904663085938, 288.1110534667969, 374.0, 381.7151184082031], [281.7462463378906, 388.10882568359375, 373.6656799316406, 496.912353515625], [170.6664276123047, 141.7894287109375, 201.0513458251953, 168.74874877929688], [71.56883239746094, 197.33384704589844, 91.71966552734375, 241.87046813964844], [306.9178466796875, 161.79129028320312, 321.221923828125, 185.39178466796875], [139.0000762939453, 424.253662109375, 242.03135681152344, 490.618408203125], [139.51937866210938, 456.9281921386719, 173.96868896484375, 487.5840148925781], [43.7487678527832, 67.90666961669922, 126.21908569335938, 175.9345703125], [8.675155639648438, 267.6600341796875, 374.0, 492.4869384765625], [279.2696228027344, 169.0121612548828, 372.9638366699219, 234.9844512939453], [40.60618209838867, 380.1079406738281, 151.33815002441406, 479.6578674316406]]}