{"categories": [0, 17], "bboxes": [[85.91999053955078, 152.35987854003906, 147.059814453125, 280.91162109375], [177.4480438232422, 129.83282470703125, 535.7366943359375, 402.08416748046875]]}