{"categories": [0, 2, 7], "bboxes": [[151.53390502929688, 171.28115844726562, 187.74734497070312, 307.6318664550781], [0.0, 167.9794158935547, 56.820045471191406, 238.9364471435547], [23.50482177734375, 96.59929656982422, 449.0864562988281, 270.2405090332031]]}