{"categories": [0, 1, 11, 27, 36], "bboxes": [[59.74989318847656, 43.94757080078125, 222.7019805908203, 379.5211181640625], [458.6734313964844, 244.03738403320312, 589.8126220703125, 325.4387512207031], [586.6853637695312, 59.558284759521484, 613.8046264648438, 86.77497100830078], [162.82786560058594, 119.28206634521484, 179.26466369628906, 176.59788513183594], [59.05451202392578, 356.891845703125, 215.42578125, 393.5086669921875]]}