{"categories": [0, 2, 5, 24], "bboxes": [[323.32049560546875, 69.3457260131836, 386.461669921875, 245.36477661132812], [477.7255859375, 67.17748260498047, 499.0, 129.5083770751953], [0.0, 3.479949951171875, 95.33279418945312, 216.14488220214844], [216.1630096435547, 131.4459228515625, 263.39404296875, 182.58340454101562]]}