{"categories": [0, 2, 34, 35], "bboxes": [[56.35862731933594, 155.08892822265625, 100.32699584960938, 222.61251831054688], [0.0, 169.05763244628906, 22.865734100341797, 179.2955780029297], [229.5555419921875, 143.17059326171875, 302.23980712890625, 172.588623046875], [282.6858215332031, 159.0006103515625, 302.9530334472656, 176.13677978515625]]}