{"categories": [0, 1, 5, 7, 9], "bboxes": [[426.5071716308594, 109.55047607421875, 637.55078125, 474.8394775390625], [29.991390228271484, 227.04885864257812, 105.61851501464844, 317.2353820800781], [0.0, 110.2065200805664, 235.54225158691406, 254.25051879882812], [419.9782409667969, 127.58331298828125, 495.4084167480469, 182.78143310546875], [238.695068359375, 110.02616882324219, 249.70974731445312, 129.6431884765625]]}