{"categories": [0, 41, 67], "bboxes": [[0.7603759765625, 8.105194091796875, 205.6576690673828, 424.89678955078125], [319.3377380371094, 249.64935302734375, 367.3987121582031, 316.2847900390625], [105.190673828125, 97.67593383789062, 125.97848510742188, 118.35658264160156]]}