{"categories": [0, 13, 56, 57, 65], "bboxes": [[34.26178741455078, 40.556854248046875, 191.43917846679688, 372.0262756347656], [411.0400085449219, 245.5643310546875, 494.8263854980469, 349.30853271484375], [264.16156005859375, 172.16021728515625, 317.6019287109375, 275.7831726074219], [0.49082183837890625, 203.98434448242188, 52.15934753417969, 373.8349304199219], [139.65769958496094, 202.13766479492188, 164.51866149902344, 216.1055908203125]]}