{"categories": [0, 17], "bboxes": [[93.39232635498047, 75.63504791259766, 213.96426391601562, 327.0751647949219], [349.7099609375, 205.5443878173828, 545.098876953125, 373.72955322265625]]}