{"categories": [0, 39, 41, 43, 44, 45, 48, 55, 56, 60, 79], "bboxes": [[473.78057861328125, 81.28208923339844, 638.3931274414062, 341.15673828125], [416.4230651855469, 321.55535888671875, 447.9830627441406, 432.00640869140625], [251.358642578125, 333.40484619140625, 303.5023193359375, 379.28466796875], [23.998886108398438, 413.4388427734375, 178.15884399414062, 439.17529296875], [130.59832763671875, 492.2925720214844, 189.74118041992188, 629.74365234375], [21.785125732421875, 433.376708984375, 168.77024841308594, 532.4043579101562], [118.6732406616211, 367.16162109375, 188.70913696289062, 416.57501220703125], [436.5260314941406, 384.5533142089844, 521.6980590820312, 483.4542541503906], [151.39276123046875, 197.0965118408203, 224.29541015625, 250.1382598876953], [3.137786865234375, 301.73577880859375, 626.836669921875, 626.5166015625], [61.81420135498047, 219.523681640625, 96.3122329711914, 257.0310363769531]]}