{"categories": [0, 32, 34], "bboxes": [[83.69713592529297, 37.60267639160156, 321.0427551269531, 375.7904052734375], [281.6324462890625, 226.81280517578125, 338.74853515625, 281.8209533691406], [385.293212890625, 125.22642517089844, 423.418701171875, 251.29307556152344]]}