{"categories": [0, 43, 55, 56, 60, 63, 74], "bboxes": [[2.6064453125, 55.115478515625, 222.76156616210938, 481.79742431640625], [218.46035766601562, 351.4775390625, 235.13677978515625, 436.53216552734375], [139.31422424316406, 404.7198486328125, 338.15252685546875, 499.0], [0.0, 430.83172607421875, 43.210670471191406, 495.45220947265625], [311.8043212890625, 409.1322937011719, 374.0, 495.6525573730469], [18.171432495117188, 378.5703125, 174.6232147216797, 453.79595947265625], [197.3899383544922, 281.29034423828125, 218.8737030029297, 293.0260009765625]]}