{"categories": [0], "bboxes": [[1.9073028564453125, 47.359405517578125, 471.47418212890625, 324.0594177246094]]}