{"categories": [0, 2, 13, 24, 26, 34, 56], "bboxes": [[122.40460205078125, 84.13552856445312, 301.28741455078125, 389.1717224121094], [82.34672546386719, 32.892333984375, 185.04103088378906, 89.20162963867188], [424.32208251953125, 147.01974487304688, 582.471923828125, 263.559814453125], [560.0661010742188, 233.1337127685547, 623.0724487304688, 274.2926940917969], [428.6752014160156, 134.01248168945312, 487.2408752441406, 195.76007080078125], [242.88282775878906, 194.96554565429688, 298.61376953125, 233.02642822265625], [446.6614074707031, 147.546142578125, 535.74267578125, 274.3857727050781]]}