{"categories": [0, 17, 24, 26, 29, 30, 33, 34, 37], "bboxes": [[12.772930145263672, 133.50819396972656, 111.49516296386719, 355.9248046875], [389.8023376464844, 130.09774780273438, 639.0, 347.14337158203125], [408.7547912597656, 117.43907165527344, 471.4806213378906, 173.1504669189453], [268.72943115234375, 143.32876586914062, 297.2052001953125, 181.84585571289062], [521.8294677734375, 107.47830963134766, 556.9261474609375, 124.29553985595703], [248.28689575195312, 125.3834228515625, 356.4136047363281, 163.8720703125], [43.34416198730469, 160.98818969726562, 306.01312255859375, 288.9078063964844], [0.0, 124.61958312988281, 125.77845764160156, 158.7456817626953], [65.58865356445312, 176.70834350585938, 184.5994873046875, 270.1791076660156]]}