{"categories": [0, 9, 27], "bboxes": [[27.137649536132812, 39.626953125, 524.6541748046875, 418.8457336425781], [97.62535095214844, 0.10918807983398438, 123.55429077148438, 43.750389099121094], [452.8995361328125, 281.5147705078125, 500.81573486328125, 425.0]]}