{"categories": [0, 3, 6, 7, 10, 24, 26], "bboxes": [[39.12456512451172, 60.70411682128906, 248.68896484375, 380.1842041015625], [64.69292449951172, 311.00262451171875, 287.33984375, 468.80712890625], [0.17537307739257812, 75.42280578613281, 124.89697265625, 208.39137268066406], [0.0, 73.5152816772461, 123.97410583496094, 219.32315063476562], [0.0, 340.0567626953125, 165.04470825195312, 479.0], [391.0737609863281, 125.55442810058594, 454.6506042480469, 213.0301055908203], [366.6339111328125, 207.236083984375, 414.7666015625, 257.8687438964844]]}