{"categories": [0, 37, 43], "bboxes": [[24.463485717773438, 115.64373779296875, 108.32518005371094, 278.0146789550781], [0.0, 260.5155944824219, 261.8844299316406, 320.0434265136719], [418.25653076171875, 310.74078369140625, 451.58447265625, 334.80712890625]]}