{"categories": [0, 26, 32, 34, 39], "bboxes": [[159.22442626953125, 100.322021484375, 225.10894775390625, 231.22390747070312], [187.49911499023438, 252.68576049804688, 223.6900634765625, 282.4918518066406], [214.41213989257812, 95.17479705810547, 223.07647705078125, 103.38660430908203], [171.3370819091797, 57.17862319946289, 187.0532989501953, 105.16574096679688], [175.36985778808594, 281.4365539550781, 192.1505584716797, 314.3593444824219]]}