{"categories": [0, 32, 38], "bboxes": [[188.50440979003906, 25.70172119140625, 436.21246337890625, 425.3486633300781], [256.2547302246094, 156.03614807128906, 280.3637390136719, 179.8585968017578], [319.2275085449219, 111.26737976074219, 421.0940856933594, 148.7170867919922]]}