{"categories": [0, 56, 57, 65, 73], "bboxes": [[185.88031005859375, 83.85871887207031, 630.2138061523438, 465.6455078125], [69.74349975585938, 187.97467041015625, 168.7958221435547, 262.3349914550781], [59.918426513671875, 173.33355712890625, 639.0, 472.86871337890625], [265.18359375, 241.40338134765625, 333.73907470703125, 265.3271179199219], [100.63195037841797, 14.98251724243164, 136.8011474609375, 66.35797119140625]]}