{"categories": [0, 35, 56], "bboxes": [[151.51951599121094, 85.591796875, 370.4425048828125, 369.3306579589844], [131.97666931152344, 244.57981872558594, 179.8314971923828, 274.06011962890625], [70.85087585449219, 48.87132263183594, 100.94076538085938, 69.19580078125]]}