{"categories": [0, 13, 20, 28], "bboxes": [[50.88262939453125, 30.827835083007812, 136.1867218017578, 164.7265625], [5.0898895263671875, 158.48333740234375, 266.62457275390625, 319.26751708984375], [0.0, 270.01702880859375, 291.70050048828125, 498.56195068359375], [4.785980224609375, 157.11233520507812, 243.12767028808594, 255.90911865234375]]}