{"categories": [0, 5, 6, 7], "bboxes": [[133.45919799804688, 196.059326171875, 226.6795654296875, 341.28570556640625], [21.73284912109375, 0.0, 554.0, 612.0164794921875], [22.63946533203125, 18.255828857421875, 554.0, 629.89208984375], [32.504302978515625, 0.0, 548.580322265625, 623.4964599609375]]}