{"categories": [0, 30, 31], "bboxes": [[322.9843444824219, 0.0, 418.2751770019531, 195.0286865234375], [436.02813720703125, 0.0, 494.27001953125, 179.6442108154297], [188.75222778320312, 207.39248657226562, 237.00650024414062, 259.0779724121094]]}