{"categories": [0, 26, 27], "bboxes": [[7.7562408447265625, 15.419281005859375, 413.51141357421875, 636.3408203125], [0.46748924255371094, 230.40194702148438, 37.854225158691406, 364.7665100097656], [182.54336547851562, 250.1989288330078, 255.14349365234375, 438.3326416015625]]}