{"categories": [0, 7, 36, 41], "bboxes": [[37.27085876464844, 91.364501953125, 369.36163330078125, 586.80078125], [54.535614013671875, 145.14962768554688, 214.3302001953125, 259.3433532714844], [49.055015563964844, 514.7857666015625, 273.3973693847656, 598.94140625], [149.7099151611328, 61.55885314941406, 173.8053436279297, 100.17768859863281]]}