{"categories": [0, 3, 25, 45], "bboxes": [[0.0, 134.1859893798828, 118.53153991699219, 639.0], [329.310546875, 343.2121887207031, 425.0, 615.7574462890625], [142.33447265625, 97.76254272460938, 372.58026123046875, 137.63043212890625], [257.65350341796875, 286.6518249511719, 302.18084716796875, 319.5925598144531]]}