{"categories": [0, 40, 41, 53, 60, 67], "bboxes": [[25.646148681640625, 161.53695678710938, 266.13720703125, 345.63543701171875], [75.11015319824219, 447.2059326171875, 182.3653106689453, 495.6455078125], [322.6861877441406, 392.78985595703125, 374.0, 496.3123779296875], [144.29310607910156, 345.7392272949219, 250.0585479736328, 394.1005554199219], [4.355926513671875, 325.1143798828125, 360.7668151855469, 484.00128173828125], [183.9762420654297, 261.2464599609375, 204.01719665527344, 277.520751953125]]}