{"categories": [0, 40, 41, 56, 58, 60, 62, 73], "bboxes": [[26.262046813964844, 191.67483520507812, 153.10049438476562, 326.3056335449219], [131.25967407226562, 299.0651550292969, 155.33489990234375, 332.0], [131.66238403320312, 299.19622802734375, 153.59478759765625, 331.99481201171875], [427.84368896484375, 243.72735595703125, 465.9725341796875, 298.09185791015625], [219.86196899414062, 58.96739196777344, 256.82073974609375, 116.12045288085938], [57.19951629638672, 290.92559814453125, 262.0986633300781, 330.982666015625], [379.0960388183594, 112.70166778564453, 420.2901916503906, 140.98934936523438], [49.14759063720703, 303.38739013671875, 100.16230010986328, 328.1937255859375]]}