{"categories": [0, 2, 36, 56, 60], "bboxes": [[285.0731201171875, 127.49677276611328, 448.85107421875, 326.8321228027344], [0.0, 96.971923828125, 22.353866577148438, 143.27423095703125], [219.69142150878906, 185.80166625976562, 250.9358673095703, 283.1858215332031], [353.8034362792969, 93.07060241699219, 382.5077819824219, 125.23699951171875], [262.9187316894531, 94.34423065185547, 313.7140808105469, 124.81775665283203]]}