{"categories": [0, 24, 32, 34, 35, 38], "bboxes": [[413.4521179199219, 234.0435791015625, 551.0968017578125, 347.66693115234375], [583.5291748046875, 250.07440185546875, 611.3016357421875, 292.8114013671875], [190.43624877929688, 277.2979431152344, 217.16073608398438, 287.8584899902344], [224.19540405273438, 242.46083068847656, 258.622802734375, 286.076171875], [414.6144714355469, 279.80877685546875, 433.5977478027344, 312.53289794921875], [176.5306396484375, 144.66941833496094, 191.36871337890625, 210.0793914794922]]}