{"categories": [0, 2, 3, 16, 24], "bboxes": [[28.285310745239258, 139.93299865722656, 62.426918029785156, 251.53114318847656], [0.12293052673339844, 196.86524963378906, 36.62152862548828, 298.08074951171875], [189.7734832763672, 186.66812133789062, 409.58892822265625, 354.7153625488281], [80.36196899414062, 222.71437072753906, 111.06285095214844, 246.1628875732422], [60.28419876098633, 164.04849243164062, 89.96537017822266, 204.13812255859375]]}