{"categories": [0, 34, 39, 43, 53, 60, 62, 65, 72], "bboxes": [[160.7051239013672, 111.70478820800781, 337.435302734375, 419.5997314453125], [106.02516174316406, 283.42779541015625, 159.9966278076172, 420.23187255859375], [344.5084533691406, 1.3888473510742188, 383.0470886230469, 80.4648666381836], [563.9069213867188, 228.70884704589844, 639.0, 259.560791015625], [435.362060546875, 291.44305419921875, 623.9410400390625, 397.9388427734375], [283.80987548828125, 262.53717041015625, 639.0, 424.17108154296875], [580.7708740234375, 112.37594604492188, 637.56884765625, 200.7489013671875], [257.6429748535156, 385.82147216796875, 274.7726135253906, 398.80438232421875], [347.73773193359375, 53.76127624511719, 564.9900512695312, 309.99090576171875]]}