{"categories": [0, 2, 3, 26, 58], "bboxes": [[0.0, 52.03868103027344, 76.09507751464844, 352.59088134765625], [157.18328857421875, 119.71110534667969, 185.62179565429688, 138.1671600341797], [209.7173309326172, 125.81947326660156, 322.2845458984375, 224.98695373535156], [35.007083892822266, 208.224609375, 93.05036926269531, 304.653564453125], [82.1115951538086, 118.07173156738281, 102.28392791748047, 133.7467498779297]]}