{"categories": [0, 24, 26, 28, 62], "bboxes": [[51.15914535522461, 225.87844848632812, 76.93682098388672, 284.3777160644531], [224.0646209716797, 208.31788635253906, 259.29913330078125, 247.59190368652344], [146.5045166015625, 251.12803649902344, 177.07275390625, 296.2557067871094], [287.3690185546875, 281.5735778808594, 385.10711669921875, 332.6226501464844], [481.4359436035156, 89.135009765625, 559.153076171875, 212.680908203125]]}