{"categories": [0, 26, 33], "bboxes": [[217.88211059570312, 353.0819091796875, 261.7805480957031, 473.975830078125], [229.30735778808594, 375.5265808105469, 255.7372589111328, 422.7942810058594], [117.89704895019531, 69.02645874023438, 144.77601623535156, 84.81132507324219]]}