{"categories": [0, 13, 34, 35], "bboxes": [[107.86534118652344, 132.2678985595703, 398.3765869140625, 639.0], [78.1898193359375, 66.80354309082031, 402.6684875488281, 116.5538330078125], [225.70278930664062, 41.177642822265625, 331.8946228027344, 251.62118530273438], [265.5806884765625, 208.24737548828125, 298.32403564453125, 226.2828369140625]]}