{"categories": [0, 26, 40, 41, 55, 60, 74], "bboxes": [[101.11294555664062, 11.283447265625, 444.2187194824219, 422.8863220214844], [373.09991455078125, 153.90805053710938, 450.974609375, 284.50787353515625], [68.97492980957031, 129.66360473632812, 87.76802062988281, 178.36624145507812], [60.52062225341797, 282.7720947265625, 86.52239227294922, 325.96038818359375], [370.0485534667969, 328.1310119628906, 498.2701721191406, 415.8883361816406], [257.9856262207031, 339.9717712402344, 602.125, 422.2514953613281], [371.2861633300781, 299.5527648925781, 386.0530700683594, 319.5198669433594]]}