{"categories": [0, 34, 35, 38, 56], "bboxes": [[170.71458435058594, 66.37339782714844, 306.8399658203125, 250.29237365722656], [219.81207275390625, 46.889556884765625, 286.9544372558594, 85.75004577636719], [385.822021484375, 166.7200927734375, 419.5159912109375, 197.00372314453125], [221.63449096679688, 44.885311126708984, 296.9465637207031, 92.64643859863281], [72.2322998046875, 8.907740592956543, 103.61074829101562, 28.38159942626953]]}