{"categories": [0, 5, 24], "bboxes": [[155.8883056640625, 125.209228515625, 287.9503479003906, 420.79962158203125], [130.04251098632812, 2.8501739501953125, 639.0, 420.94512939453125], [166.87066650390625, 188.7723388671875, 267.35113525390625, 341.36090087890625]]}