{"categories": [0, 29, 35], "bboxes": [[35.647186279296875, 18.048965454101562, 315.0582275390625, 419.57257080078125], [479.9505615234375, 151.67153930664062, 544.60693359375, 200.75057983398438], [325.62725830078125, 232.53036499023438, 360.5648193359375, 267.3971252441406]]}