{"categories": [0, 27, 65], "bboxes": [[443.13189697265625, 85.01628112792969, 639.0, 420.75616455078125], [231.20169067382812, 243.39784240722656, 248.73507690429688, 269.7641906738281], [215.01620483398438, 299.3677062988281, 239.04241943359375, 328.5023498535156]]}