{"categories": [0, 1, 17], "bboxes": [[164.60791015625, 92.04661560058594, 267.78900146484375, 292.866943359375], [132.71871948242188, 244.59068298339844, 181.67410278320312, 322.75628662109375], [463.5347900390625, 213.39093017578125, 599.2655029296875, 331.56005859375]]}