{"categories": [0, 24, 33, 56], "bboxes": [[244.30783081054688, 146.44024658203125, 436.5826110839844, 371.53070068359375], [410.0181579589844, 187.7614288330078, 440.9003601074219, 243.16444396972656], [426.379150390625, 105.26248931884766, 441.200439453125, 121.58777618408203], [10.410033226013184, 216.9166717529297, 31.517284393310547, 231.03160095214844]]}