{"categories": [0], "bboxes": [[38.912559509277344, 69.58036804199219, 165.62490844726562, 489.4281005859375]]}