{"categories": [0, 34, 35, 56], "bboxes": [[17.68181610107422, 203.21554565429688, 150.60467529296875, 439.0578918457031], [414.1510009765625, 233.97396850585938, 427.85003662109375, 393.8431091308594], [192.69371032714844, 325.339599609375, 222.11634826660156, 355.192626953125], [0.886077880859375, 127.95201873779297, 50.238685607910156, 163.38023376464844]]}