{"categories": [0, 27, 39, 56], "bboxes": [[36.414886474609375, 0.0, 371.3423767089844, 345.35791015625], [383.2612609863281, 139.85317993164062, 434.2099914550781, 217.38485717773438], [241.700927734375, 158.8479461669922, 257.11297607421875, 191.63661193847656], [5.583915710449219, 196.67987060546875, 72.1364517211914, 265.7688293457031]]}