{"categories": [0, 27, 40, 56, 60, 74], "bboxes": [[49.83033752441406, 15.283340454101562, 325.1787109375, 369.4384765625], [153.12217712402344, 130.7504425048828, 203.38670349121094, 224.8889617919922], [477.0029602050781, 195.76077270507812, 498.0060119628906, 229.42062377929688], [30.733169555664062, 166.7659454345703, 56.315277099609375, 248.09532165527344], [442.1218566894531, 195.90768432617188, 498.1217346191406, 356.2852478027344], [217.36947631835938, 36.42146301269531, 239.72091674804688, 62.69902038574219]]}