{"categories": [0, 26, 27, 39, 41, 56, 72], "bboxes": [[326.8697509765625, 3.055328369140625, 497.9708251953125, 372.103759765625], [337.6628723144531, 92.47399139404297, 410.3887023925781, 202.9586181640625], [369.4377136230469, 72.05299377441406, 472.1512756347656, 359.8939208984375], [286.16845703125, 251.57774353027344, 311.9376220703125, 327.20538330078125], [186.18377685546875, 298.6577453613281, 235.64675903320312, 359.7704162597656], [69.64610290527344, 101.6957778930664, 125.93138122558594, 177.52645874023438], [146.42576599121094, 1.6743621826171875, 307.08270263671875, 233.84999084472656]]}