{"categories": [0, 8, 39, 56, 73, 79], "bboxes": [[20.457473754882812, 3.1298370361328125, 477.2166748046875, 323.7333984375], [0.0, 101.93535614013672, 101.86724090576172, 151.53921508789062], [48.49056625366211, 120.66729736328125, 85.69776916503906, 157.42388916015625], [278.8431091308594, 235.2907257080078, 368.8806457519531, 328.7099914550781], [0.0, 169.53475952148438, 23.619888305664062, 188.70831298828125], [318.15142822265625, 115.54998016357422, 342.55908203125, 158.8712158203125]]}