{"categories": [0, 39, 40, 41, 58, 60], "bboxes": [[0.0, 4.5207672119140625, 268.92681884765625, 362.3111572265625], [377.0199279785156, 75.21922302246094, 387.4770812988281, 111.86111450195312], [203.30523681640625, 226.71774291992188, 232.98007202148438, 273.5532531738281], [460.4052734375, 175.7035675048828, 491.55621337890625, 214.35057067871094], [145.2051239013672, 152.54934692382812, 187.4756622314453, 205.64605712890625], [117.6195068359375, 211.54869079589844, 499.0, 362.19140625]]}