{"categories": [0, 31], "bboxes": [[194.58563232421875, 148.1744842529297, 334.46771240234375, 390.41949462890625], [353.1863098144531, 161.21617126464844, 395.8262634277344, 261.02581787109375]]}