{"categories": [0, 13, 38, 56], "bboxes": [[450.1995849609375, 169.4710235595703, 512.0972900390625, 374.97137451171875], [162.1212158203125, 226.1793670654297, 207.68356323242188, 275.4878234863281], [366.5888366699219, 287.7587890625, 397.3196105957031, 352.070068359375], [425.0634765625, 189.28224182128906, 452.7861328125, 222.0736541748047]]}