{"categories": [0, 8, 25, 37, 56], "bboxes": [[195.8873748779297, 137.43341064453125, 266.57470703125, 370.14801025390625], [253.59671020507812, 327.9869079589844, 293.0515441894531, 337.9559631347656], [340.7130126953125, 278.42449951171875, 374.0, 292.68310546875], [4.105224609375, 76.746826171875, 210.01866149902344, 420.674560546875], [351.92803955078125, 307.1072692871094, 371.5401611328125, 334.2497253417969]]}