{"categories": [0, 25, 27, 40, 41, 73], "bboxes": [[272.1463623046875, 54.49488830566406, 633.3861694335938, 424.13641357421875], [2.4255218505859375, 2.9674224853515625, 292.953857421875, 190.98822021484375], [264.03924560546875, 202.5718231201172, 303.76324462890625, 410.6898193359375], [375.433349609375, 246.9044189453125, 415.83221435546875, 352.2677001953125], [127.70649719238281, 309.3931884765625, 183.6437225341797, 359.8441162109375], [128.5311279296875, 309.4056091308594, 182.264404296875, 361.6855163574219]]}