{"categories": [0, 1, 31, 36, 58], "bboxes": [[228.26026916503906, 82.70217895507812, 316.17767333984375, 296.56005859375], [26.1558837890625, 148.68511962890625, 212.0303497314453, 290.4246826171875], [310.1405944824219, 162.0704803466797, 337.0682067871094, 289.708740234375], [309.2633972167969, 159.87521362304688, 337.8665466308594, 291.09906005859375], [20.1033935546875, 89.21992492675781, 100.00626373291016, 160.18177795410156]]}