{"categories": [0, 20, 24], "bboxes": [[331.20703125, 265.95147705078125, 425.0, 627.7171020507812], [1.483062744140625, 17.0479736328125, 418.6043701171875, 587.3203735351562], [1.6248817443847656, 510.08453369140625, 84.23677062988281, 639.0]]}