{"categories": [0, 8, 16], "bboxes": [[320.2850341796875, 160.2852020263672, 499.0, 325.86285400390625], [329.4703674316406, 130.73544311523438, 359.2504577636719, 136.96286010742188], [177.51193237304688, 156.07151794433594, 370.4763488769531, 326.5179443359375]]}