{"categories": [0, 4, 24, 26, 62], "bboxes": [[319.039794921875, 149.77976989746094, 414.94488525390625, 409.44207763671875], [36.104217529296875, 114.71080017089844, 557.800048828125, 269.98309326171875], [16.69913673400879, 165.2330322265625, 59.053443908691406, 222.69876098632812], [311.3797912597656, 272.4264221191406, 340.4535827636719, 335.2606506347656], [542.8671264648438, 357.42413330078125, 613.0654907226562, 452.9520263671875]]}