{"categories": [0, 29, 46, 54, 58], "bboxes": [[0.9828567504882812, 112.99771118164062, 78.04178619384766, 275.7365417480469], [65.59738159179688, 193.83135986328125, 85.61207580566406, 220.49993896484375], [248.57427978515625, 100.95158386230469, 339.7222900390625, 196.0308380126953], [265.17962646484375, 278.67633056640625, 295.1378173828125, 311.83795166015625], [61.26206970214844, 136.8231658935547, 85.21600341796875, 173.2209930419922]]}