{"categories": [0, 27, 55], "bboxes": [[167.07379150390625, 36.074310302734375, 329.1679992675781, 331.5125732421875], [337.23919677734375, 115.87943267822266, 373.1910400390625, 271.35662841796875], [327.6999206542969, 262.95751953125, 411.2190246582031, 331.56268310546875]]}