{"categories": [0, 59, 73, 77], "bboxes": [[188.42974853515625, 8.0635986328125, 337.69293212890625, 214.66403198242188], [44.286773681640625, 96.9234619140625, 442.57159423828125, 606.1566162109375], [438.09039306640625, 482.68341064453125, 454.663330078125, 543.7352905273438], [121.02819061279297, 280.99078369140625, 173.20542907714844, 312.51824951171875]]}