{"categories": [0, 57, 59], "bboxes": [[52.53208923339844, 0.0, 362.815185546875, 422.1708984375], [0.0, 235.40182495117188, 639.0, 423.1319274902344], [49.5711669921875, 214.05902099609375, 631.64013671875, 414.41693115234375]]}