{"categories": [0, 39, 40, 41, 45, 56, 58, 60, 68, 74], "bboxes": [[248.0955047607422, 109.6918716430664, 375.00347900390625, 273.5860290527344], [548.8433227539062, 243.57293701171875, 563.4985961914062, 298.55267333984375], [168.55532836914062, 245.30319213867188, 190.69564819335938, 297.0831604003906], [177.65924072265625, 256.936279296875, 200.74700927734375, 306.1773681640625], [378.4717102050781, 287.2490234375, 419.0238342285156, 309.8690185546875], [336.99273681640625, 384.73065185546875, 470.09820556640625, 474.8272705078125], [252.1941375732422, 137.54310607910156, 288.2116394042969, 171.3791961669922], [187.43661499023438, 262.9516906738281, 438.1090393066406, 458.6994934082031], [553.5741577148438, 156.3388671875, 638.3788452148438, 222.87869262695312], [545.7393798828125, 41.83016586303711, 570.11572265625, 66.59255981445312]]}