{"categories": [0, 39, 56, 57, 58, 60, 65, 74, 75], "bboxes": [[176.8939208984375, 44.84877014160156, 393.89453125, 346.84161376953125], [456.1796875, 204.27926635742188, 482.65020751953125, 272.892822265625], [347.23724365234375, 151.30445861816406, 483.531494140625, 320.3853759765625], [16.983848571777344, 228.97268676757812, 88.58905792236328, 372.0476989746094], [433.94573974609375, 47.56712341308594, 499.0, 204.32644653320312], [413.4860534667969, 214.89627075195312, 499.0, 369.2052307128906], [179.23085021972656, 54.689186096191406, 207.1006622314453, 84.5316390991211], [374.5029602050781, 60.706363677978516, 383.4531555175781, 77.35542297363281], [385.5652770996094, 100.46207427978516, 407.4363708496094, 129.6756134033203]]}