{"categories": [0, 30], "bboxes": [[243.68051147460938, 67.36599731445312, 328.3747253417969, 206.891357421875], [163.1944580078125, 183.12840270996094, 244.8907470703125, 196.45008850097656]]}