{"categories": [0, 39, 56, 59], "bboxes": [[29.956466674804688, 151.3787384033203, 323.9730224609375, 413.0753173828125], [75.30339050292969, 207.33685302734375, 190.45167541503906, 274.43743896484375], [36.50923156738281, 0.0, 293.02032470703125, 93.85778045654297], [0.0, 9.81744384765625, 425.0, 538.5838623046875]]}