{"categories": [0, 2, 25, 53, 62], "bboxes": [[64.71469116210938, 21.651535034179688, 395.0352478027344, 324.9996337890625], [366.2481689453125, 230.24708557128906, 391.6390380859375, 246.0944366455078], [296.03448486328125, 204.9737091064453, 466.47100830078125, 312.53167724609375], [218.0979461669922, 211.3482208251953, 380.01629638671875, 305.5938720703125], [10.466930389404297, 169.64048767089844, 135.3173065185547, 274.0814208984375]]}