{"categories": [0, 31], "bboxes": [[163.58261108398438, 157.3189239501953, 230.65463256835938, 319.94915771484375], [46.31721496582031, 365.6697082519531, 282.28900146484375, 389.3339538574219]]}