{"categories": [0, 39, 41, 43, 45, 48, 50, 52, 60], "bboxes": [[402.8148498535156, 63.350982666015625, 621.3076171875, 418.7560119628906], [43.14945983886719, 292.572998046875, 72.76909637451172, 340.2806396484375], [231.939453125, 217.00057983398438, 277.73211669921875, 265.59649658203125], [114.93728637695312, 240.85333251953125, 159.88766479492188, 254.14642333984375], [331.1529235839844, 192.52418518066406, 373.1421203613281, 216.3647918701172], [387.978759765625, 262.7275085449219, 439.57586669921875, 289.7162170410156], [368.2815246582031, 257.3299255371094, 404.0521545410156, 283.0762634277344], [403.60992431640625, 258.8138122558594, 441.7396240234375, 282.8937683105469], [22.51416015625, 198.6671905517578, 448.86962890625, 415.754638671875]]}