{"categories": [0, 2, 8, 13, 24, 26, 31, 56, 65, 67, 73, 74], "bboxes": [[403.97491455078125, 70.26560974121094, 637.7908325195312, 402.19134521484375], [491.14508056640625, 18.272357940673828, 513.0156860351562, 31.134796142578125], [72.19493103027344, 2.4840030670166016, 162.05442810058594, 52.09734344482422], [3.3946609497070312, 42.26825714111328, 108.20933532714844, 75.832763671875], [350.2119140625, 222.99830627441406, 433.41314697265625, 307.25897216796875], [349.376220703125, 221.52587890625, 433.03765869140625, 306.3138427734375], [289.48321533203125, 265.89251708984375, 344.2432861328125, 387.664306640625], [215.25234985351562, 3.1617298126220703, 246.59906005859375, 41.68647003173828], [132.69834899902344, 263.2475891113281, 177.4862518310547, 282.1975402832031], [503.0166320800781, 107.35894775390625, 536.0859375, 198.65579223632812], [124.0780258178711, 259.181640625, 181.11544799804688, 284.3367919921875], [401.9562072753906, 254.13214111328125, 429.9542541503906, 298.45172119140625]]}