{"categories": [0, 7, 13, 34, 35], "bboxes": [[136.99932861328125, 67.66276550292969, 358.6012878417969, 457.50738525390625], [324.98492431640625, 132.95440673828125, 638.6273193359375, 277.0906066894531], [0.0, 227.69459533691406, 163.95343017578125, 320.476806640625], [279.965576171875, 117.69537353515625, 397.65203857421875, 171.27066040039062], [359.0845642089844, 287.13720703125, 393.2583923339844, 333.888427734375]]}