{"categories": [0, 34, 38, 67], "bboxes": [[97.04481506347656, 83.90519714355469, 244.4413299560547, 423.31884765625], [151.6484375, 241.22988891601562, 188.03619384765625, 272.8277282714844], [80.00291442871094, 185.29873657226562, 160.54983520507812, 254.3065185546875], [119.09007263183594, 88.58157348632812, 128.77317810058594, 109.21299743652344]]}