{"categories": [0, 27, 28, 34, 56, 67], "bboxes": [[96.92797088623047, 57.21949768066406, 336.4764404296875, 373.972412109375], [181.0170135498047, 135.97616577148438, 222.48521423339844, 220.5479736328125], [269.22003173828125, 159.2421875, 400.9534912109375, 374.0], [319.0142822265625, 141.37234497070312, 381.9293212890625, 262.9473571777344], [107.91999053955078, 244.07974243164062, 145.7738037109375, 340.0445861816406], [156.52830505371094, 104.971923828125, 187.4048614501953, 149.5762939453125]]}