{"categories": [0, 25, 26, 28, 56], "bboxes": [[408.49615478515625, 192.56210327148438, 476.92236328125, 396.8546447753906], [385.99871826171875, 163.22227478027344, 484.20758056640625, 221.7030792236328], [25.13040542602539, 248.96273803710938, 62.2063102722168, 316.5776062011719], [385.06170654296875, 349.7047119140625, 422.078125, 392.61181640625], [64.09695434570312, 294.8457336425781, 90.91604614257812, 344.9629821777344]]}