{"categories": [0, 1, 6, 26], "bboxes": [[82.48403930664062, 216.69082641601562, 172.4815216064453, 490.2217712402344], [13.710617065429688, 327.0821838378906, 270.98236083984375, 525.7608032226562], [132.05624389648438, 74.62991333007812, 472.8782653808594, 423.7127685546875], [176.185791015625, 266.5601501464844, 219.68701171875, 347.6349182128906]]}