{"categories": [0, 1, 2, 24, 26, 35, 73], "bboxes": [[116.64193725585938, 224.66954040527344, 252.79269409179688, 494.46478271484375], [31.161617279052734, 301.0406494140625, 49.0602912902832, 330.6512451171875], [294.6803894042969, 261.61834716796875, 332.0, 311.63836669921875], [147.3052978515625, 277.97064208984375, 225.64547729492188, 334.49395751953125], [253.63482666015625, 290.49432373046875, 285.315185546875, 337.52471923828125], [305.55364990234375, 336.5715637207031, 318.3756103515625, 359.6390075683594], [117.46843719482422, 307.2525329589844, 179.35726928710938, 368.3400573730469]]}