{"categories": [0, 24, 29], "bboxes": [[403.0794677734375, 86.51441192626953, 499.0, 311.2775573730469], [432.7403259277344, 120.37028503417969, 487.8876037597656, 185.9070587158203], [108.2408676147461, 163.98031616210938, 143.0099639892578, 179.31210327148438]]}