{"categories": [0, 27, 39, 40, 41, 58, 60], "bboxes": [[91.617919921875, 89.02976989746094, 236.69085693359375, 287.84674072265625], [249.47242736816406, 150.56927490234375, 271.5562744140625, 269.61297607421875], [428.0359191894531, 247.90988159179688, 461.0686340332031, 351.0977478027344], [314.7684326171875, 244.39154052734375, 349.81005859375, 314.18145751953125], [261.81689453125, 272.2259216308594, 319.17840576171875, 325.4694519042969], [151.32266235351562, 277.3162536621094, 441.3805847167969, 374.0], [46.179443359375, 244.6095733642578, 494.3519287109375, 369.875244140625]]}