{"categories": [0, 39, 46], "bboxes": [[258.5980529785156, 0.0, 492.2077331542969, 369.73419189453125], [396.7795715332031, 51.1033935546875, 497.5696716308594, 367.9022521972656], [5.4430084228515625, 197.31716918945312, 320.49993896484375, 370.5745544433594]]}