{"categories": [0, 24, 30, 31], "bboxes": [[275.3407287597656, 107.685546875, 363.3127746582031, 295.9422912597656], [199.53077697753906, 150.08380126953125, 236.2783966064453, 216.31515502929688], [310.36572265625, 291.1658020019531, 386.23138427734375, 298.5881042480469], [179.41748046875, 162.6417236328125, 229.4942626953125, 279.2215576171875]]}