{"categories": [0, 13, 40, 41, 45, 55, 56, 60], "bboxes": [[146.3447265625, 232.06637573242188, 242.56246948242188, 369.9387512207031], [30.321556091308594, 305.6967468261719, 159.0772705078125, 371.5755920410156], [354.4610290527344, 295.51416015625, 379.6448059082031, 347.10845947265625], [470.1478576660156, 315.653564453125, 493.2107238769531, 350.38433837890625], [374.5886535644531, 304.2861633300781, 435.8854064941406, 331.2293395996094], [385.8551330566406, 307.5697937011719, 427.4953308105469, 326.7020568847656], [3.0571746826171875, 266.3342590332031, 77.77229309082031, 366.7220153808594], [265.87164306640625, 276.10772705078125, 491.38214111328125, 369.85369873046875]]}