{"categories": [0, 24, 30, 33], "bboxes": [[312.4139709472656, 139.6504364013672, 512.0357055664062, 370.1990966796875], [183.4180450439453, 178.12496948242188, 245.8205108642578, 311.44891357421875], [289.5002746582031, 357.7904357910156, 506.4710388183594, 385.8233337402344], [390.056640625, 39.37266540527344, 397.66357421875, 60.22814178466797]]}