{"categories": [0], "bboxes": [[366.0290832519531, 147.64834594726562, 438.4697570800781, 319.8826599121094]]}