{"categories": [0, 6, 27, 62, 68, 69, 72], "bboxes": [[322.18682861328125, 97.6634521484375, 519.861328125, 493.25408935546875], [0.0, 0.0, 572.9384155273438, 479.2994079589844], [524.3856201171875, 188.65321350097656, 539.5189208984375, 209.6852264404297], [7.4603118896484375, 5.708106994628906, 385.49444580078125, 188.8232421875], [4.8217315673828125, 2.9366378784179688, 387.59991455078125, 188.62094116210938], [22.641708374023438, 157.74948120117188, 331.736572265625, 470.2013244628906], [17.138153076171875, 6.225799560546875, 391.93304443359375, 453.7961120605469]]}