{"categories": [0, 3, 17, 32], "bboxes": [[195.64015197753906, 80.34886169433594, 266.07843017578125, 197.89097595214844], [97.64273071289062, 163.5478515625, 122.37178039550781, 179.715576171875], [135.84112548828125, 86.92530059814453, 415.13043212890625, 264.1206359863281], [140.2841339111328, 236.21324157714844, 156.5097198486328, 250.5034942626953]]}