{"categories": [0, 7, 24, 25, 26, 33, 37, 41], "bboxes": [[322.68695068359375, 36.97056579589844, 382.58819580078125, 234.92662048339844], [262.8818359375, 225.30276489257812, 315.185791015625, 242.7828369140625], [117.4991226196289, 192.07144165039062, 169.84939575195312, 247.36764526367188], [187.57925415039062, 111.17997741699219, 334.9262390136719, 206.67442321777344], [279.4736328125, 178.20782470703125, 318.5159912109375, 210.68984985351562], [185.79995727539062, 111.74655151367188, 347.5834655761719, 206.2744140625], [107.11770629882812, 110.8372573852539, 132.73252868652344, 118.51212310791016], [192.87266540527344, 199.04940795898438, 204.7038116455078, 218.30722045898438]]}