{"categories": [0, 13, 26, 28, 44, 56, 58], "bboxes": [[295.89715576171875, 139.73544311523438, 461.4117431640625, 377.4561462402344], [201.8018035888672, 213.87033081054688, 460.95025634765625, 365.1026306152344], [247.6966094970703, 234.31854248046875, 311.9674377441406, 303.07550048828125], [147.26797485351562, 231.26075744628906, 257.3276672363281, 378.7525634765625], [60.26313018798828, 98.3199462890625, 84.48796844482422, 169.03396606445312], [196.75054931640625, 349.2327880859375, 244.90924072265625, 379.651611328125], [456.15850830078125, 91.54308319091797, 499.0, 276.765625]]}