{"categories": [0, 24], "bboxes": [[88.77886962890625, 7.8421630859375, 209.7320556640625, 346.334228515625], [203.52789306640625, 92.92591857910156, 245.27462768554688, 176.5454864501953]]}