{"categories": [0, 20], "bboxes": [[61.12688446044922, 233.8910675048828, 159.00430297851562, 496.23309326171875], [98.6181640625, 135.4344024658203, 389.6280822753906, 417.89117431640625]]}