{"categories": [0, 2, 3], "bboxes": [[414.9146728515625, 75.91313171386719, 559.6553344726562, 414.29345703125], [514.24267578125, 268.83062744140625, 587.322509765625, 321.03851318359375], [4.455078125, 78.4737548828125, 520.853759765625, 463.3206787109375]]}