{"categories": [0, 3, 56], "bboxes": [[0.0, 148.4140625, 87.52301025390625, 376.2911376953125], [161.02137756347656, 196.66355895996094, 492.5960693359375, 470.803466796875], [4.697729110717773, 141.0759735107422, 48.136756896972656, 172.4564971923828]]}