{"categories": [0, 39, 40, 41, 56, 57, 62, 65, 73], "bboxes": [[16.472726821899414, 58.11958312988281, 78.30829620361328, 236.43687438964844], [212.82037353515625, 231.0984649658203, 226.67431640625, 269.54266357421875], [277.7649841308594, 240.29495239257812, 294.3974304199219, 269.5091552734375], [244.6683807373047, 234.45143127441406, 260.67449951171875, 258.28021240234375], [176.06236267089844, 106.20318603515625, 309.1549072265625, 247.60433959960938], [69.93443298339844, 106.82666778564453, 311.12347412109375, 248.00955200195312], [388.2923889160156, 66.85037994384766, 476.1912536621094, 179.13558959960938], [270.33892822265625, 155.50250244140625, 296.7462158203125, 163.85125732421875], [351.3367919921875, 113.26439666748047, 387.8724365234375, 130.8221435546875]]}