{"categories": [0, 2, 18, 19], "bboxes": [[266.6404724121094, 130.43695068359375, 313.4528503417969, 261.922607421875], [404.5889587402344, 211.4468536376953, 434.6931457519531, 223.0930938720703], [95.73681640625, 244.06924438476562, 178.55609130859375, 372.0818786621094], [114.46142578125, 162.71212768554688, 138.67562866210938, 187.91314697265625]]}