{"categories": [0, 2, 7, 24, 33, 38], "bboxes": [[190.30130004882812, 486.07275390625, 226.53570556640625, 604.992919921875], [145.12313842773438, 391.60955810546875, 230.64804077148438, 430.21600341796875], [143.09999084472656, 390.5323181152344, 223.6602020263672, 431.2558898925781], [217.73837280273438, 525.7186889648438, 246.12823486328125, 572.5573120117188], [264.7034606933594, 130.10818481445312, 305.4526672363281, 143.75753784179688], [346.1180114746094, 460.7197265625, 366.1412658691406, 483.84832763671875]]}