{"categories": [0, 7, 8, 13, 16, 49], "bboxes": [[173.72299194335938, 121.60704803466797, 405.3548889160156, 293.3114013671875], [271.2416076660156, 40.105796813964844, 291.2149353027344, 49.725318908691406], [32.57691955566406, 129.0538330078125, 149.76446533203125, 155.00701904296875], [162.4702606201172, 206.53668212890625, 490.2109375, 332.0], [311.4342346191406, 209.43191528320312, 339.8215637207031, 232.39285278320312], [75.46871185302734, 218.986328125, 90.6524887084961, 233.52764892578125]]}