{"categories": [0, 13, 34], "bboxes": [[192.6188507080078, 52.341217041015625, 276.33441162109375, 337.34033203125], [271.12969970703125, 113.67718505859375, 450.33013916015625, 182.74368286132812], [199.89041137695312, 9.192680358886719, 245.82135009765625, 90.93824005126953]]}