{"categories": [0, 25, 26, 35, 36, 39], "bboxes": [[57.894317626953125, 37.179107666015625, 392.28997802734375, 326.1041564941406], [551.1351928710938, 112.33116149902344, 593.6884155273438, 127.14054870605469], [497.5549011230469, 245.234619140625, 532.9210205078125, 278.321044921875], [316.7689514160156, 129.1768035888672, 404.5479431152344, 203.68992614746094], [242.9998321533203, 331.9497985839844, 297.7129211425781, 405.8716125488281], [502.2056884765625, 241.39698791503906, 528.283203125, 276.3994140625]]}