{"categories": [0, 11, 13, 24], "bboxes": [[141.348388671875, 134.2117462158203, 240.85379028320312, 448.50994873046875], [116.20408630371094, 127.81802368164062, 131.33558654785156, 143.87249755859375], [265.12890625, 256.0143127441406, 373.46124267578125, 329.4053649902344], [387.3946228027344, 275.0198669433594, 455.7223815917969, 366.4796447753906]]}