{"categories": [0, 1, 2, 7, 9, 17, 67, 74], "bboxes": [[0.0, 187.97274780273438, 111.5190658569336, 372.4860534667969], [410.0377502441406, 231.96926879882812, 471.0212707519531, 277.48284912109375], [454.4627685546875, 305.19342041015625, 499.0, 374.0], [1.8570823669433594, 161.77154541015625, 96.19688415527344, 236.0889892578125], [253.7443084716797, 111.25328063964844, 269.0310974121094, 149.84071350097656], [119.3209228515625, 176.06007385253906, 212.31414794921875, 297.5634460449219], [57.736202239990234, 210.4634246826172, 72.42071533203125, 229.4623260498047], [376.74163818359375, 10.924483299255371, 387.4013671875, 30.34775161743164]]}