{"categories": [0, 24, 30], "bboxes": [[210.58929443359375, 313.2505798339844, 273.49615478515625, 491.3536071777344], [124.37338256835938, 327.8860778808594, 160.43472290039062, 365.9327697753906], [130.72491455078125, 470.3366394042969, 306.0784606933594, 498.3283386230469]]}