{"categories": [0, 25, 38, 56], "bboxes": [[428.2351379394531, 171.01693725585938, 541.7122192382812, 416.2232360839844], [134.31875610351562, 151.06307983398438, 233.845947265625, 174.22271728515625], [377.3206787109375, 292.14752197265625, 436.72686767578125, 378.681396484375], [141.32687377929688, 215.88653564453125, 181.440673828125, 255.06240844726562]]}