{"categories": [0, 32, 34, 41], "bboxes": [[289.2239685058594, 55.229644775390625, 561.826416015625, 426.0], [601.57470703125, 206.21775817871094, 616.5875244140625, 216.2157745361328], [536.0936889648438, 151.05844116210938, 557.7850952148438, 189.92904663085938], [385.431884765625, 89.479248046875, 406.44085693359375, 116.57516479492188]]}