{"categories": [0, 34, 35], "bboxes": [[23.54450225830078, 50.02399444580078, 205.2037353515625, 279.6781005859375], [163.2232666015625, 37.411651611328125, 251.10244750976562, 66.13817596435547], [289.31842041015625, 151.0804901123047, 316.17987060546875, 182.2867889404297]]}