{"categories": [0, 24, 37], "bboxes": [[110.97148132324219, 46.39800262451172, 260.5458984375, 285.2282409667969], [104.10113525390625, 130.212890625, 199.22189331054688, 195.69427490234375], [64.38665771484375, 210.86984252929688, 346.3495178222656, 288.6514892578125]]}