{"categories": [0, 24, 30], "bboxes": [[50.418853759765625, 180.74148559570312, 107.23294067382812, 295.0063781738281], [336.7685241699219, 198.349365234375, 361.2574768066406, 247.81988525390625], [258.9677734375, 355.9441833496094, 296.66973876953125, 395.3968200683594]]}