{"categories": [0, 8, 25, 56], "bboxes": [[323.89361572265625, 114.57684326171875, 410.65728759765625, 327.918701171875], [18.85126495361328, 111.89714050292969, 50.49482727050781, 125.60549926757812], [265.9079284667969, 1.4736900329589844, 499.0, 127.89376831054688], [147.54518127441406, 223.420166015625, 236.54505920410156, 326.73150634765625]]}