{"categories": [0, 26, 28, 40, 43, 56, 65], "bboxes": [[328.23895263671875, 131.037353515625, 498.67596435546875, 370.0158386230469], [133.83432006835938, 270.0882873535156, 186.91018676757812, 346.9762268066406], [75.86468505859375, 247.62232971191406, 139.92623901367188, 343.34283447265625], [326.9736328125, 313.2522888183594, 345.7091064453125, 347.2705383300781], [304.012939453125, 245.59555053710938, 362.952392578125, 278.8038024902344], [89.31401824951172, 185.3720245361328, 132.2298583984375, 258.8528747558594], [351.111328125, 292.2873229980469, 395.77008056640625, 325.1775207519531]]}