{"categories": [0, 43, 55, 56, 57, 60], "bboxes": [[119.46172332763672, 39.17237854003906, 332.45428466796875, 464.29541015625], [435.2986755371094, 298.4460144042969, 507.1306457519531, 375.2679138183594], [449.1512451171875, 361.83984375, 598.994873046875, 476.9840087890625], [436.54815673828125, 19.040504455566406, 607.4365844726562, 240.65802001953125], [0.0, 95.36567687988281, 303.9437255859375, 456.4305419921875], [283.3172607421875, 278.41705322265625, 630.9321899414062, 472.06024169921875]]}