{"categories": [0, 39, 41, 56, 60, 67, 75], "bboxes": [[110.06427001953125, 12.47698974609375, 517.4049682617188, 583.5933837890625], [371.1917419433594, 95.64675903320312, 435.3386535644531, 330.4526672363281], [453.8316650390625, 229.04197692871094, 514.8413696289062, 352.1414794921875], [92.26052856445312, 270.1861572265625, 493.0316467285156, 637.3226318359375], [367.08929443359375, 301.86859130859375, 631.0, 614.1506958007812], [230.085205078125, 119.22239685058594, 281.6651916503906, 154.68727111816406], [448.1447448730469, 245.96844482421875, 515.06005859375, 526.23974609375]]}