{"categories": [0, 13, 24, 32, 35, 39, 56], "bboxes": [[26.83373260498047, 122.6328125, 57.865699768066406, 197.58975219726562], [66.72587585449219, 225.1639862060547, 176.49034118652344, 303.7072448730469], [187.29745483398438, 205.21676635742188, 217.02041625976562, 244.537109375], [24.665950775146484, 83.66228485107422, 35.22610092163086, 92.88948822021484], [9.11685562133789, 288.12896728515625, 63.63532638549805, 324.11224365234375], [345.71881103515625, 358.1708679199219, 371.225830078125, 369.9110412597656], [344.489013671875, 282.28692626953125, 415.0579833984375, 358.56390380859375]]}