{"categories": [0, 27, 59, 73, 74], "bboxes": [[41.43793487548828, 53.07240295410156, 208.16790771484375, 265.19500732421875], [118.63508605957031, 152.48544311523438, 168.7362518310547, 189.6458740234375], [3.69390869140625, 201.75711059570312, 483.0, 474.3173522949219], [37.362144470214844, 151.99501037597656, 236.88812255859375, 351.4761962890625], [337.3355712890625, 121.0162353515625, 361.029052734375, 157.88870239257812]]}