{"categories": [0, 19, 20, 24, 26], "bboxes": [[42.38737487792969, 139.10928344726562, 208.2412109375, 436.3066101074219], [355.1799621582031, 183.42593383789062, 579.9586181640625, 358.4018249511719], [279.3046569824219, 225.33355712890625, 420.9198303222656, 366.53460693359375], [63.15082550048828, 227.31719970703125, 106.17850494384766, 304.6676025390625], [205.3026885986328, 317.43060302734375, 267.35418701171875, 415.52886962890625]]}