{"categories": [0, 1, 36], "bboxes": [[183.6476593017578, 64.88760375976562, 493.43988037109375, 336.08587646484375], [446.483642578125, 161.58604431152344, 479.37872314453125, 185.71705627441406], [278.58538818359375, 329.0221252441406, 408.3670654296875, 359.6504211425781]]}