{"categories": [0, 32, 39, 41, 45, 53, 55, 56, 58, 60, 63, 73], "bboxes": [[384.0894470214844, 38.8209228515625, 466.4886779785156, 327.03741455078125], [398.0606689453125, 31.582599639892578, 441.9986572265625, 65.09709167480469], [19.31273651123047, 205.3753204345703, 39.919700622558594, 241.29981994628906], [46.23725128173828, 202.4918212890625, 63.64552307128906, 226.94113159179688], [202.3555908203125, 236.79327392578125, 255.16262817382812, 257.26544189453125], [0.7130050659179688, 239.77102661132812, 69.59793090820312, 264.1772766113281], [119.53858947753906, 223.91326904296875, 200.75575256347656, 276.6201477050781], [294.2880859375, 245.605712890625, 375.96502685546875, 329.08135986328125], [52.329681396484375, 28.981168746948242, 105.23385620117188, 84.58465576171875], [1.5388946533203125, 204.99273681640625, 337.6021728515625, 325.47540283203125], [33.34122848510742, 167.1955108642578, 65.92988586425781, 208.3437957763672], [68.81593322753906, 96.53239440917969, 78.92892456054688, 119.93168640136719]]}