{"categories": [0, 27, 56, 63], "bboxes": [[58.57916259765625, 144.13079833984375, 332.0, 491.86163330078125], [273.7359313964844, 153.45277404785156, 291.7502136230469, 251.0543975830078], [0.10412979125976562, 338.6708679199219, 87.86225891113281, 403.6854553222656], [4.532600402832031, 399.80218505859375, 238.4910888671875, 492.098388671875]]}