{"categories": [0, 24, 40, 41, 56, 67, 74], "bboxes": [[170.51809692382812, 61.988616943359375, 479.1573791503906, 415.6785888671875], [17.641063690185547, 84.68763732910156, 97.748291015625, 244.31422424316406], [2.802654266357422, 310.6741027832031, 45.75395202636719, 372.6742248535156], [140.81094360351562, 329.1867370605469, 181.33624267578125, 383.1662902832031], [105.44568634033203, 259.3769226074219, 152.25454711914062, 323.4756774902344], [192.47337341308594, 283.3793029785156, 244.6154327392578, 325.5450744628906], [250.73583984375, 358.6844482421875, 270.11309814453125, 375.418701171875]]}