{"categories": [0, 1, 2, 7, 25, 26], "bboxes": [[140.91278076171875, 113.00606536865234, 206.14224243164062, 302.8246154785156], [98.15863037109375, 168.14346313476562, 155.3798370361328, 226.58218383789062], [460.72955322265625, 135.64443969726562, 499.0, 177.45303344726562], [86.34333038330078, 137.29420471191406, 108.05834197998047, 156.10325622558594], [357.31964111328125, 122.66960906982422, 401.25787353515625, 137.4677276611328], [190.70285034179688, 142.435302734375, 207.6943359375, 174.8599853515625]]}