{"categories": [0, 35, 56], "bboxes": [[260.7164306640625, 163.06382751464844, 384.3544921875, 397.705078125], [247.9810333251953, 338.7037048339844, 281.4189453125, 365.5368957519531], [169.07363891601562, 218.0150909423828, 202.75042724609375, 239.0442352294922]]}