{"categories": [0, 27, 39, 41, 45, 69, 71], "bboxes": [[90.90965270996094, 80.40614318847656, 389.03125, 425.76190185546875], [157.180908203125, 146.01556396484375, 169.96734619140625, 180.14178466796875], [364.5321350097656, 146.04701232910156, 384.0634460449219, 199.62318420410156], [313.4358825683594, 157.85409545898438, 328.4225769042969, 184.25888061523438], [349.94561767578125, 330.9101257324219, 401.38330078125, 388.7292175292969], [310.8561096191406, 230.41259765625, 628.9603271484375, 426.0], [410.7453918457031, 277.063232421875, 505.1532897949219, 306.20587158203125]]}