{"categories": [0, 39, 40, 41, 43, 55, 56, 60], "bboxes": [[495.5345458984375, 0.0, 639.0, 242.77838134765625], [472.9704284667969, 209.0595703125, 513.3461303710938, 346.399658203125], [542.759033203125, 187.81517028808594, 597.5631103515625, 254.05787658691406], [543.5284423828125, 183.72598266601562, 596.5501708984375, 248.9415283203125], [343.510498046875, 151.0599365234375, 374.1375732421875, 234.89144897460938], [324.315185546875, 216.17861938476562, 436.1927490234375, 313.2024841308594], [4.525665283203125, 76.12879943847656, 175.2039794921875, 367.82879638671875], [101.38021850585938, 184.62620544433594, 636.854248046875, 421.80694580078125]]}