{"categories": [0, 13, 34, 35, 39, 56], "bboxes": [[263.92352294921875, 68.17780303955078, 354.57763671875, 299.4714660644531], [342.2203369140625, 94.97745513916016, 419.3970947265625, 119.90428924560547], [308.67156982421875, 26.660184860229492, 363.4552001953125, 82.73426818847656], [213.81973266601562, 232.1502227783203, 241.37811279296875, 263.67608642578125], [144.89300537109375, 101.65554809570312, 153.44589233398438, 118.36604309082031], [75.59410095214844, 122.28712463378906, 104.60542297363281, 140.5167999267578]]}