{"categories": [0, 43, 45, 55, 60], "bboxes": [[0.034305572509765625, 121.08245849609375, 81.67938232421875, 412.4886474609375], [57.513877868652344, 397.17266845703125, 138.81475830078125, 415.337890625], [2.1538124084472656, 444.27825927734375, 82.81051635742188, 584.9476928710938], [64.95350646972656, 319.1153564453125, 370.52447509765625, 583.7046508789062], [0.0, 325.26885986328125, 426.0, 628.8430786132812]]}