{"categories": [0, 26, 39, 41, 45, 56, 60, 62, 73, 74], "bboxes": [[83.36885833740234, 136.88845825195312, 148.294677734375, 360.8062744140625], [75.46637725830078, 182.5419158935547, 100.10700225830078, 244.5900421142578], [230.26840209960938, 180.41940307617188, 240.68557739257812, 210.80917358398438], [207.27389526367188, 178.10418701171875, 231.37521362304688, 208.33514404296875], [276.71478271484375, 206.9788818359375, 303.24774169921875, 224.26095581054688], [139.453125, 151.240478515625, 177.99710083007812, 195.85745239257812], [160.74098205566406, 205.93057250976562, 492.0406494140625, 358.0391540527344], [344.37432861328125, 151.70907592773438, 370.5743408203125, 193.78912353515625], [20.601882934570312, 227.55950927734375, 39.74279022216797, 252.12136840820312], [334.3189697265625, 116.15265655517578, 348.90869140625, 137.5928192138672]]}