{"categories": [0, 7, 8, 30], "bboxes": [[340.5589904785156, 105.23902893066406, 428.9848327636719, 291.70123291015625], [529.7573852539062, 121.01908874511719, 593.0708618164062, 143.49449157714844], [526.4298706054688, 117.92996978759766, 592.0187377929688, 143.5536651611328], [86.392578125, 291.35382080078125, 341.18719482421875, 420.4658203125]]}