{"categories": [0, 24, 35, 56], "bboxes": [[206.76004028320312, 132.1986083984375, 303.0566101074219, 277.74859619140625], [30.57611656188965, 200.46600341796875, 59.13079833984375, 242.48324584960938], [155.60060119628906, 208.5521240234375, 178.87635803222656, 228.03689575195312], [335.5981140136719, 23.970212936401367, 362.4089660644531, 38.84902572631836]]}