{"categories": [0, 39, 56, 60, 65, 73], "bboxes": [[0.0, 4.6854095458984375, 247.16839599609375, 472.68280029296875], [572.0690307617188, 403.69818115234375, 604.7378540039062, 479.0], [353.0649719238281, 332.9217834472656, 512.023193359375, 473.6800842285156], [501.1629333496094, 435.568359375, 639.0, 479.0], [355.841064453125, 181.9502716064453, 377.1090087890625, 197.1183319091797], [447.9388427734375, 289.704833984375, 475.6876220703125, 300.5439453125]]}