{"categories": [0, 27, 67], "bboxes": [[0.0, 24.808135986328125, 250.76083374023438, 333.0], [201.91891479492188, 87.02783203125, 237.11825561523438, 227.75128173828125], [82.47513580322266, 120.0789794921875, 103.57012176513672, 154.3182373046875]]}