{"categories": [0, 2, 7, 13, 19], "bboxes": [[357.79974365234375, 69.85037994384766, 448.38128662109375, 302.3018493652344], [489.0357666015625, 107.95626068115234, 499.0, 124.17963409423828], [63.22722625732422, 79.09404754638672, 121.81063079833984, 110.15128326416016], [7.298656463623047, 144.77247619628906, 38.57595443725586, 175.6039581298828], [72.17977905273438, 136.60415649414062, 350.43499755859375, 310.46514892578125]]}