{"categories": [0, 37, 39], "bboxes": [[0.5544548034667969, 112.88261413574219, 117.41789245605469, 490.1968994140625], [69.00881958007812, 244.5265350341797, 186.76986694335938, 322.8443603515625], [156.0703125, 216.90098571777344, 178.58255004882812, 250.39515686035156]]}