{"categories": [0, 20, 26, 56], "bboxes": [[573.3588256835938, 211.71835327148438, 632.8475952148438, 368.0363464355469], [267.7895812988281, 142.0521240234375, 438.1821594238281, 403.36517333984375], [155.372802734375, 249.160888671875, 189.21102905273438, 312.6107177734375], [131.51788330078125, 302.2442932128906, 174.29559326171875, 355.3111267089844]]}