{"categories": [0, 34, 35, 37], "bboxes": [[391.0381164550781, 73.68097686767578, 488.4794616699219, 206.51275634765625], [465.42852783203125, 146.83868408203125, 486.59454345703125, 222.74649047851562], [297.3020324707031, 221.54220581054688, 324.2745666503906, 244.54840087890625], [236.89920043945312, 275.3114318847656, 268.98583984375, 290.7425842285156]]}