{"categories": [0, 2, 3, 7, 9, 73, 74], "bboxes": [[23.82998275756836, 78.2039794921875, 98.97029113769531, 178.24435424804688], [137.04591369628906, 168.97930908203125, 293.475341796875, 266.7575378417969], [4.484893798828125, 120.08150482177734, 166.57022094726562, 288.4007873535156], [0.0, 124.35651397705078, 173.35421752929688, 290.428466796875], [74.74751281738281, 131.64328002929688, 166.9375457763672, 219.98443603515625], [461.467041015625, 127.32867431640625, 487.47442626953125, 198.24429321289062], [240.13404846191406, 65.96360778808594, 265.8515930175781, 89.05670166015625]]}