{"categories": [0, 39, 41, 44, 45, 55, 60], "bboxes": [[29.87810516357422, 62.052581787109375, 283.334228515625, 337.5533447265625], [511.61944580078125, 215.54627990722656, 553.2896118164062, 362.4696044921875], [547.2286987304688, 254.66683959960938, 575.2140502929688, 291.2301940917969], [353.23236083984375, 285.22625732421875, 388.0882568359375, 307.5970458984375], [385.5697021484375, 299.1977844238281, 498.99169921875, 361.1678161621094], [180.94883728027344, 301.2611999511719, 358.048583984375, 398.1946716308594], [4.80133056640625, 280.9521789550781, 639.0, 450.1488952636719]]}