{"categories": [0, 1, 26, 46, 47, 49, 51], "bboxes": [[103.12368774414062, 94.53581237792969, 227.346923828125, 328.240234375], [142.9561767578125, 195.64553833007812, 265.72991943359375, 333.0], [47.60646057128906, 191.32017517089844, 100.49394226074219, 254.91893005371094], [257.8517150878906, 180.23556518554688, 283.4348449707031, 193.78466796875], [452.00836181640625, 212.2108917236328, 497.16363525390625, 234.00120544433594], [361.9736328125, 205.86021423339844, 468.49029541015625, 243.9674835205078], [334.72784423828125, 225.72560119628906, 368.97027587890625, 238.7619171142578]]}