{"categories": [0, 27], "bboxes": [[274.67578125, 13.723892211914062, 594.722412109375, 423.723876953125], [330.2918701171875, 184.18692016601562, 373.05859375, 292.52545166015625]]}