{"categories": [0, 30], "bboxes": [[355.2929992675781, 146.482666015625, 462.9164123535156, 325.476806640625], [381.24249267578125, 305.5679016113281, 441.58807373046875, 347.5002136230469]]}