{"categories": [0, 29, 38, 56], "bboxes": [[6.690563201904297, 66.3653564453125, 80.39518737792969, 307.0884704589844], [264.1058654785156, 270.386474609375, 308.9540710449219, 291.01220703125], [183.45770263671875, 262.8229675292969, 233.04794311523438, 371.7943420410156], [2.1128082275390625, 459.2356872558594, 154.93356323242188, 496.6007995605469]]}