{"categories": [0, 16, 33], "bboxes": [[164.408447265625, 280.0035400390625, 294.6136779785156, 569.6771240234375], [236.3640899658203, 361.6626281738281, 272.3912658691406, 416.2267761230469], [2.980865478515625, 89.76918029785156, 90.06624603271484, 185.2523651123047]]}