{"categories": [0, 2, 20], "bboxes": [[26.74622344970703, 129.539794921875, 76.38360595703125, 330.6648254394531], [378.53338623046875, 182.6067352294922, 405.5084228515625, 199.91554260253906], [112.20996856689453, 72.10148620605469, 330.8818359375, 319.0916748046875]]}