{"categories": [0, 7, 32], "bboxes": [[390.1208801269531, 68.56243896484375, 499.0, 325.9132385253906], [387.10589599609375, 52.370094299316406, 494.16827392578125, 115.81005096435547], [393.99688720703125, 131.90878295898438, 403.9224853515625, 141.5526123046875]]}