{"categories": [0, 2, 3, 6, 26], "bboxes": [[124.82804870605469, 218.4460906982422, 206.94737243652344, 442.75689697265625], [188.7005157470703, 258.990966796875, 248.7895965576172, 338.3072509765625], [335.625732421875, 315.6372375488281, 374.0, 417.3473815917969], [0.7176361083984375, 146.92303466796875, 369.97015380859375, 285.2821350097656], [103.42201232910156, 290.3114013671875, 134.29150390625, 357.69989013671875]]}