{"categories": [0, 26, 27, 28], "bboxes": [[20.60393524169922, 146.20425415039062, 161.14166259765625, 330.19183349609375], [231.9538116455078, 258.54718017578125, 255.29542541503906, 299.6402587890625], [379.9751281738281, 258.6473693847656, 397.8942565917969, 303.2798767089844], [231.53775024414062, 260.8134460449219, 255.33737182617188, 298.2507019042969]]}