{"categories": [0, 6, 24, 26, 28, 34], "bboxes": [[174.02682495117188, 66.95185852050781, 265.4389343261719, 374.0], [36.4254150390625, 14.692611694335938, 499.0, 328.81689453125], [37.361839294433594, 173.49087524414062, 71.8716812133789, 222.21923828125], [251.4545440673828, 240.90151977539062, 284.12811279296875, 319.9134826660156], [300.43048095703125, 219.2783203125, 357.67962646484375, 301.294189453125], [75.68539428710938, 216.87014770507812, 85.83699035644531, 266.4706726074219]]}