{"categories": [0, 24, 26, 27, 41, 43, 45, 60, 74, 75], "bboxes": [[320.12017822265625, 58.232391357421875, 499.0, 331.02935791015625], [7.695068359375, 154.58859252929688, 94.3175048828125, 315.7101745605469], [7.222919464111328, 159.5669403076172, 97.88868713378906, 323.85064697265625], [87.67384338378906, 161.99131774902344, 103.61141967773438, 206.7584686279297], [339.54998779296875, 242.4408416748047, 356.666015625, 258.61865234375], [285.6679992675781, 268.3592224121094, 303.4852600097656, 287.0428161621094], [246.0277099609375, 210.01844787597656, 298.689453125, 236.3552703857422], [85.91679382324219, 185.45944213867188, 397.00128173828125, 320.5752258300781], [227.39100646972656, 148.36668395996094, 256.78448486328125, 172.61009216308594], [34.2631950378418, 4.3820953369140625, 63.9340705871582, 41.8643913269043]]}