{"categories": [0, 1, 2, 3, 24, 29, 35], "bboxes": [[277.9349365234375, 55.36686706542969, 345.61077880859375, 223.1781768798828], [131.78756713867188, 101.86770629882812, 162.57220458984375, 127.30436706542969], [464.64990234375, 106.11083984375, 499.0, 135.44366455078125], [2.9235153198242188, 94.84535217285156, 39.375850677490234, 129.1448211669922], [451.2505798339844, 183.34738159179688, 497.6973571777344, 202.74081420898438], [165.7130126953125, 100.51952362060547, 188.70059204101562, 121.52185821533203], [481.28509521484375, 185.89523315429688, 499.0, 201.52963256835938]]}