{"categories": [0, 37], "bboxes": [[280.7889709472656, 58.323760986328125, 394.3819274902344, 366.2767028808594], [213.17132568359375, 295.7626037597656, 473.28143310546875, 389.4634704589844]]}