{"categories": [0, 29], "bboxes": [[278.2681884765625, 199.3016357421875, 351.0223388671875, 315.65020751953125], [334.194580078125, 98.99903869628906, 357.6505126953125, 111.018798828125]]}