{"categories": [0, 29, 34], "bboxes": [[392.05426025390625, 29.01517677307129, 428.80908203125, 87.03227233886719], [246.34384155273438, 73.5741195678711, 268.4010314941406, 79.41109466552734], [127.07504272460938, 135.8629150390625, 169.537841796875, 173.45687866210938]]}