{"categories": [0, 33], "bboxes": [[59.93659973144531, 201.83009338378906, 106.89332580566406, 273.7723083496094], [91.24508666992188, 27.072490692138672, 120.03390502929688, 59.34157943725586]]}