{"categories": [0, 29, 32, 35], "bboxes": [[316.3959655761719, 67.2735824584961, 517.248046875, 261.79425048828125], [15.858160018920898, 290.56732177734375, 37.3150634765625, 298.734619140625], [503.1128845214844, 241.63787841796875, 518.4293212890625, 255.80380249023438], [384.0353698730469, 151.33815002441406, 416.4587097167969, 182.76319885253906]]}