{"categories": [0, 37], "bboxes": [[208.78338623046875, 95.03702545166016, 300.78546142578125, 268.6032409667969], [305.9398193359375, 124.72443389892578, 409.147705078125, 199.365478515625]]}