{"categories": [0, 1, 3, 7], "bboxes": [[308.47381591796875, 253.12939453125, 406.1077880859375, 575.5293579101562], [298.89166259765625, 426.0904541015625, 465.176513671875, 636.2230224609375], [85.52978515625, 427.0352478027344, 197.93820190429688, 548.6912841796875], [1.02069091796875, 338.2572937011719, 169.79493713378906, 465.7138977050781]]}