{"categories": [0, 2, 24, 33, 56, 67], "bboxes": [[305.3971252441406, 147.50057983398438, 442.5276794433594, 421.6222229003906], [563.1575927734375, 133.6874542236328, 621.6937255859375, 173.0819854736328], [228.936767578125, 333.6527404785156, 324.8382568359375, 367.5824890136719], [492.5204162597656, 171.414306640625, 635.5162353515625, 261.6593017578125], [382.81610107421875, 335.2820129394531, 426.23529052734375, 362.6309509277344], [341.33880615234375, 176.01646423339844, 359.79193115234375, 197.8350067138672]]}