{"categories": [0, 25, 26], "bboxes": [[347.4305725097656, 68.5449447631836, 431.1542053222656, 286.750732421875], [66.27227020263672, 52.652503967285156, 193.24264526367188, 134.6375732421875], [88.32661437988281, 105.20620727539062, 140.67849731445312, 204.3363037109375]]}