{"categories": [0, 41, 55, 56, 57, 60, 73], "bboxes": [[34.278350830078125, 0.0, 340.0210266113281, 323.6478576660156], [389.9479675292969, 66.16371154785156, 407.5907897949219, 92.29627990722656], [96.74136352539062, 284.43353271484375, 425.2057189941406, 405.17987060546875], [10.429677963256836, 149.47744750976562, 52.44146728515625, 312.8326110839844], [301.1903076171875, 137.59890747070312, 427.0, 297.836669921875], [5.009246826171875, 277.2469177246094, 427.0, 442.0], [18.99187469482422, 320.90704345703125, 137.43759155273438, 430.34814453125]]}