{"categories": [0, 56, 60, 62, 73], "bboxes": [[311.0780029296875, 127.16484069824219, 351.1793212890625, 173.5293426513672], [138.2733154296875, 141.17282104492188, 159.55853271484375, 167.88299560546875], [81.96989440917969, 159.62966918945312, 450.9788818359375, 360.0347595214844], [163.58309936523438, 95.05915069580078, 204.37884521484375, 130.1618194580078], [355.278076171875, 182.48265075683594, 383.2772216796875, 204.5434112548828]]}