{"categories": [0, 32, 38, 56], "bboxes": [[363.7684631347656, 36.190025329589844, 430.0202941894531, 155.43341064453125], [153.57310485839844, 118.7381362915039, 162.00355529785156, 127.97795867919922], [127.97502136230469, 130.10940551757812, 180.27000427246094, 163.31118774414062], [232.30618286132812, 81.26051330566406, 281.5027770996094, 145.47976684570312]]}