{"categories": [0, 40, 41, 55, 56, 60, 63], "bboxes": [[185.10543823242188, 23.87610626220703, 393.8932800292969, 265.2872009277344], [240.37033081054688, 179.6841583251953, 288.0232238769531, 252.30287170410156], [302.10089111328125, 210.0767059326172, 338.6781005859375, 247.21336364746094], [175.03775024414062, 203.61068725585938, 212.43637084960938, 242.9920654296875], [158.78445434570312, 247.7457733154297, 336.2782897949219, 306.6987609863281], [27.448272705078125, 242.65354919433594, 363.9190368652344, 317.2568359375], [106.12425231933594, 289.32757568359375, 293.72589111328125, 329.23284912109375]]}