{"categories": [0, 30], "bboxes": [[172.18641662597656, 115.87796783447266, 249.8555450439453, 313.5215759277344], [160.17816162109375, 289.64324951171875, 299.2950744628906, 332.1822509765625]]}