{"categories": [0, 2, 9, 24, 26, 27], "bboxes": [[299.6868591308594, 487.63824462890625, 423.7619323730469, 637.0125122070312], [95.63768005371094, 564.9822998046875, 306.0069580078125, 635.5599365234375], [18.384681701660156, 9.934593200683594, 93.91075134277344, 218.08544921875], [295.4423522949219, 582.3218383789062, 386.5317077636719, 639.0], [43.635963439941406, 575.7916259765625, 64.86713409423828, 612.5325927734375], [218.5162353515625, 580.5571899414062, 241.95016479492188, 635.7599487304688]]}