{"categories": [0, 13, 26, 41, 56, 57, 58, 62, 63], "bboxes": [[205.21978759765625, 15.48553466796875, 354.5491943359375, 250.3770751953125], [0.0, 153.52113342285156, 455.8243408203125, 327.1507568359375], [22.389842987060547, 200.87384033203125, 93.25657653808594, 241.29901123046875], [274.3721008300781, 169.41494750976562, 310.1518859863281, 202.08453369140625], [316.4103088378906, 94.5259017944336, 439.0661926269531, 242.0616455078125], [23.055465698242188, 105.95549774169922, 413.992431640625, 283.68536376953125], [413.5278625488281, 45.9217643737793, 499.0, 153.1041717529297], [189.88259887695312, 0.0, 344.1830139160156, 39.01441192626953], [4.385021209716797, 97.17451477050781, 84.478759765625, 195.0010528564453]]}