{"categories": [0, 24, 26, 45, 50, 51, 58, 74, 77], "bboxes": [[111.14881896972656, 321.32720947265625, 209.7024688720703, 494.07757568359375], [297.76177978515625, 257.9664001464844, 324.48236083984375, 299.3977355957031], [203.0932159423828, 449.0544738769531, 257.5493469238281, 498.6270446777344], [283.3894348144531, 160.26535034179688, 310.2247619628906, 176.27566528320312], [331.1539306640625, 361.9471130371094, 356.0, 417.1014709472656], [32.23942565917969, 325.5973205566406, 141.57015991210938, 472.7886047363281], [315.4662170410156, 192.09779357910156, 355.7987365722656, 273.8410339355469], [150.38409423828125, 65.85609436035156, 226.19427490234375, 147.12689208984375], [334.9096374511719, 287.24664306640625, 356.0, 316.5321044921875]]}