{"categories": [0, 2, 7, 13, 16, 17, 24, 27, 33, 41, 45, 60], "bboxes": [[152.70791625976562, 106.72071838378906, 284.1904602050781, 342.78082275390625], [402.8597717285156, 58.89169692993164, 443.0497131347656, 82.04705810546875], [316.63458251953125, 64.75666809082031, 365.23455810546875, 84.48039245605469], [85.25082397460938, 165.71676635742188, 380.0794372558594, 309.70318603515625], [400.24609375, 83.227783203125, 422.41400146484375, 129.7261962890625], [222.080810546875, 86.83392333984375, 266.6135559082031, 105.22201538085938], [96.3467788696289, 169.34494018554688, 167.3297119140625, 273.4636535644531], [379.0894775390625, 138.35902404785156, 392.95916748046875, 178.7224578857422], [332.48944091796875, 11.808358192443848, 354.65966796875, 34.18413162231445], [253.08740234375, 154.8946990966797, 272.3961181640625, 175.04917907714844], [286.1275939941406, 144.08839416503906, 331.0823669433594, 168.19871520996094], [404.933837890625, 128.68991088867188, 498.0513916015625, 197.44720458984375]]}