{"categories": [0, 2, 29], "bboxes": [[256.3109130859375, 103.69010162353516, 413.55169677734375, 310.4040222167969], [0.0, 178.57098388671875, 29.575401306152344, 205.14480590820312], [213.9508056640625, 178.01585388183594, 259.2952880859375, 195.33970642089844]]}