{"categories": [0, 2, 13, 26, 40, 41, 58], "bboxes": [[116.72694396972656, 63.26002502441406, 269.74676513671875, 316.42559814453125], [238.06019592285156, 132.51597595214844, 270.2037658691406, 173.42723083496094], [33.07246398925781, 136.98748779296875, 499.0, 304.98187255859375], [114.15322875976562, 164.9944610595703, 160.931884765625, 222.3393096923828], [96.50279235839844, 123.7841567993164, 117.31649780273438, 156.76101684570312], [96.43485260009766, 123.53877258300781, 117.14693450927734, 151.87449645996094], [239.9170379638672, 11.953368186950684, 266.58282470703125, 38.989498138427734]]}