{"categories": [0, 1, 8, 17, 24, 26, 35], "bboxes": [[240.95477294921875, 377.20330810546875, 373.583251953125, 635.8512573242188], [153.35433959960938, 235.18557739257812, 387.3232727050781, 408.2439880371094], [125.15182495117188, 19.696077346801758, 274.3349304199219, 61.008628845214844], [293.3247985839844, 109.82072448730469, 353.4713439941406, 229.53858947753906], [362.26397705078125, 225.4727783203125, 426.51788330078125, 259.80792236328125], [229.16201782226562, 125.23487854003906, 246.37118530273438, 151.37937927246094], [172.14105224609375, 223.31568908691406, 198.15008544921875, 239.3231658935547]]}