{"categories": [0, 6, 26, 72], "bboxes": [[89.62661743164062, 79.23524475097656, 185.18240356445312, 444.09619140625], [0.0, 4.6207275390625, 376.0, 396.998046875], [177.53591918945312, 233.25845336914062, 240.8221435546875, 317.2212829589844], [299.99737548828125, 18.926132202148438, 366.6080322265625, 371.313720703125]]}