{"categories": [0, 3, 26, 51], "bboxes": [[172.92919921875, 69.3869400024414, 274.8686218261719, 312.4649353027344], [71.10903930664062, 140.86233520507812, 454.6234436035156, 373.8952941894531], [129.3148651123047, 150.3048858642578, 208.8890838623047, 226.2386016845703], [276.08660888671875, 149.60411071777344, 311.17822265625, 167.59190368652344]]}