{"categories": [0, 26, 39, 54, 56, 62], "bboxes": [[279.28875732421875, 155.82371520996094, 439.7891845703125, 369.15960693359375], [157.679443359375, 293.125, 261.18292236328125, 372.0595703125], [463.5695495605469, 194.7527313232422, 479.7692565917969, 238.4557342529297], [80.08619689941406, 247.0946044921875, 148.96092224121094, 308.55914306640625], [384.0507507324219, 198.2281951904297, 409.4170227050781, 226.15000915527344], [465.55548095703125, 250.16561889648438, 499.0, 331.2340393066406]]}