{"categories": [0, 37, 56, 59, 60], "bboxes": [[205.5985565185547, 11.204505920410156, 310.283203125, 158.95144653320312], [45.73577880859375, 139.88121032714844, 485.95745849609375, 233.64869689941406], [138.40773010253906, 62.86034393310547, 222.0758514404297, 161.551025390625], [21.115768432617188, 116.75592041015625, 499.0, 341.832763671875], [164.69903564453125, 288.60498046875, 496.53173828125, 371.36566162109375]]}