{"categories": [0, 24, 33], "bboxes": [[313.1711730957031, 172.43328857421875, 378.4315490722656, 297.0213928222656], [378.0529479980469, 179.61524963378906, 414.3862609863281, 226.99269104003906], [83.05416107177734, 147.2687530517578, 118.26007843017578, 158.29078674316406]]}