{"categories": [0, 5, 7], "bboxes": [[183.2997283935547, 164.04061889648438, 248.90992736816406, 333.27520751953125], [7.9644012451171875, 53.10155487060547, 328.04290771484375, 301.2491455078125], [428.14453125, 132.4170379638672, 499.0, 241.28062438964844]]}