{"categories": [0, 16, 17, 18, 19, 56], "bboxes": [[279.9240417480469, 103.3145523071289, 370.7157287597656, 298.3792419433594], [395.6145935058594, 258.1676025390625, 499.0, 330.84759521484375], [41.10520935058594, 85.44377899169922, 270.9141845703125, 237.61285400390625], [217.85348510742188, 218.6949462890625, 390.7593688964844, 295.08148193359375], [255.427734375, 228.77989196777344, 404.15728759765625, 291.64697265625], [0.7381706237792969, 169.2587432861328, 41.640811920166016, 224.0941925048828]]}