{"categories": [0, 13, 24, 25, 34], "bboxes": [[288.83489990234375, 182.7819061279297, 402.51678466796875, 505.2122802734375], [564.6524047851562, 159.39532470703125, 618.5820922851562, 174.04458618164062], [406.7061462402344, 246.39752197265625, 489.3341369628906, 336.2587890625], [312.42041015625, 95.8301010131836, 532.0425415039062, 231.83843994140625], [290.7434997558594, 355.4181823730469, 313.4454040527344, 469.4695129394531]]}