{"categories": [0, 1, 12, 26], "bboxes": [[121.99360656738281, 68.1680908203125, 194.14964294433594, 326.3883056640625], [255.13681030273438, 284.842041015625, 437.7363586425781, 373.53900146484375], [454.65277099609375, 107.08538818359375, 499.0, 218.05453491210938], [336.3050842285156, 143.92080688476562, 392.4225769042969, 255.01620483398438]]}