{"categories": [0, 25, 31, 33], "bboxes": [[146.70809936523438, 95.97789001464844, 352.3211364746094, 374.21026611328125], [0.0, 0.0, 457.505615234375, 248.40737915039062], [98.00460815429688, 349.9873046875, 313.9001159667969, 388.624267578125], [9.561004638671875, 1.7342605590820312, 455.0013732910156, 242.43197631835938]]}