{"categories": [0, 24, 26, 39, 41, 54, 56, 58, 60], "bboxes": [[368.5845947265625, 212.94378662109375, 636.7175903320312, 470.4720458984375], [84.34501647949219, 149.02691650390625, 139.34573364257812, 227.49331665039062], [172.68746948242188, 176.8413848876953, 203.9901123046875, 227.6837921142578], [189.44424438476562, 136.65237426757812, 201.62246704101562, 160.22152709960938], [140.11155700683594, 173.43203735351562, 168.75498962402344, 198.11575317382812], [480.1183776855469, 350.69647216796875, 548.3685302734375, 416.50665283203125], [614.275390625, 250.75933837890625, 639.0, 299.4039306640625], [584.3781127929688, 128.84124755859375, 639.0, 244.41067504882812], [352.4002685546875, 425.22198486328125, 551.1736450195312, 476.29669189453125]]}