{"categories": [0, 30], "bboxes": [[404.7486572265625, 86.92123413085938, 556.9791870117188, 367.9596252441406], [234.3941192626953, 353.21624755859375, 537.1665649414062, 374.43438720703125]]}