{"categories": [0, 20], "bboxes": [[167.5541534423828, 24.632728576660156, 268.6145935058594, 257.4618835449219], [53.36225891113281, 227.82781982421875, 422.29571533203125, 486.91552734375]]}