{"categories": [0, 36], "bboxes": [[155.3521270751953, 63.01014709472656, 380.03173828125, 387.68438720703125], [308.64178466796875, 226.66065979003906, 397.341796875, 391.2762451171875]]}