{"categories": [0, 13, 17, 74], "bboxes": [[68.99916076660156, 144.20762634277344, 126.00190734863281, 321.65472412109375], [0.6216163635253906, 249.22518920898438, 57.4701042175293, 290.3183898925781], [177.4463653564453, 143.0153045654297, 473.61859130859375, 362.62225341796875], [114.05758666992188, 204.69625854492188, 135.223876953125, 232.03948974609375]]}