{"categories": [0, 16, 19, 32, 34, 58], "bboxes": [[293.5981140136719, 109.39756774902344, 525.1544189453125, 416.03387451171875], [542.5858764648438, 177.01882934570312, 576.9121704101562, 198.26431274414062], [543.0509643554688, 176.86941528320312, 572.6397094726562, 197.45452880859375], [298.9085998535156, 36.397483825683594, 339.5198669433594, 80.83222198486328], [432.8536071777344, 80.38543701171875, 443.0744934082031, 117.91966247558594], [214.02369689941406, 77.66886901855469, 275.26202392578125, 176.80908203125]]}