{"categories": [0, 39, 45, 56, 63, 67, 73, 74], "bboxes": [[2.9573745727539062, 38.670501708984375, 246.83157348632812, 463.6585693359375], [263.7923278808594, 422.3994140625, 363.3335266113281, 478.5721435546875], [452.17352294921875, 188.65606689453125, 562.9295043945312, 259.9592590332031], [60.06861114501953, 225.19985961914062, 297.0865478515625, 470.0456848144531], [185.02015686035156, 205.38595581054688, 514.3966064453125, 455.2550964355469], [472.8443298339844, 336.1846618652344, 513.2005615234375, 378.5375671386719], [225.46401977539062, 0.0, 416.8661193847656, 172.50332641601562], [463.14312744140625, 420.37591552734375, 489.6541748046875, 454.3748779296875]]}