{"categories": [0, 26, 39, 41, 45, 60, 72], "bboxes": [[0.0, 76.11029052734375, 132.62802124023438, 325.83740234375], [329.6230773925781, 239.2696533203125, 407.9895935058594, 316.15069580078125], [412.39617919921875, 189.6895294189453, 458.3045654296875, 309.9407653808594], [200.6112823486328, 253.57476806640625, 221.13429260253906, 296.7489013671875], [360.54632568359375, 307.4988708496094, 495.86175537109375, 332.0], [208.7249298095703, 245.51220703125, 494.2010498046875, 328.81494140625], [145.75668334960938, 128.282958984375, 186.5955810546875, 219.7606201171875]]}