{"categories": [0, 32], "bboxes": [[277.351806640625, 137.3221893310547, 392.12164306640625, 314.18463134765625], [186.09109497070312, 224.47787475585938, 215.4454345703125, 255.39987182617188]]}