{"categories": [0, 1, 2, 7, 24], "bboxes": [[70.6337890625, 111.9554672241211, 129.29827880859375, 241.28146362304688], [171.42919921875, 59.1587028503418, 256.24371337890625, 127.78671264648438], [66.87811279296875, 128.86538696289062, 353.35955810546875, 229.98562622070312], [274.03271484375, 108.59007263183594, 497.164794921875, 195.98387145996094], [404.1046447753906, 152.8447723388672, 437.9839172363281, 206.8961944580078]]}