{"categories": [0, 40, 45, 53, 69, 71], "bboxes": [[322.8094177246094, 136.30615234375, 563.9901733398438, 419.5667724609375], [14.263440132141113, 238.470703125, 39.76444625854492, 290.104248046875], [498.37939453125, 195.44534301757812, 582.369140625, 242.08767700195312], [305.0768737792969, 202.63258361816406, 380.8200378417969, 231.44590759277344], [155.34007263183594, 147.00367736816406, 442.4786376953125, 338.6663818359375], [441.4106750488281, 332.69036865234375, 639.0, 418.02459716796875]]}