{"categories": [0, 35, 36], "bboxes": [[229.64932250976562, 4.273956298828125, 381.9613952636719, 287.6763916015625], [343.5411071777344, 72.34652709960938, 379.2669982910156, 114.35055541992188], [244.54806518554688, 277.1598205566406, 318.3434143066406, 302.6676330566406]]}