{"categories": [0, 27, 39, 41, 44, 45, 58, 60, 62, 65, 73], "bboxes": [[424.1638488769531, 77.48320007324219, 502.4676208496094, 379.27069091796875], [449.52655029296875, 138.2649383544922, 465.78289794921875, 182.69847106933594], [113.40089416503906, 184.8844451904297, 131.3708038330078, 224.8946075439453], [58.41667938232422, 288.8074645996094, 98.8026351928711, 337.5318908691406], [593.1044311523438, 343.8860778808594, 614.6665649414062, 372.7386169433594], [586.778564453125, 356.2617492675781, 629.128173828125, 395.5302429199219], [194.7489013671875, 188.94937133789062, 216.3055419921875, 237.84039306640625], [0.0, 244.9539794921875, 242.79232788085938, 414.09228515625], [532.2949829101562, 66.40994262695312, 635.4714965820312, 186.54151916503906], [175.9103240966797, 268.51654052734375, 232.0863800048828, 281.20257568359375], [18.189245223999023, 242.64430236816406, 59.50660705566406, 265.70654296875]]}