{"categories": [0, 19, 24, 27, 48, 56, 60, 67], "bboxes": [[428.44903564453125, 70.62934112548828, 499.0, 261.26043701171875], [344.1853942871094, 260.7516174316406, 499.0, 327.3048400878906], [448.8150634765625, 123.02259063720703, 498.94390869140625, 215.98236083984375], [208.90150451660156, 164.65487670898438, 249.0983428955078, 286.5980529785156], [329.0258483886719, 261.4983825683594, 499.0, 328.5453186035156], [368.66510009765625, 228.78189086914062, 382.61163330078125, 265.7309265136719], [0.0, 239.65017700195312, 442.1372375488281, 330.0275573730469], [468.1266784667969, 94.1777572631836, 484.1229553222656, 108.4330825805664]]}