{"categories": [0, 36], "bboxes": [[45.5099983215332, 95.05532836914062, 142.64208984375, 453.7615051269531], [85.1888427734375, 423.63165283203125, 175.38519287109375, 462.21209716796875]]}