{"categories": [0, 24, 25, 28, 39, 56], "bboxes": [[333.32427978515625, 149.4270782470703, 437.8480224609375, 283.81512451171875], [341.4831237792969, 131.2304229736328, 366.6349792480469, 170.4300079345703], [238.197998046875, 52.994903564453125, 394.83160400390625, 120.56556701660156], [375.74267578125, 47.926021575927734, 401.9937744140625, 82.9964599609375], [364.5255126953125, 228.3990936279297, 381.871337890625, 292.4627685546875], [7.253068923950195, 73.23357391357422, 36.71959686279297, 114.38391876220703]]}