{"categories": [0, 39, 40, 41, 43, 45, 55, 60, 67, 73, 75], "bboxes": [[185.66445922851562, 123.89825439453125, 332.5692443847656, 360.2195739746094], [83.38899230957031, 282.42401123046875, 112.42037963867188, 359.91357421875], [7.218284606933594, 323.0656433105469, 47.751163482666016, 388.2857971191406], [194.4582061767578, 373.56866455078125, 225.21266174316406, 415.37255859375], [537.3184204101562, 307.7678527832031, 559.9507446289062, 349.5658874511719], [492.61590576171875, 49.96470260620117, 518.5379028320312, 61.57870101928711], [261.69659423828125, 389.64337158203125, 341.42694091796875, 423.0], [10.232421875, 316.55413818359375, 639.0, 421.58447265625], [105.30809020996094, 400.8276672363281, 143.9335479736328, 421.0533142089844], [11.555597305297852, 240.691650390625, 47.93756866455078, 258.22821044921875], [416.4068298339844, 43.032257080078125, 429.9739074707031, 66.19523620605469]]}