{"categories": [0, 28, 34, 35, 56], "bboxes": [[76.61112213134766, 54.99046325683594, 210.45672607421875, 293.1317138671875], [434.27301025390625, 117.17532348632812, 462.2293701171875, 135.88003540039062], [167.82554626464844, 24.45553970336914, 195.4603729248047, 101.16352844238281], [264.3537902832031, 197.2239227294922, 294.1210021972656, 223.67198181152344], [314.6854248046875, 43.63276672363281, 336.9727783203125, 58.76823425292969]]}