{"categories": [0, 6, 67, 68, 69], "bboxes": [[98.06734466552734, 26.05005645751953, 259.4729309082031, 255.21044921875], [0.0, 0.0, 499.0, 220.10687255859375], [390.6650390625, 200.12306213378906, 409.729736328125, 253.51475524902344], [0.049617767333984375, 9.857490539550781, 75.57476806640625, 170.42349243164062], [224.4111785888672, 21.691410064697266, 350.8727722167969, 139.79449462890625]]}