{"categories": [0, 39, 41, 48, 52, 56, 68], "bboxes": [[192.24087524414062, 62.28968811035156, 528.35546875, 470.26177978515625], [28.885765075683594, 174.22323608398438, 55.994354248046875, 271.62103271484375], [499.2067565917969, 326.2489013671875, 534.29638671875, 414.3050537109375], [194.8098602294922, 279.23504638671875, 306.1497497558594, 348.12396240234375], [53.566802978515625, 269.2889709472656, 96.43977355957031, 313.8589172363281], [494.546142578125, 416.6363525390625, 519.4654541015625, 479.0], [282.93841552734375, 112.52994537353516, 577.4737548828125, 306.90203857421875]]}