{"categories": [0, 32, 34, 35], "bboxes": [[115.7369384765625, 263.7353515625, 227.13275146484375, 421.841796875], [318.7357177734375, 22.083904266357422, 329.30230712890625, 33.33846664428711], [144.77301025390625, 102.59557342529297, 240.45877075195312, 116.9517593383789], [284.023681640625, 276.19769287109375, 323.02520751953125, 292.30047607421875]]}