{"categories": [0, 46], "bboxes": [[192.65367126464844, 65.48069763183594, 337.3426513671875, 536.322998046875], [307.68682861328125, 433.4076843261719, 428.5771484375, 536.1314697265625]]}