{"categories": [0, 17, 26], "bboxes": [[213.10107421875, 161.4461669921875, 376.8653564453125, 420.8759765625], [37.35924530029297, 319.7240295410156, 111.87650299072266, 422.8397521972656], [199.6488037109375, 277.34698486328125, 331.388916015625, 426.0]]}