{"categories": [0, 30, 31], "bboxes": [[220.52694702148438, 81.41946411132812, 331.4872741699219, 291.91265869140625], [289.0425720214844, 284.69207763671875, 384.6880798339844, 293.307861328125], [139.31219482421875, 153.8947296142578, 193.91738891601562, 299.96466064453125]]}