{"categories": [0, 2, 24, 32, 34], "bboxes": [[121.09459686279297, 114.48442077636719, 217.58663940429688, 215.2545928955078], [45.18423843383789, 102.12413024902344, 69.7790298461914, 112.2421875], [358.70819091796875, 200.84548950195312, 387.01312255859375, 251.1953125], [242.29330444335938, 102.0840072631836, 251.48153686523438, 109.89612579345703], [454.38232421875, 38.46637725830078, 479.14678955078125, 103.59020233154297]]}