{"categories": [0, 39, 41, 44, 45, 58, 69, 71, 72, 73], "bboxes": [[367.9920654296875, 133.43429565429688, 487.22052001953125, 444.2106628417969], [614.4674072265625, 95.85264587402344, 633.2027587890625, 152.57412719726562], [550.77490234375, 246.12451171875, 589.2779541015625, 285.79083251953125], [520.9833374023438, 279.67913818359375, 572.9347534179688, 301.124755859375], [105.02474212646484, 306.3888244628906, 142.63214111328125, 326.5251770019531], [353.5765380859375, 131.1117401123047, 393.493408203125, 163.33042907714844], [0.0, 353.73138427734375, 208.57879638671875, 475.530517578125], [548.2938232421875, 327.70928955078125, 638.288330078125, 379.70880126953125], [110.49513244628906, 97.2964096069336, 283.57672119140625, 316.4900817871094], [2.2321176528930664, 285.06060791015625, 19.297061920166016, 327.304931640625]]}