{"categories": [0, 36], "bboxes": [[226.27606201171875, 22.02692413330078, 351.83026123046875, 174.36642456054688], [188.7914581298828, 199.37277221679688, 228.86476135253906, 241.43826293945312]]}