{"categories": [0, 20, 56], "bboxes": [[280.6824951171875, 133.35995483398438, 472.7183837890625, 331.4830322265625], [130.7357940673828, 58.354164123535156, 364.328369140625, 273.4732666015625], [86.94638061523438, 254.2974853515625, 198.79385375976562, 330.14923095703125]]}