{"categories": [0, 24, 28, 41, 56, 67, 73], "bboxes": [[387.9840087890625, 86.18814086914062, 547.2711791992188, 287.5080871582031], [83.2211685180664, 371.58990478515625, 329.84161376953125, 478.20562744140625], [528.201416015625, 305.65484619140625, 607.71826171875, 438.12213134765625], [549.36572265625, 261.9302978515625, 572.99267578125, 303.57977294921875], [543.6195678710938, 205.1743621826172, 618.3322143554688, 296.37152099609375], [112.30606079101562, 169.97366333007812, 127.2525634765625, 182.72897338867188], [313.1670227050781, 237.2981414794922, 344.5782165527344, 254.86094665527344]]}