{"categories": [0, 41, 45, 53, 54, 60, 71], "bboxes": [[101.96121215820312, 97.56631469726562, 183.78457641601562, 281.47216796875], [10.262033462524414, 347.5904235839844, 63.12512969970703, 419.9855651855469], [207.54904174804688, 400.4623107910156, 275.45660400390625, 462.0557556152344], [90.13668823242188, 261.77215576171875, 135.06300354003906, 309.1627197265625], [138.22447204589844, 417.5948486328125, 193.68190002441406, 458.73065185546875], [6.0162353515625, 339.24859619140625, 289.7987976074219, 497.3544921875], [0.21402549743652344, 256.2822570800781, 47.9505615234375, 277.6222839355469]]}