{"categories": [0, 9, 24, 28, 36, 74], "bboxes": [[239.54696655273438, 94.40689849853516, 320.9662170410156, 235.64056396484375], [129.61782836914062, 60.23878860473633, 145.61810302734375, 72.97151184082031], [421.1411437988281, 168.65176391601562, 473.4499206542969, 226.54315185546875], [263.0583801269531, 191.01048278808594, 319.9204406738281, 236.0710906982422], [182.29025268554688, 274.20477294921875, 250.4127197265625, 298.15185546875], [203.18057250976562, 65.7681884765625, 215.8270263671875, 77.82601928710938]]}