{"categories": [0, 24, 30], "bboxes": [[194.03533935546875, 102.63268280029297, 291.4327392578125, 247.38223266601562], [308.83319091796875, 100.34246826171875, 350.48687744140625, 157.34783935546875], [399.800048828125, 227.47474670410156, 466.144287109375, 243.25660705566406]]}