{"categories": [0, 13, 29, 35], "bboxes": [[210.01580810546875, 87.6117935180664, 426.29718017578125, 326.9637145996094], [49.53685760498047, 152.84490966796875, 91.75850677490234, 170.999755859375], [116.06678771972656, 203.380859375, 156.39683532714844, 225.72955322265625], [324.58624267578125, 302.5160217285156, 351.45880126953125, 327.0694274902344]]}