{"categories": [0, 15, 59, 74], "bboxes": [[340.4372863769531, 127.87530517578125, 548.7333984375, 450.51495361328125], [176.75852966308594, 325.8749694824219, 217.9562530517578, 365.4667053222656], [0.0, 232.84567260742188, 316.04791259765625, 473.4072570800781], [332.4571838378906, 308.42523193359375, 384.5194396972656, 335.824462890625]]}