{"categories": [0, 34, 35], "bboxes": [[101.22213745117188, 126.42947387695312, 298.9113464355469, 415.6913146972656], [196.63995361328125, 65.27725219726562, 265.91162109375, 167.07765197753906], [362.30255126953125, 272.0018310546875, 393.89959716796875, 308.6365966796875]]}