{"categories": [0, 30, 38], "bboxes": [[119.50505828857422, 75.29901885986328, 254.227294921875, 255.46307373046875], [79.82695770263672, 237.9814910888672, 221.53985595703125, 268.01019287109375], [442.79327392578125, 136.83956909179688, 456.04302978515625, 192.9375]]}