{"categories": [0, 39, 41, 60, 63, 64, 65], "bboxes": [[0.0, 3.6065216064453125, 164.058837890625, 469.6083984375], [503.7176208496094, 394.367431640625, 533.7604370117188, 458.4139404296875], [517.046630859375, 381.2717590332031, 549.4375, 420.5836486816406], [370.3284912109375, 272.61395263671875, 639.0, 468.96417236328125], [543.6649169921875, 259.172607421875, 629.65869140625, 288.22930908203125], [540.9579467773438, 334.443603515625, 569.3478393554688, 347.677978515625], [82.73982238769531, 345.5569763183594, 96.46890258789062, 365.9576721191406]]}