{"categories": [0, 32, 35], "bboxes": [[56.22380447387695, 21.808040618896484, 129.42701721191406, 128.75357055664062], [220.73953247070312, 221.1627197265625, 232.05020141601562, 230.33447265625], [310.7438659667969, 161.70050048828125, 340.6749572753906, 192.95315551757812]]}