{"categories": [0, 40, 41, 42, 43, 44, 45, 56, 58, 60, 73, 75], "bboxes": [[303.4304504394531, 66.89822387695312, 499.0, 329.8866882324219], [134.72666931152344, 190.35842895507812, 171.1161651611328, 283.32281494140625], [94.63359832763672, 272.333251953125, 112.74552154541016, 302.93865966796875], [187.88958740234375, 318.1153869628906, 209.72509765625, 332.0], [35.1276969909668, 252.2896270751953, 122.12782287597656, 290.61309814453125], [305.1905517578125, 268.19110107421875, 345.57098388671875, 286.42138671875], [78.08592224121094, 288.8834533691406, 100.02914428710938, 308.1414489746094], [130.66571044921875, 90.52233123779297, 167.11495971679688, 108.90966033935547], [402.1236572265625, 1.1093559265136719, 431.4761962890625, 57.884185791015625], [23.766525268554688, 166.74679565429688, 401.56768798828125, 325.6778564453125], [338.3164367675781, 239.23951721191406, 402.2881164550781, 265.4026794433594], [408.54510498046875, 30.667015075683594, 429.3797607421875, 57.175262451171875]]}