{"categories": [0, 2, 7, 9, 36, 58], "bboxes": [[177.2542266845703, 86.67303466796875, 221.82066345214844, 184.0865478515625], [265.7374572753906, 43.66779708862305, 292.5012512207031, 61.14584732055664], [236.55067443847656, 39.29618835449219, 255.20079040527344, 55.84358215332031], [224.66525268554688, 1.1893835067749023, 233.74270629882812, 15.930726051330566], [190.87216186523438, 170.27301025390625, 208.79718017578125, 188.29107666015625], [29.319921493530273, 19.428089141845703, 68.59857177734375, 65.82577514648438]]}