{"categories": [0, 13, 27, 38, 65], "bboxes": [[89.54173278808594, 12.212875366210938, 416.37664794921875, 418.99609375], [0.0, 182.06236267089844, 273.42877197265625, 380.00537109375], [446.95697021484375, 132.41317749023438, 464.375244140625, 187.75994873046875], [379.96795654296875, 17.239646911621094, 534.3355712890625, 142.96087646484375], [368.2425842285156, 112.04714965820312, 419.6121520996094, 146.16543579101562]]}