{"categories": [0, 55, 60], "bboxes": [[417.70867919921875, 102.23358154296875, 633.5283813476562, 337.7668762207031], [348.3858642578125, 333.38616943359375, 626.775146484375, 426.48095703125], [376.22119140625, 102.19535827636719, 490.51092529296875, 177.1969451904297]]}