{"categories": [0, 25, 26], "bboxes": [[0.0, 102.04617309570312, 289.82965087890625, 468.1526184082031], [304.5907287597656, 17.367191314697266, 619.523681640625, 107.44943237304688], [33.77008819580078, 260.29150390625, 176.59494018554688, 464.17022705078125]]}