{"categories": [0, 1, 39, 40, 41, 60], "bboxes": [[290.754638671875, 7.0252532958984375, 639.0, 470.4168701171875], [430.8914794921875, 267.7247009277344, 487.28289794921875, 314.2485046386719], [26.239349365234375, 220.9876251220703, 57.67765808105469, 315.00640869140625], [200.48216247558594, 290.3612976074219, 277.79571533203125, 476.7999572753906], [276.1801452636719, 285.206787109375, 320.1172790527344, 345.425048828125], [0.0, 334.94525146484375, 462.53582763671875, 473.744873046875]]}