{"categories": [0, 27, 39, 41, 71], "bboxes": [[241.25193786621094, 119.30760192871094, 371.20611572265625, 475.79949951171875], [303.04986572265625, 182.8988037109375, 323.191650390625, 275.9727478027344], [396.7888488769531, 226.19580078125, 411.4394226074219, 276.98138427734375], [477.1685485839844, 219.6928253173828, 497.9366760253906, 253.75209045410156], [182.21937561035156, 273.1536865234375, 263.4892272949219, 298.79962158203125]]}