{"categories": [0, 16, 34, 39, 56], "bboxes": [[382.67718505859375, 51.92333984375, 552.3817138671875, 423.37835693359375], [103.8248062133789, 285.1328125, 326.0035095214844, 491.34320068359375], [304.7720642089844, 340.8012390136719, 390.3668518066406, 402.6814880371094], [77.87571716308594, 262.69866943359375, 92.870361328125, 319.12200927734375], [50.674827575683594, 0.2277078628540039, 148.21688842773438, 23.983078002929688]]}