{"categories": [0, 27, 41], "bboxes": [[171.10354614257812, 74.2464599609375, 332.0, 493.05389404296875], [168.17945861816406, 225.51287841796875, 254.3289031982422, 489.52337646484375], [35.446895599365234, 186.84393310546875, 80.90998840332031, 250.71273803710938]]}