{"categories": [0, 40, 41, 45, 53, 60, 65, 71], "bboxes": [[84.66056823730469, 9.095947265625, 231.30323791503906, 189.98489379882812], [167.75753784179688, 185.65330505371094, 239.85009765625, 312.0431823730469], [104.25631713867188, 217.16033935546875, 142.7667236328125, 276.5287780761719], [164.0338134765625, 165.52743530273438, 219.4964599609375, 185.77066040039062], [152.856201171875, 284.3966064453125, 374.1673583984375, 369.845947265625], [38.99125671386719, 188.2837677001953, 469.97015380859375, 368.4317626953125], [81.92578125, 215.126953125, 100.54129028320312, 232.56280517578125], [190.80722045898438, 68.98428344726562, 234.53543090820312, 99.593994140625]]}