{"categories": [0, 34, 38, 56], "bboxes": [[312.30035400390625, 202.71878051757812, 399.53692626953125, 322.4519958496094], [280.64263916015625, 241.13595581054688, 292.63433837890625, 287.4989929199219], [280.4010925292969, 234.8509521484375, 294.3316345214844, 286.6517333984375], [587.1395263671875, 96.57290649414062, 613.3770751953125, 116.26576232910156]]}