{"categories": [0, 17, 24, 30, 31], "bboxes": [[66.4827880859375, 99.50918579101562, 147.21189880371094, 227.9759521484375], [472.3757019042969, 99.78199005126953, 486.8187561035156, 122.9327163696289], [328.7032470703125, 109.40425872802734, 355.05023193359375, 152.7405242919922], [38.30524444580078, 222.756591796875, 175.8411865234375, 231.4224853515625], [170.0690460205078, 193.9668731689453, 199.2176055908203, 215.5819549560547]]}