{"categories": [0, 55, 56, 60], "bboxes": [[281.8680725097656, 6.1005706787109375, 568.0294189453125, 402.81207275390625], [176.01373291015625, 240.89334106445312, 416.34649658203125, 360.3900451660156], [71.00176239013672, 287.6075439453125, 176.64068603515625, 405.3350830078125], [138.8105926513672, 238.07208251953125, 475.971435546875, 398.34307861328125]]}