{"categories": [0, 25, 26], "bboxes": [[379.3501281738281, 87.18898010253906, 475.4908142089844, 369.4222412109375], [228.24822998046875, 43.53302001953125, 396.8056640625, 205.3809356689453], [381.6570739746094, 162.3962860107422, 427.3607482910156, 266.36871337890625]]}