{"categories": [0, 24, 35, 56], "bboxes": [[241.1081085205078, 136.26145935058594, 357.50592041015625, 305.7393798828125], [112.92189025878906, 163.60513305664062, 128.63668823242188, 184.01260375976562], [127.74421691894531, 247.8975830078125, 163.0448455810547, 274.50738525390625], [328.9225769042969, 142.39129638671875, 365.9815368652344, 188.45156860351562]]}