{"categories": [0, 13, 38], "bboxes": [[161.89630126953125, 134.05679321289062, 219.002197265625, 255.58676147460938], [41.3654899597168, 157.78675842285156, 111.2086181640625, 177.5240020751953], [185.3079071044922, 161.578857421875, 222.2027130126953, 184.60031127929688]]}