{"categories": [0, 39, 40, 45, 49, 51, 60, 73, 75], "bboxes": [[348.99359130859375, 72.69987487792969, 519.9241333007812, 419.15069580078125], [325.8708801269531, 267.4685363769531, 353.4720764160156, 375.7933654785156], [315.5691223144531, 152.88897705078125, 381.1959533691406, 202.693115234375], [595.9520874023438, 224.1623077392578, 623.6442260742188, 240.1268768310547], [571.0738525390625, 292.8418273925781, 592.9468994140625, 307.1109924316406], [463.25677490234375, 25.194725036621094, 496.06793212890625, 96.722412109375], [565.4120483398438, 313.7735595703125, 639.0, 420.03521728515625], [81.73382568359375, 252.91250610351562, 184.6375732421875, 425.5466003417969], [591.22998046875, 297.4818420410156, 631.4705810546875, 346.7470397949219]]}