{"categories": [0, 2, 5, 6, 7], "bboxes": [[3.8202342987060547, 218.63729858398438, 63.200599670410156, 414.3172302246094], [193.81680297851562, 242.92527770996094, 216.26727294921875, 282.8520812988281], [148.20452880859375, 198.8179931640625, 214.51065063476562, 269.08099365234375], [245.17727661132812, 180.07464599609375, 374.0, 362.29730224609375], [219.43585205078125, 193.72926330566406, 296.9398193359375, 308.47357177734375]]}