{"categories": [0, 24, 26, 30], "bboxes": [[358.3776550292969, 281.5686340332031, 509.6838073730469, 500.6886291503906], [473.616455078125, 268.949951171875, 518.1566772460938, 338.17071533203125], [363.28167724609375, 317.0810852050781, 426.54833984375, 423.4886169433594], [373.7328796386719, 401.98223876953125, 570.26416015625, 542.6174926757812]]}