{"categories": [0, 13, 24, 60], "bboxes": [[140.0069580078125, 3.7929534912109375, 310.7498474121094, 338.67352294921875], [6.1473846435546875, 310.861083984375, 270.1524658203125, 483.5196533203125], [174.6842041015625, 57.22490692138672, 276.53106689453125, 149.86416625976562], [7.8668212890625, 327.9413757324219, 241.49969482421875, 498.5922546386719]]}