{"categories": [0, 45, 57, 59, 63, 66], "bboxes": [[181.60250854492188, 19.304542541503906, 446.7171325683594, 231.2567138671875], [78.68952178955078, 322.2916564941406, 170.36016845703125, 374.0], [116.2197265625, 28.8990478515625, 499.0, 304.935791015625], [83.19087219238281, 47.91011047363281, 499.0, 304.1214599609375], [352.8122863769531, 267.17352294921875, 499.0, 371.07659912109375], [328.4610290527344, 175.16397094726562, 442.9481506347656, 235.9371337890625]]}