{"categories": [0, 26, 60, 67, 73, 79], "bboxes": [[316.0723876953125, 47.52006530761719, 441.3726806640625, 320.08502197265625], [312.2702941894531, 115.52042388916016, 381.8558654785156, 214.98080444335938], [97.46009826660156, 269.7101135253906, 305.7724609375, 331.9414978027344], [223.56919860839844, 176.50448608398438, 247.5113067626953, 191.10678100585938], [104.43316650390625, 275.9355163574219, 292.030517578125, 331.8868713378906], [170.30609130859375, 123.96633911132812, 189.45101928710938, 142.09072875976562]]}