{"categories": [0, 27], "bboxes": [[208.12364196777344, 14.18011474609375, 499.0, 439.45849609375], [259.4217529296875, 299.99481201171875, 401.62957763671875, 384.29852294921875]]}