{"categories": [0, 8, 14, 25, 37, 41, 56], "bboxes": [[266.1958923339844, 243.15411376953125, 327.4056701660156, 345.48223876953125], [114.43772888183594, 246.34909057617188, 282.76483154296875, 295.8324279785156], [7.821840286254883, 358.5135803222656, 45.853981018066406, 388.0463562011719], [62.2871208190918, 158.6834716796875, 187.63706970214844, 278.77874755859375], [439.15625, 332.20440673828125, 522.5020141601562, 343.89459228515625], [190.8226776123047, 326.9447326660156, 212.62547302246094, 348.9584045410156], [503.41839599609375, 234.2826385498047, 615.1697387695312, 311.4635314941406]]}