{"categories": [0, 34], "bboxes": [[0.17751312255859375, 3.6828155517578125, 121.99579620361328, 492.08050537109375], [219.8101348876953, 37.87541198730469, 239.48912048339844, 178.9492645263672]]}