{"categories": [0, 24, 35], "bboxes": [[74.197265625, 122.35575866699219, 237.95040893554688, 311.96356201171875], [21.03799057006836, 222.22225952148438, 45.57735061645508, 240.338134765625], [323.287109375, 207.68748474121094, 358.15948486328125, 242.9312286376953]]}