{"categories": [0, 2, 34, 35, 56], "bboxes": [[470.3903503417969, 136.73257446289062, 565.0182495117188, 291.7851867675781], [0.0, 144.0792236328125, 10.773053169250488, 158.00881958007812], [255.05609130859375, 187.89723205566406, 334.3585205078125, 207.50474548339844], [366.8141784667969, 243.81967163085938, 385.7273864746094, 274.5985412597656], [285.32000732421875, 37.863624572753906, 639.0, 143.58685302734375]]}