{"categories": [0, 10, 29], "bboxes": [[261.8717041015625, 46.18537902832031, 463.17242431640625, 249.0], [461.43560791015625, 58.855621337890625, 473.9783935546875, 85.99043273925781], [204.29867553710938, 60.794734954833984, 276.4881286621094, 92.37907409667969]]}