{"categories": [0, 6], "bboxes": [[285.4804382324219, 96.94989013671875, 484.8488464355469, 329.80352783203125], [28.142356872558594, 126.62379455566406, 164.87985229492188, 150.37770080566406]]}