{"categories": [0, 34, 35], "bboxes": [[164.91864013671875, 87.18718719482422, 260.7103576660156, 238.01388549804688], [233.29771423339844, 56.690834045410156, 253.9788360595703, 117.38274383544922], [329.9194030761719, 150.20355224609375, 353.2592468261719, 174.10833740234375]]}