{"categories": [0, 26, 38], "bboxes": [[286.146484375, 154.83340454101562, 421.90521240234375, 422.1961364746094], [72.99846649169922, 40.68035125732422, 95.3329086303711, 73.965576171875], [114.66837310791016, 185.60009765625, 144.93130493164062, 281.07244873046875]]}