{"categories": [0, 40, 41, 55, 56, 60, 63], "bboxes": [[189.67774963378906, 117.46765899658203, 346.1990966796875, 243.45477294921875], [121.63502502441406, 344.8893127441406, 145.03028869628906, 370.4206237792969], [121.63856506347656, 345.248779296875, 144.9169158935547, 367.8834228515625], [11.504552841186523, 84.62809753417969, 55.15227508544922, 113.26310729980469], [42.961551666259766, 203.28195190429688, 102.47822570800781, 276.1544189453125], [1.2263107299804688, 85.88679504394531, 79.43256378173828, 140.09127807617188], [347.8487548828125, 153.84254455566406, 398.96484375, 220.91957092285156]]}