{"categories": [0, 29], "bboxes": [[185.9258270263672, 232.97084045410156, 276.08831787109375, 419.69921875], [271.5557861328125, 111.54901885986328, 305.080322265625, 132.4666290283203]]}