{"categories": [0, 44, 45, 51, 55, 60, 64], "bboxes": [[132.12631225585938, 13.373809814453125, 282.6675109863281, 342.8863830566406], [227.0994873046875, 73.35527801513672, 298.222412109375, 125.49039459228516], [115.10990905761719, 331.70416259765625, 185.71693420410156, 363.25311279296875], [112.13560485839844, 362.6540222167969, 135.3857879638672, 373.8832702636719], [414.81866455078125, 301.123291015625, 499.0, 370.10125732421875], [53.43040466308594, 297.9673767089844, 487.59197998046875, 372.0168151855469], [32.269039154052734, 342.7769775390625, 89.43031311035156, 373.5322265625]]}