{"categories": [0, 24, 30], "bboxes": [[370.5874328613281, 120.26448822021484, 430.6573181152344, 234.33035278320312], [226.1438751220703, 133.24668884277344, 246.5881805419922, 163.30567932128906], [104.49781036376953, 299.4933776855469, 308.5552673339844, 348.2667541503906]]}