{"categories": [0, 13, 36, 39, 56, 60], "bboxes": [[269.58721923828125, 44.20587921142578, 323.79443359375, 215.35171508789062], [321.0865478515625, 53.39453125, 490.70013427734375, 353.99127197265625], [194.39422607421875, 315.1810607910156, 246.69033813476562, 352.7315979003906], [115.19186401367188, 0.0, 136.44329833984375, 53.060157775878906], [0.0, 86.59504699707031, 125.77992248535156, 335.40960693359375], [343.9647216796875, 65.94584655761719, 499.0, 332.51483154296875]]}