{"categories": [0, 29, 35], "bboxes": [[265.68878173828125, 26.990585327148438, 585.3516845703125, 307.423095703125], [568.1739501953125, 15.662332534790039, 622.6990966796875, 49.59429931640625], [258.51776123046875, 259.78814697265625, 291.23309326171875, 300.6397705078125]]}