{"categories": [0, 8, 26, 34, 36, 37], "bboxes": [[167.7025909423828, 184.51873779296875, 327.27825927734375, 295.3388366699219], [19.271453857421875, 210.66250610351562, 433.5665588378906, 323.9409484863281], [316.8289794921875, 226.26356506347656, 366.29718017578125, 266.0953674316406], [373.0094909667969, 61.94245147705078, 404.5044250488281, 106.7221908569336], [309.3231201171875, 269.58123779296875, 446.84686279296875, 296.56689453125], [41.60108947753906, 260.6632080078125, 437.96563720703125, 318.56158447265625]]}