{"categories": [0, 1, 2, 7, 8, 9, 61], "bboxes": [[346.31097412109375, 74.83364868164062, 516.8255004882812, 420.5145568847656], [0.6581010818481445, 219.52456665039062, 20.202529907226562, 267.0496826171875], [574.1324462890625, 225.28543090820312, 638.448974609375, 425.2682800292969], [520.696044921875, 137.26614379882812, 639.0, 317.8140869140625], [511.3658142089844, 9.585235595703125, 639.0, 308.27447509765625], [365.3638610839844, 1.0117378234863281, 400.6306457519531, 35.6434211730957], [261.33392333984375, 130.1735382080078, 448.86846923828125, 378.16485595703125]]}