{"categories": [0, 29, 41, 45, 56, 73], "bboxes": [[104.59149169921875, 64.13871765136719, 401.261474609375, 474.08258056640625], [359.7308349609375, 215.64422607421875, 437.91552734375, 244.14633178710938], [30.71196174621582, 456.005859375, 47.45166015625, 479.0], [51.01829147338867, 466.83050537109375, 86.51237487792969, 479.0], [490.1170654296875, 419.44757080078125, 510.73046875, 476.9422607421875], [361.9436950683594, 354.9720153808594, 394.4723205566406, 397.0895690917969]]}