{"categories": [0], "bboxes": [[212.00335693359375, 145.388427734375, 397.8779296875, 423.6590576171875]]}