{"categories": [0, 24, 30, 31], "bboxes": [[40.367679595947266, 253.47862243652344, 80.50727844238281, 327.8239440917969], [343.9370422363281, 165.74163818359375, 417.1541442871094, 276.41986083984375], [27.53860855102539, 322.51995849609375, 95.9500732421875, 329.44085693359375], [224.12249755859375, 272.80340576171875, 317.08154296875, 586.48291015625]]}