{"categories": [0, 2, 59, 62], "bboxes": [[25.14525604248047, 109.24433135986328, 98.62887573242188, 273.74127197265625], [19.370105743408203, 111.6942367553711, 118.27667236328125, 153.32205200195312], [110.40301513671875, 245.37718200683594, 360.1018981933594, 367.95452880859375], [314.3418884277344, 90.82504272460938, 355.0980529785156, 129.47988891601562]]}