{"categories": [0, 52], "bboxes": [[206.83387756347656, 55.887237548828125, 492.9471435546875, 420.49456787109375], [203.63101196289062, 234.4185028076172, 285.4437255859375, 277.0997009277344]]}