{"categories": [0, 32, 34, 35], "bboxes": [[340.00537109375, 114.02157592773438, 489.25531005859375, 273.6401062011719], [104.85691833496094, 191.07275390625, 114.37054443359375, 199.011474609375], [118.8975601196289, 168.59262084960938, 137.9492950439453, 203.121337890625], [185.7506561279297, 191.80474853515625, 207.11293029785156, 212.2603759765625]]}