{"categories": [0, 29, 39, 45], "bboxes": [[336.3512268066406, 169.43252563476562, 636.524658203125, 508.5377502441406], [293.855224609375, 329.83245849609375, 374.5411376953125, 350.5477294921875], [149.6511993408203, 465.9247741699219, 175.9541778564453, 533.31982421875], [218.79042053222656, 370.9506530761719, 320.54498291015625, 402.3638610839844]]}