{"categories": [0, 25, 39, 48, 52, 56, 58, 60, 73], "bboxes": [[127.78337097167969, 112.0076904296875, 435.162841796875, 479.81787109375], [27.845169067382812, 0.0, 460.67791748046875, 98.91546630859375], [121.72697448730469, 356.90521240234375, 184.2035675048828, 552.6557006835938], [260.4822998046875, 355.1602783203125, 381.78631591796875, 429.09051513671875], [253.97821044921875, 351.72906494140625, 379.68426513671875, 428.6038818359375], [77.26553344726562, 316.16192626953125, 148.531982421875, 420.6827392578125], [0.0, 179.16529846191406, 116.76570129394531, 319.32421875], [13.506271362304688, 428.50299072265625, 441.10772705078125, 629.7655639648438], [249.5919189453125, 469.6763916015625, 402.8853759765625, 559.026123046875]]}