{"categories": [0, 38, 39, 56], "bboxes": [[190.28317260742188, 105.06022644042969, 431.7538146972656, 329.64666748046875], [374.3739929199219, 168.9758758544922, 453.4395446777344, 229.9602508544922], [495.9847412109375, 335.67041015625, 517.2544555664062, 393.62518310546875], [458.96038818359375, 110.49217224121094, 632.1304321289062, 383.099853515625]]}