{"categories": [0, 29, 56], "bboxes": [[0.0, 102.84429931640625, 143.1766357421875, 495.0911865234375], [114.70285034179688, 97.48490905761719, 177.4127197265625, 160.07798767089844], [198.9827423095703, 0.0, 252.8920440673828, 17.433197021484375]]}