{"categories": [0, 32, 38], "bboxes": [[69.26167297363281, 147.85328674316406, 148.07589721679688, 302.08428955078125], [320.1187438964844, 288.3894348144531, 347.1921691894531, 310.3951110839844], [270.1897888183594, 244.41229248046875, 288.6305847167969, 273.60211181640625]]}