{"categories": [0, 52], "bboxes": [[9.09771728515625, 8.059234619140625, 413.5522155761719, 339.9988708496094], [117.30905151367188, 189.7135009765625, 477.1489562988281, 272.923583984375]]}