{"categories": [0, 17, 19, 20], "bboxes": [[217.28955078125, 5.867042541503906, 302.9163818359375, 161.79580688476562], [391.0787353515625, 158.2689971923828, 414.323486328125, 187.1399383544922], [405.6755065917969, 155.61363220214844, 453.8905944824219, 188.65040588378906], [128.56674194335938, 97.2845458984375, 422.6705017089844, 371.481689453125]]}