{"categories": [0, 28, 39, 65], "bboxes": [[37.31073760986328, 117.31324768066406, 172.0548095703125, 368.8131103515625], [144.36264038085938, 278.3634948730469, 193.04348754882812, 364.1932067871094], [317.88287353515625, 176.37667846679688, 328.99627685546875, 210.76626586914062], [266.5246887207031, 174.50294494628906, 277.8002624511719, 189.24903869628906]]}