{"categories": [0, 32], "bboxes": [[139.97254943847656, 19.060806274414062, 460.74072265625, 468.88037109375], [45.38304138183594, 192.73165893554688, 190.5123291015625, 334.4427795410156]]}