{"categories": [0, 2, 5, 7, 9, 26, 28], "bboxes": [[457.53106689453125, 264.849609375, 555.9071655273438, 482.914794921875], [433.08941650390625, 314.55389404296875, 461.7518310546875, 338.59814453125], [0.0, 286.0777282714844, 188.85592651367188, 331.1545104980469], [372.03277587890625, 289.6451110839844, 429.86968994140625, 339.6103820800781], [543.6305541992188, 254.17575073242188, 550.7033081054688, 272.6247253417969], [549.3258056640625, 316.72137451171875, 595.0225830078125, 407.1585693359375], [533.193359375, 416.7027893066406, 591.061767578125, 487.8861999511719]]}