{"categories": [0, 2, 56, 59, 60], "bboxes": [[273.6690368652344, 99.09355163574219, 353.2810363769531, 199.74400329589844], [42.58143615722656, 149.70770263671875, 143.2760009765625, 230.98867797851562], [61.673683166503906, 169.80833435058594, 138.63458251953125, 268.54046630859375], [362.10107421875, 339.13055419921875, 426.0, 580.1580200195312], [391.3670959472656, 266.2869567871094, 425.8089294433594, 302.1980895996094]]}