{"categories": [0, 2, 5], "bboxes": [[194.1639404296875, 186.54061889648438, 247.74655151367188, 330.1478576660156], [24.942995071411133, 232.31594848632812, 47.05054473876953, 281.1419982910156], [51.45750427246094, 21.44158935546875, 457.622802734375, 326.528564453125]]}