{"categories": [0, 1, 13, 27, 28, 58], "bboxes": [[72.01127624511719, 76.14411926269531, 385.37493896484375, 549.9852294921875], [77.92681121826172, 108.67577362060547, 136.3801727294922, 227.35919189453125], [6.3459014892578125, 195.03219604492188, 445.0, 482.6744689941406], [198.5580596923828, 159.22518920898438, 239.4419708251953, 292.1665344238281], [46.003204345703125, 316.76678466796875, 209.56948852539062, 433.437744140625], [227.11119079589844, 8.046504974365234, 254.40403747558594, 54.792083740234375]]}