{"categories": [0, 24, 25, 26, 39, 41, 43, 45, 55, 56, 60, 67, 73], "bboxes": [[396.4877624511719, 51.21905517578125, 596.9283447265625, 414.65362548828125], [0.0, 121.8247299194336, 143.4899139404297, 305.815673828125], [13.666000366210938, 67.97534942626953, 51.702423095703125, 98.4071273803711], [0.0, 135.62527465820312, 138.62353515625, 309.5721130371094], [600.9791259765625, 98.80558776855469, 621.869140625, 147.66790771484375], [250.39181518554688, 15.803908348083496, 279.6603088378906, 38.814029693603516], [243.16238403320312, 190.22103881835938, 259.78125, 227.880859375], [263.7255554199219, 78.85177612304688, 305.6639099121094, 110.42048645019531], [212.75039672851562, 219.27450561523438, 348.2218933105469, 290.04864501953125], [134.66921997070312, 142.1106719970703, 241.57211303710938, 197.9568634033203], [0.0, 165.59231567382812, 414.3780517578125, 418.0636291503906], [564.9173583984375, 122.94966125488281, 590.6148681640625, 167.0834503173828], [2.8734874725341797, 260.6277160644531, 64.96739959716797, 340.6989440917969]]}