{"categories": [0, 27], "bboxes": [[43.88459014892578, 75.68441772460938, 157.8670654296875, 483.1768493652344], [165.59120178222656, 136.8578338623047, 186.84825134277344, 245.98704528808594]]}