{"categories": [0, 24, 30], "bboxes": [[294.4390869140625, 114.22499084472656, 374.11199951171875, 316.93524169921875], [297.49066162109375, 142.6622314453125, 342.41717529296875, 214.98019409179688], [285.31744384765625, 296.2027282714844, 445.24102783203125, 317.7714538574219]]}