{"categories": [0, 2, 3, 9, 24, 26, 56, 58], "bboxes": [[277.24176025390625, 172.4705810546875, 336.270263671875, 347.955322265625], [405.168212890625, 169.790283203125, 630.7779541015625, 304.3818054199219], [153.84219360351562, 241.4402618408203, 265.6257629394531, 418.80218505859375], [180.16543579101562, 135.78958129882812, 188.70709228515625, 154.27664184570312], [230.04034423828125, 186.6175079345703, 259.384521484375, 248.31996154785156], [262.5712585449219, 205.117919921875, 292.5330505371094, 271.01287841796875], [87.90213012695312, 237.03607177734375, 144.09051513671875, 355.25567626953125], [279.96710205078125, 256.79510498046875, 365.3682861328125, 335.86865234375]]}