{"categories": [0, 13, 39, 40, 41, 44, 45, 56, 58, 60, 67, 73], "bboxes": [[165.27792358398438, 115.23230743408203, 293.16552734375, 274.4624938964844], [1.2088661193847656, 436.7811279296875, 94.94798278808594, 595.060546875], [176.30079650878906, 256.2289733886719, 195.4954071044922, 314.1987609863281], [114.09336853027344, 242.1616973876953, 150.88880920410156, 328.67266845703125], [134.31405639648438, 278.24688720703125, 174.5714111328125, 320.56072998046875], [381.3384704589844, 123.86946868896484, 395.3238220214844, 154.3613739013672], [348.0665283203125, 145.58934020996094, 400.6551513671875, 188.9706573486328], [356.18017578125, 326.9396057128906, 610.674072265625, 604.366943359375], [2.56500244140625, 97.2915267944336, 98.60120391845703, 264.72137451171875], [67.14186096191406, 220.14663696289062, 413.91448974609375, 474.2657165527344], [141.60357666015625, 340.4698486328125, 183.6119384765625, 360.09515380859375], [149.69293212890625, 364.26025390625, 231.530517578125, 400.72674560546875]]}