{"categories": [0, 30], "bboxes": [[234.42283630371094, 111.44699096679688, 341.0371398925781, 295.08929443359375], [133.31591796875, 407.9439392089844, 294.40411376953125, 446.9405212402344]]}