{"categories": [0, 9, 17, 24], "bboxes": [[249.97525024414062, 191.80882263183594, 342.2564392089844, 453.81414794921875], [361.21124267578125, 149.80455017089844, 372.609130859375, 159.33143615722656], [141.03314208984375, 87.30265808105469, 275.34320068359375, 458.90496826171875], [70.83602905273438, 250.83444213867188, 109.45524597167969, 287.5191345214844]]}