{"categories": [0, 2, 17], "bboxes": [[455.46966552734375, 204.27566528320312, 499.0, 340.3265075683594], [0.6789436340332031, 243.07424926757812, 12.161502838134766, 261.2251892089844], [157.3469696044922, 7.4516448974609375, 474.5902099609375, 372.28778076171875]]}