{"categories": [0, 26, 65, 67], "bboxes": [[1.7072906494140625, 111.64541625976562, 243.36767578125, 371.45184326171875], [209.33045959472656, 239.33633422851562, 347.1466064453125, 374.0], [114.18401336669922, 182.3765411376953, 131.39492797851562, 203.57640075683594], [113.63182067871094, 181.59524536132812, 132.1383056640625, 204.51278686523438]]}