{"categories": [0, 26, 27, 39, 73], "bboxes": [[52.73828125, 26.102279663085938, 404.8517150878906, 415.75579833984375], [477.8600158691406, 367.380859375, 550.7921752929688, 426.0], [413.5299987792969, 15.761810302734375, 464.8060607910156, 166.08433532714844], [255.2251434326172, 261.53387451171875, 280.1329650878906, 335.85601806640625], [383.3497009277344, 355.6223449707031, 493.8280944824219, 426.0]]}