{"categories": [0, 2, 3, 5, 7, 36], "bboxes": [[40.88209533691406, 178.19900512695312, 80.16158294677734, 301.2025451660156], [507.70196533203125, 184.13304138183594, 639.0, 324.00079345703125], [329.24969482421875, 212.13177490234375, 368.81610107421875, 257.6958923339844], [196.42047119140625, 119.17935180664062, 317.61273193359375, 268.8652648925781], [373.65325927734375, 75.49352264404297, 557.5175170898438, 289.39105224609375], [141.06895446777344, 300.39801025390625, 193.7581024169922, 311.8631591796875]]}