{"categories": [0, 39, 41, 45, 49, 67, 72, 75, 79], "bboxes": [[121.19924926757812, 25.99169921875, 237.09225463867188, 276.6710205078125], [85.46807861328125, 126.61474609375, 104.41033935546875, 178.47097778320312], [290.77825927734375, 91.95361328125, 306.8525390625, 116.32359313964844], [111.43832397460938, 168.35984802246094, 135.12680053710938, 179.5729217529297], [58.915042877197266, 86.71012115478516, 75.99020385742188, 103.6561508178711], [419.5753173828125, 140.4435272216797, 445.28485107421875, 171.4629669189453], [0.0, 75.3455581665039, 39.169639587402344, 221.94049072265625], [63.01040267944336, 107.65985107421875, 90.9287109375, 142.35552978515625], [275.548583984375, 54.28364181518555, 289.33367919921875, 67.0094223022461]]}