{"categories": [0, 6, 24], "bboxes": [[0.12814712524414062, 97.77206420898438, 39.623226165771484, 231.01495361328125], [150.42141723632812, 27.479904174804688, 430.8711242675781, 298.17584228515625], [65.45736694335938, 121.07353973388672, 83.17018127441406, 161.57965087890625]]}