{"categories": [0, 17, 24], "bboxes": [[216.045166015625, 23.41558837890625, 343.1092529296875, 324.72265625], [47.10472106933594, 121.83934783935547, 454.8336181640625, 330.9170837402344], [235.0526123046875, 214.260498046875, 329.4298095703125, 333.0]]}