{"categories": [0, 1, 8, 13, 37], "bboxes": [[73.60610961914062, 166.68429565429688, 155.54428100585938, 296.9996337890625], [134.6131134033203, 90.14680480957031, 205.14076232910156, 145.7064971923828], [1.26171875, 33.3822021484375, 34.07106018066406, 46.96818542480469], [262.908203125, 106.82227325439453, 419.63360595703125, 155.732177734375], [134.37692260742188, 38.74820327758789, 161.880859375, 44.141109466552734]]}