{"categories": [0, 39, 41, 45, 53, 56, 60], "bboxes": [[80.2999038696289, 0.0, 327.7059631347656, 308.18780517578125], [478.6521911621094, 238.3933563232422, 518.1544189453125, 301.8498229980469], [551.308837890625, 221.862060546875, 639.0, 352.9556884765625], [0.0, 322.51513671875, 84.13951873779297, 413.86798095703125], [195.3115692138672, 334.1241760253906, 615.4666748046875, 423.7475891113281], [16.900291442871094, 88.80267333984375, 176.27554321289062, 293.441650390625], [0.0, 272.0250244140625, 639.0, 419.85345458984375]]}