{"categories": [0, 30], "bboxes": [[233.10983276367188, 141.78335571289062, 319.5441589355469, 354.2086486816406], [210.7095947265625, 337.254638671875, 399.5843505859375, 360.35784912109375]]}