{"categories": [0, 13, 24, 25, 26], "bboxes": [[392.5039978027344, 58.443031311035156, 470.7741394042969, 266.9767150878906], [501.76275634765625, 137.79173278808594, 566.1588745117188, 189.87767028808594], [104.01652526855469, 237.1685791015625, 193.2318572998047, 356.3787841796875], [51.11952209472656, 135.47103881835938, 261.18438720703125, 274.4389953613281], [61.49010467529297, 235.03036499023438, 107.62300872802734, 323.4955749511719]]}