{"categories": [0, 1, 24, 26, 35, 74], "bboxes": [[121.05819702148438, 148.2595672607422, 252.72756958007812, 421.222412109375], [47.31058120727539, 276.97540283203125, 138.5516357421875, 371.0574951171875], [406.3251647949219, 229.6033935546875, 438.4205627441406, 280.6080017089844], [131.01478576660156, 213.3472137451172, 199.1215057373047, 323.1422424316406], [156.22018432617188, 286.037841796875, 187.1710205078125, 313.13153076171875], [52.514930725097656, 43.40999221801758, 67.34258270263672, 63.06881332397461]]}