{"categories": [0, 39, 53, 56, 65, 72], "bboxes": [[238.9259796142578, 30.64990234375, 559.5606689453125, 474.0574645996094], [44.106712341308594, 439.7408142089844, 76.17520141601562, 483.0], [304.21368408203125, 344.65625, 413.4466552734375, 420.493408203125], [513.0531005859375, 312.61761474609375, 639.0, 481.26092529296875], [321.4771728515625, 294.15234375, 367.03033447265625, 327.761962890625], [205.7900848388672, 92.70857238769531, 278.1744384765625, 243.77088928222656]]}