{"categories": [0, 53, 69, 73], "bboxes": [[279.07086181640625, 79.59902954101562, 479.0, 628.6693115234375], [332.7479248046875, 300.3090515136719, 407.91033935546875, 356.3302917480469], [235.2124481201172, 288.51153564453125, 376.86199951171875, 546.3369140625], [259.4101257324219, 165.8414306640625, 316.1408996582031, 227.1842041015625]]}