{"categories": [0, 2, 5, 6, 7, 9, 26], "bboxes": [[356.7456359863281, 201.99082946777344, 419.9765319824219, 332.0], [380.6685485839844, 175.56089782714844, 429.5449523925781, 196.26063537597656], [426.07257080078125, 157.18505859375, 496.2783203125, 191.6533203125], [423.91668701171875, 156.80630493164062, 498.75921630859375, 191.30694580078125], [134.0450439453125, 159.7849884033203, 183.75949096679688, 192.4717254638672], [330.48748779296875, 136.4251708984375, 337.8389892578125, 154.5447998046875], [316.969482421875, 258.23394775390625, 337.64508056640625, 289.6273193359375]]}