{"categories": [0, 8, 33], "bboxes": [[237.14511108398438, 294.029052734375, 279.7612609863281, 444.644775390625], [0.0, 366.24859619140625, 289.9710693359375, 496.2489013671875], [75.96085357666016, 78.34822082519531, 101.30644989013672, 99.02377319335938]]}