{"categories": [0, 36], "bboxes": [[311.1824951171875, 113.17150115966797, 418.30767822265625, 296.326904296875], [114.66590881347656, 387.17108154296875, 176.9015655517578, 431.1134033203125]]}