{"categories": [0, 27, 56, 60, 67], "bboxes": [[229.77662658691406, 110.00707244873047, 455.93719482421875, 333.77337646484375], [300.69610595703125, 230.01263427734375, 331.5035400390625, 265.7026062011719], [418.4951171875, 191.01519775390625, 454.49847412109375, 263.1181335449219], [388.19195556640625, 185.6024169921875, 454.86993408203125, 258.90423583984375], [338.9066467285156, 318.1748352050781, 356.1333923339844, 329.2034606933594]]}