{"categories": [0, 13, 16, 25, 26, 56, 57, 59], "bboxes": [[1.152557373046875, 105.22401428222656, 138.89610290527344, 318.41180419921875], [207.1506805419922, 179.7194366455078, 482.63189697265625, 291.23577880859375], [210.56312561035156, 142.74453735351562, 292.58282470703125, 236.46469116210938], [139.6807403564453, 5.735237121582031, 497.82037353515625, 224.8065185546875], [395.06756591796875, 276.31854248046875, 470.7149658203125, 332.0], [330.34014892578125, 186.8537139892578, 494.88824462890625, 295.3711853027344], [126.45672607421875, 170.97882080078125, 482.86651611328125, 312.08038330078125], [49.146820068359375, 167.48599243164062, 481.0224304199219, 322.6934509277344]]}