{"categories": [0, 13, 20, 58], "bboxes": [[54.95927429199219, 123.15473937988281, 250.9792022705078, 471.70013427734375], [200.65902709960938, 371.1512145996094, 604.29150390625, 477.3711242675781], [374.9323425292969, 193.659423828125, 490.6006774902344, 280.07281494140625], [3.8235549926757812, 72.70050048828125, 202.54656982421875, 391.5836181640625]]}