{"categories": [0, 32, 39], "bboxes": [[44.393714904785156, 87.35446166992188, 224.0655517578125, 633.126708984375], [77.409912109375, 175.94757080078125, 95.97093200683594, 189.98794555664062], [310.9777526855469, 134.92724609375, 332.9468688964844, 188.099853515625]]}