{"categories": [0, 27, 40, 41, 56], "bboxes": [[84.87527465820312, 91.72114562988281, 399.8232727050781, 554.359619140625], [266.85345458984375, 185.8321075439453, 296.2816162109375, 302.8951110839844], [147.64385986328125, 340.7080993652344, 169.6558837890625, 372.7584533691406], [0.0, 374.2323303222656, 27.695537567138672, 502.1567077636719], [275.3316955566406, 284.2143859863281, 415.4301452636719, 534.5]]}