{"categories": [0, 9, 72], "bboxes": [[119.3479995727539, 201.91339111328125, 173.4342041015625, 348.00799560546875], [422.08892822265625, 28.85332679748535, 439.91229248046875, 52.96025848388672], [186.8660430908203, 144.5235595703125, 241.60813903808594, 323.1435546875]]}