{"categories": [0, 14, 20], "bboxes": [[96.62286376953125, 0.0, 192.72421264648438, 113.79910278320312], [162.41571044921875, 258.6674499511719, 208.01629638671875, 279.3970031738281], [216.02537536621094, 157.99697875976562, 323.1297607421875, 257.5757751464844]]}