{"categories": [0, 3, 7], "bboxes": [[320.6606750488281, 161.27008056640625, 371.6789245605469, 282.4364013671875], [284.9462890625, 200.7893829345703, 357.6883544921875, 283.115966796875], [5.82891845703125, 113.3159408569336, 353.4912109375, 286.4921569824219]]}