{"categories": [0, 24, 25, 26, 27, 41, 73], "bboxes": [[205.62307739257812, 98.29539489746094, 325.4956359863281, 357.5582275390625], [93.77828979492188, 317.9598083496094, 134.85838317871094, 359.7184143066406], [27.915260314941406, 44.54460906982422, 240.740966796875, 220.14071655273438], [138.79771423339844, 159.78176879882812, 208.09535217285156, 348.6231689453125], [165.76608276367188, 154.69329833984375, 195.69729614257812, 173.48248291015625], [276.9293212890625, 232.91061401367188, 297.1439208984375, 259.6624450683594], [339.69293212890625, 192.8194580078125, 385.86920166015625, 241.72308349609375]]}