{"categories": [0, 16, 26, 55, 56, 57, 73, 77], "bboxes": [[274.3697509765625, 3.8929901123046875, 499.0, 329.52532958984375], [198.03994750976562, 163.10653686523438, 284.38287353515625, 266.1973571777344], [195.1768035888672, 0.0, 242.50257873535156, 90.87896728515625], [0.0, 79.02920532226562, 100.01651000976562, 155.487060546875], [0.0, 180.1195831298828, 52.8026123046875, 333.5968017578125], [0.0, 189.93496704101562, 55.08824157714844, 329.9447937011719], [17.31229019165039, 130.96177673339844, 128.84054565429688, 199.51356506347656], [180.51739501953125, 153.74093627929688, 289.891845703125, 294.66650390625]]}