{"categories": [0, 2, 9, 25, 38], "bboxes": [[263.129150390625, 260.1170654296875, 328.5704345703125, 482.5006103515625], [174.97061157226562, 323.0321044921875, 284.5975646972656, 413.39697265625], [289.3457336425781, 108.2238540649414, 324.5659484863281, 177.09942626953125], [0.0, 0.8350067138671875, 317.69512939453125, 105.47869110107422], [17.913063049316406, 112.75653076171875, 92.6950912475586, 183.4017333984375]]}