{"categories": [0, 27, 60, 62, 63, 66], "bboxes": [[430.43231201171875, 25.446701049804688, 585.2252197265625, 422.4930419921875], [470.7625427246094, 105.91400146484375, 504.1758117675781, 179.9700927734375], [113.34371948242188, 228.01242065429688, 396.4157409667969, 415.9444885253906], [0.0, 0.0, 223.955322265625, 419.25927734375], [194.3793487548828, 296.5545654296875, 306.88153076171875, 369.9503173828125], [205.89768981933594, 308.18756103515625, 293.1929931640625, 363.80755615234375]]}