{"categories": [0, 38], "bboxes": [[144.0346221923828, 61.40357971191406, 241.91310119628906, 263.2603759765625], [131.29295349121094, 71.69841766357422, 184.15782165527344, 109.35619354248047]]}