{"categories": [0, 4, 41, 45, 58, 68, 71, 74, 75], "bboxes": [[266.4533996582031, 79.66566467285156, 412.9463195800781, 328.25384521484375], [81.2774658203125, 9.374137878417969, 499.0, 248.6055908203125], [447.6415100097656, 196.56813049316406, 470.0685119628906, 225.92015075683594], [257.6022033691406, 248.2587890625, 277.4277648925781, 264.08831787109375], [2.6215362548828125, 111.35932922363281, 40.369258880615234, 168.8127899169922], [379.6300354003906, 165.90565490722656, 479.0003967285156, 220.3000946044922], [91.07392883300781, 257.70086669921875, 386.68939208984375, 327.37890625], [184.28915405273438, 12.211922645568848, 206.36495971679688, 36.833526611328125], [7.476286888122559, 132.8150634765625, 23.790515899658203, 172.24862670898438]]}