{"categories": [0, 3, 25, 26], "bboxes": [[158.4014892578125, 63.619415283203125, 627.5125732421875, 479.0], [3.377197265625, 233.0072021484375, 581.696533203125, 472.30548095703125], [0.043186187744140625, 5.788455963134766, 95.62490844726562, 93.00253295898438], [0.0, 153.59828186035156, 128.83631896972656, 410.838623046875]]}