{"categories": [0, 13], "bboxes": [[58.61384582519531, 55.01393127441406, 353.31500244140625, 343.2525634765625], [0.0, 339.1337890625, 639.0, 416.90374755859375]]}