{"categories": [0, 29], "bboxes": [[212.13804626464844, 86.88912200927734, 280.953369140625, 256.5789794921875], [315.1054382324219, 122.98369598388672, 337.3285827636719, 133.18344116210938]]}