{"categories": [0, 39, 43, 55, 56, 60, 63, 73], "bboxes": [[287.8863830566406, 55.26998519897461, 329.5480041503906, 151.00086975097656], [236.61575317382812, 124.02335357666016, 252.45120239257812, 182.4931182861328], [246.882080078125, 183.98809814453125, 263.191650390625, 227.61651611328125], [212.46688842773438, 191.56492614746094, 250.94171142578125, 211.45323181152344], [43.78814697265625, 208.2855224609375, 141.5163116455078, 337.54071044921875], [134.0150146484375, 188.566650390625, 453.07623291015625, 342.83203125], [287.14959716796875, 164.87896728515625, 356.54461669921875, 210.61492919921875], [347.61334228515625, 211.6483612060547, 420.8768310546875, 234.51136779785156]]}