{"categories": [0, 30], "bboxes": [[210.30172729492188, 111.3705062866211, 321.9758605957031, 317.3636779785156], [167.50881958007812, 288.39697265625, 375.9117126464844, 343.78863525390625]]}