{"categories": [0, 41, 48, 50, 53, 58, 60, 62, 67], "bboxes": [[234.3245391845703, 37.63074493408203, 409.2930908203125, 218.01654052734375], [153.75563049316406, 227.1499481201172, 204.41038513183594, 297.60400390625], [284.5000305175781, 185.33016967773438, 326.2018127441406, 220.68890380859375], [432.7463073730469, 322.21405029296875, 457.9645690917969, 332.6458740234375], [135.37002563476562, 100.56503295898438, 238.63858032226562, 160.082275390625], [296.66143798828125, 37.89739990234375, 332.57000732421875, 115.46046447753906], [9.802871704101562, 200.35984802246094, 499.0, 329.70770263671875], [318.0607604980469, 16.01313591003418, 397.8032531738281, 74.55118560791016], [405.0440979003906, 271.8124084472656, 488.8377990722656, 305.2903747558594]]}