{"categories": [0, 46, 57], "bboxes": [[12.83721923828125, 59.37327575683594, 343.3853454589844, 350.7655029296875], [249.29769897460938, 198.45858764648438, 320.8977966308594, 240.8470458984375], [4.50103759765625, 95.74691772460938, 263.0001220703125, 209.3096923828125]]}