{"categories": [0, 39, 41], "bboxes": [[132.6315460205078, 0.3825225830078125, 499.0, 371.21649169921875], [193.11305236816406, 171.6439208984375, 223.7792510986328, 246.25433349609375], [114.17269897460938, 297.03900146484375, 169.68624877929688, 371.89862060546875]]}