{"categories": [0, 34, 37], "bboxes": [[165.47894287109375, 136.7712860107422, 233.94430541992188, 286.32366943359375], [214.08270263671875, 204.50326538085938, 272.6539306640625, 245.44711303710938], [185.82159423828125, 284.36639404296875, 230.00979614257812, 296.29766845703125]]}