{"categories": [0, 2, 11, 13], "bboxes": [[150.46633911132812, 165.05247497558594, 236.34884643554688, 491.24969482421875], [139.20242309570312, 261.37518310546875, 176.16656494140625, 275.40802001953125], [118.871826171875, 48.662086486816406, 234.37026977539062, 164.90521240234375], [65.03264617919922, 286.7314758300781, 78.7678451538086, 308.4871520996094]]}