{"categories": [0, 5, 6, 26], "bboxes": [[19.70044708251953, 118.90505981445312, 109.68830108642578, 391.669189453125], [485.66082763671875, 66.35173034667969, 639.0, 292.67779541015625], [291.35302734375, 58.089996337890625, 638.535888671875, 348.83917236328125], [142.60720825195312, 148.765625, 255.70401000976562, 321.93115234375]]}