{"categories": [0, 26, 39, 40, 41, 60], "bboxes": [[195.08682250976562, 59.49519348144531, 345.5694885253906, 372.05352783203125], [224.21920776367188, 204.89849853515625, 274.79132080078125, 273.4993896484375], [108.66556549072266, 173.94125366210938, 165.8577423095703, 258.5027770996094], [190.61314392089844, 185.21185302734375, 219.7653350830078, 241.8485107421875], [162.6802978515625, 221.79505920410156, 181.2547607421875, 243.80821228027344], [1.4094696044921875, 265.49444580078125, 265.921142578125, 373.13214111328125]]}