{"categories": [0, 1, 2, 9, 10, 24, 26, 36], "bboxes": [[369.9421691894531, 149.83255004882812, 419.5876770019531, 293.0238037109375], [442.5088806152344, 138.17034912109375, 466.3282165527344, 153.20083618164062], [166.86785888671875, 139.95101928710938, 198.51959228515625, 168.97927856445312], [210.71902465820312, 32.01100158691406, 220.15716552734375, 55.821746826171875], [329.0678405761719, 147.5723419189453, 336.0433044433594, 159.0653839111328], [133.86373901367188, 148.03512573242188, 155.72836303710938, 187.87057495117188], [369.6594543457031, 183.24624633789062, 405.3221130371094, 231.6005859375], [135.33389282226562, 246.3516387939453, 206.28179931640625, 267.8327331542969]]}