{"categories": [0, 39, 41, 43, 45, 60], "bboxes": [[339.5177307128906, 172.10031127929688, 491.2095642089844, 422.4942321777344], [203.9637908935547, 312.8982849121094, 228.72120666503906, 433.5514221191406], [319.8733215332031, 377.26336669921875, 348.6579895019531, 422.484619140625], [340.2462158203125, 416.47308349609375, 413.21624755859375, 455.0855712890625], [284.07757568359375, 347.82403564453125, 370.1583251953125, 388.77716064453125], [75.07899475097656, 222.44741821289062, 414.1920166015625, 451.9934387207031]]}