{"categories": [0, 2, 32, 35], "bboxes": [[361.76226806640625, 77.16472625732422, 491.54803466796875, 255.55917358398438], [227.2353515625, 87.36799621582031, 376.626708984375, 163.09925842285156], [235.6326904296875, 251.3557891845703, 275.6645202636719, 290.3066711425781], [377.5242614746094, 184.74417114257812, 398.4365539550781, 204.66549682617188]]}