{"categories": [0, 1, 13, 26, 41, 45, 55, 56, 60], "bboxes": [[444.4924621582031, 1.018707275390625, 499.0, 225.11314392089844], [342.53265380859375, 44.847572326660156, 482.48687744140625, 217.68887329101562], [34.7550048828125, 41.3695068359375, 492.97308349609375, 264.204833984375], [16.534530639648438, 153.60494995117188, 162.67967224121094, 280.0], [339.6626892089844, 207.04849243164062, 369.8301086425781, 252.1668701171875], [390.81573486328125, 203.93194580078125, 429.56915283203125, 225.111083984375], [217.64822387695312, 219.7027587890625, 476.3586730957031, 278.45654296875], [42.9051399230957, 89.22062683105469, 122.02369689941406, 167.3285369873047], [95.53340148925781, 203.6350555419922, 496.06756591796875, 277.4346923828125]]}