{"categories": [0, 2, 13, 26, 36], "bboxes": [[375.0316467285156, 136.1730194091797, 491.5530090332031, 289.29095458984375], [208.04258728027344, 204.3654327392578, 277.13336181640625, 243.2209930419922], [458.0202941894531, 234.0652313232422, 535.0816650390625, 265.9801330566406], [0.0, 250.36187744140625, 61.017356872558594, 342.64105224609375], [375.4709777832031, 286.9483642578125, 435.1379089355469, 313.42254638671875]]}