{"categories": [0, 46, 51, 58], "bboxes": [[350.9535827636719, 207.00027465820312, 481.0184631347656, 371.0411071777344], [205.19757080078125, 173.22134399414062, 242.606689453125, 248.8056640625], [91.0396957397461, 291.3237609863281, 120.41704559326172, 313.4980773925781], [473.7256164550781, 209.4888458251953, 499.0, 242.06089782714844]]}