{"categories": [0], "bboxes": [[34.84917449951172, 222.61001586914062, 92.35823822021484, 376.7937927246094]]}