{"categories": [0, 56, 57, 62], "bboxes": [[134.9171600341797, 198.57821655273438, 348.9591064453125, 415.7945861816406], [12.833122253417969, 205.9381103515625, 250.89523315429688, 435.92926025390625], [11.397415161132812, 207.0181427001953, 374.9561767578125, 437.45709228515625], [369.8325500488281, 228.32421875, 445.5176696777344, 288.93011474609375]]}