{"categories": [0, 34, 38], "bboxes": [[235.57713317871094, 145.16720581054688, 302.72198486328125, 336.5377197265625], [139.474365234375, 139.05087280273438, 194.70333862304688, 173.26687622070312], [50.539695739746094, 157.51541137695312, 90.86115264892578, 192.17715454101562]]}