{"categories": [0, 34, 35], "bboxes": [[254.80328369140625, 159.50582885742188, 395.26800537109375, 347.15106201171875], [100.59744262695312, 150.5146484375, 126.51905822753906, 204.213134765625], [150.05059814453125, 185.47991943359375, 187.56967163085938, 213.51174926757812]]}