{"categories": [0, 9, 32, 34, 56], "bboxes": [[148.67222595214844, 114.96582794189453, 202.79710388183594, 279.73211669921875], [60.49253463745117, 111.5023193359375, 65.3297119140625, 121.04571533203125], [144.0846405029297, 204.21530151367188, 161.9882354736328, 217.33541870117188], [90.26789855957031, 163.1159210205078, 163.20663452148438, 183.92066955566406], [15.978500366210938, 140.49916076660156, 46.785011291503906, 165.8029022216797]]}