{"categories": [0, 2, 3, 9, 16, 26, 56], "bboxes": [[172.8051300048828, 90.19134521484375, 210.5501251220703, 215.9267578125], [385.54180908203125, 116.7125244140625, 499.0, 275.31939697265625], [214.48904418945312, 109.04139709472656, 227.84609985351562, 124.7408447265625], [315.60406494140625, 33.53392791748047, 332.3760986328125, 51.77051544189453], [297.5624084472656, 245.3223876953125, 360.4555358886719, 298.81884765625], [174.368408203125, 145.09165954589844, 187.21588134765625, 183.8798370361328], [315.0944519042969, 203.799072265625, 386.0401916503906, 289.0833740234375]]}