{"categories": [0, 16, 24, 28, 36], "bboxes": [[17.78207015991211, 208.05145263671875, 138.0672607421875, 370.00274658203125], [133.05404663085938, 283.0694885253906, 275.826904296875, 387.1690368652344], [502.09344482421875, 368.0379943847656, 566.3071899414062, 395.8493957519531], [441.03399658203125, 360.3792419433594, 505.7728271484375, 392.7165832519531], [0.0, 361.8182373046875, 129.16448974609375, 386.7147216796875]]}