{"categories": [0, 40, 41, 43, 45, 55, 56, 60, 79], "bboxes": [[0.0, 76.19356536865234, 129.43247985839844, 329.6589660644531], [116.61940002441406, 147.6390380859375, 139.1040496826172, 199.28488159179688], [167.15126037597656, 214.76597595214844, 202.42323303222656, 267.03240966796875], [293.6653137207031, 206.4528045654297, 313.7152404785156, 243.7023468017578], [322.7354736328125, 207.68301391601562, 368.69708251953125, 229.56292724609375], [243.49363708496094, 207.710205078125, 292.3562316894531, 247.26519775390625], [148.36753845214844, 137.4617919921875, 176.36497497558594, 170.18670654296875], [42.909393310546875, 159.40016174316406, 417.9340515136719, 321.75860595703125], [359.597412109375, 128.39508056640625, 383.28857421875, 138.38919067382812]]}