{"categories": [0, 39, 56, 73], "bboxes": [[221.9087371826172, 71.73564147949219, 463.06610107421875, 339.3258056640625], [53.061256408691406, 140.32940673828125, 94.1462631225586, 234.771728515625], [301.5406494140625, 188.75405883789062, 499.0, 342.2831115722656], [0.5587892532348633, 175.19493103027344, 18.719810485839844, 227.2152557373047]]}