{"categories": [0, 40, 55, 56, 58, 60, 65, 73], "bboxes": [[236.82290649414062, 42.68840789794922, 348.8316345214844, 267.3604736328125], [146.651123046875, 49.980316162109375, 156.8621826171875, 73.24710845947266], [322.0669250488281, 247.06959533691406, 378.5233459472656, 295.72613525390625], [321.24639892578125, 186.7737579345703, 400.96484375, 255.99122619628906], [2.357545852661133, 182.1011962890625, 62.7530517578125, 317.4730224609375], [185.4297637939453, 235.83303833007812, 499.0, 402.2327575683594], [151.49691772460938, 361.9954833984375, 175.55648803710938, 397.53033447265625], [412.1778869628906, 244.217529296875, 442.7416076660156, 259.8821105957031]]}