{"categories": [0, 38], "bboxes": [[243.31629943847656, 40.177978515625, 365.1864929199219, 410.49560546875], [200.6708984375, 239.61294555664062, 312.0889892578125, 294.5442199707031]]}