{"categories": [0, 32], "bboxes": [[94.46878051757812, 48.20814514160156, 489.9304504394531, 416.33489990234375], [184.8359375, 371.4889221191406, 243.08688354492188, 428.1612243652344]]}