{"categories": [0, 2, 29], "bboxes": [[302.0068664550781, 96.12413024902344, 412.9981384277344, 282.0946044921875], [304.0614318847656, 107.24475860595703, 323.1532897949219, 118.14900970458984], [119.95987701416016, 18.755563735961914, 155.53164672851562, 27.156965255737305]]}