{"categories": [0, 6, 7, 13], "bboxes": [[185.99520874023438, 79.19708251953125, 287.8491516113281, 333.5260009765625], [29.3138427734375, 33.352935791015625, 491.34173583984375, 190.0121612548828], [0.0281829833984375, 55.481040954589844, 85.53016662597656, 177.71337890625], [0.0, 206.78147888183594, 491.76123046875, 326.2421569824219]]}