{"categories": [0, 13, 26, 32, 35, 52], "bboxes": [[54.31367492675781, 0.0, 316.49298095703125, 244.37196350097656], [207.53604125976562, 138.3974151611328, 492.8882141113281, 220.7631072998047], [140.99649047851562, 111.91966247558594, 170.38250732421875, 172.43040466308594], [339.0744323730469, 299.137451171875, 353.0762023925781, 313.63092041015625], [295.9754638671875, 0.0, 335.90411376953125, 33.9859619140625], [228.2364044189453, 238.774169921875, 269.0856018066406, 271.6457214355469]]}