{"categories": [0, 27, 39, 45, 69], "bboxes": [[481.51727294921875, 145.80026245117188, 965.2112426757812, 676.89990234375], [730.95458984375, 376.5104064941406, 772.5709228515625, 431.6515197753906], [957.5013427734375, 432.74609375, 996.3685302734375, 505.74261474609375], [122.7890396118164, 80.57840728759766, 175.0497283935547, 103.2872085571289], [946.1982421875, 373.72015380859375, 1016.693359375, 682.0]]}