{"categories": [0, 56, 58, 60, 65], "bboxes": [[55.826324462890625, 98.16354370117188, 452.34210205078125, 673.0418701171875], [583.499267578125, 480.97894287109375, 1009.7598876953125, 673.1935424804688], [364.8178405761719, 314.9424133300781, 410.8745422363281, 368.6172180175781], [344.6614074707031, 352.0792236328125, 659.9373779296875, 587.4281616210938], [652.0531616210938, 520.1919555664062, 876.1216430664062, 611.5881958007812]]}