{"categories": [0, 56, 59, 74], "bboxes": [[278.3157653808594, 191.64404296875, 872.984375, 1004.9686279296875], [760.6459350585938, 598.1362915039062, 1003.8275756835938, 989.6868286132812], [7.330078125, 428.3884582519531, 967.9118041992188, 1006.36474609375], [976.9437866210938, 89.05494689941406, 1021.8622436523438, 253.7272186279297]]}