{"categories": [0], "bboxes": [[2.999908447265625, 111.92863464355469, 104.4872055053711, 410.8123779296875]]}