{"categories": [0, 67], "bboxes": [[2.4811019897460938, 104.51863098144531, 205.24179077148438, 449.0], [653.7096557617188, 294.0382080078125, 699.3407592773438, 342.17510986328125]]}