{"categories": [0, 26], "bboxes": [[180.66842651367188, 113.15548706054688, 416.0434265136719, 671.74951171875], [404.30096435546875, 341.5868835449219, 453.08154296875, 415.7773132324219]]}