{"categories": [0, 52, 56, 62], "bboxes": [[926.8829345703125, 161.23805236816406, 1023.0, 315.91357421875], [584.2384033203125, 583.9603271484375, 658.36962890625, 637.0223388671875], [777.5547485351562, 559.51708984375, 934.1818237304688, 676.1790771484375], [332.0954895019531, 206.83998107910156, 385.6524963378906, 262.98614501953125]]}