{"categories": [0, 2, 25, 35, 56, 74], "bboxes": [[540.1527099609375, 36.916168212890625, 930.365966796875, 668.6326904296875], [120.56627655029297, 290.3543701171875, 180.09765625, 308.868408203125], [1.5986785888671875, 215.03846740722656, 90.37885284423828, 245.1920928955078], [512.9346923828125, 552.0726318359375, 643.4320068359375, 671.043212890625], [855.5286254882812, 561.7560424804688, 1011.6907348632812, 672.9684448242188], [763.6649169921875, 532.2783203125, 793.9185791015625, 561.5792236328125]]}