{"categories": [0, 40, 41, 67], "bboxes": [[657.28271484375, 208.1204376220703, 932.2515869140625, 672.2948608398438], [479.300537109375, 417.506591796875, 508.792724609375, 468.439453125], [3.508289337158203, 296.9358825683594, 45.753318786621094, 345.7646179199219], [557.0748901367188, 323.2242126464844, 606.5228881835938, 360.4775085449219]]}