{"categories": [0, 42, 56, 66], "bboxes": [[104.31773376464844, 38.46363830566406, 205.28038024902344, 165.99221801757812], [0.4989604949951172, 139.99313354492188, 17.183034896850586, 175.63278198242188], [31.485776901245117, 128.14938354492188, 79.86212158203125, 166.29293823242188], [26.821395874023438, 160.16213989257812, 258.6015625, 209.168701171875]]}