{"categories": [0, 39, 41, 56, 60, 62, 63, 75], "bboxes": [[304.33270263671875, 276.6358337402344, 449.54107666015625, 422.7486877441406], [569.8091430664062, 351.6389465332031, 589.0036010742188, 409.8204040527344], [558.6737060546875, 548.8783569335938, 586.9453125, 590.9060668945312], [603.7453002929688, 355.1850891113281, 633.7964477539062, 404.3031311035156], [235.5767822265625, 389.23779296875, 886.3131103515625, 656.3887939453125], [6.8926544189453125, 417.1498718261719, 266.23956298828125, 613.8050537109375], [745.2719116210938, 329.934814453125, 827.2481079101562, 405.1639404296875], [429.6846008300781, 363.58734130859375, 454.3597106933594, 418.07025146484375]]}