{"categories": [0, 13, 26, 58], "bboxes": [[545.653076171875, 122.37411499023438, 703.1878662109375, 640.5882568359375], [696.6365966796875, 458.17633056640625, 1013.4755859375, 576.7582397460938], [317.2132263183594, 447.7622985839844, 387.1607360839844, 597.0172119140625], [85.4844970703125, 177.7091827392578, 371.2288818359375, 546.64111328125]]}