{"categories": [0, 25, 28], "bboxes": [[269.9912109375, 60.95654296875, 636.0389404296875, 656.510986328125], [56.996917724609375, 35.348876953125, 967.6859130859375, 578.5216064453125], [468.95166015625, 100.2257080078125, 999.0, 644.037109375]]}