{"categories": [0, 67], "bboxes": [[75.21395874023438, 162.36322021484375, 759.445556640625, 995.1332397460938], [251.64974975585938, 330.3562316894531, 279.9334411621094, 397.2337951660156]]}