{"categories": [0, 26], "bboxes": [[824.4368286132812, 65.80961608886719, 963.2804565429688, 406.909423828125], [890.7484130859375, 216.84474182128906, 941.7486572265625, 271.07672119140625]]}