{"categories": [0, 26, 58], "bboxes": [[28.857620239257812, 494.708740234375, 278.9447021484375, 1009.101318359375], [460.8502197265625, 634.1944580078125, 495.27252197265625, 734.579833984375], [545.5556030273438, 700.403076171875, 781.0, 919.9696044921875]]}