{"categories": [0, 39, 40, 45, 60], "bboxes": [[183.72357177734375, 49.863037109375, 799.612548828125, 460.40350341796875], [502.1724853515625, 375.8197326660156, 519.443603515625, 424.2597961425781], [600.4344482421875, 387.256591796875, 674.5186767578125, 541.2274780273438], [448.7769470214844, 415.8795166015625, 558.2305908203125, 455.873291015625], [64.00100708007812, 406.86053466796875, 1011.4669189453125, 663.3047485351562]]}