{"categories": [0, 24], "bboxes": [[83.89472961425781, 479.2291259765625, 325.57965087890625, 760.217529296875], [537.6227416992188, 272.92767333984375, 629.5951538085938, 407.44287109375]]}