{"categories": [0, 2, 39, 40, 41, 43, 44, 56, 60, 79], "bboxes": [[108.90702819824219, 128.968017578125, 245.09873962402344, 337.7213134765625], [330.76605224609375, 8.413337707519531, 499.0, 226.51809692382812], [306.0091857910156, 271.34619140625, 320.7139587402344, 297.40618896484375], [191.946533203125, 304.2342834472656, 222.7276611328125, 364.7112731933594], [321.23516845703125, 275.5426330566406, 348.734619140625, 304.1063537597656], [129.9778594970703, 343.3851318359375, 164.0360870361328, 370.7249755859375], [220.24932861328125, 323.43212890625, 264.6802673339844, 339.847412109375], [422.33966064453125, 212.76222229003906, 499.0, 344.31280517578125], [86.876953125, 290.72308349609375, 485.333984375, 388.43121337890625], [366.45391845703125, 339.872314453125, 380.533935546875, 383.83575439453125]]}