{"categories": [0, 56, 60, 63, 73], "bboxes": [[616.7439575195312, 400.27484130859375, 842.0707397460938, 669.2504272460938], [610.1681518554688, 291.92059326171875, 676.7197875976562, 348.04229736328125], [7.20684814453125, 523.2335205078125, 643.5625, 668.4803466796875], [11.964920043945312, 537.2703247070312, 186.73057556152344, 588.0473022460938], [169.25009155273438, 596.750732421875, 303.5553283691406, 637.39013671875]]}