{"categories": [0, 27, 39, 40, 41, 43, 60], "bboxes": [[508.27728271484375, 20.648681640625, 1015.8082885742188, 704.606689453125], [341.6228942871094, 350.7310485839844, 428.4235534667969, 629.7547607421875], [48.251102447509766, 447.9436950683594, 148.76792907714844, 712.0], [152.16360473632812, 538.42919921875, 276.95208740234375, 710.8623046875], [287.48846435546875, 656.281982421875, 418.95025634765625, 712.0], [0.24979782104492188, 610.1289672851562, 46.58576583862305, 641.8082885742188], [26.44464111328125, 579.545166015625, 638.2603759765625, 705.483642578125]]}