{"categories": [0, 2, 73], "bboxes": [[337.6342468261719, 11.121734619140625, 855.4974365234375, 630.0655517578125], [362.0504455566406, 139.33969116210938, 387.3635559082031, 154.86788940429688], [575.9705200195312, 461.35675048828125, 804.1708374023438, 607.9280395507812]]}