{"categories": [0, 27, 39, 72], "bboxes": [[534.390869140625, 90.0926513671875, 729.8143310546875, 658.5967407226562], [185.23806762695312, 162.69065856933594, 238.17904663085938, 387.0975341796875], [696.76806640625, 407.97247314453125, 727.3143310546875, 483.9547119140625], [886.512939453125, 58.202484130859375, 1023.0, 663.977783203125]]}