{"categories": [0, 2, 24], "bboxes": [[483.1391906738281, 169.10675048828125, 1020.994140625, 753.6376342773438], [968.02587890625, 381.8589782714844, 992.0111083984375, 395.1388854980469], [108.73765563964844, 285.10833740234375, 285.72998046875, 558.3057250976562]]}