{"categories": [0, 41, 65], "bboxes": [[0.0, 142.6796875, 160.9331512451172, 659.5938720703125], [887.3501586914062, 591.4900512695312, 911.9741821289062, 637.3997192382812], [256.28912353515625, 302.6514587402344, 295.90435791015625, 346.9987487792969]]}