{"categories": [0, 27, 41, 56, 57], "bboxes": [[447.0003662109375, 0.0, 1023.0, 681.5126342773438], [660.2387084960938, 355.0400695800781, 785.9563598632812, 601.9457397460938], [595.98046875, 651.9179077148438, 756.95703125, 683.7129516601562], [7.179309844970703, 378.84979248046875, 131.62123107910156, 681.3814086914062], [0.0, 315.1402587890625, 1023.0, 684.0]]}