{"categories": [0, 40, 56, 57, 58, 59, 60, 75], "bboxes": [[264.306640625, 622.75341796875, 413.0277099609375, 960.450439453125], [255.53062438964844, 512.8519287109375, 278.4602355957031, 568.442138671875], [399.34326171875, 446.5760803222656, 485.1207275390625, 512.8676147460938], [0.0, 491.47576904296875, 123.10261535644531, 705.1896362304688], [154.2271270751953, 222.07350158691406, 232.0675506591797, 429.80218505859375], [0.9793815612792969, 479.7132568359375, 74.72227478027344, 704.370849609375], [161.08255004882812, 516.3784790039062, 475.8947448730469, 780.1320190429688], [164.34576416015625, 308.91595458984375, 199.90597534179688, 423.652099609375]]}