{"categories": [0, 32, 38, 47], "bboxes": [[0.0, 54.989288330078125, 141.11587524414062, 550.1480712890625], [932.6597290039062, 457.201904296875, 947.3135375976562, 470.90631103515625], [120.71615600585938, 333.4921875, 192.88986206054688, 468.18365478515625], [806.5692138671875, 398.2953186035156, 851.8206787109375, 420.3418884277344]]}