{"categories": [0, 39, 40, 41, 45, 56, 58, 60, 62, 65], "bboxes": [[183.62606811523438, 264.0343017578125, 340.0973205566406, 743.9050903320312], [192.53199768066406, 506.9265441894531, 215.51039123535156, 577.2177124023438], [876.1875, 326.94073486328125, 916.615966796875, 471.95611572265625], [171.58509826660156, 346.38189697265625, 196.7250213623047, 387.7584228515625], [883.6217651367188, 441.6737060546875, 989.3997192382812, 501.35821533203125], [0.0, 435.1375732421875, 190.65733337402344, 722.1925048828125], [99.46891784667969, 263.9506530761719, 179.1702423095703, 384.4220275878906], [2.6445159912109375, 384.2743225097656, 198.34033203125, 495.9703063964844], [948.2249755859375, 205.4177703857422, 1023.0, 405.2481689453125], [415.8135070800781, 574.117919921875, 457.7340393066406, 608.4185791015625]]}