{"categories": [0, 2, 67, 74], "bboxes": [[428.99945068359375, 119.4732666015625, 859.0447387695312, 679.5428466796875], [303.0218200683594, 253.6162872314453, 470.6476135253906, 373.8720397949219], [384.152587890625, 604.7824096679688, 501.689453125, 637.3002319335938], [551.47705078125, 573.6203002929688, 581.5128173828125, 597.8126831054688]]}