{"categories": [0, 13], "bboxes": [[563.25341796875, 310.1263427734375, 694.596923828125, 439.69091796875], [258.7078857421875, 434.308837890625, 1017.765869140625, 674.899169921875]]}