{"categories": [0, 26, 73], "bboxes": [[467.2551574707031, 258.07183837890625, 647.635009765625, 762.1273193359375], [629.5966796875, 417.38958740234375, 718.73828125, 490.51776123046875], [602.17724609375, 572.6510009765625, 700.8223876953125, 653.9915771484375]]}