{"categories": [0, 27, 56, 57], "bboxes": [[210.32115173339844, 117.77398681640625, 583.392578125, 956.4508666992188], [349.38818359375, 270.87042236328125, 400.23834228515625, 455.94189453125], [20.220062255859375, 541.36083984375, 282.54498291015625, 898.7926025390625], [44.79180908203125, 185.288818359375, 701.6629638671875, 928.0855712890625]]}