{"categories": [0, 8, 13, 24, 26, 39, 56, 60], "bboxes": [[625.1127319335938, 194.4782257080078, 878.8117065429688, 601.8961791992188], [761.2244873046875, 187.6221923828125, 813.728759765625, 216.275390625], [661.36083984375, 429.1536865234375, 1015.33740234375, 746.1307373046875], [10.443656921386719, 649.0418701171875, 166.83236694335938, 765.016357421875], [633.7635498046875, 667.0806274414062, 835.4927978515625, 763.5993041992188], [797.4253540039062, 685.246337890625, 854.5233764648438, 762.1190185546875], [2.9814453125, 473.76153564453125, 136.90380859375, 541.8430786132812], [321.72894287109375, 370.8465270996094, 647.8958740234375, 568.2496948242188]]}