{"categories": [0, 2, 25, 26, 41, 56], "bboxes": [[97.92095947265625, 204.56983947753906, 572.8618774414062, 676.0487670898438], [617.1188354492188, 415.56951904296875, 658.9254760742188, 466.48150634765625], [316.41387939453125, 9.374130249023438, 634.144775390625, 470.95001220703125], [584.7743530273438, 265.6114196777344, 867.9555053710938, 501.1385192871094], [570.4595336914062, 568.7095947265625, 612.3439331054688, 627.4072265625], [74.79356384277344, 484.3507385253906, 117.04557800292969, 535.2882080078125]]}