{"categories": [0], "bboxes": [[711.3563232421875, 190.7884063720703, 922.0849609375, 678.190185546875]]}