{"categories": [0, 27], "bboxes": [[672.8241577148438, 238.94244384765625, 913.2042846679688, 675.2861938476562], [500.10125732421875, 280.1864929199219, 522.0699462890625, 379.0706481933594]]}