{"categories": [0, 37], "bboxes": [[873.1642456054688, 65.74398040771484, 943.1782836914062, 293.31634521484375], [154.84222412109375, 33.92619323730469, 247.00320434570312, 401.494873046875]]}