{"categories": [0, 13, 26, 39, 60, 72, 73, 74], "bboxes": [[237.72499084472656, 188.3068389892578, 345.270263671875, 502.006591796875], [10.081436157226562, 371.7222900390625, 253.6069793701172, 642.8672485351562], [348.46337890625, 245.50912475585938, 421.49591064453125, 387.4010925292969], [697.3707275390625, 326.7362060546875, 714.501953125, 382.3790283203125], [614.4291381835938, 336.6756591796875, 861.2667846679688, 630.05615234375], [588.3548583984375, 122.119384765625, 702.5562744140625, 378.179443359375], [674.5061645507812, 390.0029296875, 763.6710815429688, 412.711181640625], [468.765869140625, 139.51242065429688, 490.423583984375, 160.9378662109375]]}