{"categories": [0, 26, 39, 41, 43, 56, 60, 73], "bboxes": [[731.7938842773438, 129.9134521484375, 891.2621459960938, 672.58154296875], [97.0196533203125, 430.70361328125, 130.29913330078125, 492.50335693359375], [505.91778564453125, 369.6661376953125, 538.2962036132812, 455.7490234375], [413.4834899902344, 548.3916625976562, 456.3235168457031, 617.8517456054688], [355.67791748046875, 525.441650390625, 451.6331787109375, 582.5799560546875], [843.4546508789062, 469.35736083984375, 992.4180297851562, 677.2617797851562], [259.9190673828125, 469.5098876953125, 723.513427734375, 664.0958251953125], [474.3051452636719, 506.2974853515625, 641.5119018554688, 554.8616943359375]]}