{"categories": [0], "bboxes": [[21.3502197265625, 288.8617858886719, 701.4859008789062, 986.3629150390625]]}