{"categories": [0, 26, 39, 43, 56, 60, 62, 67], "bboxes": [[535.6669921875, 295.26470947265625, 927.837158203125, 672.462158203125], [374.2663269042969, 336.8550109863281, 423.0500793457031, 373.6885681152344], [283.9053955078125, 162.5939483642578, 308.76507568359375, 208.68934631347656], [64.03604125976562, 626.2471923828125, 154.0520782470703, 665.2618408203125], [229.29518127441406, 394.8231506347656, 374.14013671875, 528.98388671875], [123.1600341796875, 402.2855224609375, 677.6476440429688, 666.783935546875], [614.3943481445312, 159.8394012451172, 698.5147094726562, 216.06947326660156], [474.0705261230469, 464.6025085449219, 524.282958984375, 483.8359680175781]]}