{"categories": [0, 1, 26, 39, 42, 60, 73, 74], "bboxes": [[142.90228271484375, 130.3079833984375, 698.4999389648438, 652.2940673828125], [166.42529296875, 484.064208984375, 899.5107421875, 675.949462890625], [0.23883819580078125, 199.63064575195312, 163.96206665039062, 375.2142028808594], [123.9090576171875, 562.2564086914062, 207.92343139648438, 678.5639038085938], [417.97247314453125, 554.1113891601562, 689.1520385742188, 666.3746948242188], [10.305587768554688, 574.3140258789062, 427.20721435546875, 670.9552612304688], [7.2833709716796875, 498.61102294921875, 175.51414489746094, 561.4260864257812], [229.93606567382812, 512.684326171875, 254.17984008789062, 537.4307861328125]]}