{"categories": [0, 26, 34, 41, 56, 62, 65, 69], "bboxes": [[419.81048583984375, 45.6407470703125, 749.7393188476562, 666.724609375], [587.6591796875, 576.6705322265625, 782.5657958984375, 678.0408935546875], [102.57913970947266, 255.1664581298828, 127.57707977294922, 364.2066345214844], [325.4514465332031, 329.7988586425781, 351.1582946777344, 376.3163146972656], [95.35464477539062, 254.65664672851562, 130.47389221191406, 364.6889953613281], [436.58990478515625, 3.318878173828125, 918.0502319335938, 179.2212371826172], [92.09414672851562, 365.1956481933594, 143.6932373046875, 381.2823181152344], [833.1356811523438, 433.5699462890625, 883.4324340820312, 679.16650390625]]}