{"categories": [0, 32, 56, 57, 58, 60], "bboxes": [[725.0555419921875, 462.755615234375, 1023.0, 742.75341796875], [768.8489379882812, 446.8769226074219, 853.8746948242188, 557.3057250976562], [0.0, 84.33294677734375, 175.86715698242188, 396.1280822753906], [312.6457214355469, 69.60325622558594, 972.4896240234375, 496.8048095703125], [269.4530944824219, 111.87117004394531, 315.5442199707031, 167.29505920410156], [224.22862243652344, 138.9048309326172, 351.94140625, 213.3199005126953]]}