{"categories": [0, 26, 29], "bboxes": [[297.2981872558594, 259.8931884765625, 453.7436828613281, 629.1328735351562], [61.985877990722656, 327.10882568359375, 111.36219024658203, 405.61956787109375], [414.7499084472656, 381.7373046875, 450.2299499511719, 449.68585205078125]]}