{"categories": [0, 56, 66, 73], "bboxes": [[419.37506103515625, 440.85760498046875, 718.7991333007812, 673.9179077148438], [743.3857421875, 547.7456665039062, 967.6766357421875, 679.6611938476562], [578.081787109375, 458.89215087890625, 769.5028076171875, 556.6365966796875], [404.2544250488281, 398.0711669921875, 458.2388610839844, 469.96295166015625]]}