{"categories": [0, 27, 39, 41, 63], "bboxes": [[0.805328369140625, 2.55499267578125, 288.69097900390625, 447.5041809082031], [355.468505859375, 195.83245849609375, 389.88079833984375, 324.0361328125], [401.7595520019531, 286.5526428222656, 421.8908386230469, 364.1277160644531], [448.0562438964844, 392.7803039550781, 479.3113708496094, 436.4727478027344], [482.54241943359375, 369.6138610839844, 603.9266967773438, 437.6761779785156]]}