{"categories": [0], "bboxes": [[0.6057586669921875, 79.08036041259766, 195.4484100341797, 327.9103088378906]]}