{"categories": [0, 56, 60], "bboxes": [[747.6148681640625, 107.78317260742188, 1023.0, 666.5614013671875], [469.2561950683594, 237.87994384765625, 503.8202819824219, 289.5677490234375], [0.0, 459.13250732421875, 105.82431030273438, 673.9243774414062]]}