{"categories": [0, 27, 65, 73], "bboxes": [[131.87547302246094, 49.02911376953125, 541.5440673828125, 672.2177124023438], [82.22523498535156, 133.98524475097656, 191.1143341064453, 418.64862060546875], [516.8471069335938, 279.2930603027344, 551.9208374023438, 312.4666442871094], [633.7034912109375, 598.1697998046875, 749.528076171875, 679.5772705078125]]}