{"categories": [0, 26, 41, 56], "bboxes": [[202.271728515625, 284.59515380859375, 443.9920654296875, 678.021484375], [178.08718872070312, 541.5122680664062, 230.10256958007812, 664.1592407226562], [654.2547607421875, 652.548583984375, 729.8814697265625, 681.10205078125], [0.0, 527.1570434570312, 79.91328430175781, 669.5961303710938]]}