{"categories": [0, 7, 24, 26, 27, 62, 66], "bboxes": [[288.6053771972656, 251.15077209472656, 380.0082092285156, 541.677490234375], [408.0006408691406, 167.3360595703125, 551.17626953125, 395.03302001953125], [532.3482666015625, 484.23748779296875, 628.9921875, 663.2258911132812], [537.0880737304688, 484.12115478515625, 623.0095825195312, 658.6246948242188], [807.700927734375, 369.6612243652344, 835.745361328125, 450.4403381347656], [0.0, 4.6511077880859375, 340.7867431640625, 433.72760009765625], [649.0547485351562, 596.8584594726562, 783.2175903320312, 653.1746215820312]]}