{"categories": [0, 7, 8, 26, 35], "bboxes": [[591.3430786132812, 799.1709594726562, 633.1814575195312, 890.3330688476562], [19.72655487060547, 698.131103515625, 268.9011535644531, 942.265869140625], [93.81146240234375, 0.0, 616.3284301757812, 993.8197021484375], [244.13943481445312, 941.917236328125, 324.7148132324219, 996.8671875], [116.69471740722656, 954.8899536132812, 180.9310760498047, 983.7528686523438]]}