{"categories": [0, 26, 27, 39, 56, 65], "bboxes": [[26.874290466308594, 56.43597412109375, 220.58169555664062, 451.991455078125], [203.15670776367188, 585.1174926757812, 355.8766784667969, 676.5961303710938], [132.731689453125, 138.1973114013672, 158.83883666992188, 198.64781188964844], [159.81455993652344, 486.0362243652344, 191.54017639160156, 570.669677734375], [247.80836486816406, 184.9513397216797, 379.249267578125, 271.7791442871094], [342.0359191894531, 355.9111022949219, 381.8601989746094, 377.9804992675781]]}