{"categories": [0, 13, 37], "bboxes": [[755.62646484375, 89.29183959960938, 918.4716796875, 553.4918212890625], [305.21771240234375, 383.99261474609375, 573.8941650390625, 672.2677612304688], [309.4732360839844, 394.34332275390625, 565.444580078125, 676.8731079101562]]}