{"categories": [0, 2, 24, 32], "bboxes": [[381.2583312988281, 183.41563415527344, 615.8130493164062, 574.6627807617188], [348.7159729003906, 68.50458526611328, 401.6024475097656, 97.92523956298828], [322.1768493652344, 125.05410766601562, 359.7328796386719, 165.39007568359375], [772.4790649414062, 191.77391052246094, 825.1454467773438, 216.81187438964844]]}