{"categories": [0, 9, 40, 41, 49], "bboxes": [[282.4351501464844, 372.73797607421875, 384.4527893066406, 479.3233642578125], [810.8829345703125, 70.86321258544922, 838.4542236328125, 94.83667755126953], [470.6098937988281, 432.265869140625, 504.0406799316406, 504.5372314453125], [266.8240051269531, 477.4056701660156, 295.7745056152344, 508.5144348144531], [655.3535766601562, 49.6710319519043, 678.0750122070312, 69.81591796875]]}