{"categories": [0, 13, 32], "bboxes": [[292.33154296875, 185.11007690429688, 719.7726440429688, 626.423828125], [481.90618896484375, 132.69952392578125, 571.2455444335938, 176.62973022460938], [635.262451171875, 571.9100952148438, 713.8707275390625, 643.6709594726562]]}