{"categories": [0, 50], "bboxes": [[297.7508239746094, 94.1815185546875, 431.4628601074219, 328.10369873046875], [125.62420654296875, 115.58450317382812, 176.5535888671875, 169.65414428710938]]}