{"categories": [0, 27, 55], "bboxes": [[8.42388916015625, 19.426666259765625, 299.6619567871094, 325.4353942871094], [176.20278930664062, 130.8931884765625, 225.97811889648438, 164.59829711914062], [224.776611328125, 266.7198486328125, 346.1268310546875, 331.4844970703125]]}