{"categories": [0, 13, 25, 34, 41, 67], "bboxes": [[146.13714599609375, 94.26974487304688, 546.6055908203125, 670.7928466796875], [45.015106201171875, 343.488037109375, 1023.0, 659.8458251953125], [274.730224609375, 476.02056884765625, 392.36456298828125, 682.0], [799.5140380859375, 163.35935974121094, 838.2626953125, 333.36767578125], [133.9193572998047, 266.5986633300781, 174.54539489746094, 334.0544738769531], [770.213623046875, 329.1689147949219, 856.870361328125, 353.1037292480469]]}