{"categories": [0, 27, 62], "bboxes": [[411.88153076171875, 0.0, 1023.0, 665.5291748046875], [703.8033447265625, 323.742919921875, 776.991455078125, 661.98779296875], [0.0, 108.8043212890625, 196.99488830566406, 440.73284912109375]]}