{"categories": [0, 58, 60], "bboxes": [[29.251068115234375, 338.7947998046875, 314.6324157714844, 1016.326171875], [48.335838317871094, 537.5407104492188, 126.91252899169922, 686.1093139648438], [0.0, 658.8099365234375, 92.42880249023438, 919.866455078125]]}