{"categories": [0, 13, 32], "bboxes": [[136.09750366210938, 154.28878784179688, 314.9466247558594, 470.7649230957031], [786.4241333007812, 276.5726623535156, 950.9205932617188, 346.7355651855469], [707.5447998046875, 468.39276123046875, 799.2994384765625, 550.6450805664062]]}