{"categories": [0, 27, 44, 79], "bboxes": [[216.5279541015625, 104.88958740234375, 740.0755004882812, 679.55517578125], [384.2812194824219, 420.0411071777344, 454.2632751464844, 656.788818359375], [0.0, 494.483154296875, 115.75827026367188, 580.024658203125], [318.144775390625, 515.9012451171875, 373.96044921875, 657.12158203125]]}