{"categories": [0, 27, 40, 56, 58, 67, 75], "bboxes": [[430.216552734375, 123.86203002929688, 836.6942138671875, 674.99169921875], [436.52752685546875, 331.175048828125, 559.7465209960938, 670.7840576171875], [788.681396484375, 481.93829345703125, 832.1783447265625, 538.23291015625], [91.32718658447266, 360.16748046875, 236.75686645507812, 672.526611328125], [194.7489013671875, 140.9980926513672, 274.7317810058594, 241.2082977294922], [632.3914184570312, 327.5490417480469, 658.9404907226562, 379.6746520996094], [216.30044555664062, 203.69024658203125, 246.40533447265625, 242.02911376953125]]}