{"categories": [0, 50, 57, 58], "bboxes": [[64.67520141601562, 291.7115173339844, 252.2982177734375, 499.0], [199.7049102783203, 275.94134521484375, 311.24908447265625, 372.42547607421875], [23.287109375, 358.24627685546875, 357.0, 493.90423583984375], [239.66989135742188, 59.349979400634766, 317.4204406738281, 133.33612060546875]]}