{"categories": [0, 41, 43, 45, 56, 60, 67], "bboxes": [[358.7708435058594, 205.9872283935547, 572.4688720703125, 433.84649658203125], [532.4213256835938, 492.0419616699219, 593.1715698242188, 585.1595458984375], [441.9253234863281, 504.0035705566406, 536.8790893554688, 536.34130859375], [477.9201965332031, 387.0708923339844, 669.6593627929688, 499.0801696777344], [872.3245239257812, 283.3375244140625, 1023.0, 581.2088623046875], [100.0244140625, 381.2626953125, 991.9119873046875, 673.476318359375], [260.6125793457031, 582.9320068359375, 315.3824768066406, 627.744384765625]]}