{"categories": [0, 56, 62, 73], "bboxes": [[383.3871765136719, 123.59037780761719, 451.7113342285156, 301.713623046875], [5.146228790283203, 273.8629150390625, 56.56313705444336, 305.52386474609375], [232.76344299316406, 31.718730926513672, 499.0, 127.02951049804688], [230.8114471435547, 34.201961517333984, 499.0, 112.18865966796875]]}