{"categories": [0, 56], "bboxes": [[0.0, 28.81634521484375, 300.7420654296875, 377.0], [2.3888092041015625, 111.16029357910156, 81.05721282958984, 202.14524841308594]]}