{"categories": [0, 56, 73], "bboxes": [[0.0, 51.068206787109375, 315.68389892578125, 707.5234375], [791.3938598632812, 160.75827026367188, 834.1511840820312, 205.10772705078125], [503.03851318359375, 228.30087280273438, 549.1622924804688, 341.1631164550781]]}