{"categories": [0, 25, 26, 28, 56], "bboxes": [[666.7364501953125, 98.08172607421875, 953.869140625, 679.0640258789062], [344.693359375, 0.0, 387.32818603515625, 211.1437530517578], [456.4322509765625, 334.99468994140625, 503.78485107421875, 428.388916015625], [954.5007934570312, 536.3966064453125, 1023.0, 671.9466552734375], [948.3095092773438, 479.849365234375, 1023.0, 674.8897705078125]]}