{"categories": [0, 56, 73], "bboxes": [[340.392578125, 130.47683715820312, 664.3822631835938, 729.934814453125], [207.19020080566406, 422.3103942871094, 308.3550720214844, 627.0703125], [494.1729736328125, 338.34588623046875, 611.0439453125, 437.65240478515625]]}