{"categories": [0, 58, 71, 74], "bboxes": [[629.9614868164062, 111.2230224609375, 980.5082397460938, 756.9031372070312], [0.2906036376953125, 566.08935546875, 45.571983337402344, 673.306884765625], [967.5546875, 524.308349609375, 1021.30126953125, 591.9127197265625], [69.9643783569336, 0.0, 139.46932983398438, 84.08321380615234]]}