{"categories": [0, 24], "bboxes": [[736.5761108398438, 115.57221984863281, 874.4363403320312, 361.718017578125], [667.4198608398438, 166.74398803710938, 749.4246215820312, 291.31396484375]]}