{"categories": [0, 56, 77], "bboxes": [[646.1403198242188, 120.69296264648438, 946.9744262695312, 932.3448486328125], [0.2465667724609375, 314.86895751953125, 178.0089111328125, 898.8109741210938], [710.232421875, 447.50347900390625, 811.2554931640625, 513.5090942382812]]}