{"categories": [0, 79], "bboxes": [[203.84100341796875, 131.17393493652344, 401.43377685546875, 576.7240600585938], [504.5713195800781, 182.75570678710938, 566.03515625, 208.780517578125]]}