{"categories": [0, 25, 27], "bboxes": [[55.62550354003906, 413.8084411621094, 392.5673828125, 1014.84521484375], [140.41177368164062, 250.71981811523438, 667.3343505859375, 650.52490234375], [399.79437255859375, 612.3021240234375, 433.077392578125, 718.732177734375]]}