{"categories": [0, 6, 7, 17, 27], "bboxes": [[736.6254272460938, 301.3067626953125, 859.2014770507812, 660.2754516601562], [24.1771240234375, 0.0, 668.2009887695312, 651.6940307617188], [6.161712646484375, 0.0, 554.1104736328125, 682.0], [48.54005432128906, 16.167236328125, 413.33929443359375, 553.3138427734375], [446.6864013671875, 124.57490539550781, 467.68914794921875, 222.63011169433594]]}