{"categories": [0, 32], "bboxes": [[301.7070617675781, 128.02328491210938, 543.3045654296875, 628.897216796875], [227.23089599609375, 548.3611450195312, 300.19134521484375, 620.4219360351562]]}