{"categories": [0, 27, 65, 67, 73, 76], "bboxes": [[0.0, 7.7536468505859375, 182.79063415527344, 368.501708984375], [173.0873260498047, 89.50502014160156, 232.95359802246094, 321.408203125], [53.142269134521484, 107.94573974609375, 74.93156433105469, 135.20372009277344], [53.34209060668945, 265.6637878417969, 93.51728820800781, 299.1687927246094], [3.8137454986572266, 298.3536071777344, 42.576866149902344, 318.4393005371094], [49.2239875793457, 166.7013702392578, 109.46665954589844, 301.789306640625]]}