{"categories": [0, 27, 44, 62], "bboxes": [[542.1138305664062, 91.653076171875, 860.9099731445312, 666.6951904296875], [635.6779174804688, 339.8133239746094, 680.9811401367188, 583.143310546875], [178.99441528320312, 478.7812805175781, 351.2058410644531, 644.52294921875], [0.244659423828125, 212.50466918945312, 349.5021667480469, 480.2632751464844]]}