{"categories": [0, 56, 60], "bboxes": [[790.9320068359375, 309.839111328125, 906.704833984375, 611.979248046875], [60.5451774597168, 416.62493896484375, 124.65798950195312, 491.42694091796875], [3.47021484375, 407.23419189453125, 104.33422088623047, 483.98394775390625]]}