{"categories": [0, 27, 62], "bboxes": [[497.49090576171875, 125.99490356445312, 775.0440063476562, 671.566650390625], [219.37596130371094, 293.5145263671875, 238.74488830566406, 342.89263916015625], [940.3325805664062, 447.1070861816406, 1023.0, 677.0]]}