{"categories": [0, 26, 27, 39, 40, 41, 60], "bboxes": [[778.1014404296875, 170.27163696289062, 971.7738037109375, 674.38720703125], [814.0241088867188, 277.2567443847656, 969.9846801757812, 508.4759216308594], [317.7920227050781, 227.7206573486328, 366.3678894042969, 306.2567138671875], [785.2562866210938, 336.887939453125, 821.7615356445312, 477.6925048828125], [368.73773193359375, 503.7296142578125, 518.781005859375, 684.1705322265625], [652.4601440429688, 442.1790466308594, 679.9378051757812, 482.3830261230469], [610.1607666015625, 473.49853515625, 766.8203125, 673.6812744140625]]}