{"categories": [0, 32, 67], "bboxes": [[173.3353271484375, 350.2271423339844, 459.793212890625, 953.076416015625], [205.8773193359375, 0.0, 346.74212646484375, 106.87248992919922], [417.0617370605469, 591.1793823242188, 449.7107238769531, 609.8671264648438]]}