{"categories": [0, 26, 56], "bboxes": [[582.4847412109375, 122.82949829101562, 816.1759033203125, 679.0631103515625], [771.4277954101562, 422.20953369140625, 805.1957397460938, 496.43670654296875], [224.45318603515625, 496.11279296875, 302.39495849609375, 614.6453857421875]]}