{"categories": [0], "bboxes": [[296.3910827636719, 246.1702423095703, 357.2778015136719, 457.22412109375]]}