{"categories": [0, 27], "bboxes": [[319.497802734375, 230.7828369140625, 564.7994384765625, 978.17626953125], [151.01107788085938, 373.57952880859375, 186.63507080078125, 471.2711181640625]]}