{"categories": [0], "bboxes": [[200.35342407226562, 813.0130615234375, 352.4619445800781, 920.68505859375]]}