{"categories": [0, 6, 7, 27], "bboxes": [[0.0, 21.269378662109375, 566.4985961914062, 675.0758056640625], [516.8270263671875, 4.75640869140625, 1023.0, 413.8333740234375], [565.098876953125, 0.0, 1023.0, 416.078125], [80.45743560791016, 322.666259765625, 280.27581787109375, 675.1560668945312]]}