{"categories": [0, 13, 24, 56], "bboxes": [[328.86572265625, 223.47882080078125, 608.4633178710938, 1011.2506713867188], [560.3433837890625, 124.43987274169922, 619.2435302734375, 168.00181579589844], [189.46810913085938, 657.7971801757812, 295.4568786621094, 834.3087768554688], [23.30586814880371, 201.56243896484375, 84.37811279296875, 276.49884033203125]]}