{"categories": [0], "bboxes": [[380.5859375, 92.83584594726562, 995.6962890625, 748.6485595703125]]}