{"categories": [0], "bboxes": [[0.0, 33.43260192871094, 134.28488159179688, 303.70233154296875]]}