{"categories": [0, 8, 27, 58, 72], "bboxes": [[411.4018249511719, 421.1829528808594, 619.3887939453125, 579.2319946289062], [44.878509521484375, 0.0, 1023.0, 412.19305419921875], [543.8306884765625, 510.4710693359375, 585.89013671875, 574.0394287109375], [761.5609741210938, 303.9151916503906, 866.6882934570312, 352.1465148925781], [460.62548828125, 565.8865356445312, 612.3836669921875, 757.8231811523438]]}