{"categories": [0], "bboxes": [[697.408935546875, 255.25376892089844, 993.8358154296875, 759.373046875]]}