{"categories": [0, 2, 14, 19, 43], "bboxes": [[472.9985656738281, 317.3733825683594, 567.4661865234375, 551.015625], [190.46954345703125, 0.0, 896.2000122070312, 137.1744384765625], [782.7598266601562, 458.2215576171875, 809.5795288085938, 508.13690185546875], [870.2025756835938, 498.61114501953125, 926.1716918945312, 569.4104614257812], [702.3743896484375, 454.454345703125, 732.906494140625, 510.34722900390625]]}