{"categories": [0, 3, 58], "bboxes": [[859.380615234375, 235.2303009033203, 1023.0, 681.4247436523438], [707.87353515625, 354.6418762207031, 798.5889892578125, 526.4560546875], [612.8677978515625, 309.9107360839844, 772.9173583984375, 460.2739562988281]]}