{"categories": [0, 27, 29, 73], "bboxes": [[556.1812744140625, 109.88327026367188, 1020.6739501953125, 922.2347412109375], [160.90521240234375, 323.51202392578125, 220.25149536132812, 758.5990600585938], [589.9898681640625, 465.24151611328125, 819.83203125, 607.6439819335938], [952.997314453125, 788.5475463867188, 1022.113525390625, 852.4201049804688]]}