{"categories": [0], "bboxes": [[0.0, 200.27037048339844, 217.91693115234375, 671.1558227539062]]}