{"categories": [0, 27, 41, 43, 45, 55, 60], "bboxes": [[374.48272705078125, 344.1247253417969, 681.8163452148438, 1004.7281494140625], [397.722412109375, 519.9406127929688, 429.20281982421875, 601.6644897460938], [64.2735824584961, 540.6278686523438, 97.7601547241211, 591.9277954101562], [270.702880859375, 760.12451171875, 406.7650146484375, 814.9185791015625], [240.00416564941406, 629.8943481445312, 277.88916015625, 658.5272827148438], [83.95279693603516, 624.1633911132812, 268.999267578125, 846.2402954101562], [16.36614990234375, 807.9086303710938, 442.18328857421875, 1007.3958129882812]]}