{"categories": [0, 27, 58], "bboxes": [[119.67462158203125, 157.26840209960938, 676.175048828125, 991.125244140625], [286.4483642578125, 756.9330444335938, 525.0538330078125, 927.2955932617188], [491.4046630859375, 828.8912353515625, 676.2257080078125, 1017.791748046875]]}