{"categories": [0], "bboxes": [[724.7338256835938, 138.6829071044922, 904.8611450195312, 621.00439453125]]}