{"categories": [0, 28, 34, 44, 57], "bboxes": [[393.80657958984375, 103.39825439453125, 816.9778442382812, 565.6641235351562], [616.5282592773438, 3.4426956176757812, 1023.0, 209.46453857421875], [134.65802001953125, 249.90721130371094, 780.8679809570312, 550.595703125], [722.4738159179688, 56.24210739135742, 880.2155151367188, 159.97726440429688], [1.417236328125, 9.310295104980469, 578.1604614257812, 240.04641723632812]]}