{"categories": [0, 24, 26, 67], "bboxes": [[517.065673828125, 360.0558776855469, 1011.0703125, 751.0], [590.06591796875, 263.7742614746094, 685.9288330078125, 400.4166564941406], [589.3265380859375, 416.6282653808594, 618.0784912109375, 492.8857116699219], [183.97850036621094, 143.890869140625, 210.0852813720703, 188.75210571289062]]}