{"categories": [0, 26, 33, 56, 73], "bboxes": [[449.3626708984375, 292.2118835449219, 770.9447021484375, 967.5234375], [666.2042846679688, 502.1778259277344, 808.5921020507812, 757.082763671875], [0.0, 203.68707275390625, 145.77951049804688, 268.7506408691406], [714.2925415039062, 599.0250854492188, 813.0, 974.9988403320312], [1.4029769897460938, 700.1038208007812, 43.302425384521484, 728.8926391601562]]}