{"categories": [0, 27, 67], "bboxes": [[430.66204833984375, 369.7938232421875, 626.6804809570312, 1014.3892822265625], [518.5241088867188, 229.92803955078125, 566.7714233398438, 352.79022216796875], [115.06558227539062, 337.882080078125, 195.18167114257812, 361.99017333984375]]}