{"categories": [0, 40, 58, 65], "bboxes": [[40.485595703125, 77.70458984375, 567.3125610351562, 762.121337890625], [7.841640472412109, 439.60784912109375, 94.81088256835938, 708.2615356445312], [828.89404296875, 16.183746337890625, 1022.4632568359375, 601.94677734375], [783.4160766601562, 622.2406005859375, 807.1719360351562, 660.5499267578125]]}