{"categories": [0], "bboxes": [[242.95693969726562, 85.20753479003906, 499.0, 369.86944580078125]]}