{"categories": [0, 27, 34, 73], "bboxes": [[322.40234375, 84.88128662109375, 835.0802001953125, 681.0], [544.9972534179688, 328.9378662109375, 595.3914184570312, 537.1801147460938], [137.58624267578125, 433.8561096191406, 381.80535888671875, 624.4140625], [23.128314971923828, 0.14093780517578125, 99.49722290039062, 212.58087158203125]]}