{"categories": [0, 27, 39, 40, 41, 60, 73], "bboxes": [[712.9882202148438, 72.8223876953125, 1014.2648315429688, 676.1954956054688], [817.7235717773438, 189.355224609375, 871.1677856445312, 223.24246215820312], [816.3914794921875, 256.8448486328125, 882.8890380859375, 437.97265625], [397.63531494140625, 549.6253051757812, 543.0358276367188, 682.8421020507812], [671.1806640625, 490.8135986328125, 696.0115966796875, 529.7269897460938], [643.9242553710938, 516.0262451171875, 749.2660522460938, 677.33056640625], [393.5453186035156, 364.10174560546875, 465.7034606933594, 420.238037109375]]}