{"categories": [0, 27, 40, 64], "bboxes": [[139.18319702148438, 403.323974609375, 329.6440734863281, 674.9599609375], [779.9744873046875, 104.57239532470703, 853.2501220703125, 310.2511901855469], [252.36514282226562, 584.6514892578125, 281.0576477050781, 674.66650390625], [3.9741668701171875, 32.31336212158203, 99.04143524169922, 242.8255615234375]]}