{"categories": [0, 1, 3, 24, 41, 58], "bboxes": [[314.9918518066406, 169.88613891601562, 697.41455078125, 764.2747802734375], [110.38465881347656, 463.84161376953125, 597.5322265625, 767.0], [126.98825073242188, 371.9703369140625, 836.33642578125, 756.1849365234375], [150.0177001953125, 353.6694030761719, 474.27142333984375, 723.762451171875], [655.1617431640625, 385.3953552246094, 713.3154296875, 447.0281066894531], [647.4525756835938, 334.9727478027344, 721.5986938476562, 422.0581970214844]]}