{"categories": [0, 8, 56], "bboxes": [[39.3502197265625, 117.32223510742188, 585.1867065429688, 755.474609375], [839.2719116210938, 272.3278503417969, 854.3318481445312, 288.1134338378906], [48.76531982421875, 342.90191650390625, 377.7753601074219, 746.2752075195312]]}