{"categories": [0], "bboxes": [[8.405342102050781, 133.35296630859375, 234.34146118164062, 661.2070922851562]]}