{"categories": [0], "bboxes": [[409.167724609375, 191.3456573486328, 818.675048828125, 672.4703979492188]]}