{"categories": [0, 1, 56], "bboxes": [[870.6929931640625, 252.25228881835938, 1003.557861328125, 493.9017028808594], [325.7618713378906, 30.838088989257812, 964.5997314453125, 532.3495483398438], [162.6828155517578, 468.6082458496094, 536.1864013671875, 671.7388305664062]]}