{"categories": [0, 25, 27, 28, 56], "bboxes": [[469.04052734375, 416.09320068359375, 679.0, 926.7544555664062], [105.35623168945312, 0.0, 679.0, 589.8048095703125], [494.4595642089844, 697.7242431640625, 534.7239379882812, 909.756591796875], [442.94293212890625, 645.2056274414062, 509.5526123046875, 806.2684936523438], [0.0, 690.0152587890625, 423.8856506347656, 1010.322509765625]]}