{"categories": [0, 1, 2, 7, 25], "bboxes": [[163.13568115234375, 243.6806640625, 275.3028259277344, 660.0284423828125], [0.0, 422.1295471191406, 185.20938110351562, 667.8973388671875], [575.7339477539062, 313.9892883300781, 616.2553100585938, 340.5611267089844], [765.6192626953125, 335.17840576171875, 1020.018798828125, 671.4454345703125], [8.1201171875, 85.57205200195312, 189.85568237304688, 476.4815368652344]]}