{"categories": [0, 2, 26, 56, 58, 63], "bboxes": [[211.8221435546875, 132.0339813232422, 311.31646728515625, 318.5147705078125], [0.0, 303.61236572265625, 799.0, 442.85687255859375], [648.2470092773438, 301.79522705078125, 682.3463745117188, 328.3236083984375], [157.6543426513672, 259.76336669921875, 200.01283264160156, 322.46435546875], [111.70291137695312, 185.38180541992188, 183.2957763671875, 324.14794921875], [407.6856384277344, 196.9040069580078, 476.5817565917969, 267.79925537109375]]}