{"categories": [0], "bboxes": [[84.68838500976562, 83.19638061523438, 980.635009765625, 661.59326171875]]}