{"categories": [0, 41, 56, 57, 58, 60, 79], "bboxes": [[117.54176330566406, 224.24154663085938, 432.0140380859375, 753.0916748046875], [115.54820251464844, 419.240234375, 187.5605010986328, 540.067138671875], [803.4786987304688, 363.9317626953125, 1009.9098510742188, 643.8408813476562], [61.02606201171875, 416.10772705078125, 823.6954345703125, 760.6825561523438], [630.947021484375, 170.77639770507812, 664.9332275390625, 213.60748291015625], [906.7681274414062, 360.3468017578125, 1023.0, 576.317138671875], [544.6885375976562, 576.6530151367188, 602.8395385742188, 648.0374145507812]]}