{"categories": [0, 67], "bboxes": [[6.965087890625, 104.98715209960938, 783.9671020507812, 671.4281005859375], [717.4210815429688, 356.892822265625, 891.6777954101562, 444.10601806640625]]}