{"categories": [0], "bboxes": [[151.09130859375, 26.944244384765625, 450.809814453125, 327.79119873046875]]}