{"categories": [0, 26, 43, 48, 56, 62, 75, 77], "bboxes": [[744.6360473632812, 275.6757507324219, 1000.2164916992188, 761.0230712890625], [898.5753784179688, 412.3912658691406, 1020.4614868164062, 616.8136596679688], [578.9065551757812, 3.7461395263671875, 599.5215454101562, 77.91983795166016], [87.58268737792969, 404.20751953125, 276.4666748046875, 538.2667846679688], [0.0, 379.3519287109375, 43.475059509277344, 419.26995849609375], [960.1818237304688, 0.0, 1023.0, 279.84722900390625], [978.7427978515625, 355.3641357421875, 1018.9034423828125, 487.7440185546875], [576.4644165039062, 300.0057678222656, 653.0274047851562, 413.3312072753906]]}