{"categories": [0, 26, 56, 67, 72, 73], "bboxes": [[232.97732543945312, 10.015472412109375, 1015.244873046875, 630.810791015625], [701.6109619140625, 613.3502197265625, 817.5709228515625, 682.0], [748.7083740234375, 533.174072265625, 1023.0, 678.6502685546875], [767.0828247070312, 358.8345642089844, 806.0838012695312, 378.7021789550781], [0.3437042236328125, 0.0, 384.91522216796875, 682.0], [756.3720092773438, 523.0101318359375, 1023.0, 674.912109375]]}