{"categories": [0], "bboxes": [[13.883880615234375, 4.12554931640625, 635.86328125, 727.1305541992188]]}