{"categories": [0, 27], "bboxes": [[391.66583251953125, 270.1189880371094, 551.8446044921875, 678.1776123046875], [464.2649841308594, 358.899658203125, 486.8091125488281, 446.06005859375]]}