{"categories": [0, 26, 39, 56, 57, 73, 79], "bboxes": [[157.1728057861328, 23.773406982421875, 503.40081787109375, 754.5523681640625], [337.48333740234375, 399.6248474121094, 489.76849365234375, 570.4093017578125], [408.32012939453125, 311.92340087890625, 434.98980712890625, 389.76824951171875], [438.9906005859375, 636.4828491210938, 526.9466552734375, 763.2774047851562], [370.1502990722656, 399.3943786621094, 1000.974609375, 756.9483642578125], [966.4566040039062, 482.7481689453125, 1019.5641479492188, 574.64208984375], [522.5714111328125, 0.0, 553.4671630859375, 170.92742919921875]]}