{"categories": [0, 16, 65], "bboxes": [[333.67413330078125, 411.5898132324219, 490.49859619140625, 943.0030517578125], [555.193359375, 610.2748413085938, 612.0849609375, 677.0996704101562], [219.70668029785156, 151.2597198486328, 269.4438781738281, 213.9076690673828]]}