{"categories": [0, 14, 27, 44, 60, 62, 65, 67, 74], "bboxes": [[721.6389770507812, 203.0001678466797, 958.5337524414062, 675.6024169921875], [869.6427001953125, 142.62509155273438, 903.081298828125, 231.40582275390625], [960.4965209960938, 269.7838439941406, 1008.0780639648438, 418.8213806152344], [377.1689758300781, 356.6856689453125, 458.8765563964844, 419.78912353515625], [272.346923828125, 426.71820068359375, 693.8084716796875, 672.4849243164062], [11.900886535644531, 229.67181396484375, 239.09323120117188, 383.464111328125], [735.8584594726562, 656.8634643554688, 766.9541625976562, 679.2666625976562], [2.139972686767578, 331.42724609375, 34.23687744140625, 383.5509033203125], [352.3412170410156, 553.56591796875, 428.6437072753906, 679.4219970703125]]}