{"categories": [0], "bboxes": [[2.83905029296875, 62.693572998046875, 605.2612915039062, 1017.695068359375]]}