{"categories": [0, 8, 37], "bboxes": [[194.610595703125, 281.8747863769531, 301.8887023925781, 339.5347595214844], [370.9918518066406, 240.5008544921875, 947.22705078125, 374.97314453125], [360.70880126953125, 268.17718505859375, 957.2715454101562, 368.214599609375]]}