{"categories": [0, 27, 56, 63, 73], "bboxes": [[261.18206787109375, 447.7042236328125, 706.2103271484375, 673.298828125], [699.0903930664062, 355.80474853515625, 736.8610229492188, 484.947509765625], [6.8163604736328125, 605.1743774414062, 190.31161499023438, 677.5232543945312], [764.1364135742188, 158.71157836914062, 845.7429809570312, 200.21426391601562], [576.5850830078125, 449.2591552734375, 637.4007568359375, 487.39312744140625]]}