{"categories": [0, 39, 40, 56, 60], "bboxes": [[460.7794189453125, 240.77915954589844, 872.854736328125, 664.6112670898438], [131.4053192138672, 486.4924621582031, 199.5169219970703, 677.286376953125], [271.87994384765625, 585.2296752929688, 321.81280517578125, 681.5314331054688], [63.33873748779297, 369.2608642578125, 154.6259765625, 467.06829833984375], [137.76629638671875, 490.1319580078125, 710.2023315429688, 676.060302734375]]}