{"categories": [0, 26, 41, 62, 66, 67, 68, 79], "bboxes": [[488.47149658203125, 33.95697021484375, 1010.1377563476562, 668.9304809570312], [308.60235595703125, 299.4053955078125, 429.3193359375, 381.19818115234375], [315.9591064453125, 352.15264892578125, 357.32061767578125, 427.01458740234375], [22.9732666015625, 15.31976318359375, 294.9964294433594, 649.1197509765625], [389.3274230957031, 508.8153076171875, 673.9786376953125, 676.878173828125], [402.56622314453125, 375.4610595703125, 462.871337890625, 411.879638671875], [11.781402587890625, 0.0, 289.3498229980469, 644.767333984375], [814.4839477539062, 217.37173461914062, 871.5802612304688, 282.9784851074219]]}