{"categories": [0, 27], "bboxes": [[87.55472564697266, 285.6199951171875, 259.3832702636719, 498.45245361328125], [231.942626953125, 183.79466247558594, 266.60650634765625, 245.5187530517578]]}