{"categories": [0, 27], "bboxes": [[268.25946044921875, 79.53179931640625, 514.4541015625, 1010.3699340820312], [338.6362609863281, 221.14845275878906, 402.5612487792969, 256.49957275390625]]}