{"categories": [0, 27], "bboxes": [[337.6334228515625, 54.445587158203125, 776.0, 1023.0], [175.19512939453125, 277.0901794433594, 361.2498779296875, 946.94482421875]]}