{"categories": [0, 2, 25, 67], "bboxes": [[374.7064208984375, 326.94342041015625, 603.7310791015625, 674.5455932617188], [141.5602264404297, 513.5155029296875, 241.36082458496094, 580.050537109375], [4.019672393798828, 391.81640625, 116.05165100097656, 462.35223388671875], [483.1212158203125, 411.42181396484375, 515.7420043945312, 474.64288330078125]]}