{"categories": [0, 27, 28], "bboxes": [[393.39752197265625, 113.18243408203125, 502.082275390625, 470.64129638671875], [242.5025177001953, 180.50006103515625, 278.6969909667969, 272.2931823730469], [482.68359375, 276.59857177734375, 530.2047729492188, 390.506591796875]]}