{"categories": [0, 13, 15, 56, 57, 59], "bboxes": [[198.17381286621094, 62.20477294921875, 639.4955444335938, 509.777099609375], [0.0, 280.09368896484375, 70.69441223144531, 499.49481201171875], [720.2584838867188, 318.6505432128906, 758.4869995117188, 376.9292297363281], [22.160789489746094, 226.68284606933594, 202.71356201171875, 514.1007080078125], [30.704833984375, 219.45936584472656, 638.2367553710938, 508.1304931640625], [237.12960815429688, 328.0807189941406, 756.145751953125, 517.135498046875]]}