{"categories": [0, 39, 41, 45, 56, 58, 60], "bboxes": [[231.45147705078125, 329.893798828125, 399.49041748046875, 624.8527221679688], [460.7060852050781, 404.8555603027344, 481.1336364746094, 460.6720886230469], [377.86407470703125, 360.736083984375, 397.42230224609375, 399.9453125], [897.5524291992188, 400.4149169921875, 944.8106079101562, 421.435302734375], [758.6405639648438, 400.84100341796875, 852.4990844726562, 541.7583618164062], [852.1138916015625, 224.5962371826172, 941.7484130859375, 398.63629150390625], [725.8963623046875, 362.34991455078125, 1001.40869140625, 549.7542724609375]]}