{"categories": [0, 41, 56, 58, 60, 65], "bboxes": [[143.38677978515625, 117.53916931152344, 252.0516357421875, 479.0], [584.751708984375, 295.609619140625, 606.8316650390625, 316.0906982421875], [208.52906799316406, 311.2286682128906, 303.797607421875, 472.2423400878906], [468.9088134765625, 78.02809143066406, 507.95635986328125, 104.54713439941406], [498.560302734375, 297.8604736328125, 628.10205078125, 407.71221923828125], [464.9794921875, 447.7856750488281, 485.25469970703125, 462.6018981933594]]}