{"categories": [0, 8, 14, 28, 37, 45, 61, 63, 66], "bboxes": [[526.5921630859375, 330.85791015625, 676.749267578125, 753.302734375], [0.0, 188.26861572265625, 657.26806640625, 919.7882690429688], [258.28887939453125, 707.3359985351562, 364.8441162109375, 832.4420776367188], [269.2493591308594, 524.9714965820312, 351.6207580566406, 585.4347534179688], [25.57561492919922, 390.91754150390625, 174.32366943359375, 694.7308959960938], [472.99371337890625, 288.935791015625, 518.0293579101562, 312.46484375], [627.2423706054688, 128.35177612304688, 680.1047973632812, 268.9369201660156], [447.142333984375, 335.52935791015625, 583.1890869140625, 449.4356689453125], [496.7091979980469, 369.3297119140625, 573.0106201171875, 409.295654296875]]}