{"categories": [0, 26, 56], "bboxes": [[760.8025512695312, 108.30615234375, 947.6246948242188, 596.4652099609375], [490.43255615234375, 178.41265869140625, 606.0617065429688, 323.2662353515625], [890.6599731445312, 374.962890625, 929.9878540039062, 505.85089111328125]]}