{"categories": [0, 24], "bboxes": [[855.570068359375, 274.079833984375, 950.76171875, 549.410888671875], [680.7003784179688, 298.2590637207031, 741.1797485351562, 368.5746765136719]]}