{"categories": [0, 2, 68, 69, 74], "bboxes": [[700.3109130859375, 153.48147583007812, 933.6397705078125, 676.135986328125], [219.08253479003906, 161.02780151367188, 268.8393249511719, 185.30880737304688], [7.5417022705078125, 358.1559143066406, 198.01109313964844, 500.6361999511719], [6.746650695800781, 337.0516357421875, 196.23345947265625, 509.91949462890625], [64.84366607666016, 304.13275146484375, 154.77413940429688, 348.47674560546875]]}