{"categories": [0, 26, 41, 73], "bboxes": [[983.1669311523438, 149.7259979248047, 1023.0, 452.3607177734375], [334.75555419921875, 302.6744689941406, 376.8046875, 352.4353332519531], [694.2594604492188, 444.1363830566406, 711.5870971679688, 476.6674499511719], [1.9690093994140625, 481.768310546875, 131.35935974121094, 563.2864990234375]]}