{"categories": [0], "bboxes": [[551.2070922851562, 281.6842346191406, 646.2667846679688, 423.0626525878906]]}