{"categories": [0, 9, 27, 40], "bboxes": [[0.0, 100.136474609375, 483.08154296875, 667.219970703125], [826.2628173828125, 110.47138977050781, 849.4296875, 135.96202087402344], [955.7241821289062, 319.60113525390625, 1018.7378540039062, 672.7825317382812], [792.4996337890625, 213.6470489501953, 848.90869140625, 311.5440979003906]]}