{"categories": [0, 35], "bboxes": [[56.05998229980469, 232.77748107910156, 395.9071044921875, 657.9617309570312], [587.0979614257812, 291.4266357421875, 756.7927856445312, 375.5477294921875]]}