{"categories": [0, 9, 24, 27, 56, 58], "bboxes": [[291.9437561035156, 163.62091064453125, 606.9091796875, 927.5964965820312], [67.76729583740234, 2.179288864135742, 83.36821746826172, 39.52095031738281], [29.24993133544922, 231.74295043945312, 97.78205108642578, 344.9778137207031], [467.06439208984375, 282.1422119140625, 493.46221923828125, 375.2938232421875], [252.69293212890625, 333.27978515625, 337.66265869140625, 505.5018310546875], [86.44171142578125, 122.06242370605469, 148.70489501953125, 184.2526397705078]]}