{"categories": [0, 26, 67], "bboxes": [[7.426055908203125, 105.8970947265625, 669.3070068359375, 678.160400390625], [168.618408203125, 637.4301147460938, 286.5997009277344, 682.0], [741.7727661132812, 262.8973083496094, 824.6906127929688, 287.7110290527344]]}