{"categories": [0, 56, 65], "bboxes": [[80.37837219238281, 40.48333740234375, 351.61212158203125, 583.1068725585938], [929.37255859375, 115.72256469726562, 997.5386962890625, 171.01113891601562], [299.72174072265625, 300.0970458984375, 336.727294921875, 349.21868896484375]]}