{"categories": [0, 9, 58], "bboxes": [[282.309326171875, 297.28753662109375, 467.168212890625, 661.9249267578125], [190.17941284179688, 89.45964813232422, 203.11865234375, 113.67949676513672], [0.0, 278.14678955078125, 118.14928436279297, 480.79266357421875]]}