{"categories": [0, 2, 4, 7, 8], "bboxes": [[809.3866577148438, 416.5650634765625, 890.3145141601562, 595.2285766601562], [868.0615844726562, 447.7987060546875, 941.7598266601562, 492.33575439453125], [17.46307373046875, 286.66778564453125, 750.5733032226562, 603.0247192382812], [9.74951171875, 354.95855712890625, 735.4554443359375, 663.4374389648438], [13.455841064453125, 237.276123046875, 841.3118896484375, 640.704345703125]]}