{"categories": [0, 56, 62, 64], "bboxes": [[438.0630187988281, 0.373565673828125, 972.943603515625, 699.9368896484375], [201.49267578125, 0.0, 429.278564453125, 518.4378662109375], [517.9815673828125, 96.70449829101562, 744.106689453125, 408.6454162597656], [424.21868896484375, 602.193115234375, 522.3434448242188, 654.424072265625]]}