{"categories": [0, 39, 40, 41, 56], "bboxes": [[65.11074829101562, 146.864990234375, 374.62200927734375, 671.50439453125], [97.10211944580078, 359.1360168457031, 110.59012603759766, 407.1685485839844], [756.7999877929688, 582.6285400390625, 827.6056518554688, 677.107421875], [757.722412109375, 583.1874389648438, 824.3818359375, 672.6036987304688], [0.0, 429.9667663574219, 38.29289245605469, 500.8110656738281]]}