{"categories": [0, 2, 5, 25, 26], "bboxes": [[250.8776397705078, 67.65625, 547.5972900390625, 670.5371704101562], [0.0, 164.75808715820312, 106.16264343261719, 465.5113830566406], [0.0, 139.13539123535156, 113.14458465576172, 452.98333740234375], [113.75772094726562, 46.516510009765625, 691.644775390625, 568.9515380859375], [403.5447082519531, 269.4246826171875, 547.7015380859375, 636.021728515625]]}