{"categories": [0, 13, 26, 56, 57], "bboxes": [[368.1712951660156, 146.51657104492188, 656.5977783203125, 640.34912109375], [111.96343994140625, 298.94879150390625, 826.1990966796875, 624.091796875], [96.02174377441406, 351.4586486816406, 255.6522979736328, 496.9444885253906], [64.35295867919922, 327.1294860839844, 296.7084655761719, 642.5870361328125], [304.34722900390625, 153.32125854492188, 989.5963745117188, 587.7315673828125]]}