{"categories": [0, 56], "bboxes": [[344.7994384765625, 56.841278076171875, 633.6116333007812, 612.1378173828125], [883.5074462890625, 466.6544189453125, 1022.183349609375, 677.35205078125]]}