{"categories": [0, 2, 6], "bboxes": [[577.8474731445312, 191.1811981201172, 813.0625610351562, 675.8807373046875], [0.0, 280.19293212890625, 165.3190155029297, 624.8463134765625], [686.7869873046875, 192.91098022460938, 1000.3277587890625, 219.46145629882812]]}