{"categories": [0, 2, 24, 67], "bboxes": [[261.692138671875, 197.08160400390625, 674.0204467773438, 670.7300415039062], [577.4212036132812, 374.47119140625, 862.9685668945312, 546.4603881835938], [895.2384033203125, 408.5130310058594, 1023.0, 658.498046875], [694.7968139648438, 576.2122802734375, 743.1654663085938, 599.1038818359375]]}