{"categories": [0, 27, 62, 63], "bboxes": [[426.08868408203125, 177.32676696777344, 669.2822875976562, 672.153564453125], [533.2713623046875, 298.67388916015625, 554.4112548828125, 383.83099365234375], [592.5448608398438, 286.2863464355469, 786.0253295898438, 437.2325744628906], [597.3134765625, 286.70550537109375, 786.115234375, 431.45843505859375]]}