{"categories": [0, 24, 26, 27, 41], "bboxes": [[619.5850219726562, 254.8605499267578, 920.1426391601562, 763.006591796875], [650.8067626953125, 381.74737548828125, 818.176025390625, 628.9170532226562], [145.68157958984375, 432.852294921875, 236.40786743164062, 613.916259765625], [481.5494384765625, 388.86944580078125, 515.7000122070312, 498.025146484375], [174.1167449951172, 418.0167236328125, 213.6709442138672, 455.105224609375]]}