{"categories": [0, 1, 7, 25], "bboxes": [[218.3045654296875, 238.01834106445312, 372.1807861328125, 597.2586669921875], [402.73077392578125, 220.1073455810547, 487.74212646484375, 348.05706787109375], [183.86880493164062, 188.9647979736328, 581.572509765625, 529.6903076171875], [23.36529541015625, 5.372039794921875, 998.2041625976562, 262.5474853515625]]}