{"categories": [0, 27], "bboxes": [[760.848876953125, 205.35629272460938, 1023.0, 673.0157470703125], [106.14511108398438, 368.86492919921875, 131.99896240234375, 448.07928466796875]]}