{"categories": [0, 26, 57, 59, 75, 77], "bboxes": [[178.40106201171875, 58.147796630859375, 384.33489990234375, 324.7758483886719], [332.4892883300781, 204.67593383789062, 380.7615661621094, 334.2886657714844], [11.834197998046875, 45.00177001953125, 470.7891845703125, 342.9603271484375], [162.58047485351562, 24.70947265625, 288.09869384765625, 67.1430892944336], [236.1016845703125, 14.367435455322266, 251.41226196289062, 40.72566223144531], [109.172607421875, 194.59994506835938, 199.54910278320312, 268.1781921386719]]}