{"categories": [0], "bboxes": [[400.08160400390625, 537.44580078125, 597.9110717773438, 973.9794921875]]}