{"categories": [0, 3, 7, 13, 26, 58, 60], "bboxes": [[372.84478759765625, 212.3422393798828, 644.2490234375, 674.023681640625], [64.65971374511719, 563.924560546875, 369.968994140625, 676.561767578125], [726.2816162109375, 269.2284240722656, 1023.0, 386.3204650878906], [186.69642639160156, 369.54547119140625, 658.6063232421875, 589.3733520507812], [79.27684020996094, 574.0931396484375, 358.18206787109375, 682.0], [680.3158569335938, 305.4843444824219, 768.6624145507812, 396.9989318847656], [712.0670166015625, 385.0662841796875, 906.1029052734375, 601.2967529296875]]}