{"categories": [0, 27, 39, 41, 56, 60, 62, 73], "bboxes": [[320.3102111816406, 58.3687744140625, 477.3522033691406, 309.14471435546875], [585.8052368164062, 221.39306640625, 620.9271850585938, 300.94940185546875], [678.9876708984375, 338.9481506347656, 736.5391845703125, 460.6387023925781], [602.3766479492188, 358.70831298828125, 632.5656127929688, 415.13623046875], [113.28600311279297, 452.9346923828125, 345.16583251953125, 672.7362060546875], [417.329345703125, 327.13165283203125, 891.66015625, 608.7399291992188], [0.0, 12.056686401367188, 286.48150634765625, 398.7255859375], [582.6719970703125, 467.5395812988281, 754.0419921875, 574.4034423828125]]}