{"categories": [0, 24, 27, 60], "bboxes": [[407.8974914550781, 164.947998046875, 548.47119140625, 610.2850952148438], [297.2378845214844, 219.74082946777344, 379.7663879394531, 302.59210205078125], [149.68087768554688, 217.13818359375, 194.2474365234375, 357.573486328125], [612.7969360351562, 369.3824462890625, 1014.9429321289062, 664.305419921875]]}