{"categories": [0, 41], "bboxes": [[78.86024475097656, 126.4674072265625, 429.577880859375, 678.0221557617188], [420.78753662109375, 539.72265625, 484.57501220703125, 645.84765625]]}