{"categories": [0], "bboxes": [[327.3134460449219, 185.29898071289062, 571.52978515625, 669.3388671875]]}