{"categories": [0, 9, 27, 56, 58, 60], "bboxes": [[344.5198669433594, 171.48446655273438, 600.0021362304688, 887.5167236328125], [136.1055145263672, 0.8435955047607422, 152.00733947753906, 37.13501739501953], [472.2607116699219, 296.0762939453125, 497.3637390136719, 386.4864501953125], [288.6803283691406, 328.49615478515625, 356.5393981933594, 471.56597900390625], [3.7166824340820312, 106.28839111328125, 77.9752197265625, 177.34423828125], [581.7342529296875, 479.7168273925781, 668.2188720703125, 816.942138671875]]}