{"categories": [0, 9, 24, 39, 56, 60, 63, 65], "bboxes": [[467.92938232421875, 196.07919311523438, 592.6452026367188, 438.5224304199219], [192.14178466796875, 165.281982421875, 255.02462768554688, 262.6983642578125], [621.7548217773438, 389.8851318359375, 662.9926147460938, 440.99200439453125], [635.0858764648438, 298.7496032714844, 650.6773071289062, 340.2796936035156], [300.1719665527344, 615.47119140625, 383.6208801269531, 680.706298828125], [56.950477600097656, 361.5638427734375, 208.22976684570312, 532.8892211914062], [561.10791015625, 457.75958251953125, 689.6876220703125, 591.8908081054688], [651.9938354492188, 586.0447387695312, 753.6068725585938, 622.3143920898438]]}