{"categories": [0, 41, 57, 65], "bboxes": [[293.67041015625, 112.41595458984375, 506.2684326171875, 693.7727661132812], [421.5212707519531, 560.466552734375, 459.0336608886719, 640.5711669921875], [20.39996337890625, 311.80023193359375, 884.5651245117188, 756.3859252929688], [347.6974792480469, 694.3885498046875, 389.5335998535156, 744.2060546875]]}