{"categories": [0], "bboxes": [[71.3563232421875, 24.78021240234375, 998.0989990234375, 663.3955688476562]]}