{"categories": [0, 63], "bboxes": [[234.85052490234375, 231.0689697265625, 371.3306884765625, 531.32421875], [820.8968505859375, 224.19171142578125, 893.76220703125, 282.4300842285156]]}