{"categories": [0, 24, 32], "bboxes": [[456.85626220703125, 116.55563354492188, 887.2681274414062, 800.292724609375], [196.1138458251953, 216.8665771484375, 372.33306884765625, 332.56414794921875], [267.63165283203125, 711.281982421875, 370.2138671875, 815.1064453125]]}