{"categories": [0, 56], "bboxes": [[170.13368225097656, 194.68521118164062, 586.4025268554688, 755.20703125], [916.1052856445312, 433.56988525390625, 1017.5372924804688, 767.0]]}