{"categories": [0, 26, 41, 56, 60, 73], "bboxes": [[302.8218994140625, 154.7174072265625, 788.156982421875, 758.3931884765625], [67.65869903564453, 463.1775207519531, 196.45654296875, 672.2637939453125], [826.0203857421875, 469.10272216796875, 860.7152099609375, 524.8245849609375], [102.91447448730469, 264.6507568359375, 164.0988006591797, 341.9346923828125], [749.629150390625, 464.73968505859375, 956.121826171875, 602.3389282226562], [286.03125, 484.0577087402344, 457.2950439453125, 663.656005859375]]}