{"categories": [0, 5, 9, 26, 65], "bboxes": [[8.094024658203125, 26.669342041015625, 709.6849365234375, 996.955078125], [623.9013061523438, 110.38902282714844, 708.9457397460938, 215.5921173095703], [572.8832397460938, 116.2447280883789, 587.5267944335938, 139.8768768310547], [5.793392181396484, 167.1703338623047, 42.96982955932617, 247.5829620361328], [455.5932922363281, 391.4456481933594, 515.5863037109375, 477.5396423339844]]}