{"categories": [0, 1, 6, 17, 44], "bboxes": [[747.8812866210938, 335.562744140625, 879.6699829101562, 677.1578979492188], [387.2487487792969, 551.0234985351562, 535.1689453125, 678.1443481445312], [0.0, 0.0, 779.3575439453125, 671.6785278320312], [17.338180541992188, 32.21844482421875, 371.504150390625, 566.9326782226562], [101.4783706665039, 450.3880615234375, 127.4829330444336, 510.932373046875]]}