{"categories": [0, 13, 45, 56, 60, 73], "bboxes": [[108.17051696777344, 363.608642578125, 499.57958984375, 677.3636474609375], [13.743484497070312, 331.58758544921875, 90.60327911376953, 392.8223876953125], [494.125, 532.7045288085938, 646.8916015625, 618.2420043945312], [491.4150390625, 458.27801513671875, 678.8460693359375, 557.7137451171875], [542.581298828125, 274.72882080078125, 636.667724609375, 313.04248046875], [668.7108764648438, 398.0845642089844, 718.5226440429688, 449.2425231933594]]}