{"categories": [0, 13, 56, 58, 60, 73], "bboxes": [[539.0919189453125, 174.0059356689453, 941.281494140625, 584.6527709960938], [0.0, 470.8965759277344, 1014.568359375, 677.0], [542.0938720703125, 452.3533935546875, 622.933349609375, 509.2369384765625], [233.69998168945312, 0.0, 977.871826171875, 398.36590576171875], [0.0, 477.716796875, 994.050048828125, 664.332763671875], [274.145751953125, 137.59043884277344, 526.126708984375, 510.98138427734375]]}