{"categories": [0], "bboxes": [[520.2125244140625, 224.61410522460938, 735.517822265625, 946.4395751953125]]}