{"categories": [0, 24, 59, 73, 76, 79], "bboxes": [[445.10333251953125, 58.98725891113281, 955.1892700195312, 545.8548583984375], [10.787696838378906, 644.35302734375, 220.06161499023438, 787.4639892578125], [120.11965942382812, 130.347900390625, 1010.8590087890625, 761.6424560546875], [162.79934692382812, 384.5367431640625, 518.4248046875, 520.109619140625], [458.2815246582031, 423.9133605957031, 674.84423828125, 512.0400390625], [468.510498046875, 430.5638732910156, 667.713623046875, 511.5216979980469]]}