{"categories": [0, 27], "bboxes": [[608.3776245117188, 73.72917175292969, 1011.7796020507812, 570.7318725585938], [490.87939453125, 210.58889770507812, 542.0169677734375, 407.3370056152344]]}