{"categories": [0, 5, 36, 38], "bboxes": [[240.06399536132812, 198.10740661621094, 305.2991638183594, 466.3704833984375], [58.933780670166016, 226.44485473632812, 123.09117126464844, 242.05865478515625], [572.307373046875, 455.8381042480469, 614.9542236328125, 494.4788513183594], [740.09521484375, 278.01239013671875, 780.677490234375, 306.81353759765625]]}