{"categories": [0], "bboxes": [[438.70928955078125, 528.1103515625, 595.1729125976562, 1015.26708984375]]}