{"categories": [0], "bboxes": [[656.5830078125, 140.5601806640625, 1009.230224609375, 678.0494995117188]]}