{"categories": [0, 8, 28, 41], "bboxes": [[8.470245361328125, 179.00546264648438, 352.6540222167969, 760.66748046875], [628.6766967773438, 311.65411376953125, 688.3059692382812, 335.87139892578125], [673.0324096679688, 603.0144653320312, 811.8734741210938, 739.3270874023438], [264.642822265625, 727.8101806640625, 360.18487548828125, 767.0]]}