{"categories": [0, 41, 56, 61], "bboxes": [[584.2239990234375, 123.09454345703125, 1015.4794921875, 778.0], [972.5604248046875, 270.9455261230469, 996.3262939453125, 307.4028015136719], [523.1128540039062, 737.2513427734375, 735.8750610351562, 778.0], [839.3685913085938, 626.5299682617188, 994.6592407226562, 776.9293823242188]]}