{"categories": [0, 2, 7, 26, 27, 58], "bboxes": [[379.0947265625, 123.18679809570312, 601.8363647460938, 671.617431640625], [0.0367889404296875, 212.50912475585938, 420.265380859375, 578.558349609375], [8.505752563476562, 212.6046600341797, 445.50445556640625, 576.3995971679688], [871.250244140625, 409.287109375, 906.20751953125, 512.5642700195312], [470.37347412109375, 249.70779418945312, 500.38018798828125, 363.7356262207031], [133.34732055664062, 134.77890014648438, 275.0021667480469, 216.8072509765625]]}