{"categories": [0, 27, 56], "bboxes": [[98.56402587890625, 318.57696533203125, 271.73150634765625, 678.5111083984375], [645.9548950195312, 410.6036376953125, 666.9310913085938, 486.50079345703125], [540.0261840820312, 360.9916687011719, 630.0897827148438, 417.0713195800781]]}