{"categories": [0, 1, 7], "bboxes": [[630.959228515625, 89.1370849609375, 1004.083251953125, 673.6852416992188], [68.72114562988281, 210.61761474609375, 574.6990356445312, 673.9534912109375], [49.77471923828125, 61.16912841796875, 430.6171569824219, 354.0018615722656]]}