{"categories": [0, 26, 41], "bboxes": [[351.1988220214844, 290.1925354003906, 664.3133544921875, 1013.1280517578125], [154.6624298095703, 564.6029663085938, 335.60528564453125, 981.3640747070312], [294.5703125, 869.369140625, 352.02618408203125, 955.7003173828125]]}