{"categories": [0, 29, 36], "bboxes": [[131.32534790039062, 103.19454956054688, 376.35198974609375, 502.5276184082031], [346.16387939453125, 411.9643859863281, 412.1717529296875, 454.2063293457031], [341.11279296875, 611.2686157226562, 495.7847900390625, 685.7023315429688]]}