{"categories": [0, 25, 39, 41, 56, 60, 65, 72, 73], "bboxes": [[594.629150390625, 92.63868713378906, 749.926025390625, 438.090087890625], [952.0322875976562, 215.51739501953125, 1023.0, 270.5569152832031], [151.25328063964844, 528.796630859375, 234.49208068847656, 679.0], [551.0286254882812, 533.1307373046875, 600.2863159179688, 606.845458984375], [182.59446716308594, 507.2163391113281, 322.2093505859375, 568.9989624023438], [67.56890869140625, 392.9873046875, 1023.0, 670.1568603515625], [490.852294921875, 234.95513916015625, 533.0034790039062, 271.4681396484375], [1.8392715454101562, 245.7283477783203, 56.145755767822266, 622.251220703125], [813.6837768554688, 435.54266357421875, 923.9547729492188, 497.47515869140625]]}