{"categories": [0, 56, 61, 79], "bboxes": [[343.8944091796875, 77.72988891601562, 708.8377685546875, 680.19873046875], [635.5968017578125, 585.5818481445312, 736.02978515625, 678.5404663085938], [361.2923889160156, 606.035888671875, 409.3786315917969, 682.0], [560.6469116210938, 598.3167114257812, 594.3450317382812, 629.6969604492188]]}