{"categories": [0, 24, 65], "bboxes": [[285.44219970703125, 58.899444580078125, 701.3290405273438, 676.880859375], [705.0458984375, 493.2210998535156, 879.162109375, 673.8080444335938], [936.7685546875, 476.07843017578125, 972.9832763671875, 515.12548828125]]}