{"categories": [0, 14, 25, 27], "bboxes": [[6.78607177734375, 17.76812744140625, 370.8858642578125, 324.54132080078125], [232.7669219970703, 210.96914672851562, 280.0588073730469, 253.57736206054688], [132.39349365234375, 0.0, 495.42999267578125, 241.3356170654297], [131.6328887939453, 178.39662170410156, 215.9246063232422, 226.42018127441406]]}