{"categories": [0, 39, 41, 44, 73, 74], "bboxes": [[387.3110656738281, 27.51409912109375, 882.825439453125, 667.1943969726562], [225.73141479492188, 490.82415771484375, 292.1453552246094, 674.4623413085938], [582.3565063476562, 488.72161865234375, 667.7517700195312, 619.8056030273438], [638.4891357421875, 445.00274658203125, 675.7427978515625, 518.7590942382812], [831.181884765625, 84.6134033203125, 1023.0, 375.61328125], [725.2152099609375, 552.4215087890625, 752.447509765625, 596.3045654296875]]}