{"categories": [0, 39, 56, 60, 73], "bboxes": [[493.1501770019531, 129.23599243164062, 997.1427001953125, 670.4541015625], [333.6716003417969, 359.83148193359375, 383.9660949707031, 533.7977294921875], [513.4943237304688, 301.1646728515625, 583.3272094726562, 428.95147705078125], [0.0, 361.2369079589844, 671.2490234375, 665.078857421875], [455.215576171875, 482.50604248046875, 598.9415283203125, 542.6842651367188]]}