{"categories": [0, 56, 58, 60], "bboxes": [[461.0805358886719, 415.16827392578125, 593.7064208984375, 859.0071411132812], [95.01681518554688, 744.2645874023438, 183.17010498046875, 1012.3605346679688], [163.928466796875, 663.4282836914062, 211.96798706054688, 745.4000854492188], [9.16259765625, 707.0743408203125, 222.40200805664062, 992.7752685546875]]}