{"categories": [0, 41, 57, 59], "bboxes": [[3.319793701171875, 35.326171875, 615.728759765625, 661.6240234375], [471.4179382324219, 414.9534912109375, 537.2091064453125, 495.75689697265625], [545.0792846679688, 504.73907470703125, 1023.0, 673.9144897460938], [23.3048095703125, 429.3490295410156, 1023.0, 677.88232421875]]}