{"categories": [0, 26, 40, 56], "bboxes": [[194.7954864501953, 146.34194946289062, 579.0864868164062, 589.939208984375], [237.8980255126953, 353.7310485839844, 306.144287109375, 535.3027954101562], [376.4224548339844, 464.9731750488281, 422.2319641113281, 574.0968017578125], [576.7852172851562, 532.0552978515625, 620.3980102539062, 598.349609375]]}