{"categories": [0], "bboxes": [[444.9532470703125, 128.1546630859375, 756.8304443359375, 937.04296875]]}