{"categories": [0, 56, 60, 68], "bboxes": [[597.6102905273438, 350.099609375, 885.7534790039062, 754.37255859375], [319.287841796875, 318.24560546875, 379.58477783203125, 452.98114013671875], [21.650177001953125, 474.21490478515625, 626.9246826171875, 752.3075561523438], [957.6976318359375, 259.3860778808594, 1021.7552490234375, 359.3444519042969]]}