{"categories": [0, 27], "bboxes": [[691.2103271484375, 132.10665893554688, 948.4166259765625, 758.7569580078125], [226.78805541992188, 165.79714965820312, 340.5826110839844, 304.2377624511719]]}