{"categories": [0, 1, 5, 7, 13, 26, 34, 35, 58], "bboxes": [[754.55322265625, 273.5267639160156, 945.819580078125, 592.568115234375], [960.3240356445312, 376.7170104980469, 997.3967895507812, 455.3176574707031], [633.7169799804688, 218.8383331298828, 784.9996948242188, 402.78125], [240.17919921875, 55.650054931640625, 819.173583984375, 542.8248291015625], [465.38763427734375, 480.032958984375, 576.3135375976562, 553.568359375], [333.95330810546875, 345.6398620605469, 391.6414794921875, 486.0594787597656], [207.2744140625, 196.08094787597656, 627.0599975585938, 382.33721923828125], [807.610107421875, 503.4529724121094, 864.2564697265625, 550.424560546875], [560.2011108398438, 303.30792236328125, 783.8610229492188, 573.146484375]]}