{"categories": [0, 26, 39, 41, 45, 55, 56, 60, 67], "bboxes": [[0.0, 233.07809448242188, 349.1647033691406, 670.998291015625], [649.263427734375, 596.6914672851562, 833.856201171875, 678.8023071289062], [533.5811767578125, 415.6263732910156, 575.2938232421875, 490.2577819824219], [530.0993041992188, 424.338134765625, 575.9052124023438, 486.2667236328125], [472.5147705078125, 379.2115478515625, 615.602294921875, 446.80877685546875], [477.1454772949219, 374.8743896484375, 611.9798583984375, 443.1619873046875], [340.408935546875, 283.1646728515625, 380.5604248046875, 389.9244384765625], [193.92922973632812, 380.220703125, 930.762451171875, 668.50634765625], [353.8548278808594, 479.4747314453125, 389.1935119628906, 505.43682861328125]]}