{"categories": [0, 2, 24, 37], "bboxes": [[667.6251831054688, 97.18745422363281, 937.2977905273438, 597.47802734375], [605.678955078125, 20.85037612915039, 653.774169921875, 41.28044509887695], [396.7782897949219, 90.06858825683594, 451.9530944824219, 133.45724487304688], [966.17822265625, 166.98414611816406, 1023.0, 200.8772430419922]]}