{"categories": [0, 1, 14, 26, 32, 41], "bboxes": [[86.66902160644531, 218.76258850097656, 170.00205993652344, 378.85552978515625], [0.7046318054199219, 7.466773986816406, 64.82051086425781, 85.84750366210938], [181.76541137695312, 191.86280822753906, 194.57357788085938, 216.89955139160156], [125.15557861328125, 250.9198760986328, 167.62945556640625, 308.2495422363281], [236.31304931640625, 175.09402465820312, 250.16256713867188, 189.74832153320312], [143.62091064453125, 224.65625, 157.9090576171875, 249.72430419921875]]}