{"categories": [0, 57, 59], "bboxes": [[14.399444580078125, 45.091705322265625, 677.9437255859375, 628.197509765625], [0.1659088134765625, 368.31304931640625, 215.4838104248047, 506.05181884765625], [82.0946044921875, 461.7695617675781, 999.783935546875, 671.6848754882812]]}