{"categories": [0, 13, 27, 40, 41], "bboxes": [[28.48382568359375, 208.65054321289062, 313.67608642578125, 470.8959045410156], [4.49169921875, 449.4422607421875, 996.0549926757812, 673.8505859375], [841.667724609375, 338.71533203125, 905.0491943359375, 447.5316162109375], [175.69032287597656, 398.1893310546875, 225.6146697998047, 465.7596435546875], [0.4075164794921875, 391.8363037109375, 33.243011474609375, 473.7340087890625]]}