{"categories": [0, 13, 26, 60], "bboxes": [[272.1795349121094, 278.29803466796875, 446.8386535644531, 566.3873291015625], [130.7777099609375, 371.3612365722656, 309.22760009765625, 496.7901306152344], [633.5784301757812, 423.73675537109375, 751.0558471679688, 559.5189208984375], [945.7794189453125, 488.7690124511719, 1023.0, 658.6044921875]]}