{"categories": [0], "bboxes": [[89.91659545898438, 89.57830810546875, 617.2701416015625, 756.63818359375]]}