{"categories": [0, 67], "bboxes": [[182.6375274658203, 173.68023681640625, 591.4148559570312, 678.7681884765625], [226.7953643798828, 246.5633087158203, 295.3135070800781, 290.7113952636719]]}