{"categories": [0, 56, 60], "bboxes": [[504.1536560058594, 186.97750854492188, 713.4243774414062, 599.1156005859375], [448.29327392578125, 385.2870788574219, 601.0967407226562, 581.1749267578125], [689.1865234375, 500.98468017578125, 1023.0, 767.0]]}