{"categories": [0, 39, 41, 56, 60], "bboxes": [[176.32794189453125, 34.5843505859375, 499.2598876953125, 476.28515625], [77.8479995727539, 288.5250549316406, 98.61873626708984, 365.3432312011719], [105.95367431640625, 326.346923828125, 124.38423156738281, 366.08465576171875], [147.90428161621094, 242.51905822753906, 190.2165985107422, 296.8863220214844], [34.14122009277344, 319.236083984375, 210.09085083007812, 472.736572265625]]}