{"categories": [0, 26, 28, 60, 62, 64, 66, 67], "bboxes": [[710.4373168945312, 0.0, 1020.3141479492188, 670.8714599609375], [370.6841125488281, 300.9376525878906, 468.3468933105469, 374.3575134277344], [374.79156494140625, 303.9429931640625, 463.10650634765625, 373.4088134765625], [75.42327880859375, 389.61102294921875, 874.2445678710938, 682.0], [4.767364501953125, 9.069305419921875, 327.5456237792969, 550.189208984375], [497.2748107910156, 478.0462951660156, 540.2281494140625, 505.1946716308594], [376.7159729003906, 487.3288269042969, 607.4803466796875, 662.8115234375], [794.1697998046875, 200.94764709472656, 846.284423828125, 269.3695373535156]]}