{"categories": [0, 8, 24], "bboxes": [[141.5096435546875, 161.23638916015625, 360.07806396484375, 979.7100219726562], [34.409698486328125, 1.2687301635742188, 581.8936767578125, 162.5247802734375], [585.8566284179688, 255.4609832763672, 774.1804809570312, 488.06365966796875]]}