{"categories": [0, 13, 27, 40, 41], "bboxes": [[704.8165283203125, 222.8851318359375, 1023.0, 471.17340087890625], [23.612060546875, 458.72540283203125, 1021.26318359375, 673.9351196289062], [155.9587860107422, 347.1053466796875, 201.1059112548828, 458.36175537109375], [870.196044921875, 391.8708190917969, 916.6148681640625, 462.2644958496094], [88.46077728271484, 390.6980895996094, 136.39378356933594, 460.3537292480469]]}