{"categories": [0, 27, 56, 59, 60, 65, 67, 68], "bboxes": [[76.454345703125, 42.87896728515625, 805.5732421875, 642.3091430664062], [593.0523681640625, 301.06451416015625, 639.80615234375, 423.682373046875], [764.04150390625, 395.1527099609375, 980.8021240234375, 676.2772216796875], [11.839752197265625, 350.1563720703125, 916.1812744140625, 682.0], [0.0, 551.9867553710938, 948.4483642578125, 673.9790649414062], [602.8427734375, 509.3971252441406, 632.446044921875, 528.4100952148438], [752.21435546875, 468.0295715332031, 790.0103759765625, 499.9972839355469], [0.24104690551757812, 237.89944458007812, 91.032470703125, 322.7634582519531]]}