{"categories": [0, 57], "bboxes": [[357.83660888671875, 96.66336059570312, 658.1583251953125, 557.4942626953125], [0.0, 45.522613525390625, 1023.0, 565.52490234375]]}