{"categories": [0, 36, 41, 56, 58], "bboxes": [[779.2388305664062, 67.61094665527344, 1023.0, 447.50408935546875], [248.3672332763672, 420.5780334472656, 298.2729797363281, 472.7684020996094], [728.4122924804688, 225.15325927734375, 754.3998413085938, 260.0058288574219], [890.5342407226562, 384.0896911621094, 1023.0, 529.7791137695312], [427.68145751953125, 439.0074462890625, 516.98291015625, 573.5968017578125]]}