{"categories": [0, 26, 56, 62, 67], "bboxes": [[193.86903381347656, 74.7677001953125, 605.4937133789062, 668.7835083007812], [514.0614013671875, 550.12255859375, 733.2122802734375, 682.0], [16.633743286132812, 617.3980712890625, 211.35031127929688, 681.4228515625], [215.7362518310547, 21.518653869628906, 652.2998657226562, 240.13467407226562], [457.55303955078125, 537.6828002929688, 493.1134033203125, 561.1602172851562]]}