{"categories": [0, 56, 60], "bboxes": [[443.0072021484375, 178.58828735351562, 867.42236328125, 675.457763671875], [841.7598876953125, 465.7195739746094, 1023.0, 678.60400390625], [535.434814453125, 249.2303924560547, 595.9150390625, 351.0792236328125]]}