{"categories": [0], "bboxes": [[0.0, 27.2509765625, 613.5616455078125, 994.5827026367188]]}