{"categories": [0, 37], "bboxes": [[310.6153869628906, 188.96435546875, 808.0, 731.6743774414062], [69.94517517089844, 690.5892333984375, 473.652587890625, 1015.06884765625]]}