{"categories": [0, 74], "bboxes": [[70.85272216796875, 110.90182495117188, 585.836669921875, 785.52783203125], [435.9842224121094, 557.7496337890625, 465.3054504394531, 589.4874267578125]]}