{"categories": [0, 57, 73], "bboxes": [[446.6643371582031, 198.60931396484375, 990.60205078125, 753.414794921875], [396.01873779296875, 519.8287353515625, 1023.0, 762.154296875], [857.2906494140625, 294.0174255371094, 996.5382080078125, 401.8950500488281]]}