{"categories": [0, 67], "bboxes": [[271.40789794921875, 110.22613525390625, 784.8798217773438, 666.2728271484375], [450.3406066894531, 327.9897155761719, 470.7937316894531, 382.7995910644531]]}