{"categories": [0, 39, 41, 56], "bboxes": [[364.10455322265625, 111.67483520507812, 818.2592163085938, 676.6988525390625], [860.1265869140625, 477.65618896484375, 885.6298828125, 531.87109375], [425.63134765625, 548.0901489257812, 492.60284423828125, 640.4740600585938], [840.995849609375, 476.8483581542969, 1021.465087890625, 679.2688598632812]]}