{"categories": [0, 36], "bboxes": [[563.7315673828125, 150.0322265625, 687.6553955078125, 639.7713012695312], [65.5381851196289, 405.51824951171875, 115.88080596923828, 429.07330322265625]]}