{"categories": [0, 8, 29], "bboxes": [[320.4935302734375, 418.27618408203125, 461.25469970703125, 764.0], [636.6112060546875, 417.97698974609375, 718.459228515625, 455.4798583984375], [621.5661010742188, 560.5065307617188, 708.5930786132812, 619.7152709960938]]}