{"categories": [0, 8, 13, 58], "bboxes": [[554.7589111328125, 142.9102783203125, 907.0845947265625, 765.0411987304688], [14.566314697265625, 221.64451599121094, 230.36131286621094, 279.9067077636719], [7.788330078125, 327.14385986328125, 254.98651123046875, 767.0], [883.8387451171875, 303.4225158691406, 1021.0947265625, 760.2884521484375]]}