{"categories": [0, 27, 62, 67, 72], "bboxes": [[242.61917114257812, 179.61463928222656, 872.9085693359375, 674.3626708984375], [52.11072540283203, 528.9143676757812, 143.94308471679688, 672.4061889648438], [610.714599609375, 13.844879150390625, 974.9832763671875, 632.43896484375], [770.688232421875, 245.8986358642578, 839.09716796875, 289.8625793457031], [611.8191528320312, 28.361114501953125, 984.4447631835938, 660.0240478515625]]}