{"categories": [0, 41, 56, 58, 60, 62, 72, 73], "bboxes": [[267.561767578125, 220.5480194091797, 404.342529296875, 483.0872802734375], [167.3946533203125, 433.12518310546875, 200.71054077148438, 479.12554931640625], [387.3539123535156, 400.9380798339844, 469.6311950683594, 488.0139465332031], [0.9169254302978516, 374.0909118652344, 54.35087585449219, 483.7802429199219], [162.14219665527344, 454.223876953125, 645.504150390625, 648.17333984375], [156.96356201171875, 359.0509948730469, 243.17721557617188, 421.1602478027344], [729.2003784179688, 17.854400634765625, 1001.4591674804688, 664.99755859375], [459.04852294921875, 501.20806884765625, 589.6499633789062, 571.6907348632812]]}