{"categories": [0, 43, 65], "bboxes": [[464.6043701171875, 167.4090576171875, 832.6492919921875, 693.3428344726562], [413.3670654296875, 444.8085632324219, 533.5565185546875, 484.0786437988281], [417.68133544921875, 447.53192138671875, 532.3340454101562, 485.1492919921875]]}