{"categories": [0, 24, 27, 73], "bboxes": [[25.800537109375, 12.437957763671875, 541.1314086914062, 896.92822265625], [501.8527526855469, 791.9998779296875, 691.4171142578125, 922.0], [337.1607360839844, 315.8581848144531, 405.4009094238281, 637.2117919921875], [671.6278076171875, 761.5720825195312, 957.098388671875, 915.2084350585938]]}