{"categories": [0, 3, 28, 56, 62], "bboxes": [[0.0, 65.10739135742188, 212.12136840820312, 670.838623046875], [149.02304077148438, 177.79205322265625, 266.8785400390625, 323.606201171875], [906.9169311523438, 406.57501220703125, 1023.0, 587.2390747070312], [316.7201232910156, 389.7453308105469, 531.9837036132812, 612.9816284179688], [368.0370178222656, 175.86672973632812, 458.8125305175781, 243.03668212890625]]}