{"categories": [0, 39, 41, 63], "bboxes": [[720.3590698242188, 164.91383361816406, 861.8572387695312, 400.371826171875], [468.9111633300781, 367.0941467285156, 499.1149597167969, 447.6165466308594], [280.2151184082031, 414.2552185058594, 315.4109802246094, 462.4248962402344], [911.6044311523438, 611.0277709960938, 1023.0, 678.7971801757812]]}