{"categories": [0, 57], "bboxes": [[48.3719482421875, 5.538543701171875, 702.1146850585938, 652.2301025390625], [8.027236938476562, 140.25820922851562, 285.92999267578125, 681.0]]}