{"categories": [0, 13, 26, 58, 74], "bboxes": [[374.65087890625, 786.285888671875, 470.06964111328125, 988.9676513671875], [0.0, 905.8414306640625, 288.000732421875, 1023.0], [2.298168182373047, 602.5399780273438, 52.707786560058594, 771.7821655273438], [523.5703125, 473.86114501953125, 643.5574951171875, 631.6705932617188], [147.925048828125, 295.88104248046875, 206.46405029296875, 352.91943359375]]}