{"categories": [0, 73], "bboxes": [[37.05021667480469, 137.19509887695312, 439.71240234375, 677.2938232421875], [417.3943786621094, 590.005126953125, 532.9876708984375, 677.5601806640625]]}