{"categories": [0, 13, 56, 60], "bboxes": [[246.88522338867188, 129.17544555664062, 539.5341796875, 910.8009033203125], [376.1305236816406, 473.8260192871094, 676.5128173828125, 974.7933349609375], [49.74500274658203, 248.78872680664062, 154.76043701171875, 358.5959777832031], [392.42706298828125, 446.3212585449219, 668.1145629882812, 981.301025390625]]}