{"categories": [0, 2, 9, 40], "bboxes": [[455.60687255859375, 256.0931091308594, 583.3850708007812, 668.291259765625], [737.2142944335938, 179.78054809570312, 787.0468139648438, 214.4609375], [847.067138671875, 199.1937255859375, 912.9547119140625, 307.7716064453125], [174.44439697265625, 272.9850769042969, 204.0693359375, 326.7889709472656]]}