{"categories": [0, 2, 13, 28, 56, 59, 60, 65, 73], "bboxes": [[262.2745361328125, 112.07122802734375, 510.66156005859375, 665.8004150390625], [577.3474731445312, 240.164306640625, 607.2684936523438, 278.06927490234375], [6.3262481689453125, 342.47802734375, 320.4033203125, 659.698974609375], [897.3950805664062, 278.85479736328125, 924.7461547851562, 344.752685546875], [222.7154083251953, 273.5688781738281, 280.112548828125, 325.8099670410156], [0.0, 288.6279296875, 225.19454956054688, 374.368408203125], [423.8017272949219, 326.2191162109375, 665.3175048828125, 542.5283813476562], [509.9521789550781, 326.1559753417969, 584.3157958984375, 344.7913513183594], [453.9557189941406, 335.5859375, 537.9022216796875, 361.61376953125]]}