{"categories": [0, 26], "bboxes": [[469.6622314453125, 718.0433959960938, 543.7289428710938, 1003.2582397460938], [562.0284423828125, 796.9132690429688, 627.992431640625, 927.6298217773438]]}