{"categories": [0, 8, 41, 56, 73, 79], "bboxes": [[0.0, 91.52029418945312, 194.09054565429688, 528.7694091796875], [0.0, 411.8134765625, 972.8802490234375, 673.3173828125], [145.72511291503906, 586.8780517578125, 204.5873260498047, 673.252197265625], [893.9072875976562, 395.8197326660156, 1018.9140014648438, 598.8555297851562], [151.98223876953125, 305.01324462890625, 295.0061950683594, 400.84112548828125], [123.08967590332031, 221.3286590576172, 197.30699157714844, 332.40655517578125]]}