{"categories": [0, 57], "bboxes": [[57.887237548828125, 107.65496826171875, 607.7060546875, 666.7542724609375], [862.2811279296875, 446.1402587890625, 1022.864990234375, 670.60107421875]]}