{"categories": [0, 39, 40, 56, 60, 67], "bboxes": [[89.60719299316406, 210.04776000976562, 526.1493530273438, 674.294921875], [773.0470581054688, 348.8229675292969, 829.3546752929688, 463.2866516113281], [900.562744140625, 635.2120971679688, 958.75439453125, 678.2919311523438], [82.03412628173828, 334.2930908203125, 159.24325561523438, 515.8591918945312], [335.4996032714844, 370.2908020019531, 994.6650390625, 662.2547607421875], [505.4700622558594, 550.7019653320312, 597.5787963867188, 580.1964721679688]]}