{"categories": [0], "bboxes": [[278.9879150390625, 271.84539794921875, 582.4263916015625, 672.48974609375]]}