{"categories": [0, 27, 74], "bboxes": [[544.4506225585938, 215.8914794921875, 988.1051635742188, 750.4428100585938], [668.93896484375, 423.39471435546875, 734.788818359375, 517.93994140625], [941.43896484375, 421.2869567871094, 968.2945556640625, 450.6448669433594]]}