{"categories": [0, 13, 57, 62], "bboxes": [[501.0782165527344, 222.2559814453125, 847.101318359375, 754.1513061523438], [0.7283782958984375, 636.0386962890625, 117.30667877197266, 767.0], [90.94891357421875, 360.7875061035156, 1023.0, 754.9642333984375], [584.7556762695312, 0.0, 951.5328979492188, 311.368896484375]]}