{"categories": [0, 41, 56], "bboxes": [[127.78720092773438, 223.45794677734375, 752.586669921875, 761.5755615234375], [553.7919921875, 669.1959228515625, 657.5687255859375, 764.38330078125], [3.331085205078125, 461.8033447265625, 276.25994873046875, 746.21044921875]]}