{"categories": [0, 26, 27, 28], "bboxes": [[134.65773010253906, 15.311004638671875, 311.17596435546875, 221.6633758544922], [149.92428588867188, 2.5918350219726562, 287.2546691894531, 81.93346405029297], [141.27786254882812, 121.00640869140625, 232.86492919921875, 237.12252807617188], [147.01812744140625, 1.9078941345214844, 288.7701110839844, 80.33053588867188]]}