{"categories": [0, 39, 40, 41, 53, 71, 74], "bboxes": [[716.2574462890625, 150.3511962890625, 953.3740234375, 674.6212768554688], [1002.0928344726562, 418.7962951660156, 1023.0, 517.4216918945312], [31.039905548095703, 523.0729370117188, 61.913516998291016, 570.1160278320312], [711.8377075195312, 438.6942443847656, 749.9656372070312, 499.0515441894531], [568.5657348632812, 501.91802978515625, 667.6925659179688, 546.0352172851562], [0.0, 578.1403198242188, 42.96047592163086, 624.4611206054688], [702.3949584960938, 390.9309387207031, 729.5335083007812, 435.8165588378906]]}