{"categories": [0, 56], "bboxes": [[722.1458740234375, 0.0, 1023.0, 669.36328125], [108.5892333984375, 472.0840759277344, 483.70196533203125, 672.2421875]]}