{"categories": [0, 26, 56, 73], "bboxes": [[265.45379638671875, 173.65652465820312, 622.7681274414062, 677.674560546875], [618.11865234375, 581.0173950195312, 961.5072021484375, 679.0822143554688], [374.8827209472656, 190.72708129882812, 424.5853576660156, 244.7545166015625], [300.02587890625, 559.5053100585938, 475.8504638671875, 614.8666381835938]]}