{"categories": [0, 26, 56, 62, 71], "bboxes": [[728.5394287109375, 241.77943420410156, 892.12548828125, 561.0187377929688], [734.6569213867188, 377.2657470703125, 805.8406372070312, 409.22979736328125], [837.259521484375, 375.60791015625, 928.683837890625, 572.37109375], [157.19143676757812, 319.9492492675781, 202.76101684570312, 367.3013610839844], [162.65841674804688, 395.3421936035156, 223.10159301757812, 408.8985290527344]]}