{"categories": [0, 39, 56, 60], "bboxes": [[333.5289306640625, 145.17361450195312, 492.6065673828125, 334.4258728027344], [349.51165771484375, 304.22589111328125, 378.80035400390625, 405.31988525390625], [7.2262115478515625, 441.2541198730469, 300.54248046875, 682.0], [252.6676788330078, 267.87762451171875, 676.9940185546875, 668.350830078125]]}