{"categories": [0, 56], "bboxes": [[81.97459411621094, 0.0, 471.29705810546875, 766.7118530273438], [1.2395133972167969, 700.7432861328125, 101.60197448730469, 766.055419921875]]}