{"categories": [0, 27, 38], "bboxes": [[438.57794189453125, 110.7159423828125, 758.5801391601562, 654.7424926757812], [824.6736450195312, 14.740264892578125, 973.5360717773438, 577.6129150390625], [479.96527099609375, 316.1096496582031, 781.4531860351562, 491.9753112792969]]}