{"categories": [0, 26, 27, 39, 73], "bboxes": [[8.726760864257812, 13.13409423828125, 375.6890869140625, 876.0667114257812], [904.484130859375, 287.55804443359375, 999.082763671875, 566.6340942382812], [560.5325927734375, 263.23712158203125, 611.1998291015625, 501.26495361328125], [346.81402587890625, 506.982177734375, 377.58343505859375, 583.9000244140625], [503.4349060058594, 637.1099243164062, 735.7518920898438, 851.2081909179688]]}