{"categories": [0, 43, 60], "bboxes": [[22.451492309570312, 0.0, 404.48504638671875, 513.193603515625], [62.45037841796875, 546.1544799804688, 369.66619873046875, 755.5612182617188], [30.845916748046875, 265.33111572265625, 895.566650390625, 724.75390625]]}