{"categories": [0, 8, 13, 56], "bboxes": [[134.95285034179688, 131.94593811035156, 204.55859375, 297.41650390625], [698.3118896484375, 333.1015930175781, 987.3564453125, 456.1327819824219], [14.664459228515625, 196.018798828125, 234.46682739257812, 296.15936279296875], [401.8347473144531, 187.24143981933594, 448.8265686035156, 255.4007110595703]]}