{"categories": [0, 59, 60, 74], "bboxes": [[191.75987243652344, 420.5537109375, 663.0380249023438, 1001.8341064453125], [7.2674560546875, 750.7518310546875, 617.406982421875, 1013.588134765625], [19.89520263671875, 765.555419921875, 600.7599487304688, 1006.978759765625], [451.5312194824219, 150.84263610839844, 600.1571044921875, 345.0377197265625]]}