{"categories": [0, 74], "bboxes": [[190.52122497558594, 334.6749267578125, 292.2183837890625, 611.81689453125], [870.3627319335938, 359.6105041503906, 943.4462280273438, 465.9064025878906]]}