{"categories": [0, 3, 7], "bboxes": [[468.4078369140625, 246.61683654785156, 729.658203125, 702.78515625], [476.5313720703125, 754.40673828125, 712.4503173828125, 1009.592529296875], [780.3111572265625, 477.3938293457031, 942.289306640625, 598.4622192382812]]}