{"categories": [0], "bboxes": [[0.0, 2.986236572265625, 383.78759765625, 679.8807373046875]]}