{"categories": [0, 40, 41], "bboxes": [[611.3145751953125, 75.39987182617188, 904.1416015625, 660.9166259765625], [712.8818359375, 418.1254577636719, 801.5950927734375, 563.8994750976562], [714.427001953125, 417.17596435546875, 797.390869140625, 544.8128051757812]]}