{"categories": [0, 25, 26, 27, 41, 63, 67, 73], "bboxes": [[332.4932861328125, 177.39678955078125, 674.8907470703125, 675.14599609375], [34.08807373046875, 0.0, 762.0488891601562, 524.368896484375], [15.674430847167969, 377.1170654296875, 259.8400573730469, 615.378662109375], [442.53717041015625, 359.0588684082031, 548.7904052734375, 459.8277282714844], [295.765869140625, 580.1316528320312, 348.41473388671875, 633.9306030273438], [23.399765014648438, 487.6319580078125, 250.80677795410156, 620.518310546875], [862.060302734375, 58.200889587402344, 936.02880859375, 177.67364501953125], [23.08776092529297, 487.9097900390625, 249.13592529296875, 620.2994384765625]]}