{"categories": [0, 27, 32, 39], "bboxes": [[489.26031494140625, 147.251220703125, 766.3463745117188, 672.8436889648438], [202.77944946289062, 315.5993957519531, 224.56307983398438, 360.0459289550781], [90.45875549316406, 341.6216125488281, 140.78054809570312, 391.6133728027344], [834.5896606445312, 509.7843017578125, 864.4716186523438, 554.839599609375]]}