{"categories": [0, 5, 39, 71], "bboxes": [[0.0, 98.93659973144531, 267.1995849609375, 368.08087158203125], [8.747955322265625, 0.0, 499.0, 352.23553466796875], [298.1844482421875, 249.13174438476562, 322.22467041015625, 298.4861755371094], [276.927490234375, 127.83737182617188, 419.51422119140625, 177.5777587890625]]}