{"categories": [0, 1, 25, 27, 42, 45, 56, 60, 73, 74], "bboxes": [[205.78890991210938, 258.6449279785156, 483.5622253417969, 632.679443359375], [9.879226684570312, 143.00341796875, 156.34268188476562, 341.8560485839844], [793.378173828125, 0.696746826171875, 844.9306640625, 261.7302551269531], [758.1820068359375, 10.0771484375, 798.2435302734375, 200.3495635986328], [634.6160278320312, 429.2760925292969, 674.1284790039062, 468.5350036621094], [448.2125244140625, 358.7467956542969, 500.3023681640625, 376.1432189941406], [700.8485717773438, 540.4361572265625, 880.1703491210938, 672.912841796875], [20.281326293945312, 460.8192138671875, 464.20709228515625, 662.403564453125], [125.67652893066406, 565.91162109375, 185.9141387939453, 587.765380859375], [390.2817687988281, 1.6290254592895508, 409.5618591308594, 24.932090759277344]]}