{"categories": [0, 26, 27, 62, 63, 65, 73], "bboxes": [[662.983154296875, 167.2335968017578, 807.0452880859375, 632.8042602539062], [321.2155456542969, 278.2552795410156, 359.2962341308594, 393.7997741699219], [733.1011352539062, 243.38372802734375, 750.5071411132812, 328.37896728515625], [0.0, 187.98219299316406, 32.19736099243164, 284.6549987792969], [1.1704330444335938, 303.231689453125, 112.26802062988281, 384.96783447265625], [608.0643920898438, 416.4690246582031, 631.2507934570312, 449.1636657714844], [174.7842254638672, 284.5715637207031, 262.1626281738281, 369.1310119628906]]}