{"categories": [0, 24, 26], "bboxes": [[177.0131072998047, 648.104736328125, 289.8913269042969, 998.002685546875], [177.3009033203125, 691.48388671875, 247.15176391601562, 815.91455078125], [321.8923645019531, 927.2579345703125, 389.5036315917969, 1014.22021484375]]}