{"categories": [0, 2, 26, 28, 35, 39, 45, 55, 60, 73], "bboxes": [[449.3697509765625, 171.011962890625, 716.7840576171875, 571.538330078125], [858.064453125, 340.14324951171875, 931.6236572265625, 387.36944580078125], [682.7584838867188, 402.38397216796875, 791.6799926757812, 571.9981079101562], [683.95068359375, 404.9222106933594, 789.7001953125, 570.6329345703125], [362.6747741699219, 326.5266418457031, 401.4672546386719, 374.3497619628906], [916.1332397460938, 249.83047485351562, 940.5283813476562, 300.0119323730469], [0.8531723022460938, 401.61871337890625, 45.34010696411133, 435.8551025390625], [43.81800842285156, 400.6623840332031, 87.1815185546875, 430.3153991699219], [22.639083862304688, 368.52783203125, 476.1568603515625, 570.0211791992188], [718.9080810546875, 215.3580322265625, 761.955078125, 279.45855712890625]]}