{"categories": [0, 2, 26, 28], "bboxes": [[0.8003578186035156, 109.65289306640625, 57.46696853637695, 378.6217956542969], [84.75463104248047, 136.07220458984375, 126.54134368896484, 158.857421875], [231.22242736816406, 202.6593780517578, 263.7784729003906, 245.4097442626953], [489.08319091796875, 227.797119140625, 529.6471557617188, 280.9804992675781]]}