{"categories": [0, 6], "bboxes": [[216.669189453125, 123.90936279296875, 594.995849609375, 679.5513305664062], [62.114044189453125, 0.0, 1023.0, 683.0]]}