{"categories": [0, 2, 28, 43, 56, 60, 63, 73], "bboxes": [[7.776885986328125, 125.3658447265625, 228.64027404785156, 668.0387573242188], [1.3096771240234375, 206.6514892578125, 93.59207916259766, 283.6257629394531], [604.1875610351562, 424.4597473144531, 853.7817993164062, 682.0], [124.38081359863281, 586.46630859375, 175.54005432128906, 682.0], [599.6416015625, 385.7440490722656, 859.458740234375, 674.1370849609375], [100.00692749023438, 570.6671142578125, 764.1617431640625, 678.664306640625], [256.3016357421875, 622.6769409179688, 518.3723754882812, 680.0863647460938], [209.04830932617188, 577.4783935546875, 383.6551208496094, 654.6961669921875]]}