{"categories": [0, 57, 58, 59, 73], "bboxes": [[212.36929321289062, 146.14080810546875, 296.0962219238281, 240.26910400390625], [48.39263916015625, 172.49522399902344, 485.08428955078125, 390.08123779296875], [3.575380325317383, 285.5840148925781, 61.602638244628906, 360.8470153808594], [145.58792114257812, 185.7208709716797, 242.92550659179688, 233.47508239746094], [451.46588134765625, 323.6397705078125, 499.0, 367.02154541015625]]}