{"categories": [0, 2, 26, 56, 59], "bboxes": [[375.40948486328125, 133.19223022460938, 713.3770141601562, 1005.5303955078125], [2.8433303833007812, 379.4364929199219, 111.26753997802734, 568.6751708984375], [612.2575073242188, 531.7540283203125, 764.0, 784.749267578125], [58.84447479248047, 633.9578857421875, 152.09249877929688, 793.757568359375], [605.1907348632812, 543.602294921875, 763.3297729492188, 896.01416015625]]}