{"categories": [0, 24, 26], "bboxes": [[164.7445526123047, 180.84716796875, 218.7670440673828, 373.86639404296875], [253.2048797607422, 215.46926879882812, 293.7903137207031, 252.09918212890625], [166.0913848876953, 259.3584899902344, 180.9043731689453, 286.9510192871094]]}