{"categories": [0, 13], "bboxes": [[60.814910888671875, 292.1207275390625, 291.2408142089844, 680.0007934570312], [58.119842529296875, 319.8033447265625, 944.059814453125, 644.6801147460938]]}