{"categories": [0, 27, 65, 74], "bboxes": [[115.10884094238281, 71.12643432617188, 442.18475341796875, 668.261962890625], [46.18971633911133, 205.63365173339844, 119.29837036132812, 488.6727294921875], [709.8960571289062, 312.3210144042969, 747.5551147460938, 367.4834899902344], [770.8281860351562, 273.1354675292969, 809.6686401367188, 312.0710754394531]]}