{"categories": [0, 20, 24, 26], "bboxes": [[626.157958984375, 58.379852294921875, 835.7237548828125, 692.8665771484375], [384.18035888671875, 460.4441223144531, 482.84869384765625, 553.7282104492188], [468.47637939453125, 141.68199157714844, 613.8919067382812, 300.1212158203125], [467.85797119140625, 153.39593505859375, 617.7636108398438, 290.92938232421875]]}