{"categories": [0, 25, 39, 56, 60, 71], "bboxes": [[729.9632568359375, 203.9238739013672, 799.68017578125, 372.48040771484375], [358.1845703125, 152.54946899414062, 389.77606201171875, 340.1615905761719], [317.4462890625, 157.53851318359375, 351.0592041015625, 325.3312072753906], [3.9152297973632812, 341.3150634765625, 148.51205444335938, 634.911376953125], [87.14704895019531, 310.9707946777344, 145.40382385253906, 370.0002746582031], [241.5064697265625, 311.6666259765625, 358.26434326171875, 334.266357421875]]}