{"categories": [0, 27, 56], "bboxes": [[219.98033142089844, 197.80123901367188, 671.59228515625, 696.2218017578125], [439.50128173828125, 435.6134948730469, 501.3961181640625, 689.646240234375], [78.32588958740234, 585.05712890625, 296.6163024902344, 693.3814697265625]]}