{"categories": [0, 13, 29, 32, 35, 56, 58], "bboxes": [[747.6878662109375, 80.0882568359375, 979.7073974609375, 671.3709716796875], [616.2141723632812, 193.6873779296875, 812.0885620117188, 277.2677917480469], [93.38111877441406, 553.2542724609375, 116.10360717773438, 584.2325439453125], [733.034423828125, 482.43408203125, 835.2298583984375, 596.798095703125], [727.6139526367188, 477.6915283203125, 841.6137084960938, 601.441650390625], [555.12158203125, 218.45480346679688, 624.3863525390625, 374.0649719238281], [282.8600769042969, 204.15328979492188, 372.6669616699219, 345.6541442871094]]}