{"categories": [0, 44, 67, 74, 79], "bboxes": [[79.3583984375, 112.097900390625, 642.0201416015625, 787.3153076171875], [483.8916931152344, 509.678955078125, 644.5511474609375, 572.5323486328125], [513.5658569335938, 458.8327941894531, 558.9116821289062, 492.9778747558594], [473.2975158691406, 672.5383911132812, 542.1770629882812, 730.6790161132812], [383.07110595703125, 476.89593505859375, 632.605224609375, 569.3051147460938]]}