{"categories": [0, 45, 46, 56], "bboxes": [[367.72552490234375, 55.21826171875, 929.4874877929688, 767.0], [900.3353271484375, 193.35379028320312, 1022.8328857421875, 286.7029724121094], [985.0753173828125, 244.30133056640625, 1021.376220703125, 366.2034912109375], [145.34017944335938, 429.5487365722656, 251.21810913085938, 641.7093505859375]]}