{"categories": [0], "bboxes": [[0.2283172607421875, 355.4211730957031, 452.58135986328125, 992.2437744140625]]}