{"categories": [0, 26], "bboxes": [[683.1271362304688, 89.61569213867188, 942.4861450195312, 669.60498046875], [394.6253662109375, 305.9665832519531, 694.5115966796875, 653.521240234375]]}