{"categories": [0, 36], "bboxes": [[22.840591430664062, 142.5206298828125, 359.31085205078125, 922.3848876953125], [74.21592712402344, 464.8111877441406, 119.50175476074219, 481.3617858886719]]}