{"categories": [0, 55, 56, 60], "bboxes": [[21.409896850585938, 5.52935791015625, 528.0509643554688, 594.6805419921875], [306.505126953125, 445.413330078125, 805.9075927734375, 664.44091796875], [18.51880645751953, 414.41815185546875, 67.48414611816406, 584.6793823242188], [84.44256591796875, 443.1329040527344, 973.8147583007812, 682.0]]}