{"categories": [0, 32], "bboxes": [[279.49359130859375, 63.62225341796875, 753.2085571289062, 610.3646850585938], [612.6214599609375, 552.6666870117188, 720.9609375, 632.6585083007812]]}