{"categories": [0, 27, 56, 73], "bboxes": [[666.0010986328125, 0.0, 1023.0, 665.848876953125], [785.1690673828125, 229.19558715820312, 884.703369140625, 501.8059997558594], [61.94817352294922, 329.48773193359375, 104.38225555419922, 446.2064208984375], [622.3118896484375, 375.46417236328125, 714.2547607421875, 501.42919921875]]}