{"categories": [0, 2, 12, 13, 26, 41, 58], "bboxes": [[207.36917114257812, 102.27012634277344, 352.5596618652344, 328.8104248046875], [468.96221923828125, 79.39323425292969, 499.0, 120.63395690917969], [280.54486083984375, 25.538467407226562, 477.86859130859375, 314.39068603515625], [470.26312255859375, 177.8877410888672, 499.0, 237.0836639404297], [134.19039916992188, 169.2612762451172, 200.1651611328125, 233.20240783691406], [89.588623046875, 176.02391052246094, 120.27249145507812, 216.1208953857422], [377.7022705078125, 1.4082527160644531, 399.610595703125, 35.110511779785156]]}