{"categories": [0, 39, 56, 79], "bboxes": [[134.5161590576172, 581.21337890625, 453.760498046875, 1022.2437744140625], [359.94244384765625, 569.2000122070312, 488.908203125, 764.0045776367188], [0.0, 777.0628051757812, 150.2209014892578, 1020.7315063476562], [355.2839050292969, 572.9813232421875, 396.1197814941406, 627.0286865234375]]}