{"categories": [0, 27, 39, 40, 41, 56, 60, 74], "bboxes": [[870.2498168945312, 277.6097106933594, 1023.0, 590.5684814453125], [694.8204956054688, 326.977783203125, 720.4196166992188, 434.64019775390625], [999.7258911132812, 511.7939147949219, 1021.2949829101562, 580.9189453125], [422.1814270019531, 517.3969116210938, 450.5052795410156, 567.8540649414062], [353.58447265625, 516.6474609375, 382.30706787109375, 564.8360595703125], [457.8326416015625, 515.8333129882812, 493.36395263671875, 571.2428588867188], [50.4013671875, 548.1331176757812, 1009.2066650390625, 665.3131713867188], [492.6410217285156, 1.216156005859375, 617.9632568359375, 50.11799621582031]]}