{"categories": [0, 1, 13, 56], "bboxes": [[325.7898254394531, 188.8785400390625, 909.9173583984375, 765.8997802734375], [887.7911987304688, 127.32972717285156, 949.0248413085938, 170.2500762939453], [542.4390869140625, 94.4744644165039, 673.8826904296875, 151.3971710205078], [672.4718627929688, 275.0764465332031, 856.2116088867188, 543.5213623046875]]}