{"categories": [0, 27], "bboxes": [[4.557952880859375, 507.36334228515625, 275.6127014160156, 1012.1892700195312], [308.9207763671875, 323.7740478515625, 350.76055908203125, 415.79522705078125]]}