{"categories": [0, 26, 41, 56, 57, 60], "bboxes": [[596.5068359375, 293.1348876953125, 870.753662109375, 648.7601318359375], [164.11883544921875, 566.45068359375, 208.87045288085938, 645.3114013671875], [862.9887084960938, 625.9591674804688, 912.7627563476562, 678.6102905273438], [229.49502563476562, 313.2851867675781, 454.8794250488281, 649.501220703125], [130.40975952148438, 304.9471435546875, 927.3670654296875, 653.4804077148438], [632.88134765625, 633.0823364257812, 1011.349365234375, 675.6326293945312]]}