{"categories": [0, 41], "bboxes": [[505.078125, 145.04330444335938, 679.2159423828125, 528.6474609375], [718.5945434570312, 318.42950439453125, 757.5829467773438, 372.8236083984375]]}