{"categories": [0, 2, 13, 24, 26, 28, 33, 56], "bboxes": [[378.36163330078125, 177.3248291015625, 657.3906860351562, 700.360595703125], [78.99545288085938, 597.5185546875, 1005.89990234375, 764.6241455078125], [676.4662475585938, 394.94580078125, 788.4646606445312, 465.10028076171875], [982.718017578125, 328.72491455078125, 1021.9329833984375, 370.7760009765625], [983.0499877929688, 328.2052001953125, 1021.4064331054688, 369.63421630859375], [223.96023559570312, 596.1907958984375, 394.3789367675781, 736.5933837890625], [988.0437622070312, 39.23760223388672, 1022.7493286132812, 75.63255310058594], [675.3319091796875, 395.0624694824219, 757.4674072265625, 472.4887390136719]]}