{"categories": [0, 16, 27, 39, 54, 55, 56, 58], "bboxes": [[206.32728576660156, 541.2030029296875, 455.3731689453125, 1017.3385009765625], [381.2274169921875, 493.1723937988281, 445.874755859375, 581.9443969726562], [231.61630249023438, 695.0946044921875, 296.4150085449219, 983.9996337890625], [414.46343994140625, 749.2490234375, 453.673095703125, 900.9727783203125], [29.455780029296875, 102.62541198730469, 170.37289428710938, 298.4112548828125], [207.82420349121094, 154.52572631835938, 350.5997314453125, 329.0570983886719], [6.9695892333984375, 621.63232421875, 218.64085388183594, 976.236083984375], [314.737060546875, 298.219482421875, 396.6888427734375, 407.2386474609375]]}