{"categories": [0, 2, 16], "bboxes": [[247.90298461914062, 85.79153442382812, 387.2109069824219, 443.5339050292969], [753.8369750976562, 180.2529296875, 799.0, 256.7809143066406], [496.25018310546875, 223.6251983642578, 513.0286254882812, 247.0559539794922]]}