{"categories": [0, 27, 29, 39, 60], "bboxes": [[635.7613525390625, 237.67803955078125, 921.3018798828125, 839.3900756835938], [410.1808166503906, 412.2215576171875, 447.1017150878906, 515.2442016601562], [311.179443359375, 502.98565673828125, 514.7435302734375, 739.8313598632812], [917.4757690429688, 592.7145385742188, 943.3660278320312, 669.2438354492188], [490.9051513671875, 646.9752807617188, 998.4437255859375, 831.1055297851562]]}