{"categories": [0, 1, 2, 13, 26], "bboxes": [[611.3803100585938, 286.146484375, 661.3147583007812, 447.80633544921875], [48.72641372680664, 393.0133056640625, 93.65484619140625, 435.44305419921875], [4.78460693359375, 334.674072265625, 99.24654388427734, 401.984130859375], [215.47113037109375, 366.03826904296875, 277.887451171875, 428.03204345703125], [397.8832702636719, 320.69293212890625, 435.7077941894531, 386.42266845703125]]}