{"categories": [0, 5, 6, 13, 26, 56], "bboxes": [[190.06021118164062, 169.43380737304688, 466.7675476074219, 761.8653564453125], [183.01922607421875, 84.51834106445312, 1014.8682250976562, 632.9422607421875], [73.76605224609375, 86.18392944335938, 1021.5256958007812, 651.099609375], [785.0582275390625, 313.0584411621094, 1021.4554443359375, 617.7969970703125], [739.2163696289062, 526.1293334960938, 812.1624145507812, 658.0155639648438], [800.7628784179688, 320.09051513671875, 1021.4142456054688, 629.8132934570312]]}