{"categories": [0, 6, 56], "bboxes": [[308.27301025390625, 109.7327880859375, 446.34295654296875, 474.90142822265625], [74.23358154296875, 0.0, 719.0, 444.1263427734375], [571.6466064453125, 248.4912872314453, 647.7674560546875, 397.4547119140625]]}