{"categories": [0], "bboxes": [[45.497528076171875, 100.74917602539062, 550.6453857421875, 673.8533935546875]]}