{"categories": [0, 13, 27], "bboxes": [[56.147491455078125, 112.3441162109375, 587.821044921875, 545.4234619140625], [49.5601806640625, 525.5707397460938, 860.252197265625, 678.4004516601562], [295.91571044921875, 363.30816650390625, 372.2481689453125, 526.40234375]]}