{"categories": [0, 27, 39, 41, 56, 57, 58, 60], "bboxes": [[49.47502899169922, 197.6741485595703, 166.25869750976562, 465.23114013671875], [893.43701171875, 317.6334533691406, 915.9764404296875, 387.6018981933594], [708.9058227539062, 362.777587890625, 733.0962524414062, 435.2919921875], [264.52264404296875, 330.5216064453125, 285.8543701171875, 363.5545654296875], [870.5742797851562, 396.9205322265625, 1023.0, 621.80029296875], [693.7258911132812, 374.559326171875, 1023.0, 605.6980590820312], [332.4235534667969, 223.47900390625, 395.5878601074219, 333.19952392578125], [378.19500732421875, 349.818115234375, 439.42437744140625, 482.41290283203125]]}