{"categories": [0, 1, 2, 14, 28, 37, 41], "bboxes": [[589.3870239257812, 137.93524169921875, 688.9869995117188, 388.36932373046875], [1.659027099609375, 169.9610137939453, 21.037004470825195, 211.4501495361328], [10.917976379394531, 143.67022705078125, 95.8178939819336, 192.73550415039062], [58.16218566894531, 237.15447998046875, 125.19532775878906, 284.61395263671875], [413.46380615234375, 212.19009399414062, 518.2940063476562, 371.0425109863281], [253.172607421875, 201.19178771972656, 354.6527099609375, 277.3216552734375], [741.2273559570312, 311.2887268066406, 799.0, 447.0700988769531]]}