{"categories": [0, 39, 41, 60, 73], "bboxes": [[179.34068298339844, 229.8328857421875, 496.75518798828125, 503.3802490234375], [502.9271545410156, 403.2901611328125, 554.0838623046875, 553.1129760742188], [717.3724365234375, 513.2720947265625, 767.31298828125, 576.205078125], [0.0, 477.0383605957031, 1023.0, 673.1182861328125], [437.9990539550781, 407.9131774902344, 513.5640258789062, 543.5326538085938]]}