{"categories": [0, 13, 25, 56, 60, 65], "bboxes": [[41.27259826660156, 449.9259033203125, 173.5291290283203, 658.3695068359375], [594.060546875, 478.7558898925781, 838.035400390625, 595.1957397460938], [109.23930358886719, 183.4500274658203, 615.5147094726562, 418.761474609375], [447.72357177734375, 623.861328125, 655.0752563476562, 814.0518798828125], [92.64875793457031, 553.2962646484375, 526.8610229492188, 803.73291015625], [226.04598999023438, 619.7346801757812, 273.6726989746094, 644.2520141601562]]}