{"categories": [0, 17, 39, 40, 41, 42, 45, 56, 60, 74], "bboxes": [[66.95916748046875, 112.33724975585938, 471.9161376953125, 660.1929931640625], [506.5535888671875, 181.67807006835938, 548.8516845703125, 224.0469970703125], [810.5134887695312, 345.13031005859375, 932.0734252929688, 716.6203002929688], [49.48163604736328, 595.5859985351562, 152.60305786132812, 756.4877319335938], [799.18212890625, 608.3101806640625, 882.6846923828125, 699.6632080078125], [316.487060546875, 622.3328247070312, 383.77154541015625, 650.7844848632812], [483.10443115234375, 541.8648681640625, 674.1005249023438, 616.635498046875], [0.0, 319.277099609375, 47.068450927734375, 438.24981689453125], [11.841339111328125, 473.75592041015625, 936.1334228515625, 760.8734741210938], [82.2630386352539, 67.88521575927734, 133.62966918945312, 117.06429290771484]]}