{"categories": [0, 13, 26, 32, 67], "bboxes": [[324.2633361816406, 229.33547973632812, 530.5211791992188, 668.034423828125], [862.22314453125, 215.9990997314453, 897.0791015625, 239.42127990722656], [454.0262145996094, 379.5894470214844, 499.0455627441406, 444.8565979003906], [431.5902404785156, 303.59185791015625, 491.5783386230469, 333.07843017578125], [513.5684204101562, 148.95008850097656, 537.3576049804688, 176.54026794433594]]}