{"categories": [0, 26, 56, 60], "bboxes": [[94.02725982666016, 146.16976928710938, 344.03973388671875, 762.3175048828125], [91.99723052978516, 646.127197265625, 136.32630920410156, 746.9619140625], [346.038330078125, 316.9745788574219, 580.2412109375, 737.8382568359375], [3.422351837158203, 393.80487060546875, 80.20013427734375, 572.7349243164062]]}