{"categories": [0, 3, 58], "bboxes": [[609.4318237304688, 102.98490905761719, 764.7112426757812, 542.0679321289062], [402.6479797363281, 329.8257751464844, 482.0758361816406, 427.5381774902344], [112.90486907958984, 295.26190185546875, 304.01116943359375, 552.1731567382812]]}