{"categories": [0, 56, 67], "bboxes": [[422.1277160644531, 71.76708984375, 719.0, 471.668701171875], [13.076339721679688, 430.7418518066406, 96.11012268066406, 477.5127868652344], [666.2324829101562, 308.1610412597656, 696.1386108398438, 327.3076477050781]]}