{"categories": [0, 27, 54, 58, 62, 73, 75], "bboxes": [[213.88888549804688, 4.20025634765625, 820.198974609375, 783.2459106445312], [540.7492065429688, 409.0109558105469, 634.1437377929688, 712.3544921875], [699.48388671875, 395.505859375, 828.9263916015625, 574.4799194335938], [80.54049682617188, 47.99456787109375, 159.83082580566406, 195.04718017578125], [0.26741790771484375, 324.43231201171875, 54.24766159057617, 595.2653198242188], [101.4927749633789, 613.6554565429688, 177.71331787109375, 709.2516479492188], [98.97926330566406, 122.26742553710938, 138.1822967529297, 194.64950561523438]]}