{"categories": [0, 8, 35, 45, 49], "bboxes": [[341.3707275390625, 429.7857666015625, 488.07318115234375, 790.5081787109375], [172.38156127929688, 448.5823974609375, 234.28713989257812, 472.240234375], [334.7052001953125, 644.6360473632812, 377.19769287109375, 684.0219116210938], [451.0565490722656, 832.007568359375, 571.3671875, 892.2586669921875], [544.660888671875, 826.99951171875, 608.8438720703125, 869.3511962890625]]}