{"categories": [0, 56, 65], "bboxes": [[301.97021484375, 141.89950561523438, 613.4296264648438, 678.6259765625], [0.2876319885253906, 614.084228515625, 99.52337646484375, 680.130859375], [550.8958129882812, 571.8286743164062, 583.8894653320312, 602.3234252929688]]}