{"categories": [0, 1, 9, 12, 27, 28, 35], "bboxes": [[161.8858642578125, 167.1737060546875, 383.44879150390625, 755.622802734375], [24.443374633789062, 431.7317199707031, 165.9310302734375, 602.4788818359375], [759.6131591796875, 20.953155517578125, 931.2999267578125, 174.2215118408203], [316.0990295410156, 11.72970962524414, 430.0856628417969, 129.4991912841797], [246.98992919921875, 14.624862670898438, 310.30987548828125, 203.92625427246094], [71.85073852539062, 522.3121337890625, 168.0166473388672, 600.212158203125], [871.8964233398438, 402.1285095214844, 995.4916381835938, 473.6662902832031]]}