{"categories": [0], "bboxes": [[81.47711181640625, 12.7464599609375, 510.64544677734375, 633.062255859375]]}