{"categories": [0, 2, 7, 34], "bboxes": [[53.425048828125, 55.06854248046875, 493.3720703125, 1016.3088989257812], [2.449777603149414, 275.67254638671875, 60.37260437011719, 320.58856201171875], [0.7638206481933594, 275.1251220703125, 75.20440673828125, 421.38818359375], [157.61834716796875, 15.976409912109375, 447.025146484375, 400.3077087402344]]}