{"categories": [0, 27], "bboxes": [[772.613525390625, 306.43914794921875, 897.294189453125, 679.5983276367188], [711.8167724609375, 376.9082336425781, 729.9892578125, 449.4519958496094]]}