{"categories": [0, 28, 39, 60, 73], "bboxes": [[458.361572265625, 130.19688415527344, 557.7107543945312, 406.4454345703125], [419.9895324707031, 275.6033020019531, 454.8768005371094, 333.5279235839844], [620.2108764648438, 234.69139099121094, 632.4274291992188, 266.6925964355469], [579.5287475585938, 247.78797912597656, 696.8037719726562, 393.14739990234375], [1.2684822082519531, 376.01788330078125, 96.00080871582031, 439.71014404296875]]}