{"categories": [0, 56, 62], "bboxes": [[431.55841064453125, 87.19680786132812, 718.0256958007812, 426.4561462402344], [3.080963134765625, 0.19493865966796875, 216.34918212890625, 86.84732818603516], [367.74847412109375, 3.3599205017089844, 870.3875122070312, 73.48513793945312]]}