{"categories": [0, 56], "bboxes": [[139.53172302246094, 122.96328735351562, 403.764892578125, 669.421875], [891.9730834960938, 462.4127197265625, 956.0186157226562, 661.246337890625]]}