{"categories": [0, 1, 27, 40, 51, 56], "bboxes": [[339.31292724609375, 12.050567626953125, 842.9636840820312, 678.86767578125], [0.0, 309.47637939453125, 491.62286376953125, 676.305908203125], [619.8948364257812, 203.77413940429688, 799.2876586914062, 580.6439208984375], [127.56979370117188, 192.65493774414062, 225.65408325195312, 328.9784851074219], [326.5194091796875, 389.1166076660156, 451.89398193359375, 483.6783752441406], [37.09899139404297, 485.9080810546875, 267.4817199707031, 684.0]]}