{"categories": [0, 26, 41, 61, 76], "bboxes": [[676.02099609375, 33.158294677734375, 1020.588623046875, 754.6065673828125], [145.46627807617188, 396.08489990234375, 406.2398376464844, 752.8759155273438], [194.3654327392578, 544.8047485351562, 267.8970031738281, 606.4439086914062], [497.8713684082031, 681.8587036132812, 692.2556762695312, 766.5809936523438], [108.90365600585938, 559.8617553710938, 271.5859680175781, 656.9116821289062]]}