{"categories": [0, 27, 41, 56, 58, 60, 62, 63, 65, 73, 75], "bboxes": [[820.4202880859375, 132.0083465576172, 1023.0, 426.1475830078125], [916.6248168945312, 224.9925994873047, 951.2258911132812, 308.9505310058594], [363.0655822753906, 439.1029968261719, 394.2256774902344, 479.2896423339844], [16.645675659179688, 335.49664306640625, 268.5135498046875, 618.644775390625], [594.613037109375, 321.044189453125, 790.46533203125, 500.37408447265625], [329.0215759277344, 419.3893127441406, 982.6751708984375, 671.6617431640625], [468.7957763671875, 191.64682006835938, 513.8223266601562, 239.93447875976562], [791.9937744140625, 174.27540588378906, 868.0999755859375, 229.94517517089844], [873.1019897460938, 624.0982666015625, 944.3041381835938, 655.093994140625], [799.0167236328125, 504.16412353515625, 915.5062255859375, 568.1604614257812], [631.8158569335938, 440.1140441894531, 745.9911499023438, 489.2393493652344]]}