{"categories": [0, 2], "bboxes": [[100.98616027832031, 461.7132263183594, 312.5911865234375, 983.22412109375], [587.1204223632812, 773.9064331054688, 681.0, 1023.0]]}