{"categories": [0, 39, 41, 56, 58, 60, 75], "bboxes": [[81.57962036132812, 715.4265747070312, 264.6783142089844, 1012.2129516601562], [597.3973999023438, 37.20795440673828, 611.3770141601562, 72.0857925415039], [615.4871826171875, 0.5477294921875, 670.492431640625, 73.86844635009766], [570.982177734375, 270.8818664550781, 669.9190673828125, 415.2066345214844], [451.3699645996094, 42.153663635253906, 532.16259765625, 242.3739013671875], [388.8128356933594, 264.6815185546875, 595.9771728515625, 358.24530029296875], [462.60333251953125, 122.72669219970703, 497.05364990234375, 239.667236328125]]}