{"categories": [0], "bboxes": [[51.28828430175781, 435.4039611816406, 459.30633544921875, 1005.102294921875]]}