{"categories": [0, 27], "bboxes": [[361.8778076171875, 228.9468994140625, 511.9085693359375, 903.5947265625], [378.14898681640625, 349.88818359375, 401.78643798828125, 434.39154052734375]]}