{"categories": [0], "bboxes": [[540.98828125, 54.532867431640625, 1022.2867431640625, 790.0260009765625]]}