{"categories": [0, 26, 36], "bboxes": [[693.6329345703125, 336.0522155761719, 791.3682861328125, 506.9114074707031], [99.05513000488281, 239.217529296875, 264.10308837890625, 411.02874755859375], [677.019775390625, 457.61651611328125, 754.144775390625, 516.6630859375]]}