{"categories": [0, 25, 39, 41, 42, 45, 60], "bboxes": [[799.45458984375, 175.7784881591797, 1021.6298828125, 544.7933349609375], [306.1695251464844, 2.7418670654296875, 1023.0, 305.38531494140625], [665.145751953125, 386.480712890625, 754.2159423828125, 577.4332885742188], [493.89434814453125, 404.5821228027344, 590.9216918945312, 590.3026123046875], [376.5206298828125, 501.2857971191406, 429.16510009765625, 590.8826293945312], [687.553466796875, 547.6068725585938, 1012.240478515625, 657.9468383789062], [83.04296875, 448.30230712890625, 1023.0, 666.0822143554688]]}