{"categories": [0, 39, 40], "bboxes": [[863.3245849609375, 150.18641662597656, 1023.0, 444.66986083984375], [447.3575439453125, 201.79104614257812, 517.4030151367188, 359.2560729980469], [400.52825927734375, 71.13716125488281, 510.439453125, 333.5513916015625]]}