{"categories": [0, 27, 39, 56, 60, 62, 71], "bboxes": [[513.4952392578125, 128.05258178710938, 837.0975341796875, 647.2244873046875], [323.4951171875, 308.84344482421875, 358.2640380859375, 386.31475830078125], [953.8762817382812, 512.2130737304688, 1004.9048461914062, 638.3876342773438], [902.970947265625, 413.9441833496094, 991.986328125, 581.559814453125], [770.6781005859375, 587.6817626953125, 1016.20849609375, 651.00390625], [954.09375, 2.986480712890625, 1023.0, 344.907470703125], [761.1139526367188, 587.377197265625, 1014.8316040039062, 648.4202880859375]]}