{"categories": [0, 27, 58], "bboxes": [[129.08633422851562, 90.04946899414062, 302.4290466308594, 636.3714599609375], [253.23587036132812, 184.60536193847656, 289.1574401855469, 311.5223388671875], [439.9923095703125, 283.63861083984375, 533.4944458007812, 376.36407470703125]]}