{"categories": [0, 27, 28, 39, 56, 62, 63, 73], "bboxes": [[250.42430114746094, 69.197998046875, 751.1651611328125, 682.0], [505.2014465332031, 242.5775604248047, 598.739013671875, 423.167724609375], [666.760009765625, 466.8543701171875, 1023.0, 677.1903076171875], [662.08642578125, 53.231075286865234, 701.940673828125, 143.8763427734375], [719.837646484375, 411.0370788574219, 796.3212890625, 574.2234497070312], [76.04889678955078, 145.80746459960938, 223.843017578125, 253.5501708984375], [45.218727111816406, 264.3234558105469, 279.5394592285156, 392.0591735839844], [48.0787353515625, 268.3760681152344, 273.64202880859375, 393.0948181152344]]}