{"categories": [0, 1, 27, 34, 65, 73], "bboxes": [[350.45245361328125, 71.61651611328125, 839.9884643554688, 669.7276000976562], [48.20747375488281, 428.9889221191406, 493.966064453125, 678.1683349609375], [913.924560546875, 283.8829345703125, 988.6910400390625, 522.4087524414062], [238.1910858154297, 444.3397216796875, 472.42169189453125, 645.89892578125], [588.040283203125, 637.4714965820312, 732.913330078125, 680.0844116210938], [154.70758056640625, 3.5799102783203125, 196.23977661132812, 211.2212371826172]]}