{"categories": [0, 39, 42, 56, 64, 73], "bboxes": [[77.459228515625, 78.57791137695312, 1001.9403076171875, 641.96533203125], [88.1835708618164, 585.0416870117188, 221.6124267578125, 672.4678344726562], [593.0762329101562, 577.8203735351562, 949.7188110351562, 666.6524047851562], [284.58355712890625, 7.5308837890625, 660.1483154296875, 165.65817260742188], [596.113525390625, 125.2508773803711, 633.09033203125, 137.1017303466797], [537.785888671875, 566.9434814453125, 988.0093994140625, 678.5455322265625]]}