{"categories": [0, 2, 41, 55, 60], "bboxes": [[0.0, 13.879684448242188, 238.5222930908203, 329.95556640625], [305.0933837890625, 1.4728584289550781, 418.667236328125, 41.78914260864258], [423.8636169433594, 234.83433532714844, 478.9345397949219, 318.9270324707031], [225.91493225097656, 274.46099853515625, 422.96148681640625, 332.275390625], [76.36370849609375, 254.82859802246094, 478.98529052734375, 331.537353515625]]}