{"categories": [0, 13, 26, 57, 73, 79], "bboxes": [[435.6124572753906, 225.1980438232422, 600.1802978515625, 673.0428466796875], [207.26507568359375, 384.8167419433594, 959.9480590820312, 626.0783081054688], [624.9427490234375, 402.3992919921875, 647.9510498046875, 450.2698974609375], [0.0, 419.8401794433594, 653.6177978515625, 639.997802734375], [625.904541015625, 326.2554016113281, 697.572265625, 404.4584045410156], [33.433937072753906, 144.1339111328125, 66.12059783935547, 223.40084838867188]]}