{"categories": [0, 41, 75], "bboxes": [[746.096435546875, 250.20181274414062, 879.6856689453125, 682.0], [17.23809051513672, 315.65887451171875, 38.68891525268555, 340.42266845703125], [900.5596923828125, 508.34228515625, 929.8465576171875, 545.244384765625]]}