{"categories": [0, 27, 62], "bboxes": [[382.0782775878906, 0.0, 1018.125244140625, 672.3131103515625], [499.2214660644531, 381.5602111816406, 615.3502197265625, 676.54296875], [780.3682250976562, 95.14144897460938, 1023.0, 587.593505859375]]}