{"categories": [0, 67], "bboxes": [[466.523193359375, 58.0421142578125, 731.076171875, 648.3934326171875], [25.449289321899414, 51.40336990356445, 61.06523132324219, 145.77713012695312]]}