{"categories": [0, 20], "bboxes": [[270.09014892578125, 499.600830078125, 565.2947998046875, 981.6370849609375], [278.6351013183594, 44.611297607421875, 628.9649658203125, 757.7196044921875]]}