{"categories": [0, 73], "bboxes": [[624.4833374023438, 156.216064453125, 984.5042114257812, 678.2921752929688], [367.2977294921875, 532.2533569335938, 445.00506591796875, 593.6516723632812]]}