{"categories": [0, 57, 59, 73], "bboxes": [[305.15618896484375, 192.88034057617188, 593.3040161132812, 678.080322265625], [36.687744140625, 448.6020812988281, 773.21484375, 677.71826171875], [152.2838134765625, 425.4753723144531, 739.392333984375, 633.9392700195312], [232.27703857421875, 435.0763854980469, 286.3458251953125, 466.0387268066406]]}