{"categories": [0, 27, 40, 67], "bboxes": [[316.0950927734375, 138.947021484375, 712.0828857421875, 677.0145263671875], [511.57476806640625, 311.3695068359375, 541.5671997070312, 380.11834716796875], [537.3239135742188, 377.104248046875, 594.4790649414062, 507.25604248046875], [280.1942443847656, 374.73846435546875, 327.6784973144531, 408.99139404296875]]}