{"categories": [0, 60, 71], "bboxes": [[159.64932250976562, 184.68504333496094, 370.0502014160156, 674.995361328125], [450.2889099121094, 479.4560241699219, 828.5430908203125, 665.443115234375], [478.42413330078125, 521.3717041015625, 799.7344360351562, 676.7454833984375]]}