{"categories": [0, 5, 39, 52], "bboxes": [[72.86239624023438, 256.8562316894531, 471.7174987792969, 671.143798828125], [0.0, 0.0, 1023.0, 677.5175170898438], [457.63482666015625, 162.9884033203125, 523.5054321289062, 302.991455078125], [450.1536865234375, 145.03636169433594, 526.560791015625, 305.97344970703125]]}