{"categories": [0, 2, 7, 8, 25, 33, 58], "bboxes": [[642.2381591796875, 358.5997009277344, 712.0596923828125, 532.0906372070312], [604.861572265625, 396.7816162109375, 649.5863037109375, 429.43646240234375], [15.805328369140625, 66.59713745117188, 670.6348876953125, 619.3941650390625], [1.8026809692382812, 92.05206298828125, 242.00018310546875, 506.04815673828125], [750.3739624023438, 466.3695068359375, 783.7777709960938, 546.2860717773438], [749.1159057617188, 468.5770263671875, 785.2855834960938, 546.8610229492188], [0.0, 240.79510498046875, 114.37825012207031, 479.08966064453125]]}