{"categories": [0, 27, 39, 40, 47, 56, 58, 60, 71, 75], "bboxes": [[448.3797607421875, 851.4542236328125, 656.6060791015625, 1017.0921630859375], [476.7601623535156, 283.12042236328125, 507.0133972167969, 458.16986083984375], [112.0588607788086, 152.10577392578125, 133.24436950683594, 198.498046875], [211.78697204589844, 577.8862915039062, 251.5305938720703, 656.7190551757812], [648.4822387695312, 389.0414123535156, 703.0, 445.5232849121094], [560.8113403320312, 381.22589111328125, 694.0016479492188, 537.6495971679688], [338.2581787109375, 163.57339477539062, 413.11541748046875, 331.9333190917969], [17.734817504882812, 589.2996826171875, 437.0948486328125, 988.1689453125], [26.70184326171875, 647.0433349609375, 407.28509521484375, 714.0283203125], [45.82722473144531, 652.8073120117188, 67.35684967041016, 706.4434204101562]]}