{"categories": [0], "bboxes": [[348.5213928222656, 99.74224853515625, 630.0140380859375, 678.2701416015625]]}