{"categories": [0, 26], "bboxes": [[126.61842346191406, 79.54498291015625, 406.57379150390625, 756.0421142578125], [0.0, 425.6788330078125, 186.77174377441406, 619.548583984375]]}