{"categories": [0, 27, 30, 33, 74], "bboxes": [[761.6075439453125, 148.88394165039062, 1020.5023193359375, 668.4954833984375], [207.55918884277344, 165.11520385742188, 305.6912841796875, 413.1169738769531], [74.0421142578125, 653.3583374023438, 252.38885498046875, 677.6488647460938], [228.9617919921875, 589.484619140625, 270.4525146484375, 650.1663818359375], [896.6539916992188, 358.6401062011719, 914.7232055664062, 384.4179992675781]]}