{"categories": [0, 8, 24, 25, 30], "bboxes": [[380.161376953125, 389.1940612792969, 515.9264526367188, 635.740234375], [101.46047973632812, 422.7255859375, 129.22071838378906, 431.69110107421875], [478.0452575683594, 372.92181396484375, 540.5878295898438, 433.2408447265625], [401.2105712890625, 366.3134460449219, 482.87255859375, 394.8049621582031], [376.1121826171875, 611.3468017578125, 589.5101928710938, 654.3433837890625]]}