{"categories": [0, 56, 57], "bboxes": [[12.51776123046875, 102.1180419921875, 498.5131530761719, 685.7789916992188], [526.8389282226562, 533.999267578125, 742.0350952148438, 718.0], [8.64752197265625, 136.69894409179688, 868.9365844726562, 714.8233642578125]]}