{"categories": [0, 2, 7], "bboxes": [[751.65771484375, 116.4669189453125, 955.9222412109375, 757.0804443359375], [1.9716949462890625, 293.44512939453125, 319.72491455078125, 767.0], [388.7346496582031, 166.37527465820312, 503.7995910644531, 270.1418762207031]]}