{"categories": [0, 8, 26, 36], "bboxes": [[83.26898193359375, 136.63656616210938, 191.0936279296875, 563.5821533203125], [0.899993896484375, 173.56858825683594, 116.82392120361328, 220.56141662597656], [814.3102416992188, 198.49420166015625, 893.0966186523438, 340.4801025390625], [500.43463134765625, 560.6513061523438, 566.5960083007812, 607.3495483398438]]}