{"categories": [0, 6, 7, 8, 9, 27, 73], "bboxes": [[237.83135986328125, 130.29348754882812, 410.658203125, 678.795166015625], [0.0, 122.60574340820312, 932.364990234375, 652.2471923828125], [60.79643249511719, 128.767578125, 424.80126953125, 682.0], [18.049713134765625, 153.08795166015625, 980.8974609375, 647.76611328125], [102.39959716796875, 79.94613647460938, 142.3446044921875, 110.23526000976562], [521.33447265625, 253.54617309570312, 543.774658203125, 379.5453186035156], [748.574462890625, 364.6794738769531, 835.566650390625, 407.7562561035156]]}