{"categories": [0], "bboxes": [[225.48248291015625, 55.910064697265625, 577.4791259765625, 663.231201171875]]}