{"categories": [0, 41, 67], "bboxes": [[113.16744995117188, 14.842071533203125, 629.7156982421875, 668.7314453125], [282.5135498046875, 459.4510498046875, 407.76007080078125, 612.1224365234375], [265.9151611328125, 445.2186584472656, 331.78564453125, 518.0502319335938]]}