{"categories": [0, 27, 62, 67], "bboxes": [[667.31396484375, 15.03802490234375, 1016.271240234375, 617.736572265625], [602.1212158203125, 240.27145385742188, 651.278564453125, 500.4864807128906], [420.3022155761719, 20.874893188476562, 641.3389892578125, 241.2142791748047], [510.89508056640625, 310.3860778808594, 553.9574584960938, 426.6627502441406]]}