{"categories": [0], "bboxes": [[316.51202392578125, 32.80262756347656, 499.0, 371.6851806640625]]}