{"categories": [0, 3, 24, 37, 56, 60, 62], "bboxes": [[472.95745849609375, 180.76934814453125, 597.4285278320312, 433.09332275390625], [730.48193359375, 371.88409423828125, 798.677734375, 469.71221923828125], [505.41754150390625, 235.1285400390625, 576.9102172851562, 301.69061279296875], [169.83819580078125, 421.7256164550781, 828.9225463867188, 671.308349609375], [20.996490478515625, 367.88262939453125, 171.41033935546875, 558.3878784179688], [109.9517822265625, 348.69805908203125, 311.93841552734375, 514.0096435546875], [967.6702880859375, 58.36695861816406, 1023.0, 447.91754150390625]]}