{"categories": [0, 2, 5, 9], "bboxes": [[291.226806640625, 81.162353515625, 678.7777709960938, 748.3921508789062], [694.5889282226562, 341.7414855957031, 1009.1851196289062, 419.3493957519531], [29.87945556640625, 102.24502563476562, 389.2829895019531, 415.9687805175781], [822.5069580078125, 23.446548461914062, 906.6759033203125, 233.2441864013672]]}