{"categories": [0, 18, 26], "bboxes": [[314.15350341796875, 185.90008544921875, 493.15863037109375, 623.089111328125], [956.1231079101562, 375.8047790527344, 979.7571411132812, 389.7558898925781], [431.7290954589844, 324.4970397949219, 487.8821716308594, 410.6209411621094]]}