{"categories": [0, 27, 56, 62], "bboxes": [[0.0, 0.0, 397.1817932128906, 670.8628540039062], [498.9309387207031, 328.6482238769531, 578.8110961914062, 555.479248046875], [526.6599731445312, 615.6244506835938, 1010.6140747070312, 679.4696655273438], [770.2055053710938, 284.4300231933594, 1022.0678100585938, 519.1184692382812]]}