{"categories": [0, 56, 57, 58, 74, 75], "bboxes": [[216.9951934814453, 354.19342041015625, 451.62713623046875, 967.3500366210938], [388.2821960449219, 338.1154479980469, 440.8570251464844, 452.2577209472656], [150.53860473632812, 534.8594970703125, 295.92779541015625, 928.01953125], [30.047393798828125, 9.237396240234375, 388.5137023925781, 710.7254638671875], [859.1890869140625, 0.0, 940.477294921875, 72.94621276855469], [543.8232421875, 286.2626953125, 599.216064453125, 397.44970703125]]}