{"categories": [0, 6, 9, 41, 48, 53, 55, 60, 79], "bboxes": [[660.1845092773438, 142.72354125976562, 854.5498657226562, 676.60986328125], [100.89276123046875, 60.127105712890625, 969.6586303710938, 672.34814453125], [874.54833984375, 0.0, 904.38623046875, 33.25691223144531], [296.73931884765625, 360.7094421386719, 324.86212158203125, 409.7853698730469], [591.6759643554688, 426.6637878417969, 656.5110473632812, 461.2899475097656], [590.969482421875, 430.5960388183594, 651.9915771484375, 457.4839172363281], [250.026123046875, 418.99114990234375, 400.6920166015625, 596.698974609375], [133.4973602294922, 598.7149047851562, 556.9379272460938, 677.6829223632812], [614.0741577148438, 261.33636474609375, 676.3045043945312, 284.60882568359375]]}