{"categories": [0, 27, 60, 74], "bboxes": [[606.1754150390625, 260.01190185546875, 856.0567626953125, 990.8140258789062], [352.1003723144531, 445.2642822265625, 407.4658508300781, 535.2562255859375], [2.530261993408203, 766.3652954101562, 101.08700561523438, 982.1362915039062], [696.82177734375, 39.19136047363281, 748.1275634765625, 157.98057556152344]]}