{"categories": [0, 26, 32, 67], "bboxes": [[546.460205078125, 193.21302795410156, 738.5615234375, 676.5370483398438], [632.370849609375, 306.3993835449219, 711.7320556640625, 441.9589538574219], [506.5777587890625, 78.77946472167969, 583.1429443359375, 176.3210906982422], [415.69866943359375, 242.3363037109375, 455.10662841796875, 299.8555908203125]]}