{"categories": [0, 7, 27, 67], "bboxes": [[401.0750427246094, 101.201416015625, 1011.6448974609375, 678.013427734375], [966.7742309570312, 191.82537841796875, 1023.0, 249.0853271484375], [690.8919677734375, 281.554931640625, 762.689697265625, 590.4990234375], [356.5208435058594, 244.34414672851562, 372.7174377441406, 279.0155334472656]]}