{"categories": [0, 8, 76], "bboxes": [[546.5466918945312, 901.325927734375, 663.8723754882812, 1023.0], [262.2786560058594, 86.1834716796875, 682.49853515625, 1023.0], [0.0, 382.8304748535156, 248.93246459960938, 1016.2828369140625]]}