{"categories": [0, 2, 8, 39, 41], "bboxes": [[76.32614135742188, 60.24957275390625, 802.9056396484375, 976.2024536132812], [733.836181640625, 425.26885986328125, 949.9652099609375, 671.4769897460938], [668.454345703125, 303.8837890625, 961.0, 984.7510986328125], [295.49420166015625, 548.7440795898438, 398.46783447265625, 755.5089721679688], [454.29168701171875, 705.1068725585938, 551.2071533203125, 872.1621704101562]]}