{"categories": [0, 26, 32], "bboxes": [[487.4415283203125, 107.98489379882812, 694.1796875, 645.6910400390625], [484.38690185546875, 295.6568908691406, 520.1842651367188, 410.0497131347656], [382.40350341796875, 582.5618896484375, 457.9984130859375, 653.064453125]]}