{"categories": [0, 6, 27, 55, 60, 61, 75], "bboxes": [[189.7244415283203, 332.5367431640625, 611.4786376953125, 1002.411865234375], [0.0, 0.0, 682.0, 848.020751953125], [574.6676635742188, 531.68017578125, 617.2760620117188, 637.494873046875], [0.0, 527.738037109375, 139.80255126953125, 836.71875], [0.0, 718.2479248046875, 186.2384033203125, 965.709228515625], [114.75128936767578, 195.39523315429688, 221.68280029296875, 308.9407043457031], [116.31440734863281, 195.5736541748047, 218.47251892089844, 304.416748046875]]}