{"categories": [0, 24, 26, 43, 56, 68], "bboxes": [[672.9078369140625, 106.71942138671875, 845.0330810546875, 619.4163818359375], [562.6731567382812, 386.5762939453125, 629.2554321289062, 464.5052490234375], [288.7179260253906, 346.25775146484375, 339.1437683105469, 433.6346435546875], [271.7403564453125, 0.0, 296.37109375, 34.07440948486328], [2.230358123779297, 296.6759948730469, 47.873470306396484, 522.193359375], [0.0, 264.687255859375, 23.963027954101562, 351.59112548828125]]}