{"categories": [0, 1, 16, 26, 56, 57, 60, 62, 71, 72, 73, 74], "bboxes": [[49.08698272705078, 156.05967712402344, 250.71951293945312, 450.4945068359375], [609.5018920898438, 267.75384521484375, 654.5756225585938, 362.73065185546875], [317.5910949707031, 349.061279296875, 393.7641906738281, 419.74267578125], [844.6400756835938, 404.9305419921875, 906.8740844726562, 455.0008544921875], [2.7122039794921875, 245.7025146484375, 190.25437927246094, 435.0316162109375], [0.0, 216.42430114746094, 251.28030395507812, 432.22540283203125], [874.6027221679688, 207.36773681640625, 1006.7526245117188, 402.43212890625], [485.39471435546875, 44.35943603515625, 522.4954223632812, 148.5675048828125], [885.322265625, 212.051513671875, 982.1322021484375, 242.5794677734375], [1000.5870361328125, 138.43557739257812, 1023.0, 349.2859191894531], [219.88442993164062, 358.03076171875, 322.7008972167969, 406.3614501953125], [544.5240478515625, 77.3653564453125, 566.498291015625, 101.98112487792969]]}