{"categories": [0, 25, 27, 56, 73], "bboxes": [[404.7116394042969, 137.23123168945312, 1016.3685302734375, 672.8907470703125], [537.5797119140625, 6.959442138671875, 836.271484375, 402.0014343261719], [602.132080078125, 335.5308532714844, 623.17041015625, 393.0684509277344], [824.2312622070312, 365.76385498046875, 1021.3582153320312, 564.390625], [17.972503662109375, 281.17047119140625, 428.9583740234375, 661.2786254882812]]}