{"categories": [0, 2, 7], "bboxes": [[71.81415557861328, 140.21307373046875, 268.9991455078125, 670.3346557617188], [634.866943359375, 369.52825927734375, 1023.0, 664.2852172851562], [530.4307861328125, 137.67904663085938, 1023.0, 628.2235107421875]]}