{"categories": [0, 27, 41, 56, 57, 60], "bboxes": [[162.9971923828125, 187.87704467773438, 954.353515625, 755.9072265625], [215.14198303222656, 405.7055358886719, 258.2090148925781, 640.2722778320312], [141.3184356689453, 672.32666015625, 192.55992126464844, 748.944091796875], [0.9825286865234375, 375.4361572265625, 148.09707641601562, 551.4140625], [0.0, 387.29351806640625, 614.5169677734375, 701.3799438476562], [0.4073486328125, 609.5755004882812, 322.4822998046875, 761.8490600585938]]}