{"categories": [0, 61], "bboxes": [[519.1262817382812, 46.257232666015625, 952.2472534179688, 816.4293212890625], [1.7271041870117188, 483.9151916503906, 91.40802764892578, 811.3134765625]]}