{"categories": [0], "bboxes": [[775.2767944335938, 313.6361083984375, 893.8184204101562, 642.1429443359375]]}