{"categories": [0, 33, 35], "bboxes": [[731.3195190429688, 225.16041564941406, 929.5576782226562, 680.8790893554688], [701.0468139648438, 539.1485595703125, 761.8878784179688, 665.44482421875], [960.6372680664062, 548.0034790039062, 1002.9369506835938, 578.3325805664062]]}