{"categories": [0, 28, 36, 56], "bboxes": [[233.251220703125, 93.2886962890625, 360.861328125, 364.41009521484375], [32.253868103027344, 296.075927734375, 73.34220886230469, 370.27142333984375], [18.549652099609375, 216.04795837402344, 193.60647583007812, 258.3446960449219], [225.92196655273438, 277.314208984375, 299.3795471191406, 373.88031005859375]]}