{"categories": [0, 2, 3, 5, 6, 41], "bboxes": [[0.0, 168.88018798828125, 356.14349365234375, 978.4575805664062], [422.5191345214844, 172.7523651123047, 594.2783203125, 224.85340881347656], [53.1290283203125, 607.9185180664062, 911.2936401367188, 1006.0020141601562], [231.84713745117188, 0.0, 1018.115966796875, 860.9213256835938], [193.90859985351562, 0.0, 1023.0, 912.3021240234375], [514.5208740234375, 718.6270751953125, 606.6435546875, 823.7340087890625]]}