{"categories": [0, 13, 32, 36, 38, 56], "bboxes": [[50.867271423339844, 162.99456787109375, 251.80789184570312, 794.5733642578125], [367.7291259765625, 530.1270751953125, 640.4244995117188, 650.1641845703125], [213.89739990234375, 436.73101806640625, 234.30865478515625, 459.18951416015625], [101.33148956298828, 327.8035888671875, 222.67755126953125, 490.404541015625], [497.6719665527344, 166.725341796875, 596.75244140625, 297.0888977050781], [447.271240234375, 228.90505981445312, 641.8172607421875, 679.017822265625]]}