{"categories": [0, 54, 55, 56, 59, 60], "bboxes": [[422.7417907714844, 84.27824401855469, 979.3812255859375, 458.88330078125], [582.9789428710938, 440.9799499511719, 698.1972045898438, 529.5027465820312], [699.1179809570312, 445.46875, 821.4577026367188, 529.5655517578125], [33.695281982421875, 331.89862060546875, 295.9619140625, 670.3485107421875], [173.850341796875, 200.56922912597656, 995.890869140625, 706.28173828125], [202.41244506835938, 379.44293212890625, 1006.0745849609375, 715.7769165039062]]}