{"categories": [0, 8], "bboxes": [[99.54228210449219, 204.57470703125, 477.78668212890625, 481.41961669921875], [0.0, 228.4033660888672, 989.273681640625, 655.9609985351562]]}