{"categories": [0, 25, 26, 41, 65], "bboxes": [[813.2793579101562, 86.72549438476562, 1023.0, 674.6729736328125], [475.086181640625, 100.3444595336914, 572.0455322265625, 248.47601318359375], [44.90220642089844, 448.666748046875, 260.73291015625, 665.976806640625], [600.9508666992188, 416.39599609375, 643.2369995117188, 474.166748046875], [923.6991577148438, 234.2249755859375, 970.0591430664062, 264.40594482421875]]}