{"categories": [0, 24, 34, 38], "bboxes": [[801.6275024414062, 35.64149475097656, 1019.2683715820312, 525.3789672851562], [323.5780334472656, 137.09812927246094, 382.2503356933594, 246.7571563720703], [436.50091552734375, 280.27203369140625, 466.2200927734375, 506.068115234375], [388.0743408203125, 131.45663452148438, 480.08062744140625, 282.12054443359375]]}