{"categories": [0, 15, 25, 57], "bboxes": [[59.039581298828125, 54.67767333984375, 553.6495361328125, 671.1099853515625], [592.9525756835938, 532.402099609375, 718.0553588867188, 663.025634765625], [760.9501342773438, 246.10641479492188, 872.1382446289062, 318.6794738769531], [0.0, 372.92974853515625, 570.8156127929688, 671.9884643554688]]}