{"categories": [0, 32], "bboxes": [[637.8960571289062, 129.76327514648438, 901.4474487304688, 553.149169921875], [814.6993408203125, 410.93572998046875, 883.159423828125, 479.66412353515625]]}