{"categories": [0], "bboxes": [[0.0, 75.84701538085938, 112.1143569946289, 669.6470947265625]]}