{"categories": [0, 65, 67], "bboxes": [[240.3548126220703, 39.315643310546875, 626.8187866210938, 676.835205078125], [266.1603698730469, 432.5346374511719, 310.7545471191406, 467.2615661621094], [371.42388916015625, 150.50685119628906, 417.856689453125, 210.36302185058594]]}