{"categories": [0, 26, 27, 39], "bboxes": [[237.6427459716797, 41.527099609375, 646.19482421875, 669.2809448242188], [740.3743896484375, 288.9465026855469, 845.001708984375, 406.8174133300781], [14.687812805175781, 260.74053955078125, 93.14946746826172, 546.1788940429688], [865.73388671875, 358.7579345703125, 896.2618408203125, 436.1026611328125]]}