{"categories": [0, 2, 7, 24, 26, 30, 56], "bboxes": [[736.08984375, 108.74188232421875, 974.2381591796875, 666.1780395507812], [468.8141784667969, 202.37289428710938, 608.9247436523438, 310.8285217285156], [147.03082275390625, 211.80398559570312, 215.33013916015625, 251.37457275390625], [495.8265075683594, 282.7650451660156, 542.2744140625, 322.8004455566406], [627.8935546875, 235.5650634765625, 665.9471435546875, 319.39801025390625], [643.3497314453125, 285.0504150390625, 756.9146728515625, 526.0689697265625], [535.5844116210938, 338.079833984375, 595.9166870117188, 381.42041015625]]}