{"categories": [0, 13, 39, 56, 60, 62, 65, 72], "bboxes": [[129.2392578125, 330.8138732910156, 487.957763671875, 681.4344482421875], [7.339912414550781, 630.1621704101562, 158.4398193359375, 677.2622680664062], [376.6781005859375, 330.2139892578125, 399.0362548828125, 399.96014404296875], [833.7809448242188, 462.14794921875, 986.0182495117188, 682.0], [231.88858032226562, 264.14617919921875, 593.0341796875, 584.4545288085938], [631.1616821289062, 121.3974609375, 754.2506713867188, 208.37127685546875], [62.39637756347656, 426.7755126953125, 98.19294738769531, 449.95660400390625], [457.8600769042969, 82.07484436035156, 638.7267456054688, 289.2247314453125]]}