{"categories": [0], "bboxes": [[473.2525634765625, 39.981170654296875, 827.5621337890625, 724.2965087890625]]}