{"categories": [0, 7, 12, 24, 28, 59], "bboxes": [[588.9124755859375, 354.263916015625, 678.76806640625, 832.1697998046875], [32.36138916015625, 29.34710693359375, 678.215087890625, 1023.0], [302.3357849121094, 0.0, 411.9919738769531, 219.3165283203125], [6.190223693847656, 778.6717529296875, 102.74060821533203, 1023.0], [59.370086669921875, 361.48980712890625, 657.4852294921875, 972.2156372070312], [0.0, 491.8043212890625, 679.0, 1013.4122314453125]]}