{"categories": [0, 26, 41, 42, 44, 53, 56, 60], "bboxes": [[756.2019653320312, 0.0, 1023.0, 505.2507629394531], [106.28672790527344, 18.009140014648438, 215.35728454589844, 194.97898864746094], [441.95574951171875, 572.3970947265625, 514.8731689453125, 682.0], [288.97528076171875, 627.001220703125, 339.26849365234375, 681.2657470703125], [289.76068115234375, 627.3024291992188, 338.141845703125, 682.0], [223.37954711914062, 657.55517578125, 280.768310546875, 681.534423828125], [725.6636962890625, 232.1587371826172, 867.6402587890625, 400.7373046875], [145.73104858398438, 568.2887573242188, 745.9586181640625, 682.0]]}