{"categories": [0, 2], "bboxes": [[5.4436187744140625, 205.21664428710938, 501.26806640625, 1006.1080322265625], [373.98565673828125, 403.5115661621094, 682.0, 1015.9195556640625]]}