{"categories": [0, 60, 79], "bboxes": [[467.72216796875, 12.326553344726562, 790.418212890625, 512.4306640625], [18.30487060546875, 346.92413330078125, 643.2220458984375, 751.3948364257812], [326.07086181640625, 446.01507568359375, 448.8568115234375, 564.8344116210938]]}