{"categories": [0, 26, 56, 57, 62, 66], "bboxes": [[104.82881164550781, 478.8789367675781, 372.00054931640625, 757.09130859375], [885.3273315429688, 386.27667236328125, 933.0869750976562, 468.91290283203125], [842.0874633789062, 488.9061584472656, 1017.4873657226562, 711.5386962890625], [887.2157592773438, 383.4237365722656, 1023.0, 525.95654296875], [228.78140258789062, 153.3353271484375, 501.2151794433594, 416.33978271484375], [920.5460205078125, 474.5018005371094, 1023.0, 522.4552001953125]]}