{"categories": [0, 24, 26, 73], "bboxes": [[738.840576171875, 21.223480224609375, 1023.0, 676.8253173828125], [23.726722717285156, 153.865478515625, 163.71633911132812, 332.21881103515625], [237.42013549804688, 227.35906982421875, 393.1200256347656, 423.58062744140625], [284.3205261230469, 238.40040588378906, 379.7422180175781, 324.5768737792969]]}