{"categories": [0, 2, 13], "bboxes": [[114.25141906738281, 170.05450439453125, 331.9473876953125, 676.5230102539062], [0.24520111083984375, 308.7080078125, 142.88699340820312, 498.766845703125], [0.0, 406.43115234375, 526.904052734375, 634.49560546875]]}