{"categories": [0, 26, 27, 56, 60, 62, 73], "bboxes": [[699.313232421875, 342.5875244140625, 879.1104736328125, 567.1773681640625], [408.3701171875, 437.06396484375, 489.07281494140625, 521.5166625976562], [92.62950897216797, 324.7896423339844, 118.26554107666016, 388.3360900878906], [548.3687133789062, 457.099365234375, 639.3687133789062, 538.0106811523438], [424.4037780761719, 546.445068359375, 1021.6053466796875, 753.709228515625], [989.6007080078125, 482.8924865722656, 1019.6697998046875, 596.9202270507812], [125.35865020751953, 496.77716064453125, 257.30035400390625, 516.0596923828125]]}