{"categories": [0, 13, 27, 55, 56], "bboxes": [[36.911285400390625, 119.66915893554688, 721.4560546875, 1022.615966796875], [0.0, 779.1795654296875, 767.0, 1022.3253173828125], [279.8092956542969, 697.8600463867188, 399.9056701660156, 769.3342895507812], [272.466064453125, 759.2599487304688, 394.33087158203125, 918.5781860351562], [669.6657104492188, 847.6035766601562, 764.4085083007812, 1015.5906372070312]]}