{"categories": [0, 52, 76, 79], "bboxes": [[322.3597412109375, 188.15634155273438, 1023.0, 857.842041015625], [191.04612731933594, 369.1656188964844, 283.0726318359375, 448.0765686035156], [324.2510681152344, 544.1221313476562, 448.9476623535156, 847.6970825195312], [188.9394073486328, 361.57952880859375, 283.40911865234375, 447.44061279296875]]}