{"categories": [0, 2, 4, 7, 8], "bboxes": [[670.0047607421875, 347.1321105957031, 724.0675048828125, 397.9153747558594], [2.580047607421875, 362.157958984375, 141.81129455566406, 415.66546630859375], [21.910507202148438, 334.1839904785156, 355.82623291015625, 414.1269836425781], [51.63238525390625, 273.3212890625, 1014.3578491210938, 617.44580078125], [429.924560546875, 257.9106750488281, 651.0233154296875, 397.9977722167969]]}