{"categories": [0, 67], "bboxes": [[192.5331268310547, 94.88845825195312, 310.33648681640625, 494.7788391113281], [205.2915802001953, 161.2544708251953, 221.7904510498047, 181.9888153076172]]}