{"categories": [0, 26, 27, 39, 41], "bboxes": [[502.402099609375, 91.42193603515625, 818.2486572265625, 669.0111083984375], [315.7995300292969, 412.3830261230469, 460.5740051269531, 655.66357421875], [249.7064666748047, 426.1061096191406, 317.97967529296875, 674.8983154296875], [153.18817138671875, 350.5694580078125, 344.6182556152344, 560.5191040039062], [540.793212890625, 185.80638122558594, 620.3634033203125, 254.72425842285156]]}