{"categories": [0, 27, 56, 58], "bboxes": [[192.245849609375, 16.644073486328125, 406.2950439453125, 727.400390625], [558.5054931640625, 146.172607421875, 616.5213623046875, 211.24612426757812], [182.91543579101562, 21.7296142578125, 261.5430603027344, 174.51864624023438], [22.334728240966797, 44.025917053222656, 117.31925964355469, 104.53861236572266]]}