{"categories": [0, 41], "bboxes": [[413.90533447265625, 218.48973083496094, 742.1348266601562, 675.7622680664062], [300.44696044921875, 502.82452392578125, 366.87664794921875, 604.3818969726562]]}