{"categories": [0, 40, 41, 67], "bboxes": [[0.0, 142.98629760742188, 602.5979614257812, 678.9014892578125], [505.58245849609375, 136.4641571044922, 601.4044799804688, 319.43255615234375], [541.13525390625, 331.30413818359375, 605.1856689453125, 450.629150390625], [519.5842895507812, 269.6592102050781, 576.5486450195312, 308.9089050292969]]}