{"categories": [0, 1, 25, 26, 40, 56], "bboxes": [[224.52366638183594, 40.5472412109375, 326.4583435058594, 273.8505859375], [440.8541259765625, 187.88328552246094, 499.0, 308.9780578613281], [295.80908203125, 166.4090118408203, 396.51275634765625, 247.76759338378906], [226.01670837402344, 162.78941345214844, 261.8919372558594, 193.47853088378906], [382.64080810546875, 202.90008544921875, 440.55224609375, 265.15972900390625], [3.021503448486328, 195.87484741210938, 75.02215576171875, 301.71307373046875]]}