{"categories": [0, 2, 7, 26], "bboxes": [[65.2845230102539, 414.83685302734375, 159.3184814453125, 673.9119262695312], [974.4780883789062, 456.82122802734375, 1023.0, 566.5810546875], [120.92874145507812, 14.73553466796875, 575.275390625, 662.3892822265625], [923.1651000976562, 459.0578308105469, 958.3406372070312, 518.1157836914062]]}