{"categories": [0, 29, 56], "bboxes": [[364.08209228515625, 78.62872314453125, 642.3436279296875, 744.5558471679688], [214.53074645996094, 410.8802185058594, 312.14227294921875, 445.9997253417969], [34.83991241455078, 251.62576293945312, 176.55496215820312, 706.4739990234375]]}