{"categories": [0], "bboxes": [[568.9736328125, 158.57296752929688, 765.1856689453125, 664.324462890625]]}