{"categories": [0, 27, 38, 39, 67, 79], "bboxes": [[481.7708435058594, 162.92002868652344, 746.5751953125, 670.8236694335938], [712.3438110351562, 420.8268127441406, 827.9569702148438, 648.9487915039062], [525.751708984375, 343.25543212890625, 708.1182861328125, 603.3180541992188], [529.1166381835938, 440.4748840332031, 578.9324340820312, 572.1942749023438], [251.03323364257812, 412.95159912109375, 292.1786804199219, 445.6055908203125], [539.5540771484375, 346.5960693359375, 740.71533203125, 502.317626953125]]}