{"categories": [0, 2, 8, 25, 40, 41, 45, 56, 60, 67], "bboxes": [[440.8109130859375, 139.90260314941406, 588.9447021484375, 446.1396484375], [50.9724006652832, 111.8348388671875, 87.61044311523438, 151.70489501953125], [68.81937408447266, 72.7184829711914, 199.78204345703125, 177.72720336914062], [450.17706298828125, 1.8678131103515625, 1023.0, 163.47483825683594], [572.951416015625, 358.70013427734375, 651.173095703125, 534.5069580078125], [185.83038330078125, 480.8362731933594, 274.70159912109375, 615.1788330078125], [417.60711669921875, 461.50604248046875, 509.46490478515625, 503.94561767578125], [2.5356178283691406, 474.07757568359375, 112.14981079101562, 614.8200073242188], [38.418426513671875, 475.14495849609375, 593.20947265625, 753.1974487304688], [424.8275451660156, 503.89154052734375, 506.1837463378906, 528.3234252929688]]}