{"categories": [0, 39, 45, 56, 57, 60, 63, 73, 74, 75], "bboxes": [[576.1294555664062, 32.99974060058594, 699.1281127929688, 326.447509765625], [542.317138671875, 255.98861694335938, 572.1134033203125, 332.1344909667969], [249.73162841796875, 160.07589721679688, 293.3238525390625, 174.58572387695312], [925.4705810546875, 134.5282440185547, 1017.3466796875, 242.06394958496094], [0.1883392333984375, 405.60650634765625, 169.77613830566406, 570.2072143554688], [86.93650817871094, 396.9841003417969, 427.47357177734375, 563.1347045898438], [553.975341796875, 332.76202392578125, 622.341796875, 364.69793701171875], [164.55355834960938, 440.8207092285156, 291.91583251953125, 511.5513610839844], [314.5926513671875, 0.5375270843505859, 365.7021484375, 33.50193786621094], [118.41169738769531, 147.91549682617188, 142.9763946533203, 177.5909423828125]]}