{"categories": [0, 26, 39, 40], "bboxes": [[500.94207763671875, 140.56640625, 849.8482055664062, 675.0523071289062], [540.095947265625, 383.7955322265625, 782.3035888671875, 675.276611328125], [0.5900993347167969, 210.21063232421875, 36.10776138305664, 331.49530029296875], [612.182861328125, 62.36619186401367, 678.255859375, 137.58145141601562]]}