{"categories": [0, 41, 56, 60, 73], "bboxes": [[684.578125, 0.0, 1023.0, 767.0], [605.664794921875, 436.71044921875, 664.7283935546875, 529.7806396484375], [752.2369384765625, 340.66278076171875, 820.782958984375, 449.4864501953125], [248.4697723388672, 448.4649658203125, 741.9613647460938, 737.33837890625], [439.39593505859375, 483.3393859863281, 604.2971801757812, 513.3429565429688]]}