{"categories": [0, 4], "bboxes": [[428.2067565917969, 408.8731384277344, 584.8521728515625, 978.27978515625], [0.0, 0.0, 682.0, 257.09014892578125]]}