{"categories": [0, 10, 58], "bboxes": [[284.72540283203125, 212.01666259765625, 768.6937866210938, 844.6516723632812], [664.5185546875, 38.55453109741211, 710.4010009765625, 162.50978088378906], [663.880615234375, 20.974273681640625, 1023.0, 626.8441162109375]]}