{"categories": [0, 32], "bboxes": [[145.2525634765625, 38.74176025390625, 645.9107666015625, 593.5494384765625], [331.4010314941406, 406.6575927734375, 413.7551574707031, 476.83306884765625]]}