{"categories": [0, 25, 27, 41, 56, 63, 67, 71, 73], "bboxes": [[382.5653991699219, 169.52346801757812, 746.197998046875, 580.2669677734375], [640.370849609375, 204.078369140625, 723.6046142578125, 503.38897705078125], [163.0797882080078, 361.7774658203125, 262.59796142578125, 580.3683471679688], [871.9415283203125, 464.16534423828125, 920.2451171875, 542.4495239257812], [730.7254028320312, 452.70562744140625, 794.1306762695312, 550.203369140625], [122.68423461914062, 563.1447143554688, 733.877685546875, 672.6908569335938], [255.319091796875, 580.6807250976562, 437.54010009765625, 650.3756713867188], [659.6819458007812, 598.9841918945312, 803.5581665039062, 632.6394653320312], [450.95098876953125, 565.5299682617188, 629.0343627929688, 640.1664428710938]]}