{"categories": [0, 41, 42, 44], "bboxes": [[730.7656860351562, 92.32028198242188, 1001.6284790039062, 664.33447265625], [677.9490356445312, 587.229736328125, 734.6659545898438, 679.2640380859375], [714.5560913085938, 563.232421875, 763.9099731445312, 603.8814697265625], [718.5519409179688, 563.9254760742188, 763.3201293945312, 600.2633666992188]]}