{"categories": [0, 56, 60], "bboxes": [[341.7928161621094, 231.16049194335938, 482.6101379394531, 606.5081787109375], [490.54119873046875, 563.6119384765625, 556.8958129882812, 678.534912109375], [539.44873046875, 462.765869140625, 895.1234130859375, 665.6837158203125]]}