{"categories": [0, 13, 39, 60, 74], "bboxes": [[832.9051513671875, 257.34381103515625, 959.0772705078125, 563.0126342773438], [9.358062744140625, 560.1644287109375, 990.148193359375, 767.0], [254.16221618652344, 339.6404113769531, 282.97332763671875, 414.6213073730469], [40.350067138671875, 551.7661743164062, 960.9781494140625, 742.5429077148438], [786.0675048828125, 512.1103515625, 843.1829833984375, 562.371337890625]]}