{"categories": [0, 67], "bboxes": [[66.83193969726562, 61.80035400390625, 304.13336181640625, 677.3877563476562], [191.1656951904297, 176.2809295654297, 214.2591094970703, 219.2873992919922]]}