{"categories": [0, 39, 56, 60], "bboxes": [[2.9814682006835938, 171.76353454589844, 213.88058471679688, 634.1701049804688], [567.2744140625, 290.0724182128906, 595.4945068359375, 381.3374328613281], [86.71218872070312, 480.5721740722656, 417.35015869140625, 679.87451171875], [447.7840576171875, 212.37538146972656, 891.3206787109375, 647.17919921875]]}