{"categories": [0, 1, 2, 5, 7], "bboxes": [[388.5999755859375, 542.1439819335938, 571.621337890625, 855.0350952148438], [538.42041015625, 294.99884033203125, 744.3819580078125, 508.28033447265625], [28.30718994140625, 207.1786346435547, 572.7523803710938, 443.80914306640625], [439.750244140625, 16.675247192382812, 584.6416015625, 263.6534423828125], [141.93328857421875, 112.2895278930664, 412.96636962890625, 233.64651489257812]]}