{"categories": [0, 41, 58], "bboxes": [[208.24603271484375, 103.98965454101562, 469.1002197265625, 679.9664306640625], [239.32142639160156, 380.796630859375, 285.3979797363281, 443.85205078125], [779.233642578125, 32.44578552246094, 1019.9652099609375, 477.02099609375]]}