{"categories": [0, 56], "bboxes": [[47.701168060302734, 36.13304138183594, 129.72781372070312, 151.74359130859375], [284.4924621582031, 83.04969787597656, 319.0, 140.76344299316406]]}