{"categories": [0, 27, 67], "bboxes": [[6.706123352050781, 31.910369873046875, 245.98898315429688, 352.2490539550781], [103.09803771972656, 114.60650634765625, 117.675537109375, 163.330810546875], [179.43174743652344, 205.6531219482422, 201.23793029785156, 234.1293487548828]]}