{"categories": [0, 41, 56, 60, 62, 64], "bboxes": [[386.94744873046875, 381.94158935546875, 767.0, 801.9750366210938], [456.920166015625, 732.8953857421875, 508.8740234375, 793.7298583984375], [330.853271484375, 440.9375305175781, 487.29156494140625, 625.61474609375], [87.130615234375, 584.9381103515625, 724.0021362304688, 999.30224609375], [135.80320739746094, 500.6204528808594, 268.82769775390625, 640.4432373046875], [355.5712890625, 733.9151000976562, 452.6121826171875, 775.6602172851562]]}