{"categories": [0, 6, 7, 26, 37], "bboxes": [[357.0387268066406, 249.13905334472656, 433.4411926269531, 542.156005859375], [19.282440185546875, 113.78262329101562, 892.1839599609375, 521.520751953125], [58.47442626953125, 118.41609191894531, 957.9804077148438, 534.3406372070312], [432.07354736328125, 386.7471008300781, 476.74017333984375, 459.5119934082031], [582.1851196289062, 325.2829895019531, 814.9124145507812, 348.1897888183594]]}