{"categories": [0, 32, 39], "bboxes": [[256.940673828125, 260.81854248046875, 624.818359375, 758.6536254882812], [362.1299743652344, 613.8167724609375, 410.9916687011719, 673.6806640625], [576.3775024414062, 514.3358154296875, 666.3622436523438, 688.3447265625]]}