{"categories": [0, 32, 56], "bboxes": [[71.6588134765625, 71.4334716796875, 595.29638671875, 701.2083740234375], [747.0747680664062, 576.674072265625, 845.9968872070312, 671.35888671875], [145.59512329101562, 192.9146728515625, 217.20266723632812, 272.4008483886719]]}