{"categories": [0, 40, 41, 48, 52], "bboxes": [[90.40982055664062, 96.40145874023438, 505.8385314941406, 665.49169921875], [64.3228759765625, 597.5072021484375, 142.24497985839844, 678.0322265625], [67.01170349121094, 597.2984619140625, 138.21551513671875, 679.21923828125], [326.0439147949219, 461.07830810546875, 427.8218688964844, 576.4474487304688], [324.1285400390625, 461.71234130859375, 428.01324462890625, 576.2337036132812]]}