{"categories": [0, 33], "bboxes": [[468.52545166015625, 347.9476318359375, 955.1640014648438, 611.2748413085938], [50.285701751708984, 0.0458984375, 156.3465576171875, 57.59513473510742]]}