{"categories": [0, 56], "bboxes": [[121.00144958496094, 115.60549926757812, 617.329833984375, 752.5550537109375], [922.2369995117188, 302.1734924316406, 1010.6430053710938, 481.5592956542969]]}