{"categories": [0, 56, 60, 62, 73], "bboxes": [[0.0, 27.921417236328125, 512.49560546875, 673.61865234375], [27.292327880859375, 101.76326751708984, 171.68438720703125, 300.74273681640625], [321.08050537109375, 563.9515991210938, 910.9911499023438, 676.8416137695312], [792.7614135742188, 371.6083679199219, 931.4312133789062, 548.3551635742188], [878.650146484375, 500.38775634765625, 1001.50146484375, 571.4241333007812]]}