{"categories": [0, 24], "bboxes": [[187.55343627929688, 569.66943359375, 404.5778503417969, 990.3118896484375], [271.0614318847656, 614.191162109375, 381.8380432128906, 755.4971923828125]]}