{"categories": [0, 2, 25], "bboxes": [[86.09185791015625, 499.5228271484375, 200.055419921875, 892.3021240234375], [0.000125885009765625, 583.03125, 66.00967407226562, 637.0057373046875], [288.87689208984375, 744.462646484375, 424.89776611328125, 961.8095703125]]}