{"categories": [0, 13, 24], "bboxes": [[938.59375, 262.93353271484375, 1023.0, 484.53143310546875], [50.3486442565918, 40.29131317138672, 109.15827941894531, 61.304168701171875], [295.95428466796875, 112.98790740966797, 329.83197021484375, 130.14146423339844]]}