{"categories": [0, 24, 34, 44, 56, 79], "bboxes": [[48.15058898925781, 22.943359375, 456.05938720703125, 816.80908203125], [454.751708984375, 732.6858520507812, 610.5872802734375, 900.2973022460938], [306.85009765625, 905.8411865234375, 606.6599731445312, 994.468017578125], [200.6271209716797, 848.9046020507812, 245.42066955566406, 969.1005249023438], [214.38983154296875, 672.7892456054688, 616.9928588867188, 943.7546997070312], [301.5431213378906, 903.511474609375, 616.2244873046875, 993.4193115234375]]}