{"categories": [0, 56, 58], "bboxes": [[108.06106567382812, 566.0294189453125, 409.5447082519531, 1017.8031005859375], [18.528121948242188, 397.6424560546875, 181.01702880859375, 726.4056396484375], [345.17181396484375, 68.58419799804688, 430.17156982421875, 182.0943603515625]]}