{"categories": [0, 56, 57, 60], "bboxes": [[243.445068359375, 211.2458038330078, 594.825927734375, 663.31201171875], [877.980712890625, 328.96832275390625, 1022.1070556640625, 677.1076049804688], [300.54791259765625, 372.45416259765625, 1021.2206420898438, 667.8595581054688], [335.66119384765625, 626.62158203125, 845.4306030273438, 675.6744384765625]]}