{"categories": [0, 1, 13, 24, 26, 45], "bboxes": [[464.521240234375, 56.4371337890625, 952.6732177734375, 760.3380737304688], [811.0420532226562, 185.0536651611328, 842.0499877929688, 211.49229431152344], [840.520751953125, 154.86093139648438, 932.1707763671875, 206.07086181640625], [83.65359497070312, 278.62335205078125, 263.2335510253906, 647.0737915039062], [86.02790069580078, 289.8599853515625, 297.1152648925781, 679.8583984375], [371.8609313964844, 706.583740234375, 609.7485961914062, 765.318359375]]}