{"categories": [0], "bboxes": [[21.888916015625, 56.6282958984375, 265.42645263671875, 695.54296875]]}