{"categories": [0, 8, 20, 34], "bboxes": [[194.6035919189453, 374.0057373046875, 502.56036376953125, 1010.60400390625], [36.215179443359375, 245.2515411376953, 649.4547119140625, 726.5150756835938], [478.1222839355469, 684.5224609375, 682.0, 1023.0], [186.47203063964844, 426.5434875488281, 521.8619995117188, 655.7205810546875]]}