{"categories": [0, 56, 61], "bboxes": [[572.9537353515625, 117.22015380859375, 1015.2159423828125, 801.0], [515.6488037109375, 754.1580810546875, 725.6258544921875, 800.377197265625], [837.1470947265625, 645.1714477539062, 990.8680419921875, 800.7133178710938]]}