{"categories": [0, 26, 27, 56, 67, 72], "bboxes": [[295.9095764160156, 14.44757080078125, 876.4207763671875, 933.5962524414062], [192.82957458496094, 733.7589111328125, 245.2450408935547, 955.6058349609375], [923.051513671875, 359.91107177734375, 967.378173828125, 491.61212158203125], [221.27536010742188, 719.550048828125, 417.5216369628906, 953.82177734375], [2.4681320190429688, 836.0030517578125, 134.35513305664062, 936.885986328125], [3.891307830810547, 201.44740295410156, 109.32318115234375, 387.97235107421875]]}