{"categories": [0, 56], "bboxes": [[500.056396484375, 193.09591674804688, 655.9031982421875, 622.6119384765625], [4.988792419433594, 425.0343017578125, 155.95657348632812, 672.563232421875]]}