{"categories": [0, 24, 27, 51, 58], "bboxes": [[745.3848266601562, 140.9608154296875, 911.2218627929688, 655.5394897460938], [643.6459350585938, 239.852294921875, 690.7487182617188, 321.50244140625], [811.3497924804688, 230.5736083984375, 828.4761352539062, 288.13623046875], [966.977294921875, 288.4191589355469, 1007.638916015625, 343.7934265136719], [897.0707397460938, 200.2487335205078, 1023.0, 648.8982543945312]]}