{"categories": [0, 13, 38, 56, 79], "bboxes": [[528.738037109375, 24.714263916015625, 780.8524169921875, 651.1031494140625], [341.3169860839844, 355.48333740234375, 896.1473388671875, 603.2123413085938], [405.0197448730469, 371.6654968261719, 888.1513671875, 434.1618347167969], [698.405517578125, 344.3199768066406, 877.1390380859375, 630.8524169921875], [471.113525390625, 374.60009765625, 567.5799560546875, 395.1427001953125]]}