{"categories": [0, 24, 26], "bboxes": [[505.14910888671875, 98.35003662109375, 799.0, 524.7923583984375], [546.4842529296875, 288.4556884765625, 767.60986328125, 515.3765258789062], [682.382080078125, 291.0788269042969, 773.4486083984375, 511.9933776855469]]}