{"categories": [0, 13, 26, 39, 56, 73], "bboxes": [[40.565528869628906, 258.0970153808594, 130.95828247070312, 499.1506042480469], [15.731964111328125, 523.9421997070312, 1023.0, 678.4721069335938], [810.61083984375, 415.3934631347656, 853.8577880859375, 494.8524475097656], [902.720458984375, 369.8689270019531, 949.73681640625, 447.3498840332031], [979.4070434570312, 387.1065368652344, 1021.0609741210938, 439.8169860839844], [896.7023315429688, 377.8724365234375, 949.3511352539062, 450.07806396484375]]}