{"categories": [0, 2, 5, 7, 11, 24, 33], "bboxes": [[266.8188781738281, 418.6095886230469, 330.1184997558594, 630.961669921875], [213.72412109375, 459.0494079589844, 278.7294921875, 492.2427673339844], [803.704833984375, 454.3987731933594, 895.314208984375, 477.1570739746094], [724.3436279296875, 457.6177673339844, 752.05126953125, 477.0527648925781], [771.1841430664062, 433.9045715332031, 787.3875122070312, 452.2826232910156], [277.8438415527344, 449.76873779296875, 321.4872131347656, 516.4841918945312], [491.2696533203125, 546.3438720703125, 602.503662109375, 655.761962890625]]}