{"categories": [0, 13, 56], "bboxes": [[291.05670166015625, 633.2808837890625, 734.6347045898438, 1019.774169921875], [3.843151092529297, 960.6122436523438, 58.26968765258789, 1013.9763793945312], [386.7671203613281, 966.1637573242188, 421.2448425292969, 1021.0877075195312]]}