{"categories": [0, 56, 60], "bboxes": [[147.15708923339844, 177.25294494628906, 362.67828369140625, 674.382568359375], [403.3838195800781, 560.7380981445312, 475.1240539550781, 678.7536010742188], [410.3529052734375, 489.130615234375, 860.8319091796875, 671.403564453125]]}