{"categories": [0, 24, 26], "bboxes": [[101.0883560180664, 350.54278564453125, 324.9774169921875, 994.7315063476562], [207.41921997070312, 459.4299011230469, 317.7060852050781, 614.9431762695312], [402.15850830078125, 740.2012939453125, 490.71826171875, 846.9923095703125]]}