{"categories": [0, 74], "bboxes": [[162.85537719726562, 42.50738525390625, 456.0791320800781, 675.9420166015625], [232.84288024902344, 627.808349609375, 266.10797119140625, 656.17578125]]}