{"categories": [0, 16, 27, 56, 57, 77], "bboxes": [[39.93475341796875, 194.46414184570312, 649.8805541992188, 981.6715087890625], [68.79457092285156, 433.6747741699219, 431.623046875, 955.753662109375], [348.93048095703125, 426.21087646484375, 409.28936767578125, 802.0996704101562], [630.861328125, 442.00250244140625, 763.8779296875, 697.1704711914062], [0.0, 332.7381286621094, 750.42529296875, 1022.1920166015625], [444.1585388183594, 619.052001953125, 623.0963134765625, 761.467529296875]]}