{"categories": [0, 26, 73], "bboxes": [[534.839111328125, 175.88870239257812, 919.1710205078125, 1015.1737060546875], [33.637638092041016, 333.54534912109375, 151.1858367919922, 1008.5933227539062], [565.963623046875, 742.7052001953125, 651.685546875, 914.6851806640625]]}