{"categories": [0, 41], "bboxes": [[131.3567352294922, 175.94168090820312, 603.5323486328125, 682.0], [710.3212890625, 374.9449157714844, 763.1761474609375, 466.1247863769531]]}