{"categories": [0, 24, 62], "bboxes": [[113.68989562988281, 150.24960327148438, 389.72857666015625, 760.9691162109375], [73.78642272949219, 207.6730194091797, 244.26560974121094, 452.765625], [383.09228515625, 7.1546478271484375, 767.0, 378.35943603515625]]}