{"categories": [0, 27], "bboxes": [[65.42463684082031, 167.9254608154297, 530.1616821289062, 671.8898315429688], [834.4109497070312, 413.30841064453125, 889.9434204101562, 655.3350219726562]]}