{"categories": [0], "bboxes": [[15.09417724609375, 6.666473388671875, 530.6336059570312, 787.173828125]]}