{"categories": [0, 27, 39, 40, 41, 43, 44, 45, 56, 60], "bboxes": [[215.26576232910156, 79.34052276611328, 366.6514892578125, 314.9609680175781], [78.09880065917969, 162.67396545410156, 112.73623657226562, 187.9967498779297], [96.3966064453125, 205.01148986816406, 147.65158081054688, 318.064453125], [272.547607421875, 301.9856262207031, 325.00323486328125, 374.0], [156.39402770996094, 269.2240295410156, 195.90953063964844, 325.0160827636719], [111.01998901367188, 288.22491455078125, 144.21051025390625, 343.50054931640625], [106.20211029052734, 289.25457763671875, 143.88064575195312, 357.7015380859375], [7.218414306640625, 323.60308837890625, 162.64427185058594, 372.54193115234375], [182.7879638671875, 94.08056640625, 217.3048095703125, 189.35494995117188], [17.574554443359375, 205.68458557128906, 459.6838684082031, 373.04803466796875]]}