{"categories": [0, 32, 39, 40, 41, 42, 45, 48, 55, 60, 72], "bboxes": [[16.473495483398438, 81.54718017578125, 402.68609619140625, 669.4650268554688], [237.6459197998047, 52.29762649536133, 271.12530517578125, 82.41515350341797], [347.0130920410156, 286.4050598144531, 371.4087219238281, 331.1573181152344], [608.032958984375, 513.3833618164062, 661.882568359375, 628.2026977539062], [605.2073974609375, 509.98565673828125, 665.562255859375, 603.0934448242188], [244.77857971191406, 508.103515625, 306.6715087890625, 587.9208984375], [449.9225769042969, 617.1328125, 593.00048828125, 679.8194580078125], [703.3817749023438, 620.1832885742188, 759.6176147460938, 669.0994262695312], [123.07176208496094, 628.6798095703125, 325.96893310546875, 679.948486328125], [96.112548828125, 415.5854797363281, 845.1727294921875, 681.99658203125], [865.3977661132812, 42.939727783203125, 1023.0, 581.6741943359375]]}