{"categories": [0, 39, 41, 53, 60, 65], "bboxes": [[359.15704345703125, 177.9348602294922, 649.4520263671875, 660.891845703125], [335.94195556640625, 548.56201171875, 370.58734130859375, 682.0], [369.1213073730469, 587.0663452148438, 409.9737854003906, 678.6797485351562], [481.6867980957031, 651.11474609375, 541.11572265625, 678.90771484375], [146.4339599609375, 549.3573608398438, 637.511962890625, 679.9954223632812], [133.61593627929688, 369.4051208496094, 158.02883911132812, 401.6189880371094]]}