{"categories": [0, 56, 67, 74], "bboxes": [[3.3792724609375, 20.257537841796875, 754.5933227539062, 673.89013671875], [900.2733154296875, 272.42279052734375, 1023.0, 497.22064208984375], [731.2178344726562, 337.3536376953125, 923.6644897460938, 431.62030029296875], [571.7537231445312, 594.7953491210938, 607.5431518554688, 641.1538696289062]]}