{"categories": [0, 60, 62, 64, 65], "bboxes": [[289.4979248046875, 139.00192260742188, 474.8563232421875, 673.3211669921875], [710.6466064453125, 438.72930908203125, 1022.7340087890625, 671.4487915039062], [954.8722534179688, 329.95843505859375, 1023.0, 457.29986572265625], [898.1617431640625, 503.68988037109375, 938.39501953125, 534.2477416992188], [923.9570922851562, 470.6791076660156, 978.0217895507812, 491.0433654785156]]}