{"categories": [0, 65], "bboxes": [[228.4048309326172, 102.62960815429688, 671.6935424804688, 998.154052734375], [45.650299072265625, 426.98516845703125, 102.93215942382812, 528.0117797851562]]}