{"categories": [0, 56, 60], "bboxes": [[10.305862426757812, 372.09674072265625, 358.3507080078125, 681.0580444335938], [589.6160278320312, 374.6620788574219, 715.8419799804688, 490.0027770996094], [408.3556213378906, 280.2159729003906, 540.3157348632812, 380.0267639160156]]}