{"categories": [0, 26, 56], "bboxes": [[507.456298828125, 162.19992065429688, 702.13720703125, 696.8978271484375], [520.5374755859375, 347.115234375, 601.2403564453125, 475.7371826171875], [405.8397216796875, 481.78204345703125, 441.68267822265625, 562.9888305664062]]}