{"categories": [0, 26, 57, 59], "bboxes": [[453.4455261230469, 134.46170043945312, 1011.522705078125, 694.7457275390625], [555.4943237304688, 0.0, 933.9846801757812, 266.5501708984375], [40.214599609375, 35.86376953125, 1023.0, 703.6311645507812], [0.0, 26.356048583984375, 1023.0, 694.7088623046875]]}