{"categories": [0, 26, 43], "bboxes": [[673.0474243164062, 58.43353271484375, 965.9920043945312, 757.6019897460938], [680.4369506835938, 164.39295959472656, 830.9323120117188, 503.7122802734375], [210.88157653808594, 500.32586669921875, 292.8028564453125, 610.2688598632812]]}