{"categories": [0, 39, 41, 42, 54, 56, 69, 72], "bboxes": [[317.40826416015625, 0.678314208984375, 674.0366821289062, 626.6690673828125], [189.7449951171875, 576.5408325195312, 235.4171142578125, 669.5668334960938], [21.323274612426758, 86.84024810791016, 61.491241455078125, 113.1948013305664], [739.6415405273438, 231.66041564941406, 808.1973266601562, 269.004150390625], [7.309486389160156, 255.1918487548828, 129.892822265625, 341.8581848144531], [358.1807861328125, 342.7036437988281, 559.88818359375, 645.3907470703125], [650.1909790039062, 150.8522491455078, 901.5578002929688, 561.171875], [150.1202850341797, 17.16144561767578, 216.6721649169922, 250.57272338867188]]}