{"categories": [0, 2, 73], "bboxes": [[605.9239501953125, 208.25341796875, 991.213623046875, 755.6544799804688], [487.5592346191406, 193.412353515625, 563.1033935546875, 244.96170043945312], [432.92041015625, 384.4920959472656, 523.1112670898438, 495.3482360839844]]}