{"categories": [0], "bboxes": [[448.0079345703125, 440.84112548828125, 566.3242797851562, 673.9154663085938]]}