{"categories": [0, 41, 44, 45, 53, 54, 55, 69, 71], "bboxes": [[0.0, 55.616302490234375, 165.5411376953125, 1000.1932373046875], [638.3953857421875, 539.8302001953125, 758.3994140625, 644.89306640625], [636.100830078125, 505.17169189453125, 699.135986328125, 575.6338500976562], [634.5218505859375, 522.76171875, 759.54541015625, 644.1295166015625], [499.50347900390625, 546.8829345703125, 607.5282592773438, 596.1658935546875], [487.1217041015625, 490.86090087890625, 550.13720703125, 541.7488403320312], [491.55084228515625, 417.2862243652344, 586.5693969726562, 460.1631164550781], [413.57342529296875, 701.5853271484375, 767.0, 1016.9239501953125], [558.8695678710938, 93.57923126220703, 761.9297485351562, 186.42837524414062]]}