{"categories": [0, 27, 56, 60], "bboxes": [[81.77926635742188, 166.50978088378906, 612.3746337890625, 673.671630859375], [582.0440063476562, 418.8836669921875, 677.2631225585938, 678.3709716796875], [2.435619354248047, 539.296142578125, 129.73773193359375, 680.0850830078125], [33.220802307128906, 435.3563232421875, 226.94561767578125, 524.814208984375]]}