{"categories": [0, 2, 7, 9, 39, 45, 60, 73], "bboxes": [[0.0, 66.63233947753906, 49.03812026977539, 320.64813232421875], [410.4333190917969, 57.75968933105469, 497.7802429199219, 132.8142547607422], [392.26995849609375, 36.22602081298828, 495.27069091796875, 111.52507781982422], [280.4418029785156, 24.112876892089844, 315.1949157714844, 88.57793426513672], [444.6330261230469, 333.5538024902344, 483.0984802246094, 452.9508972167969], [339.427734375, 381.87298583984375, 390.0772705078125, 405.63671875], [4.547576904296875, 353.8758850097656, 489.72039794921875, 454.4564514160156], [280.14056396484375, 382.1568298339844, 386.88421630859375, 430.6954040527344]]}