{"categories": [0, 25, 27, 60], "bboxes": [[731.099365234375, 220.96142578125, 1023.0, 733.6012573242188], [34.692108154296875, 8.4453125, 477.0610656738281, 589.8255004882812], [174.03724670410156, 414.24627685546875, 252.77760314941406, 612.7251586914062], [682.0956420898438, 712.7758178710938, 1020.9795532226562, 751.2166137695312]]}