{"categories": [0, 2, 5, 8, 41, 67, 79], "bboxes": [[422.5941162109375, 36.04705810546875, 823.1700439453125, 735.0577392578125], [462.86749267578125, 35.95775604248047, 571.7467651367188, 69.51795959472656], [4.64190673828125, 0.0, 490.7519836425781, 203.226318359375], [24.489212036132812, 17.30426788330078, 481.75750732421875, 196.265869140625], [392.631103515625, 302.79278564453125, 450.950439453125, 347.46221923828125], [587.8876953125, 210.19419860839844, 656.216796875, 326.49676513671875], [270.0684509277344, 333.0581359863281, 333.8431091308594, 353.7620544433594]]}