{"categories": [0, 26, 56], "bboxes": [[553.6657104492188, 269.31524658203125, 754.9287719726562, 720.3778076171875], [663.3088989257812, 331.0870666503906, 744.7532348632812, 495.8211975097656], [851.2864379882812, 305.7333984375, 1019.2078247070312, 756.218994140625]]}