{"categories": [0, 27, 29, 45, 64], "bboxes": [[680.669921875, 37.2786865234375, 1016.8284912109375, 730.1812133789062], [844.9359741210938, 244.83187866210938, 880.4993286132812, 415.3723449707031], [164.25857543945312, 241.49227905273438, 357.1311950683594, 407.2166442871094], [804.4840087890625, 405.4531555175781, 973.633544921875, 507.5342712402344], [650.686767578125, 230.2847900390625, 692.8282470703125, 258.1581726074219]]}