{"categories": [0, 62], "bboxes": [[152.51161193847656, 52.855224609375, 596.8592529296875, 667.8517456054688], [0.0, 69.15145874023438, 329.5509033203125, 470.4287414550781]]}