{"categories": [0, 26, 43, 60], "bboxes": [[0.7925262451171875, 144.05902099609375, 299.10296630859375, 676.8045043945312], [698.1202392578125, 527.471923828125, 759.22412109375, 675.724853515625], [506.47760009765625, 490.0608215332031, 598.5521850585938, 531.0414428710938], [346.62750244140625, 539.2579345703125, 769.3805541992188, 681.7535400390625]]}