{"categories": [0, 39], "bboxes": [[855.2586059570312, 48.325164794921875, 1023.0, 614.7003173828125], [441.203369140625, 345.976318359375, 491.90826416015625, 412.8319091796875]]}