{"categories": [0], "bboxes": [[448.45281982421875, 71.01461791992188, 868.8948364257812, 660.1417236328125]]}