{"categories": [0, 9, 74], "bboxes": [[213.6097869873047, 176.7095489501953, 518.442626953125, 676.6677856445312], [890.9141845703125, 307.03857421875, 911.808837890625, 337.1124267578125], [409.3943176269531, 499.1805419921875, 436.0119323730469, 523.1904296875]]}