{"categories": [0, 22, 26, 56], "bboxes": [[424.5091552734375, 26.42572021484375, 742.0050048828125, 755.7588500976562], [759.2462158203125, 629.6189575195312, 830.84228515625, 691.5231323242188], [336.82659912109375, 334.7546081542969, 394.9130859375, 415.2720642089844], [140.32823181152344, 312.73028564453125, 430.579833984375, 680.8547973632812]]}