{"categories": [0, 67], "bboxes": [[620.1715698242188, 3.368927001953125, 798.0819702148438, 442.42572021484375], [607.1098022460938, 155.8321990966797, 680.2098999023438, 252.6936492919922]]}