{"categories": [0, 8, 43, 56, 60, 71, 73, 74], "bboxes": [[559.7537231445312, 0.0, 1023.0, 674.4684448242188], [107.16180419921875, 528.2044677734375, 908.732177734375, 679.6885986328125], [309.16033935546875, 441.4965515136719, 437.49176025390625, 561.5880126953125], [180.54627990722656, 407.6253356933594, 261.77862548828125, 576.97509765625], [1.991180419921875, 518.8340454101562, 361.85675048828125, 670.3671264648438], [203.8448486328125, 569.690185546875, 321.7442626953125, 612.5562744140625], [122.0887451171875, 600.8023071289062, 257.87298583984375, 659.1275024414062], [474.0345153808594, 428.57879638671875, 507.7126159667969, 468.15972900390625]]}