{"categories": [0, 39, 41, 45, 56, 58, 60], "bboxes": [[67.3623046875, 216.62744140625, 227.88412475585938, 622.8514404296875], [665.9862060546875, 341.08203125, 688.2738037109375, 410.2779541015625], [858.5848999023438, 368.7403564453125, 946.6890258789062, 453.156494140625], [872.7515869140625, 331.2489013671875, 926.656005859375, 368.828125], [468.69390869140625, 435.1668701171875, 733.0287475585938, 761.959716796875], [908.2969970703125, 171.8570098876953, 1018.765380859375, 408.014892578125], [405.0185241699219, 367.77081298828125, 990.211181640625, 763.5645141601562]]}