{"categories": [0, 41, 58, 62, 66], "bboxes": [[511.6612548828125, 102.93666076660156, 665.7813720703125, 545.82861328125], [300.8857116699219, 245.3478240966797, 333.0721130371094, 276.0249328613281], [3.7838897705078125, 248.72120666503906, 304.3951416015625, 661.4496459960938], [134.96575927734375, 262.66192626953125, 201.77227783203125, 311.26953125], [202.95175170898438, 239.04547119140625, 261.62762451171875, 303.67938232421875]]}