{"categories": [0, 57, 58, 75], "bboxes": [[239.8045196533203, 44.6031494140625, 649.5361938476562, 666.3180541992188], [136.88876342773438, 60.804718017578125, 1023.0, 609.3653564453125], [0.0, 342.36358642578125, 325.3690185546875, 662.0819702148438], [193.19210815429688, 607.129638671875, 257.3093566894531, 667.750244140625]]}