{"categories": [0], "bboxes": [[443.2151184082031, 88.43154907226562, 852.375732421875, 676.4835205078125]]}