{"categories": [0, 26, 27, 56, 67, 73], "bboxes": [[2.973602294921875, 185.7279510498047, 295.5599670410156, 667.1586303710938], [422.90789794921875, 438.48858642578125, 465.02716064453125, 532.7859497070312], [579.3079223632812, 425.8418884277344, 622.2444458007812, 579.1160888671875], [0.0, 91.00392150878906, 67.9610595703125, 187.88319396972656], [347.2495422363281, 579.153076171875, 406.4581604003906, 633.6312255859375], [405.4697570800781, 610.5030517578125, 466.2184753417969, 640.6912841796875]]}