{"categories": [0, 15, 39, 41, 60, 67], "bboxes": [[426.3354187011719, 267.90570068359375, 573.6239013671875, 436.30194091796875], [39.71087646484375, 391.4085693359375, 114.42546081542969, 426.6585693359375], [928.7169189453125, 385.08160400390625, 954.318359375, 452.4930419921875], [895.4014892578125, 383.1628112792969, 929.8800048828125, 446.8573913574219], [15.255462646484375, 406.9967041015625, 1023.0, 671.90478515625], [782.1011962890625, 421.4949951171875, 825.5130615234375, 439.10943603515625]]}