{"categories": [0, 18, 39, 42, 56, 60, 67], "bboxes": [[784.050537109375, 51.312347412109375, 966.1029052734375, 510.3879699707031], [933.8679809570312, 320.2440490722656, 1023.0, 450.5409851074219], [160.8004608154297, 345.5880432128906, 184.32508850097656, 412.6586608886719], [406.5400695800781, 633.5646362304688, 448.3957824707031, 682.0], [816.4615478515625, 583.0216674804688, 1023.0, 678.4157104492188], [114.10098266601562, 407.067138671875, 216.72991943359375, 489.34698486328125], [866.3005981445312, 131.69863891601562, 884.7109985351562, 166.53598022460938]]}