{"categories": [0, 34], "bboxes": [[344.1168212890625, 297.9332275390625, 499.19036865234375, 626.5545043945312], [299.8629150390625, 471.7820129394531, 367.92388916015625, 489.6982116699219]]}