{"categories": [0, 34, 38, 41, 51, 58], "bboxes": [[658.4910888671875, 160.9439239501953, 843.972412109375, 634.5668334960938], [465.26422119140625, 373.0045471191406, 734.4660034179688, 447.4784851074219], [456.90887451171875, 364.4395751953125, 759.5401000976562, 447.59088134765625], [947.2476806640625, 603.4284057617188, 988.4320068359375, 662.6719360351562], [976.5267944335938, 278.1717529296875, 1018.7042846679688, 343.625732421875], [5.2766265869140625, 62.436798095703125, 198.29681396484375, 502.1792907714844]]}