{"categories": [0, 26, 37, 40, 56, 58, 60], "bboxes": [[327.50054931640625, 69.19247436523438, 447.4671630859375, 441.1114196777344], [492.63677978515625, 386.2949523925781, 653.7442016601562, 447.0], [688.0200805664062, 158.09164428710938, 801.5162963867188, 424.9832458496094], [49.34718322753906, 200.93116760253906, 101.41578674316406, 242.1712188720703], [486.4027099609375, 327.93438720703125, 651.4793701171875, 437.36358642578125], [886.4471435546875, 1.2184867858886719, 1000.333251953125, 93.59956359863281], [879.9118041992188, 426.4617614746094, 1020.2308959960938, 447.0]]}