{"categories": [0, 2, 37], "bboxes": [[551.573974609375, 131.04208374023438, 749.088623046875, 379.02069091796875], [771.9571533203125, 565.3635864257812, 1019.2867431640625, 663.6423950195312], [249.2255859375, 244.35354614257812, 446.25885009765625, 332.3725280761719]]}