{"categories": [0, 39, 41, 44, 53, 55, 56, 60, 75], "bboxes": [[254.32449340820312, 0.0, 1008.2152099609375, 767.0], [134.36135864257812, 121.23074340820312, 197.64358520507812, 394.2835388183594], [244.63787841796875, 261.34259033203125, 365.29803466796875, 419.72943115234375], [318.364013671875, 159.75286865234375, 405.03192138671875, 279.0171813964844], [625.1821899414062, 292.0246276855469, 706.1397094726562, 332.8268127441406], [420.8993225097656, 194.62278747558594, 523.7611083984375, 249.9163360595703], [0.22878265380859375, 19.14739227294922, 114.48429870605469, 196.3406982421875], [0.0, 134.7138671875, 632.4517822265625, 753.9561157226562], [128.7942657470703, 107.51385498046875, 206.6142120361328, 398.2944030761719]]}