{"categories": [0, 27, 37, 39, 56, 60, 73], "bboxes": [[542.4340209960938, 200.33383178710938, 836.3184204101562, 671.4844970703125], [267.26251220703125, 282.29473876953125, 297.501220703125, 368.25006103515625], [438.3853759765625, 116.044921875, 511.9422607421875, 283.1871337890625], [307.0415344238281, 333.8608703613281, 327.3921813964844, 379.8928527832031], [853.820556640625, 470.4443664550781, 1016.532958984375, 675.0032958984375], [133.19190979003906, 349.85101318359375, 593.73046875, 654.6466064453125], [483.7351989746094, 449.4665832519531, 600.7037353515625, 527.0028076171875]]}