{"categories": [0], "bboxes": [[331.6128234863281, 395.4244079589844, 405.1173400878906, 680.605224609375]]}