{"categories": [0, 40], "bboxes": [[158.615478515625, 22.37646484375, 388.8648681640625, 477.07012939453125], [71.10688018798828, 317.3280334472656, 114.93274688720703, 429.3340759277344]]}