{"categories": [0, 26, 28, 43, 56, 60, 67], "bboxes": [[510.0330810546875, 99.58064270019531, 608.9310302734375, 447.9505615234375], [481.98931884765625, 214.890869140625, 524.8303833007812, 269.1162414550781], [674.5158081054688, 304.8141784667969, 794.7411499023438, 446.4523620605469], [92.59614562988281, 321.9657287597656, 126.29924011230469, 347.8824768066406], [612.0010375976562, 316.4973449707031, 677.3844604492188, 427.7898864746094], [262.46514892578125, 245.6729736328125, 310.45343017578125, 327.9178466796875], [92.10748291015625, 323.78253173828125, 125.90409851074219, 348.7598876953125]]}