{"categories": [0, 40, 73], "bboxes": [[492.544921875, 0.0, 951.9189453125, 682.6654663085938], [364.2213439941406, 342.5476379394531, 470.0030822753906, 562.8074951171875], [265.9945068359375, 365.2826232910156, 362.2213134765625, 466.3679504394531]]}