{"categories": [0, 27, 55, 67], "bboxes": [[150.67068481445312, 136.08798217773438, 729.4866943359375, 995.1229248046875], [333.12322998046875, 384.975830078125, 456.9903564453125, 471.356689453125], [488.7765197753906, 795.5465087890625, 603.6507568359375, 933.924560546875], [154.95152282714844, 847.5070190429688, 264.696533203125, 947.3746948242188]]}