{"categories": [0, 51, 67, 77], "bboxes": [[0.343780517578125, 207.40582275390625, 721.3707275390625, 932.0621948242188], [375.3232727050781, 794.0914306640625, 464.3282165527344, 964.3775634765625], [32.408058166503906, 508.29052734375, 135.16836547851562, 574.0697021484375], [0.0, 493.8733215332031, 577.7161865234375, 1006.7762451171875]]}