{"categories": [0, 27, 36, 62], "bboxes": [[506.8484802246094, 202.43064880371094, 778.2691650390625, 585.7320556640625], [442.41851806640625, 394.001708984375, 480.19635009765625, 569.6195068359375], [710.6159057617188, 461.34539794921875, 859.5824584960938, 571.9937133789062], [0.0, 2.58209228515625, 1023.0, 648.1288452148438]]}