{"categories": [0, 39, 41, 42, 44, 56, 57, 60, 62, 63, 67], "bboxes": [[597.86962890625, 22.530120849609375, 793.4219970703125, 442.8759460449219], [289.2757263183594, 323.7811279296875, 312.9399108886719, 375.92510986328125], [16.81570816040039, 271.2643737792969, 36.75925827026367, 296.8372497558594], [311.0331115722656, 387.93145751953125, 375.0851135253906, 407.54595947265625], [304.542724609375, 390.50335693359375, 368.53509521484375, 409.015625], [386.0996398925781, 210.30917358398438, 436.1325378417969, 287.60186767578125], [1.7175064086914062, 336.329833984375, 96.12200927734375, 445.82366943359375], [101.10545349121094, 346.01776123046875, 443.282470703125, 444.0625], [220.68975830078125, 35.527381896972656, 440.3955078125, 195.48931884765625], [247.30618286132812, 246.84324645996094, 341.5577697753906, 310.5448303222656], [469.4465637207031, 132.2987060546875, 480.7069396972656, 160.08154296875]]}