{"categories": [0, 13, 27, 56, 57, 60], "bboxes": [[651.093017578125, 280.175048828125, 845.5001220703125, 665.4445190429688], [264.01861572265625, 498.6843566894531, 364.48590087890625, 642.7236938476562], [725.5983276367188, 357.5089111328125, 748.9779663085938, 403.10614013671875], [824.1146240234375, 340.21075439453125, 934.1998291015625, 517.9800415039062], [885.4482421875, 472.5421142578125, 1023.0, 650.153076171875], [356.07659912109375, 537.1695556640625, 722.2410278320312, 670.3333740234375]]}