{"categories": [0, 39, 40, 41, 45, 53, 56, 57, 60, 74], "bboxes": [[217.70068359375, 262.56201171875, 436.628662109375, 667.4498291015625], [588.0205078125, 480.7035827636719, 631.2655029296875, 595.0140991210938], [493.0180358886719, 501.46917724609375, 515.8510131835938, 566.5503540039062], [668.195556640625, 581.7679443359375, 696.4241943359375, 616.816162109375], [419.8879089355469, 621.7808837890625, 524.3526000976562, 655.3331298828125], [429.7093811035156, 737.0943603515625, 566.795166015625, 764.8634033203125], [486.00537109375, 656.4197998046875, 896.153564453125, 761.5325927734375], [470.9946594238281, 640.7261962890625, 1018.673583984375, 762.68115234375], [363.1768798828125, 607.8179321289062, 753.978759765625, 731.5801391601562], [734.993408203125, 178.3887176513672, 762.2486572265625, 217.1655731201172]]}