{"categories": [0, 9, 13, 26, 33, 58, 65], "bboxes": [[725.56884765625, 243.97584533691406, 867.357421875, 677.1307983398438], [984.9159545898438, 152.15017700195312, 1021.7481079101562, 191.24560546875], [656.8076782226562, 504.4805603027344, 750.5501098632812, 635.52294921875], [641.3405151367188, 492.776123046875, 703.4432983398438, 546.1458740234375], [41.655784606933594, 18.07860565185547, 181.81454467773438, 236.49310302734375], [91.38279724121094, 0.5425491333007812, 237.83314514160156, 66.3851547241211], [644.3922119140625, 645.2960815429688, 677.09814453125, 682.0]]}