{"categories": [0, 55, 56, 57, 73], "bboxes": [[454.354248046875, 173.18359375, 847.3912353515625, 725.76513671875], [552.384765625, 479.0011291503906, 671.18408203125, 597.3859252929688], [900.1119995117188, 496.0147705078125, 1005.3932495117188, 767.0], [11.7122802734375, 308.9680480957031, 567.8175659179688, 750.33349609375], [15.673355102539062, 650.6569213867188, 162.60203552246094, 748.1796264648438]]}