{"categories": [0, 27, 57], "bboxes": [[204.15103149414062, 136.4576416015625, 692.3912353515625, 674.1509399414062], [236.21197509765625, 0.0, 332.48504638671875, 327.5308532714844], [6.314826965332031, 328.5054016113281, 236.0740966796875, 665.64501953125]]}