{"categories": [0, 41, 56, 60, 73], "bboxes": [[674.58349609375, 137.94248962402344, 847.4443359375, 445.45111083984375], [577.6416625976562, 206.80123901367188, 604.7915649414062, 242.43045043945312], [477.7869567871094, 721.4187622070312, 505.5778503417969, 765.7091674804688], [807.936767578125, 337.94488525390625, 1022.8133544921875, 520.1563110351562], [667.8363647460938, 242.19200134277344, 756.3320922851562, 334.6305847167969]]}