{"categories": [0, 26, 27, 56, 65, 73], "bboxes": [[92.86913299560547, 157.89340209960938, 304.1766357421875, 674.960693359375], [369.5501403808594, 541.0729370117188, 388.5804748535156, 639.3953247070312], [558.2599487304688, 178.03134155273438, 583.5538940429688, 278.8628845214844], [538.4590454101562, 484.5430603027344, 718.6781616210938, 669.57763671875], [571.113525390625, 348.63995361328125, 591.0653076171875, 372.823974609375], [388.05523681640625, 594.4838256835938, 584.3906860351562, 668.3684692382812]]}