{"categories": [0, 26, 27, 38, 56, 73], "bboxes": [[181.60137939453125, 17.564117431640625, 374.81024169921875, 686.7578125], [392.2512512207031, 334.9031677246094, 548.1312255859375, 482.4762268066406], [777.4389038085938, 299.956298828125, 806.0996704101562, 404.8984375], [405.61370849609375, 277.94842529296875, 649.6558227539062, 457.81719970703125], [359.9349365234375, 447.76141357421875, 589.2825317382812, 721.9928588867188], [246.36972045898438, 370.3392333984375, 331.5209045410156, 462.24188232421875]]}