{"categories": [0, 35, 38], "bboxes": [[20.820709228515625, 243.9814453125, 394.3502197265625, 773.5659790039062], [15.119110107421875, 672.1607666015625, 111.25919342041016, 777.0718994140625], [206.52880859375, 506.4854431152344, 395.73773193359375, 617.7134399414062]]}