{"categories": [0, 24, 25, 26, 56, 58, 63, 75], "bboxes": [[21.40570068359375, 70.70352172851562, 224.89088439941406, 647.967041015625], [315.6051025390625, 465.974853515625, 444.873779296875, 589.9007568359375], [0.0, 505.0875244140625, 185.14462280273438, 619.33837890625], [377.822509765625, 393.75970458984375, 458.96160888671875, 465.55950927734375], [469.798583984375, 343.9494934082031, 550.1421508789062, 532.16943359375], [902.8540649414062, 467.5040588378906, 1023.0, 626.3653564453125], [735.462158203125, 518.96484375, 913.942138671875, 559.3035888671875], [973.8632202148438, 566.4337158203125, 1021.5735473632812, 620.6280517578125]]}