{"categories": [0, 13, 16, 39, 40, 56, 57, 58, 62, 73], "bboxes": [[616.99169921875, 347.2924499511719, 764.1268310546875, 547.7938842773438], [173.74139404296875, 336.15155029296875, 537.7144165039062, 545.4212646484375], [326.224609375, 330.603759765625, 413.775146484375, 408.47357177734375], [541.0066528320312, 61.74420928955078, 562.9955444335938, 123.59795379638672], [280.6111145019531, 286.092041015625, 309.7380676269531, 342.50933837890625], [8.083717346191406, 178.13101196289062, 231.44158935546875, 399.2161560058594], [23.322219848632812, 169.56655883789062, 350.96563720703125, 394.8280334472656], [217.43905639648438, 199.09030151367188, 279.9747619628906, 276.0233154296875], [153.45924377441406, 111.10330200195312, 218.6537628173828, 181.05218505859375], [205.69110107421875, 329.1558837890625, 339.1461181640625, 388.1861572265625]]}