{"categories": [0, 2, 20, 58], "bboxes": [[119.32656860351562, 92.77299499511719, 272.48101806640625, 447.5277099609375], [402.1466369628906, 144.56544494628906, 546.830810546875, 308.59271240234375], [432.32122802734375, 57.995845794677734, 457.6527099609375, 94.48268127441406], [647.5344848632812, 1.3849430084228516, 759.2833862304688, 54.809974670410156]]}