{"categories": [0, 26, 34, 36], "bboxes": [[603.0069580078125, 85.7198486328125, 814.275146484375, 554.5448608398438], [733.78662109375, 363.45269775390625, 856.942626953125, 523.6317749023438], [501.31829833984375, 362.93646240234375, 621.9221801757812, 508.82696533203125], [181.11343383789062, 469.061279296875, 500.9850769042969, 637.260498046875]]}