{"categories": [0], "bboxes": [[240.54286193847656, 156.53134155273438, 492.001708984375, 330.4602966308594]]}