{"categories": [0, 37, 73], "bboxes": [[0.0, 90.99118041992188, 289.0150146484375, 1008.3636474609375], [247.28302001953125, 4.444305419921875, 476.0057373046875, 434.0686340332031], [322.5068359375, 345.90777587890625, 479.4949951171875, 476.73455810546875]]}