{"categories": [0, 27, 40, 41, 44, 45, 56, 60, 75, 76], "bboxes": [[297.2811584472656, 266.74932861328125, 544.7239990234375, 713.6035766601562], [429.3041687011719, 383.8898620605469, 478.1654968261719, 531.196044921875], [171.8658905029297, 714.9628295898438, 230.42408752441406, 867.2683715820312], [257.6025085449219, 801.0609741210938, 316.8518981933594, 858.9880981445312], [464.8687744140625, 776.3002319335938, 527.4661254882812, 790.4368286132812], [245.5542449951172, 907.5120239257812, 307.16583251953125, 950.8090209960938], [54.176300048828125, 618.1170043945312, 182.16346740722656, 783.3334350585938], [10.16717529296875, 708.2806396484375, 593.0713500976562, 1013.0599365234375], [378.7358703613281, 807.9093017578125, 471.6495666503906, 899.3309326171875], [304.4447937011719, 799.9950561523438, 357.1812438964844, 840.5435180664062]]}