{"categories": [0, 26], "bboxes": [[619.929931640625, 427.3054504394531, 662.8807373046875, 552.8840942382812], [451.8854675292969, 372.6201171875, 507.3431091308594, 484.35675048828125]]}