{"categories": [0, 7, 8, 13], "bboxes": [[481.6942138671875, 719.0975952148438, 563.4814453125, 806.2831420898438], [41.03263854980469, 714.6729736328125, 552.9603881835938, 964.6336669921875], [247.1955108642578, 748.2081298828125, 640.0, 905.4029541015625], [267.3087158203125, 787.3353881835938, 622.4061889648438, 898.2879028320312]]}