{"categories": [0, 28, 56], "bboxes": [[674.6531372070312, 280.84417724609375, 849.0037231445312, 680.6023559570312], [936.0516967773438, 561.0126342773438, 1023.0, 680.2822875976562], [18.988067626953125, 501.5921630859375, 301.980224609375, 684.0]]}