{"categories": [0, 26, 41, 55, 56, 60, 67, 68, 73], "bboxes": [[386.64141845703125, 205.49607849121094, 540.9780883789062, 382.85516357421875], [412.72637939453125, 604.2559814453125, 548.0957641601562, 678.5548095703125], [465.91937255859375, 414.4559326171875, 495.58599853515625, 468.79193115234375], [458.88885498046875, 357.29302978515625, 586.5925903320312, 405.25604248046875], [961.8187255859375, 339.4975280761719, 1023.0, 617.9918212890625], [140.52520751953125, 356.3990173339844, 901.1770629882812, 668.160400390625], [303.8327331542969, 454.5893859863281, 343.2406311035156, 479.9867248535156], [713.8305053710938, 162.0365447998047, 766.0416870117188, 199.26463317871094], [108.39582061767578, 483.2979736328125, 279.15625, 569.6087646484375]]}