{"categories": [0, 2, 7], "bboxes": [[317.2133483886719, 263.66192626953125, 469.6921691894531, 648.1112670898438], [774.977783203125, 223.3424835205078, 824.7491455078125, 258.42510986328125], [669.5548706054688, 218.71722412109375, 739.7576293945312, 259.1050109863281]]}