{"categories": [0, 32], "bboxes": [[168.6038360595703, 194.16201782226562, 295.0243225097656, 511.3125915527344], [771.073486328125, 474.73614501953125, 822.6431884765625, 525.9260864257812]]}