{"categories": [0, 27, 74], "bboxes": [[490.5644836425781, 75.73849487304688, 837.7451171875, 674.0450439453125], [649.8270263671875, 287.70513916015625, 683.905029296875, 350.77569580078125], [873.8553466796875, 0.09173583984375, 931.6351318359375, 50.18695068359375]]}