{"categories": [0, 27], "bboxes": [[378.661376953125, 38.214813232421875, 795.219482421875, 678.7384033203125], [483.11627197265625, 322.814697265625, 603.3657836914062, 392.01788330078125]]}