{"categories": [0, 27, 39, 62, 63, 64, 66, 72], "bboxes": [[581.6589965820312, 74.00527954101562, 881.6489868164062, 637.393310546875], [667.6969604492188, 260.4247741699219, 700.3049926757812, 313.8619689941406], [553.8954467773438, 265.921142578125, 583.0556030273438, 337.012451171875], [0.0, 324.43798828125, 127.76567077636719, 631.7899780273438], [31.006118774414062, 330.5142822265625, 263.44342041015625, 668.7958984375], [235.75927734375, 621.6716918945312, 338.3785400390625, 673.2839965820312], [82.10875701904297, 538.212158203125, 257.8330993652344, 670.929931640625], [3.867523193359375, 90.89591979980469, 323.2857360839844, 447.17376708984375]]}