{"categories": [0, 1, 17, 56], "bboxes": [[1.5655059814453125, 412.7166748046875, 354.66650390625, 1010.982421875], [230.3236083984375, 432.7015075683594, 761.1715087890625, 971.179443359375], [279.7039489746094, 193.51412963867188, 495.9786071777344, 983.159912109375], [2.1491241455078125, 611.69873046875, 105.4390640258789, 742.48046875]]}