{"categories": [0, 27, 39, 40, 41, 42, 45, 55, 56, 60], "bboxes": [[298.77642822265625, 308.88641357421875, 716.2166137695312, 642.2272338867188], [761.6312866210938, 499.76153564453125, 797.1001586914062, 621.0364379882812], [548.821044921875, 559.4324951171875, 584.0777587890625, 643.48876953125], [500.867431640625, 623.923583984375, 578.9478759765625, 759.1297607421875], [297.050537109375, 611.8654174804688, 358.264892578125, 699.3170776367188], [643.6121215820312, 742.3873291015625, 796.5274047851562, 763.7802734375], [619.549560546875, 677.6796875, 745.0390625, 744.895263671875], [129.70297241210938, 599.3221435546875, 333.3047790527344, 755.8167724609375], [970.5421752929688, 448.0317077636719, 1023.0, 742.9708251953125], [13.3292236328125, 573.3447875976562, 809.6013793945312, 767.0]]}