{"categories": [0, 2, 11, 72, 73], "bboxes": [[390.5618896484375, 567.5960083007812, 654.5523681640625, 963.8893432617188], [0.0, 408.525146484375, 76.30480194091797, 529.9447021484375], [83.71368408203125, 48.84466552734375, 724.3473510742188, 977.3670043945312], [69.9307861328125, 27.894317626953125, 732.0441284179688, 976.2822265625], [98.82327270507812, 1.712677001953125, 717.7642822265625, 1022.70947265625]]}