{"categories": [0, 27, 39, 71], "bboxes": [[0.0, 5.2552490234375, 509.98712158203125, 670.7049560546875], [518.1777954101562, 319.6944580078125, 566.8125610351562, 514.56982421875], [356.24737548828125, 239.61837768554688, 395.16802978515625, 317.6669006347656], [570.855224609375, 412.4049377441406, 686.9334716796875, 551.0096435546875]]}