{"categories": [0, 27, 73], "bboxes": [[55.18260192871094, 282.10015869140625, 248.51890563964844, 677.75390625], [512.21630859375, 357.1078796386719, 533.0711669921875, 422.0005798339844], [520.793701171875, 484.32794189453125, 650.85546875, 521.3840942382812]]}