{"categories": [0, 27, 62, 63, 64, 66, 72], "bboxes": [[611.6439208984375, 179.92169189453125, 890.9974365234375, 677.6434936523438], [722.5857543945312, 341.9839172363281, 752.1007690429688, 396.6213073730469], [73.64921569824219, 362.5499267578125, 193.3299102783203, 618.7359008789062], [70.14352416992188, 430.3359069824219, 309.5164794921875, 675.7796630859375], [259.5655212402344, 644.7814331054688, 366.2936706542969, 682.0], [107.62385559082031, 583.3885498046875, 279.5797119140625, 675.529541015625], [98.68350219726562, 193.33653259277344, 352.9997253417969, 508.065185546875]]}