{"categories": [0, 27, 39, 41, 44, 45, 56, 73], "bboxes": [[17.125991821289062, 115.0748291015625, 370.45941162109375, 668.2862548828125], [715.5631713867188, 288.36163330078125, 756.2439575195312, 365.58123779296875], [630.2437133789062, 404.49072265625, 649.5990600585938, 454.702880859375], [417.3583679199219, 17.24755096435547, 498.9884948730469, 90.79476928710938], [369.7313537597656, 9.033977508544922, 408.0808410644531, 91.52484130859375], [299.901123046875, 161.658935546875, 390.57012939453125, 218.45492553710938], [286.2076416015625, 19.706581115722656, 381.1739501953125, 94.364013671875], [111.76811981201172, 7.047423362731934, 237.46588134765625, 37.028133392333984]]}