{"categories": [0, 8, 26, 27, 56], "bboxes": [[517.4476928710938, 396.2098083496094, 679.0, 975.9713134765625], [0.0, 594.88330078125, 639.4251098632812, 1003.3326416015625], [555.462890625, 578.8748779296875, 667.7078857421875, 680.87255859375], [528.89208984375, 744.6488037109375, 570.118408203125, 890.9320068359375], [37.9754638671875, 661.453857421875, 554.4808349609375, 1013.3919677734375]]}