{"categories": [0, 26, 27, 58], "bboxes": [[89.92665100097656, 20.256103515625, 466.150390625, 716.0006713867188], [686.21533203125, 648.6302490234375, 746.2244873046875, 726.5098876953125], [292.62603759765625, 227.96249389648438, 323.98492431640625, 296.4128723144531], [457.3406066894531, 37.452003479003906, 590.2987670898438, 286.818115234375]]}