{"categories": [0], "bboxes": [[62.4097900390625, 76.39703369140625, 630.2310180664062, 672.2201538085938]]}