{"categories": [0, 26, 58], "bboxes": [[21.888519287109375, 7.105560302734375, 377.4622802734375, 798.3236083984375], [0.0, 583.4989013671875, 64.56419372558594, 661.9588623046875], [948.8263549804688, 139.48683166503906, 987.4755249023438, 219.1393585205078]]}