{"categories": [0, 26, 35], "bboxes": [[359.6424865722656, 332.6188659667969, 452.7788391113281, 596.734375], [360.32086181640625, 377.105224609375, 424.8568115234375, 493.65167236328125], [574.5113525390625, 401.559326171875, 625.7445068359375, 449.254150390625]]}