{"categories": [0, 39, 41, 56], "bboxes": [[392.6235046386719, 244.78907775878906, 987.998291015625, 679.8839111328125], [0.3535327911376953, 0.3650054931640625, 39.6907958984375, 108.00483703613281], [504.6435546875, 583.5089721679688, 612.08447265625, 677.6809692382812], [0.0, 245.73939514160156, 254.59957885742188, 624.806640625]]}