{"categories": [0, 24, 28, 39, 40, 41, 57, 59, 60, 65], "bboxes": [[602.9884643554688, 304.6437072753906, 848.6476440429688, 713.6959228515625], [315.48345947265625, 463.1945495605469, 534.2857666015625, 665.855224609375], [652.4866943359375, 35.66800308227539, 734.7396240234375, 151.2115936279297], [861.0083618164062, 5.310791015625, 897.1952514648438, 96.18524932861328], [414.3448181152344, 692.1937866210938, 524.9297485351562, 767.0], [592.5303955078125, 666.2015991210938, 642.8486328125, 758.9536743164062], [0.0, 427.06439208984375, 1010.2626953125, 750.9990844726562], [759.8565063476562, 406.3218994140625, 1023.0, 754.3665771484375], [179.34133911132812, 651.9457397460938, 975.0687255859375, 762.0835571289062], [726.48193359375, 729.916748046875, 781.564697265625, 765.6243896484375]]}