{"categories": [0, 27, 39, 59, 62, 68, 73], "bboxes": [[251.06954956054688, 86.52310180664062, 785.92822265625, 678.2115478515625], [726.6443481445312, 248.36239624023438, 754.8361206054688, 303.4881286621094], [430.63812255859375, 35.813682556152344, 487.34130859375, 89.0706787109375], [218.3402099609375, 373.24853515625, 901.125732421875, 674.4464111328125], [214.6854248046875, 1.1662826538085938, 594.491455078125, 197.010498046875], [224.29713439941406, 0.6577224731445312, 669.0635986328125, 188.84930419921875], [203.66908264160156, 407.39013671875, 265.2695617675781, 508.55584716796875]]}