{"categories": [0, 8, 26, 34], "bboxes": [[53.545188903808594, 224.75161743164062, 199.21087646484375, 407.9335632324219], [21.692779541015625, 235.83740234375, 955.693603515625, 557.621337890625], [0.7241058349609375, 404.86328125, 67.69515991210938, 493.533203125], [498.69769287109375, 56.57360076904297, 517.3059692382812, 160.97280883789062]]}