{"categories": [0, 40, 41, 45, 56, 67, 72], "bboxes": [[441.16943359375, 91.99859619140625, 772.715087890625, 669.3422241210938], [843.3253173828125, 325.7578125, 1019.2152099609375, 648.4268188476562], [620.5390625, 653.4918823242188, 680.968994140625, 682.0], [706.337646484375, 637.2232055664062, 818.27294921875, 681.1785278320312], [0.0, 402.029052734375, 84.02363586425781, 651.9368896484375], [657.9947509765625, 115.0777816772461, 712.1485595703125, 149.18832397460938], [798.0155029296875, 32.281829833984375, 1023.0, 600.6802978515625]]}