{"categories": [0, 73], "bboxes": [[212.65798950195312, 43.436370849609375, 392.9869079589844, 539.5540771484375], [769.736083984375, 372.0646057128906, 851.875244140625, 455.9300842285156]]}