{"categories": [0, 39, 41, 56, 60, 62, 64], "bboxes": [[885.7342529296875, 122.63871765136719, 1001.26123046875, 271.98785400390625], [475.4773254394531, 303.853271484375, 508.3832092285156, 398.7183837890625], [400.6908874511719, 355.20660400390625, 433.9408874511719, 413.09814453125], [502.8241882324219, 296.2841796875, 571.8291015625, 366.39617919921875], [53.852752685546875, 284.2998046875, 970.8846435546875, 669.1781005859375], [640.857421875, 65.13217163085938, 793.611572265625, 195.82827758789062], [971.1644287109375, 529.76708984375, 1023.0, 589.021240234375]]}