{"categories": [0, 24, 26], "bboxes": [[295.5928039550781, 222.67715454101562, 657.406494140625, 1019.326904296875], [189.115234375, 344.60797119140625, 329.71630859375, 538.9091186523438], [6.688232421875, 446.35797119140625, 121.85823059082031, 771.9365844726562]]}