{"categories": [0, 5, 26, 27, 39, 41, 56, 79], "bboxes": [[306.419189453125, 178.92660522460938, 501.78857421875, 673.0679931640625], [493.7570495605469, 67.84808349609375, 1023.0, 514.7317504882812], [148.8351593017578, 354.3165283203125, 253.68113708496094, 648.8914184570312], [472.17230224609375, 342.10986328125, 551.8753051757812, 584.584228515625], [438.6518859863281, 367.3765563964844, 470.7922668457031, 409.9888610839844], [206.5378875732422, 361.4404602050781, 242.4191436767578, 391.5102233886719], [540.0523071289062, 148.8347625732422, 634.4398803710938, 248.63368225097656], [738.0716552734375, 329.0338439941406, 806.7449951171875, 408.8753356933594]]}