{"categories": [0, 56], "bboxes": [[272.4176940917969, 147.11227416992188, 476.0610656738281, 675.633056640625], [621.7989501953125, 204.63172912597656, 889.6737060546875, 608.005126953125]]}