{"categories": [0, 25, 26, 39, 40, 41, 56, 60, 62, 71, 72], "bboxes": [[139.0790252685547, 387.0150146484375, 248.90830993652344, 506.31396484375], [175.50350952148438, 5.9047393798828125, 231.70004272460938, 332.31988525390625], [324.5515441894531, 515.034912109375, 420.8411560058594, 629.9759521484375], [966.7702026367188, 461.1932067871094, 983.8298950195312, 505.6682434082031], [156.9496612548828, 479.399658203125, 176.1676483154297, 524.660400390625], [124.07242584228516, 490.81011962890625, 146.39361572265625, 526.286865234375], [350.60430908203125, 446.94287109375, 438.80108642578125, 491.72955322265625], [23.482772827148438, 489.781982421875, 351.56146240234375, 665.75537109375], [918.9622192382812, 179.92486572265625, 1023.0, 404.07293701171875], [711.19482421875, 471.13665771484375, 787.1968994140625, 486.71588134765625], [840.3541870117188, 354.847900390625, 979.5095825195312, 614.0991821289062]]}