{"categories": [0, 39, 67], "bboxes": [[305.2293701171875, 271.4324035644531, 690.1843872070312, 679.160888671875], [786.9855346679688, 627.1732177734375, 827.4470825195312, 682.0], [285.7641906738281, 372.7294616699219, 372.5258483886719, 396.9479675292969]]}