{"categories": [0, 67], "bboxes": [[91.61776733398438, 53.29443359375, 901.5576171875, 999.962158203125], [80.55213165283203, 259.9576721191406, 128.96514892578125, 311.7870178222656]]}