{"categories": [0, 25, 45, 56, 60], "bboxes": [[473.2133483886719, 220.18948364257812, 699.6307373046875, 443.8862609863281], [238.64511108398438, 248.1345672607422, 415.8174133300781, 335.1524658203125], [199.76365661621094, 404.09332275390625, 264.4778747558594, 449.0], [469.8337707519531, 369.0993347167969, 536.41796875, 443.8111877441406], [537.0712890625, 174.83062744140625, 765.426025390625, 246.61602783203125]]}