{"categories": [0, 24, 27, 39, 40, 62], "bboxes": [[828.731201171875, 84.3485107421875, 1023.0, 675.5321655273438], [312.6178283691406, 284.58587646484375, 386.6191711425781, 425.65850830078125], [932.8382568359375, 197.75234985351562, 1008.1474609375, 363.0529479980469], [595.8496704101562, 254.47308349609375, 641.7335815429688, 348.9412841796875], [530.169677734375, 453.8573303222656, 683.21533203125, 676.5775146484375], [843.5634155273438, 145.27838134765625, 902.7460327148438, 226.16104125976562]]}