{"categories": [0, 32], "bboxes": [[295.9354248046875, 119.35000610351562, 634.8855590820312, 647.7889404296875], [690.0651245117188, 561.6470336914062, 767.3707885742188, 639.4368286132812]]}