{"categories": [0, 8, 56], "bboxes": [[62.575958251953125, 101.79837036132812, 600.3232421875, 751.9632568359375], [0.0, 370.503662109375, 731.1594848632812, 759.4234619140625], [0.0, 355.423583984375, 111.94892883300781, 744.8446044921875]]}