{"categories": [0, 32, 35], "bboxes": [[60.39568328857422, 90.58819580078125, 272.7845764160156, 511.009033203125], [362.11083984375, 501.8187561035156, 438.6884765625, 573.3172607421875], [412.6295166015625, 504.8394470214844, 489.974365234375, 553.4824829101562]]}