{"categories": [0, 27, 56, 60, 65, 73], "bboxes": [[776.2070922851562, 138.44956970214844, 976.8562622070312, 542.5098266601562], [163.46844482421875, 245.98532104492188, 215.58401489257812, 353.0335998535156], [678.7962036132812, 329.454345703125, 1019.9194946289062, 671.1314697265625], [491.0224914550781, 340.74530029296875, 676.8915405273438, 547.4652709960938], [809.1621704101562, 253.30575561523438, 828.1690063476562, 302.6564636230469], [529.6138305664062, 347.6678771972656, 624.6608276367188, 375.6229553222656]]}