{"categories": [0, 32, 47, 56, 57], "bboxes": [[37.12457275390625, 219.5465087890625, 555.7152099609375, 757.5535888671875], [790.5291748046875, 181.5367889404297, 921.4901123046875, 315.12322998046875], [791.6852416992188, 183.66957092285156, 920.3561401367188, 310.0904235839844], [24.531700134277344, 562.4547119140625, 187.89599609375, 750.0345458984375], [4.860145568847656, 562.374267578125, 232.330078125, 758.0006103515625]]}