{"categories": [0, 56, 61], "bboxes": [[108.1097183227539, 227.80210876464844, 259.9043884277344, 413.1319580078125], [332.5637512207031, 335.4783020019531, 470.0830993652344, 449.0], [708.5691528320312, 218.23922729492188, 783.9784545898438, 364.4681091308594]]}