{"categories": [0, 26], "bboxes": [[107.6344985961914, 333.4588317871094, 184.5028076171875, 582.0971069335938], [471.2402648925781, 418.6182861328125, 524.8803100585938, 515.192138671875]]}