{"categories": [0, 39, 56, 62, 71, 73, 76, 79], "bboxes": [[378.42584228515625, 189.3848876953125, 504.60693359375, 524.373291015625], [545.0138549804688, 525.102294921875, 576.5546264648438, 585.8885498046875], [232.8111572265625, 401.9723815917969, 565.1366577148438, 684.0], [526.4503784179688, 340.3163146972656, 599.1604614257812, 412.6547546386719], [614.9988403320312, 396.5485534667969, 667.0300903320312, 419.2326354980469], [123.05810546875, 169.7344207763672, 174.553466796875, 239.1588897705078], [910.48876953125, 600.7601928710938, 1018.389404296875, 663.1054077148438], [910.0979614257812, 601.60546875, 996.8964233398438, 644.8787841796875]]}