{"categories": [0, 27, 56, 57, 59], "bboxes": [[180.95860290527344, 34.08500671386719, 502.79229736328125, 534.2015380859375], [342.95135498046875, 202.60031127929688, 376.91015625, 308.19146728515625], [3.729644775390625, 183.643798828125, 272.7441101074219, 507.17230224609375], [0.0, 19.707489013671875, 288.8835754394531, 218.8118896484375], [30.717926025390625, 128.78594970703125, 1003.4813232421875, 656.5416259765625]]}