{"categories": [0, 2, 5, 7, 9], "bboxes": [[189.76885986328125, 581.6109008789062, 308.3334655761719, 889.6137084960938], [190.86434936523438, 614.37939453125, 380.0760192871094, 769.0145263671875], [0.0, 587.9810791015625, 249.22659301757812, 800.2730712890625], [41.555564880371094, 833.1962280273438, 229.3114013671875, 976.0807495117188], [125.20361328125, 118.01239776611328, 370.0548095703125, 367.2191162109375]]}