{"categories": [0, 41, 45, 56, 77], "bboxes": [[64.03831481933594, 177.33636474609375, 139.35305786132812, 249.7476806640625], [57.21190643310547, 363.20330810546875, 96.84270477294922, 397.78125], [55.342166900634766, 363.9690246582031, 99.30809020996094, 394.7656555175781], [354.7591552734375, 390.4447937011719, 514.0867919921875, 646.014892578125], [973.6199340820312, 216.50738525390625, 1023.0, 324.6260986328125]]}