{"categories": [0, 32], "bboxes": [[678.276123046875, 3.861419677734375, 963.6165771484375, 366.7809753417969], [190.4510955810547, 537.4024047851562, 253.5630645751953, 598.0712280273438]]}