{"categories": [0, 58], "bboxes": [[59.06640625, 9.6041259765625, 530.1284790039062, 882.02685546875], [236.0797119140625, 463.0266418457031, 295.3800048828125, 545.3689575195312]]}