{"categories": [0, 27], "bboxes": [[102.86174774169922, 203.80377197265625, 281.66656494140625, 674.0821533203125], [678.703857421875, 336.2125244140625, 698.8955078125, 413.80413818359375]]}