{"categories": [0, 73, 79], "bboxes": [[227.7103271484375, 99.63241577148438, 1022.68994140625, 675.8663330078125], [109.78124237060547, 368.9240417480469, 290.8714599609375, 422.3508605957031], [113.77854919433594, 369.8695983886719, 295.564697265625, 419.7754211425781]]}