{"categories": [0, 2, 7, 13, 26, 56], "bboxes": [[347.0514831542969, 74.55766296386719, 401.5708312988281, 228.7006378173828], [1.1898574829101562, 117.85813903808594, 131.13845825195312, 231.90577697753906], [153.77655029296875, 96.36409759521484, 284.8567199707031, 186.51675415039062], [486.0209045410156, 137.2226104736328, 538.6644897460938, 185.8170623779297], [355.1839599609375, 105.54442596435547, 391.76165771484375, 164.22039794921875], [491.4223327636719, 341.0597839355469, 644.1541748046875, 449.0]]}