{"categories": [0, 24, 32], "bboxes": [[30.6474609375, 332.5152893066406, 378.43170166015625, 1016.8509521484375], [6.542503356933594, 446.10125732421875, 232.25119018554688, 724.8217163085938], [356.553466796875, 459.306884765625, 413.0423583984375, 503.607177734375]]}