{"categories": [0, 39, 41, 69, 74], "bboxes": [[0.0, 118.022705078125, 452.98876953125, 1007.9970703125], [260.5315856933594, 358.257568359375, 445.0212097167969, 433.785888671875], [349.64874267578125, 600.68115234375, 432.830810546875, 650.829833984375], [281.0157775878906, 830.84130859375, 517.4896240234375, 1020.4090576171875], [373.2919006347656, 804.7733154296875, 394.1149597167969, 827.1629638671875]]}