{"categories": [0, 13, 17, 39, 56, 58, 60], "bboxes": [[910.8383178710938, 255.72877502441406, 1023.0, 671.7785034179688], [638.8955078125, 375.0038146972656, 922.0667724609375, 474.4223937988281], [134.54652404785156, 167.0022430419922, 184.9669647216797, 284.9263000488281], [176.76559448242188, 414.3091735839844, 194.99349975585938, 469.2975769042969], [617.0143432617188, 367.87066650390625, 667.6226196289062, 453.27130126953125], [724.2203979492188, 316.87359619140625, 764.5479125976562, 375.90032958984375], [628.2730102539062, 356.1112365722656, 792.3595581054688, 468.5330505371094]]}