{"categories": [0, 27, 40, 56, 60, 73, 74], "bboxes": [[166.1089324951172, 153.98855590820312, 572.7757568359375, 663.27978515625], [383.5640869140625, 340.4684143066406, 434.318603515625, 578.3148803710938], [547.9594116210938, 578.8610229492188, 628.6047973632812, 670.1968383789062], [25.33643341064453, 466.7825927734375, 166.77053833007812, 673.67724609375], [168.07373046875, 494.5347900390625, 800.2147827148438, 669.830078125], [173.08367919921875, 524.60595703125, 414.20355224609375, 612.3885498046875], [713.2312622070312, 495.589599609375, 735.5783081054688, 519.9380493164062]]}