{"categories": [0], "bboxes": [[104.19931030273438, 0.2665863037109375, 403.7682800292969, 321.1395263671875]]}