{"categories": [0, 13, 60], "bboxes": [[0.0, 274.52362060546875, 285.0362548828125, 992.3710327148438], [141.00830078125, 682.4767456054688, 680.0, 1008.6347045898438], [123.9144287109375, 804.6533203125, 680.0, 1012.18310546875]]}