{"categories": [0, 26, 28, 34], "bboxes": [[773.3743896484375, 78.6805419921875, 1007.2047119140625, 762.7218017578125], [174.5006103515625, 479.9212951660156, 297.5258483886719, 594.9003295898438], [167.780029296875, 475.0751953125, 306.8875427246094, 665.15185546875], [552.9425659179688, 111.18553161621094, 649.3439331054688, 266.4013671875]]}