{"categories": [0, 13, 37, 59, 73], "bboxes": [[456.1693115234375, 58.723541259765625, 998.6856689453125, 678.0040283203125], [0.0, 294.34930419921875, 892.091064453125, 675.568359375], [0.87774658203125, 465.9893798828125, 735.8569946289062, 678.1341552734375], [24.825347900390625, 453.3470153808594, 694.736572265625, 668.9375610351562], [595.2463989257812, 550.9906616210938, 739.9159545898438, 681.5523071289062]]}