{"categories": [0, 26, 59, 68, 71], "bboxes": [[302.2660827636719, 483.7512512207031, 577.133056640625, 1014.5836181640625], [415.00860595703125, 289.6496887207031, 462.4185791015625, 404.2983703613281], [446.4630126953125, 0.0, 669.3153076171875, 669.1532592773438], [601.8401489257812, 544.8076782226562, 677.0, 737.5818481445312], [46.41303253173828, 374.36309814453125, 76.88684844970703, 488.29022216796875]]}